{
	"credit": "Made with Blockbench, a free, modern block model editor by JannisX11",
	"textures": {
		"0": "blocks/planks_acacia",
		"particle": "blocks/planks_acacia"
	},
	"elements": [
		{
			"name": "cube",
			"from": [14, 0, 7.4],
			"to": [15, 16, 8.6],
			"faces": {
				"north": {
					"uv": [0, 0, 16, 8],
					"texture": "#0",
					"rotation": 90
				},
				"east": {
					"uv": [0, 0, 16, 8],
					"texture": "#0",
					"rotation": 90
				},
				"south": {
					"uv": [0, 0, 16, 8],
					"texture": "#0",
					"rotation": 90
				},
				"west": {
					"uv": [0, 0, 16, 8],
					"texture": "#0",
					"rotation": 90
				},
				"up": {
					"uv": [0, 0, 16, 8],
					"texture": "#0",
					"rotation": 90
				},
				"down": {
					"uv": [0, 0, 16, 8],
					"texture": "#0",
					"rotation": 90
				}
			},
			"type": "cube"
		},
		{
			"name": "cube",
			"from": [0, 10.5, 11.2],
			"to": [16, 12.9, 11.8],
			"faces": {
				"north": {"uv": [0, 13, 16, 16], "texture": "#0"},
				"east": {"uv": [0, 0, 16, 8], "texture": "#0"},
				"south": {"uv": [0, 13, 16, 16], "texture": "#0"},
				"west": {"uv": [0, 0, 16, 8], "texture": "#0"},
				"up": {"uv": [0, 0, 16, 8], "texture": "#0"},
				"down": {"uv": [0, 0, 16, 8], "texture": "#0"}
			},
			"rotation": {
				"origin": [8, 8, 8],
				"axis": "x",
				"angle": -45
			},
			"type": "cube"
		},
		{
			"name": "cube",
			"from": [1, 0, 7.4],
			"to": [2, 16, 8.6],
			"faces": {
				"north": {
					"uv": [0, 0, 16, 8],
					"texture": "#0",
					"rotation": 90
				},
				"east": {
					"uv": [0, 0, 16, 8],
					"texture": "#0",
					"rotation": 90
				},
				"south": {
					"uv": [0, 0, 16, 8],
					"texture": "#0",
					"rotation": 90
				},
				"west": {
					"uv": [0, 0, 16, 8],
					"texture": "#0",
					"rotation": 90
				},
				"up": {
					"uv": [0, 0, 16, 8],
					"texture": "#0",
					"rotation": 90
				},
				"down": {
					"uv": [0, 0, 16, 8],
					"texture": "#0",
					"rotation": 90
				}
			},
			"type": "cube"
		},
		{
			"name": "cube",
			"from": [0, 9, 9.8],
			"to": [16, 11.4, 10.4],
			"faces": {
				"north": {"uv": [0, 13, 16, 16], "texture": "#0"},
				"east": {"uv": [0, 0, 16, 8], "texture": "#0"},
				"south": {"uv": [0, 13, 16, 16], "texture": "#0"},
				"west": {"uv": [0, 0, 16, 8], "texture": "#0"},
				"up": {"uv": [0, 0, 16, 8], "texture": "#0"},
				"down": {"uv": [0, 0, 16, 8], "texture": "#0"}
			},
			"rotation": {
				"origin": [8, 8, 8],
				"axis": "x",
				"angle": -45
			},
			"type": "cube"
		},
		{
			"name": "cube",
			"from": [0, 7.6, 8.3],
			"to": [16, 10, 8.9],
			"faces": {
				"north": {"uv": [0, 13, 16, 16], "texture": "#0"},
				"east": {"uv": [0, 0, 16, 8], "texture": "#0"},
				"south": {"uv": [0, 13, 16, 16], "texture": "#0"},
				"west": {"uv": [0, 0, 16, 8], "texture": "#0"},
				"up": {"uv": [0, 0, 16, 8], "texture": "#0"},
				"down": {"uv": [0, 0, 16, 8], "texture": "#0"}
			},
			"rotation": {
				"origin": [8, 8, 8],
				"axis": "x",
				"angle": -45
			},
			"type": "cube"
		},
		{
			"name": "cube",
			"from": [0, 6.2, 6.9],
			"to": [16, 8.6, 7.5],
			"faces": {
				"north": {"uv": [0, 13, 16, 16], "texture": "#0"},
				"east": {"uv": [0, 0, 16, 8], "texture": "#0"},
				"south": {"uv": [0, 13, 16, 16], "texture": "#0"},
				"west": {"uv": [0, 0, 16, 8], "texture": "#0"},
				"up": {"uv": [0, 0, 16, 8], "texture": "#0"},
				"down": {"uv": [0, 0, 16, 8], "texture": "#0"}
			},
			"rotation": {
				"origin": [8, 8, 8],
				"axis": "x",
				"angle": -45
			},
			"type": "cube"
		},
		{
			"name": "cube",
			"from": [0, 4.8, 5.5],
			"to": [16, 7.199998, 6.1],
			"faces": {
				"north": {"uv": [0, 11.5, 16, 16], "texture": "#0"},
				"east": {"uv": [0, 0, 16, 8], "texture": "#0"},
				"south": {"uv": [0, 13, 16, 16], "texture": "#0"},
				"west": {"uv": [0, 0, 16, 8], "texture": "#0"},
				"up": {"uv": [0, 0, 16, 8], "texture": "#0"},
				"down": {"uv": [0, 0, 16, 8], "texture": "#0"}
			},
			"rotation": {
				"origin": [8, 8, 8],
				"axis": "x",
				"angle": -45
			},
			"type": "cube"
		},
		{
			"name": "cube",
			"from": [0, 3.4, 4.1],
			"to": [16, 5.8, 4.7],
			"faces": {
				"north": {"uv": [0, 11.5, 16, 16], "texture": "#0"},
				"east": {"uv": [0, 0, 16, 8], "texture": "#0"},
				"south": {"uv": [0, 11.5, 16, 16], "texture": "#0"},
				"west": {"uv": [0, 0, 16, 8], "texture": "#0"},
				"up": {"uv": [0, 0, 16, 8], "texture": "#0"},
				"down": {"uv": [0, 0, 16, 8], "texture": "#0"}
			},
			"rotation": {
				"origin": [8, 8, 8],
				"axis": "x",
				"angle": -45
			},
			"type": "cube"
		},
		{
			"name": "cube",
			"from": [0, 2, 2.7],
			"to": [16, 4.4, 3.3],
			"faces": {
				"north": {"uv": [0, 11.5, 16, 16], "texture": "#0"},
				"east": {"uv": [0, 0, 16, 8], "texture": "#0"},
				"south": {"uv": [0, 11.5, 16, 16], "texture": "#0"},
				"west": {"uv": [0, 0, 16, 8], "texture": "#0"},
				"up": {"uv": [0, 0, 16, 8], "texture": "#0"},
				"down": {"uv": [0, 0, 16, 8], "texture": "#0"}
			},
			"rotation": {
				"origin": [8, 8, 8],
				"axis": "x",
				"angle": -45
			},
			"type": "cube"
		},
		{
			"name": "cube",
			"from": [0, 11.8, 12.6],
			"to": [16, 14.2, 13.2],
			"faces": {
				"north": {"uv": [0, 13, 16, 16], "texture": "#0"},
				"east": {"uv": [0, 0, 16, 8], "texture": "#0"},
				"south": {"uv": [0, 13, 16, 16], "texture": "#0"},
				"west": {"uv": [0, 0, 16, 8], "texture": "#0"},
				"up": {"uv": [0, 13, 16, 16], "texture": "#0"},
				"down": {"uv": [0, 13, 16, 16], "texture": "#0"}
			},
			"rotation": {
				"origin": [8, 8, 8],
				"axis": "x",
				"angle": -45
			},
			"type": "cube"
		}
	],
	"display": {
		"thirdperson_righthand": {
			"scale": [2, 1, 1],
			"rotation": [75, 0, -10],
			"translation": [-5.565, 0, 11]
		},
		"thirdperson_lefthand": {
			"scale": [1, 1, 1],
			"rotation": [80, 0, -9],
			"translation": [-5.565, -1, 9.5]
		},
		"firstperson_righthand": {"scale": [0.6, 0.6, 0.6]},
		"firstperson_lefthand": {
			"scale": [0.6, 0.6, 0.6],
			"rotation": [0, 0, 0],
			"translation": [0, 0, 0]
		},
		"head": {"scale": [4, 2.5, 2.5]},
		"ground": {"scale": [0.4, 0.4, 0.4]},
		"gui": {
			"scale": [0.8, 0.8, 0.8],
			"rotation": [20, -26, 0],
			"translation": [0, -0.5, 0]
		}
	}
}