{
	"__comment": "Model generated using MrCrayfish's Model Creator (http://mrcrayfish.com/modelcreator/)",
	"textures": {
		"0": "blocks/planks_acacia",
		"particle": "blocks/planks_acacia"
	},
	"elements": [ 	 
		{
			"__comment": "Element",
			"from": [ 14, 0, 7.4 ],
			"to": [ 15, 16, 8.6 ],
			"faces": {
				"down": { "uv": [ 0, 0, 16, 8 ], "texture": "#0", "rotation": 90 },
				"up": { "uv": [ 0, 0, 16, 8 ], "texture": "#0", "rotation": 90 },
				"north": { "uv": [ 0, 0, 16, 8 ], "texture": "#0", "rotation": 90 },
				"south": { "uv": [ 0, 0, 16, 8 ], "texture": "#0", "rotation": 90 },
				"west": { "uv": [ 0, 0, 16, 8 ], "texture": "#0", "rotation": 90 },
				"east": { "uv": [ 0, 0, 16, 8 ], "texture": "#0", "rotation": 90 }
			}
		},
		{
			"__comment": "Element",
			"from": [ 1, 0, 7.4 ],
			"to": [ 2, 16, 8.6 ],
			"faces": {
				"down": { "uv": [ 0, 0, 16, 8 ], "texture": "#0", "rotation": 90 },
				"up": { "uv": [ 0, 0, 16, 8 ], "texture": "#0", "rotation": 90 },
				"north": { "uv": [ 0, 0, 16, 8 ], "texture": "#0", "rotation": 90 },
				"south": { "uv": [ 0, 0, 16, 8 ], "texture": "#0", "rotation": 90 },
				"west": { "uv": [ 0, 0, 16, 8 ], "texture": "#0", "rotation": 90 },
				"east": { "uv": [ 0, 0, 16, 8 ], "texture": "#0", "rotation": 90 }
			}
		},
		{
			"__comment": "Element",
			"from": [ 0, 0, 6.8 ],
			"to": [ 16, 0.6, 9.199999 ],
			"faces": {
				"down": { "uv": [ 0, 11, 16, 15 ], "texture": "#0" },
				"up": { "uv": [ 0, 11, 16, 15 ], "texture": "#0" },
				"north": { "uv": [ 0, 0, 16, 8 ], "texture": "#0" },
				"south": { "uv": [ 0, 0, 16, 8 ], "texture": "#0" },
				"west": { "uv": [ 0, 0, 16, 8 ], "texture": "#0" },
				"east": { "uv": [ 0, 0, 16, 8 ], "texture": "#0" }
			}
		},
		{
			"__comment": "Element",
			"from": [ 0, 2, 6.8 ],
			"to": [ 16, 2.6, 9.199999 ],
			"faces": {
				"down": { "uv": [ 0, 11, 16, 15 ], "texture": "#0" },
				"up": { "uv": [ 0, 11, 16, 15 ], "texture": "#0" },
				"north": { "uv": [ 0, 0, 16, 8 ], "texture": "#0" },
				"south": { "uv": [ 0, 0, 16, 8 ], "texture": "#0" },
				"west": { "uv": [ 0, 0, 16, 8 ], "texture": "#0" },
				"east": { "uv": [ 0, 0, 16, 8 ], "texture": "#0" }
			}
		},
		{
			"__comment": "Element",
			"from": [ 0, 4, 6.8 ],
			"to": [ 16, 4.6, 9.199999 ],
			"faces": {
				"down": { "uv": [ 0, 11, 16, 15 ], "texture": "#0" },
				"up": { "uv": [ 0, 11, 16, 15 ], "texture": "#0" },
				"north": { "uv": [ 0, 0, 16, 8 ], "texture": "#0" },
				"south": { "uv": [ 0, 0, 16, 8 ], "texture": "#0" },
				"west": { "uv": [ 0, 0, 16, 8 ], "texture": "#0" },
				"east": { "uv": [ 0, 0, 16, 8 ], "texture": "#0" }
			}
		},
		{
			"__comment": "Element",
			"from": [ 0, 6, 6.8 ],
			"to": [ 16, 6.6, 9.199999 ],
			"faces": {
				"down": { "uv": [ 0, 11, 16, 15 ], "texture": "#0" },
				"up": { "uv": [ 0, 11, 16, 15 ], "texture": "#0" },
				"north": { "uv": [ 0, 0, 16, 8 ], "texture": "#0" },
				"south": { "uv": [ 0, 0, 16, 8 ], "texture": "#0" },
				"west": { "uv": [ 0, 0, 16, 8 ], "texture": "#0" },
				"east": { "uv": [ 0, 0, 16, 8 ], "texture": "#0" }
			}
		},
		{
			"__comment": "Element",
			"from": [ 0, 8, 6.8 ],
			"to": [ 16, 8.6, 9.199999 ],
			"faces": {
				"down": { "uv": [ 0, 11, 16, 15 ], "texture": "#0" },
				"up": { "uv": [ 0, 11, 16, 15 ], "texture": "#0" },
				"north": { "uv": [ 0, 0, 16, 8 ], "texture": "#0" },
				"south": { "uv": [ 0, 0, 16, 8 ], "texture": "#0" },
				"west": { "uv": [ 0, 0, 16, 8 ], "texture": "#0" },
				"east": { "uv": [ 0, 0, 16, 8 ], "texture": "#0" }
			}
		},
		{
			"__comment": "Element",
			"from": [ 0, 10, 6.8 ],
			"to": [ 16, 10.6, 9.199999 ],
			"faces": {
				"down": { "uv": [ 0, 11, 16, 15 ], "texture": "#0" },
				"up": { "uv": [ 0, 11, 16, 15 ], "texture": "#0" },
				"north": { "uv": [ 0, 0, 16, 8 ], "texture": "#0" },
				"south": { "uv": [ 0, 0, 16, 8 ], "texture": "#0" },
				"west": { "uv": [ 0, 0, 16, 8 ], "texture": "#0" },
				"east": { "uv": [ 0, 0, 16, 8 ], "texture": "#0" }
			}
		},
		{
			"__comment": "Element",
			"from": [ 0, 12, 6.8 ],
			"to": [ 16, 12.6, 9.199999 ],
			"faces": {
				"down": { "uv": [ 0, 11, 16, 15 ], "texture": "#0" },
				"up": { "uv": [ 0, 11, 16, 15 ], "texture": "#0" },
				"north": { "uv": [ 0, 0, 16, 8 ], "texture": "#0" },
				"south": { "uv": [ 0, 0, 16, 8 ], "texture": "#0" },
				"west": { "uv": [ 0, 0, 16, 8 ], "texture": "#0" },
				"east": { "uv": [ 0, 0, 16, 8 ], "texture": "#0" }
			}
		},
		{
			"__comment": "Element",
			"from": [ 0, 14, 6.8 ],
			"to": [ 16, 14.6, 9.199999 ],
			"faces": {
				"down": { "uv": [ 0, 11.5, 16, 16 ], "texture": "#0" },
				"up": { "uv": [ 0, 11.5, 16, 16 ], "texture": "#0" },
				"north": { "uv": [ 0, 11.5, 16, 16 ], "texture": "#0" },
				"south": { "uv": [ 0, 11.5, 16, 16 ], "texture": "#0" },
				"west": { "uv": [ 0, 0, 16, 8 ], "texture": "#0" },
				"east": { "uv": [ 0, 0, 16, 8 ], "texture": "#0" }
			}
		}
	]
}