{
	"__comment": "Designed by I_m_bin2 with Cubik Studio - https://cubik.studio",
	"ambientocclusion": false,
	"textures": {
		"0": "blocks/colours/gray - 5fifth",
		"1": "blocks/colours/gray - 6sixth",
		"2": "blocks/colours/gray - 7seventh",
		"3": "blocks/colours/gray - 5fifth",
		"4": "blocks/colours/gray - 7seventh",
		"5": "blocks/colours/gray - 6sixth",
		"6": "blocks/colours/gray - 8eight",
		"7": "blocks/colours/gray - 5fifth",
		"8": "blocks/colours/gray - 4fourth",
		"9": "blocks/colours/dullblack",
		"particle": "block/furnace_side",
		"a": "blocks/colours/hardened_clay_stained_cyan",
		"b": "blocks/colours/green2",
		"c": "blocks/colours/gray - 7seventh",
		"d": "blocks/colours/gray - 8eight",
		"e": "blocks/colours/gray - 1first"
	},
	"elements": [ 	 
		{
			"__comment": "Box207",
			"from": [ -8.5, 0.5, 9.5 ],
			"to": [ 24, 10.5, 24.5 ],
			"faces": {
				"down": { "uv": [ 0, 0, 16, 11 ], "texture": "#0" },
				"up": { "uv": [ 0, 5, 16, 16 ], "texture": "#0" },
				"north": { "uv": [ 0, 5.5, 16, 15.5 ], "texture": "#0" },
				"south": { "uv": [ 0, 5.5, 16, 15.5 ], "texture": "#0" },
				"west": { "uv": [ 5, 5.5, 16, 15.5 ], "texture": "#0" },
				"east": { "uv": [ 0, 5.5, 11, 15.5 ], "texture": "#0" }
			}
		},
		{
			"__comment": "Box207",
			"from": [ -8.5, 0.5, 9 ],
			"to": [ -6.5, 11.5, 25 ],
			"faces": {
				"down": { "uv": [ 8.2, 0, 10.2, 5.200001 ], "texture": "#0" },
				"up": { "uv": [ 8.2, 10.8, 10.2, 16 ], "texture": "#0" },
				"north": { "uv": [ 5.799999, 4.5, 7.799999, 15.5 ], "texture": "#0" },
				"south": { "uv": [ 8.2, 4.5, 10.2, 15.5 ], "texture": "#0" },
				"west": { "uv": [ 10.8, 4.5, 16, 15.5 ], "texture": "#0" },
				"east": { "uv": [ 0, 4.5, 5.200001, 15.5 ], "texture": "#0" }
			}
		},
		{
			"__comment": "Box207",
			"from": [ 22, 0.5, 9 ],
			"to": [ 24, 11.5, 25 ],
			"faces": {
				"down": { "uv": [ 6.700001, 0, 8.700001, 5.200001 ], "texture": "#0" },
				"up": { "uv": [ 6.700001, 10.8, 8.700001, 16 ], "texture": "#0" },
				"north": { "uv": [ 7.299999, 4.5, 9.299999, 15.5 ], "texture": "#0" },
				"south": { "uv": [ 6.700001, 4.5, 8.700001, 15.5 ], "texture": "#0" },
				"west": { "uv": [ 10.8, 4.5, 16, 15.5 ], "texture": "#0" },
				"east": { "uv": [ 0, 4.5, 5.200001, 15.5 ], "texture": "#0" }
			}
		},
		{
			"__comment": "Box207",
			"from": [ 3.25, 10.5, 10 ],
			"to": [ 4.25, 11.5, 25 ],
			"rotation": { "origin": [ 3.25, 11.5, 10 ], "axis": "z", "angle": -45 },
			"faces": {
				"down": { "uv": [ 0.5, 4, 15.5, 5 ], "texture": "#0", "rotation": 90 },
				"up": { "uv": [ 15.5, 5, 0.5, 4 ], "texture": "#0", "rotation": 270 },
				"north": { "uv": [ 12, 5, 11, 4 ], "texture": "#0", "rotation": 90 },
				"south": { "uv": [ 5, 5, 4, 4 ], "texture": "#0", "rotation": 270 },
				"west": { "uv": [ 5, 15.5, 4, 0.5 ], "texture": "#0", "rotation": 270 },
				"east": { "uv": [ 4, 0.5, 5, 15.5 ], "texture": "#0", "rotation": 90 }
			}
		},
		{
			"__comment": "Box207",
			"from": [ 3.75, 10, 10 ],
			"to": [ 4.75, 11, 25 ],
			"rotation": { "origin": [ 3.75, 11, 10 ], "axis": "z", "angle": -45 },
			"faces": {
				"down": { "uv": [ 0.5, 4, 15.5, 5 ], "texture": "#0", "rotation": 90 },
				"up": { "uv": [ 15.5, 5, 0.5, 4 ], "texture": "#0", "rotation": 270 },
				"north": { "uv": [ 12, 5, 11, 4 ], "texture": "#0", "rotation": 90 },
				"south": { "uv": [ 5, 5, 4, 4 ], "texture": "#0", "rotation": 270 },
				"west": { "uv": [ 5, 15.5, 4, 0.5 ], "texture": "#0", "rotation": 270 },
				"east": { "uv": [ 4, 0.5, 5, 15.5 ], "texture": "#0", "rotation": 90 }
			}
		},
		{
			"__comment": "Box207",
			"from": [ -6.75, 10.5, 9 ],
			"to": [ 3.25, 11.5, 25 ],
			"faces": {
				"down": { "uv": [ 0, 0, 3, 5 ], "texture": "#0" },
				"up": { "uv": [ 0, 11, 3, 16 ], "texture": "#0" },
				"north": { "uv": [ 13, 4.5, 16, 5.5 ], "texture": "#0" },
				"south": { "uv": [ 0, 4.5, 3, 5.5 ], "texture": "#0" },
				"west": { "uv": [ 11, 4.5, 16, 5.5 ], "texture": "#0" },
				"east": { "uv": [ 0, 4.5, 5, 5.5 ], "texture": "#0" }
			}
		},
		{
			"__comment": "Box207",
			"from": [ 12.125, 10.5, 9 ],
			"to": [ 22.125, 11.5, 25 ],
			"faces": {
				"down": { "uv": [ 12.825, 0, 16, 5.200001 ], "texture": "#0" },
				"up": { "uv": [ 12.825, 10.8, 16, 16 ], "texture": "#0" },
				"north": { "uv": [ 0, 4.5, 3.175, 5.5 ], "texture": "#0" },
				"south": { "uv": [ 12.825, 4.5, 16, 5.5 ], "texture": "#0" },
				"west": { "uv": [ 10.8, 4.5, 16, 5.5 ], "texture": "#0" },
				"east": { "uv": [ 0, 4.5, 5.200001, 5.5 ], "texture": "#0" }
			}
		},
		{
			"__comment": "Box207",
			"from": [ 12.125, 10.5, 10 ],
			"to": [ 13.125, 11.5, 25 ],
			"rotation": { "origin": [ 12.125, 11.5, 10 ], "axis": "z", "angle": -45 },
			"faces": {
				"down": { "uv": [ 0.5, 4, 15.5, 5 ], "texture": "#0", "rotation": 90 },
				"up": { "uv": [ 15.5, 5, 0.5, 4 ], "texture": "#0", "rotation": 270 },
				"north": { "uv": [ 12, 5, 11, 4 ], "texture": "#0", "rotation": 90 },
				"south": { "uv": [ 5, 5, 4, 4 ], "texture": "#0", "rotation": 270 },
				"west": { "uv": [ 5, 15.5, 4, 0.5 ], "texture": "#0", "rotation": 270 },
				"east": { "uv": [ 4, 0.5, 5, 15.5 ], "texture": "#0", "rotation": 90 }
			}
		},
		{
			"__comment": "Box207",
			"from": [ 11.625, 10, 10 ],
			"to": [ 12.625, 11, 25 ],
			"rotation": { "origin": [ 11.625, 11, 10 ], "axis": "z", "angle": -45 },
			"faces": {
				"down": { "uv": [ 0.5, 4, 15.5, 5 ], "texture": "#0", "rotation": 90 },
				"up": { "uv": [ 15.5, 5, 0.5, 4 ], "texture": "#0", "rotation": 270 },
				"north": { "uv": [ 12, 5, 11, 4 ], "texture": "#0", "rotation": 90 },
				"south": { "uv": [ 5, 5, 4, 4 ], "texture": "#0", "rotation": 270 },
				"west": { "uv": [ 5, 15.5, 4, 0.5 ], "texture": "#0", "rotation": 270 },
				"east": { "uv": [ 4, 0.5, 5, 15.5 ], "texture": "#0", "rotation": 90 }
			}
		},
		{
			"__comment": "Box207",
			"from": [ -6.75, 0.5, 9 ],
			"to": [ 3.25, 1.5, 25 ],
			"faces": {
				"down": { "uv": [ 0, 0, 3.95, 5.200001 ], "texture": "#0" },
				"up": { "uv": [ 0, 10.8, 3.95, 16 ], "texture": "#0" },
				"north": { "uv": [ 12.05, 14.5, 16, 15.5 ], "texture": "#0" },
				"south": { "uv": [ 0, 14.5, 3.95, 15.5 ], "texture": "#0" },
				"west": { "uv": [ 10.8, 14.5, 16, 15.5 ], "texture": "#0" },
				"east": { "uv": [ 0, 14.5, 5.200001, 15.5 ], "texture": "#0" }
			}
		},
		{
			"__comment": "Box207",
			"from": [ 12.125, 0.5, 9 ],
			"to": [ 22.125, 1.5, 25 ],
			"faces": {
				"down": { "uv": [ 12.825, 0, 16, 5.200001 ], "texture": "#0" },
				"up": { "uv": [ 12.825, 10.8, 16, 16 ], "texture": "#0" },
				"north": { "uv": [ 0, 14.5, 3.175, 15.5 ], "texture": "#0" },
				"south": { "uv": [ 12.825, 14.5, 16, 15.5 ], "texture": "#0" },
				"west": { "uv": [ 10.8, 14.5, 16, 15.5 ], "texture": "#0" },
				"east": { "uv": [ 0, 14.5, 5.200001, 15.5 ], "texture": "#0" }
			}
		},
		{
			"__comment": "Box207",
			"from": [ 3.625, 9.5, 10 ],
			"to": [ 11.625, 10.5, 25 ],
			"faces": {
				"down": { "uv": [ 4.325, 0, 12.325, 4.200001 ], "texture": "#0" },
				"up": { "uv": [ 4.325, 11.8, 12.325, 16 ], "texture": "#0" },
				"north": { "uv": [ 3.675, 5.5, 11.675, 6.5 ], "texture": "#0" },
				"south": { "uv": [ 4.325, 5.5, 12.325, 6.5 ], "texture": "#0" },
				"west": { "uv": [ 11.8, 5.5, 16, 6.5 ], "texture": "#0" },
				"east": { "uv": [ 0, 5.5, 4.200001, 6.5 ], "texture": "#0" }
			}
		},
		{
			"__comment": "Box207",
			"from": [ 2.25, 0.5, 9 ],
			"to": [ 4.25, 10.5, 25 ],
			"faces": {
				"down": { "uv": [ 2.95, 0, 4.95, 5.200001 ], "texture": "#0" },
				"up": { "uv": [ 2.95, 10.8, 4.95, 16 ], "texture": "#0" },
				"north": { "uv": [ 11.05, 5.5, 13.05, 15.5 ], "texture": "#0" },
				"south": { "uv": [ 2.95, 5.5, 4.95, 15.5 ], "texture": "#0" },
				"west": { "uv": [ 10.8, 5.5, 16, 15.5 ], "texture": "#0" },
				"east": { "uv": [ 0, 5.5, 5.200001, 15.5 ], "texture": "#0" }
			}
		},
		{
			"__comment": "Box207",
			"from": [ 11.125, 0.5, 9 ],
			"to": [ 13.125, 10.5, 25 ],
			"faces": {
				"down": { "uv": [ 11.825, 0, 13.825, 5.200001 ], "texture": "#0" },
				"up": { "uv": [ 11.825, 10.8, 13.825, 16 ], "texture": "#0" },
				"north": { "uv": [ 2.175, 5.5, 4.175, 15.5 ], "texture": "#0" },
				"south": { "uv": [ 11.825, 5.5, 13.825, 15.5 ], "texture": "#0" },
				"west": { "uv": [ 10.8, 5.5, 16, 15.5 ], "texture": "#0" },
				"east": { "uv": [ 0, 5.5, 5.200001, 15.5 ], "texture": "#0" }
			}
		},
		{
			"__comment": "Box207",
			"from": [ 13.125, 0.5, 23 ],
			"to": [ 14.125, 10.5, 25 ],
			"rotation": { "origin": [ 13.125, 0.5, 25 ], "axis": "y", "angle": 22.5 },
			"faces": {
				"down": { "uv": [ 12, 15, 14, 16 ], "texture": "#0", "rotation": 90 },
				"up": { "uv": [ 12, 0, 14, 1 ], "texture": "#0", "rotation": 270 },
				"north": { "uv": [ 15, 6, 16, 16 ], "texture": "#0" },
				"south": { "uv": [ 0, 6, 1, 16 ], "texture": "#0" },
				"west": { "uv": [ 2, 6, 4, 16 ], "texture": "#0" },
				"east": { "uv": [ 12, 6, 14, 16 ], "texture": "#0" }
			}
		},
		{
			"__comment": "Box207",
			"from": [ -6.5, 0.5, 23 ],
			"to": [ -5.5, 11.5, 25 ],
			"rotation": { "origin": [ -6.5, 0.5, 25 ], "axis": "y", "angle": 22.5 },
			"faces": {
				"down": { "uv": [ 12, 15, 14, 16 ], "texture": "#0", "rotation": 90 },
				"up": { "uv": [ 12, 0, 14, 1 ], "texture": "#0", "rotation": 270 },
				"north": { "uv": [ 15, 6, 16, 16 ], "texture": "#0" },
				"south": { "uv": [ 0, 6, 1, 16 ], "texture": "#0" },
				"west": { "uv": [ 2, 6, 4, 16 ], "texture": "#0" },
				"east": { "uv": [ 12, 6, 14, 16 ], "texture": "#0" }
			}
		},
		{
			"__comment": "Box207",
			"from": [ 22, 0.5, 23 ],
			"to": [ 23, 11.5, 25 ],
			"rotation": { "origin": [ 22, 0.5, 25 ], "axis": "y", "angle": 22.5 },
			"faces": {
				"down": { "uv": [ 12, 15, 14, 16 ], "texture": "#0", "rotation": 90 },
				"up": { "uv": [ 12, 0, 14, 1 ], "texture": "#0", "rotation": 270 },
				"north": { "uv": [ 15, 6, 16, 16 ], "texture": "#0" },
				"south": { "uv": [ 0, 6, 1, 16 ], "texture": "#0" },
				"west": { "uv": [ 2, 6, 4, 16 ], "texture": "#0" },
				"east": { "uv": [ 12, 6, 14, 16 ], "texture": "#0" }
			}
		},
		{
			"__comment": "Box207",
			"from": [ 2.25, 0.5, 23 ],
			"to": [ 3.25, 10.5, 25 ],
			"rotation": { "origin": [ 2.25, 0.5, 25 ], "axis": "y", "angle": 22.5 },
			"faces": {
				"down": { "uv": [ 12, 15, 14, 16 ], "texture": "#0", "rotation": 90 },
				"up": { "uv": [ 12, 0, 14, 1 ], "texture": "#0", "rotation": 270 },
				"north": { "uv": [ 15, 6, 16, 16 ], "texture": "#0" },
				"south": { "uv": [ 0, 6, 1, 16 ], "texture": "#0" },
				"west": { "uv": [ 2, 6, 4, 16 ], "texture": "#0" },
				"east": { "uv": [ 12, 6, 14, 16 ], "texture": "#0" }
			}
		},
		{
			"__comment": "Box207",
			"from": [ -6.75, 9.5, 24 ],
			"to": [ 3.25, 10.5, 25 ],
			"rotation": { "origin": [ -6.75, 10.5, 25 ], "axis": "x", "angle": 45 },
			"faces": {
				"down": { "uv": [ 0, 0, 4, 1 ], "texture": "#0" },
				"up": { "uv": [ 0, 15, 4, 16 ], "texture": "#0" },
				"north": { "uv": [ 4, 6, 0, 5 ], "texture": "#0" },
				"south": { "uv": [ 16, 6, 12, 5 ], "texture": "#0" },
				"west": { "uv": [ 0, 5, 1, 6 ], "texture": "#0", "rotation": 180 },
				"east": { "uv": [ 15, 5, 16, 6 ], "texture": "#0", "rotation": 180 }
			}
		},
		{
			"__comment": "Box207",
			"from": [ -6.75, 0.5, 24 ],
			"to": [ 3.25, 1.5, 25 ],
			"rotation": { "origin": [ -6.75, 1.5, 25 ], "axis": "x", "angle": 45 },
			"faces": {
				"down": { "uv": [ 0, 0, 4, 1 ], "texture": "#0" },
				"up": { "uv": [ 0, 15, 4, 16 ], "texture": "#0" },
				"north": { "uv": [ 4, 6, 0, 5 ], "texture": "#0" },
				"south": { "uv": [ 16, 6, 12, 5 ], "texture": "#0" },
				"west": { "uv": [ 0, 5, 1, 6 ], "texture": "#0", "rotation": 180 },
				"east": { "uv": [ 15, 5, 16, 6 ], "texture": "#0", "rotation": 180 }
			}
		},
		{
			"__comment": "Box207",
			"from": [ 12.625, 0.5, 24 ],
			"to": [ 22.625, 1.5, 25 ],
			"rotation": { "origin": [ 12.625, 1.5, 25 ], "axis": "x", "angle": 45 },
			"faces": {
				"down": { "uv": [ 0, 0, 4, 1 ], "texture": "#0" },
				"up": { "uv": [ 0, 15, 4, 16 ], "texture": "#0" },
				"north": { "uv": [ 4, 6, 0, 5 ], "texture": "#0" },
				"south": { "uv": [ 16, 6, 12, 5 ], "texture": "#0" },
				"west": { "uv": [ 0, 5, 1, 6 ], "texture": "#0", "rotation": 180 },
				"east": { "uv": [ 15, 5, 16, 6 ], "texture": "#0", "rotation": 180 }
			}
		},
		{
			"__comment": "Box207",
			"from": [ 12.625, 9.5, 24 ],
			"to": [ 22.625, 10.5, 25 ],
			"rotation": { "origin": [ 12.625, 10.5, 25 ], "axis": "x", "angle": 45 },
			"faces": {
				"down": { "uv": [ 0, 0, 4, 1 ], "texture": "#0" },
				"up": { "uv": [ 0, 15, 4, 16 ], "texture": "#0" },
				"north": { "uv": [ 4, 6, 0, 5 ], "texture": "#0" },
				"south": { "uv": [ 16, 6, 12, 5 ], "texture": "#0" },
				"west": { "uv": [ 0, 5, 1, 6 ], "texture": "#0", "rotation": 180 },
				"east": { "uv": [ 15, 5, 16, 6 ], "texture": "#0", "rotation": 180 }
			}
		},
		{
			"__comment": "Box207",
			"from": [ -6.75, 10.625, 9.5 ],
			"to": [ 3.25, 11.625, 24.5 ],
			"faces": {
				"down": { "uv": [ 0, 0, 3.95, 4.700001 ], "texture": "#4" },
				"up": { "uv": [ 0, 11.3, 3.95, 16 ], "texture": "#4" },
				"north": { "uv": [ 12.05, 4.375, 16, 5.375 ], "texture": "#4" },
				"south": { "uv": [ 0, 4.375, 3.95, 5.375 ], "texture": "#4" },
				"west": { "uv": [ 11.3, 4.375, 16, 5.375 ], "texture": "#4" },
				"east": { "uv": [ 0, 4.375, 4.700001, 5.375 ], "texture": "#4" }
			}
		},
		{
			"__comment": "Box207",
			"from": [ 3.25, 10.625, 9.5 ],
			"to": [ 4.25, 11.625, 24.5 ],
			"rotation": { "origin": [ 3.25, 11.625, 9.5 ], "axis": "z", "angle": -45 },
			"faces": {
				"down": { "uv": [ 0.5, 4, 15.5, 5 ], "texture": "#4", "rotation": 90 },
				"up": { "uv": [ 15.5, 5, 0.5, 4 ], "texture": "#4", "rotation": 270 },
				"north": { "uv": [ 12, 5, 11, 4 ], "texture": "#4", "rotation": 90 },
				"south": { "uv": [ 5, 5, 4, 4 ], "texture": "#4", "rotation": 270 },
				"west": { "uv": [ 5, 15.5, 4, 0.5 ], "texture": "#4", "rotation": 270 },
				"east": { "uv": [ 4, 0.5, 5, 15.5 ], "texture": "#4", "rotation": 90 }
			}
		},
		{
			"__comment": "Box207",
			"from": [ 3.75, 10.125, 9.5 ],
			"to": [ 4.75, 11.125, 24.5 ],
			"rotation": { "origin": [ 3.75, 11.125, 9.5 ], "axis": "z", "angle": -45 },
			"faces": {
				"down": { "uv": [ 0.5, 4, 15.5, 5 ], "texture": "#4", "rotation": 90 },
				"up": { "uv": [ 15.5, 5, 0.5, 4 ], "texture": "#4", "rotation": 270 },
				"north": { "uv": [ 12, 5, 11, 4 ], "texture": "#4", "rotation": 90 },
				"south": { "uv": [ 5, 5, 4, 4 ], "texture": "#4", "rotation": 270 },
				"west": { "uv": [ 5, 15.5, 4, 0.5 ], "texture": "#4", "rotation": 270 },
				"east": { "uv": [ 4, 0.5, 5, 15.5 ], "texture": "#4", "rotation": 90 }
			}
		},
		{
			"__comment": "Box207",
			"from": [ 3.625, 9.625, 9.5 ],
			"to": [ 11.625, 10.625, 24.5 ],
			"faces": {
				"down": { "uv": [ 4.325, 0, 12.325, 4.700001 ], "texture": "#4" },
				"up": { "uv": [ 4.325, 11.3, 12.325, 16 ], "texture": "#4" },
				"north": { "uv": [ 3.675, 5.375, 11.675, 6.375 ], "texture": "#4" },
				"south": { "uv": [ 4.325, 5.375, 12.325, 6.375 ], "texture": "#4" },
				"west": { "uv": [ 11.3, 5.375, 16, 6.375 ], "texture": "#4" },
				"east": { "uv": [ 0, 5.375, 4.700001, 6.375 ], "texture": "#4" }
			}
		},
		{
			"__comment": "Box207",
			"from": [ 11.625, 10.125, 9.5 ],
			"to": [ 12.625, 11.125, 24.5 ],
			"rotation": { "origin": [ 11.625, 11.125, 9.5 ], "axis": "z", "angle": -45 },
			"faces": {
				"down": { "uv": [ 0.5, 4, 15.5, 5 ], "texture": "#4", "rotation": 90 },
				"up": { "uv": [ 15.5, 5, 0.5, 4 ], "texture": "#4", "rotation": 270 },
				"north": { "uv": [ 12, 5, 11, 4 ], "texture": "#4", "rotation": 90 },
				"south": { "uv": [ 5, 5, 4, 4 ], "texture": "#4", "rotation": 270 },
				"west": { "uv": [ 5, 15.5, 4, 0.5 ], "texture": "#4", "rotation": 270 },
				"east": { "uv": [ 4, 0.5, 5, 15.5 ], "texture": "#4", "rotation": 90 }
			}
		},
		{
			"__comment": "Box207",
			"from": [ 12.125, 10.625, 9.5 ],
			"to": [ 13.125, 11.625, 24.5 ],
			"rotation": { "origin": [ 12.125, 11.625, 9.5 ], "axis": "z", "angle": -45 },
			"faces": {
				"down": { "uv": [ 0.5, 4, 15.5, 5 ], "texture": "#4", "rotation": 90 },
				"up": { "uv": [ 15.5, 5, 0.5, 4 ], "texture": "#4", "rotation": 270 },
				"north": { "uv": [ 12, 5, 11, 4 ], "texture": "#4", "rotation": 90 },
				"south": { "uv": [ 5, 5, 4, 4 ], "texture": "#4", "rotation": 270 },
				"west": { "uv": [ 5, 15.5, 4, 0.5 ], "texture": "#4", "rotation": 270 },
				"east": { "uv": [ 4, 0.5, 5, 15.5 ], "texture": "#4", "rotation": 90 }
			}
		},
		{
			"__comment": "Box207",
			"from": [ 12.125, 10.625, 9.5 ],
			"to": [ 22.125, 11.625, 24.5 ],
			"faces": {
				"down": { "uv": [ 12.825, 0, 16, 4.700001 ], "texture": "#4" },
				"up": { "uv": [ 12.825, 11.3, 16, 16 ], "texture": "#4" },
				"north": { "uv": [ 0, 4.375, 3.175, 5.375 ], "texture": "#4" },
				"south": { "uv": [ 12.825, 4.375, 16, 5.375 ], "texture": "#4" },
				"west": { "uv": [ 11.3, 4.375, 16, 5.375 ], "texture": "#4" },
				"east": { "uv": [ 0, 4.375, 4.700001, 5.375 ], "texture": "#4" }
			}
		},
		{
			"__comment": "Box207",
			"from": [ -9.2, 0.5, 9.7 ],
			"to": [ -8.2, 11.5, 24.3 ],
			"faces": {
				"down": { "uv": [ 7.5, 0, 8.5, 4.5 ], "texture": "#0" },
				"up": { "uv": [ 7.5, 11.5, 8.5, 16 ], "texture": "#0" },
				"north": { "uv": [ 7.5, 4.5, 8.5, 15.5 ], "texture": "#0" },
				"south": { "uv": [ 7.5, 4.5, 8.5, 15.5 ], "texture": "#0" },
				"west": { "uv": [ 11.5, 4.5, 16, 15.5 ], "texture": "#0" },
				"east": { "uv": [ 0, 4.5, 4.5, 15.5 ], "texture": "#0" }
			}
		},
		{
			"__comment": "Box207",
			"from": [ -8.5, 0.5, 9 ],
			"to": [ -7.5, 11.5, 10 ],
			"rotation": { "origin": [ -8.5, 0.5, 9 ], "axis": "y", "angle": -45 },
			"faces": {
				"down": { "uv": [ 8.25, 15, 9.25, 16 ], "texture": "#0" },
				"up": { "uv": [ 8.25, 0, 9.25, 1 ], "texture": "#0" },
				"north": { "uv": [ 6.75, 5, 7.75, 16 ], "texture": "#0" },
				"south": { "uv": [ 8.25, 5, 9.25, 16 ], "texture": "#0" },
				"west": { "uv": [ 0, 5, 1, 16 ], "texture": "#0" },
				"east": { "uv": [ 15, 5, 16, 16 ], "texture": "#0" }
			}
		},
		{
			"__comment": "Box207",
			"from": [ -8.5, 0.5, 24 ],
			"to": [ -7.5, 11.5, 25 ],
			"rotation": { "origin": [ -8.5, 0.5, 25 ], "axis": "y", "angle": 45 },
			"faces": {
				"down": { "uv": [ 8.25, 15, 9.25, 16 ], "texture": "#0", "rotation": 90 },
				"up": { "uv": [ 8.25, 0, 9.25, 1 ], "texture": "#0", "rotation": 270 },
				"north": { "uv": [ 15, 5, 16, 16 ], "texture": "#0" },
				"south": { "uv": [ 0, 5, 1, 16 ], "texture": "#0" },
				"west": { "uv": [ 6.75, 5, 7.75, 16 ], "texture": "#0" },
				"east": { "uv": [ 8.25, 5, 9.25, 16 ], "texture": "#0" }
			}
		},
		{
			"__comment": "Box207",
			"from": [ 24, 0.5, 24 ],
			"to": [ 25, 11.5, 25 ],
			"rotation": { "origin": [ 24, 0.5, 25 ], "axis": "y", "angle": 45 },
			"faces": {
				"down": { "uv": [ 8.25, 15, 9.25, 16 ], "texture": "#0", "rotation": 90 },
				"up": { "uv": [ 8.25, 0, 9.25, 1 ], "texture": "#0", "rotation": 270 },
				"north": { "uv": [ 15, 5, 16, 16 ], "texture": "#0" },
				"south": { "uv": [ 0, 5, 1, 16 ], "texture": "#0" },
				"west": { "uv": [ 6.75, 5, 7.75, 16 ], "texture": "#0" },
				"east": { "uv": [ 8.25, 5, 9.25, 16 ], "texture": "#0" }
			}
		},
		{
			"__comment": "Box207",
			"from": [ 23.675, 0.5, 9.7 ],
			"to": [ 24.675, 11.5, 24.3 ],
			"faces": {
				"down": { "uv": [ 8.375, 0, 9.375, 4.5 ], "texture": "#0" },
				"up": { "uv": [ 8.375, 11.5, 9.375, 16 ], "texture": "#0" },
				"north": { "uv": [ 6.625, 4.5, 7.625, 15.5 ], "texture": "#0" },
				"south": { "uv": [ 8.375, 4.5, 9.375, 15.5 ], "texture": "#0" },
				"west": { "uv": [ 11.5, 4.5, 16, 15.5 ], "texture": "#0" },
				"east": { "uv": [ 0, 4.5, 4.5, 15.5 ], "texture": "#0" }
			}
		},
		{
			"__comment": "Box207",
			"from": [ 24, 0.5, 9 ],
			"to": [ 25, 11.5, 10 ],
			"rotation": { "origin": [ 24, 0.5, 9 ], "axis": "y", "angle": -45 },
			"faces": {
				"down": { "uv": [ 8.25, 15, 9.25, 16 ], "texture": "#0" },
				"up": { "uv": [ 8.25, 0, 9.25, 1 ], "texture": "#0" },
				"north": { "uv": [ 6.75, 5, 7.75, 16 ], "texture": "#0" },
				"south": { "uv": [ 8.25, 5, 9.25, 16 ], "texture": "#0" },
				"west": { "uv": [ 0, 5, 1, 16 ], "texture": "#0" },
				"east": { "uv": [ 15, 5, 16, 16 ], "texture": "#0" }
			}
		},
		{
			"__comment": "Box207",
			"from": [ 3.75, 9.5, 9 ],
			"to": [ 11.75, 10.5, 24 ],
			"faces": {
				"down": { "uv": [ 4.45, 0, 12.45, 5.200001 ], "texture": "#0" },
				"up": { "uv": [ 4.45, 10.8, 12.45, 16 ], "texture": "#0" },
				"north": { "uv": [ 3.55, 5.5, 11.55, 6.5 ], "texture": "#0" },
				"south": { "uv": [ 4.45, 5.5, 12.45, 6.5 ], "texture": "#0" },
				"west": { "uv": [ 10.8, 5.5, 16, 6.5 ], "texture": "#0" },
				"east": { "uv": [ 0, 5.5, 5.200001, 6.5 ], "texture": "#0" }
			}
		},
		{
			"__comment": "Box207",
			"from": [ 13.6924, 0.25, -12.3993 ],
			"to": [ 14.6924, 2.25, -11.3993 ],
			"rotation": { "origin": [ 11.925, 3.125, 2.450001 ], "axis": "y", "angle": -22.5 },
			"faces": {
				"down": { "uv": [ 8.25, 15, 9.25, 16 ], "texture": "#0" },
				"up": { "uv": [ 8.25, 0, 9.25, 1 ], "texture": "#0" },
				"north": { "uv": [ 6.75, 5, 7.75, 16 ], "texture": "#0" },
				"south": { "uv": [ 8.25, 5, 9.25, 16 ], "texture": "#0" },
				"west": { "uv": [ 0, 5, 1, 16 ], "texture": "#0" },
				"east": { "uv": [ 15, 5, 16, 16 ], "texture": "#0" }
			}
		},
		{
			"__comment": "Box207",
			"from": [ 23.375, 0.25, -6.1 ],
			"to": [ 24.375, 2.25, 8.500002 ],
			"rotation": { "origin": [ 11.925, 3.125, 2.450001 ], "axis": "y", "angle": 22.5 },
			"faces": {
				"down": { "uv": [ 7.55, 0.6999998, 8.55, 15.3 ], "texture": "#0", "rotation": 180 },
				"up": { "uv": [ 7.55, 0.6999998, 8.55, 15.3 ], "texture": "#0", "rotation": 180 },
				"north": { "uv": [ 7.55, 5, 8.55, 16 ], "texture": "#0" },
				"south": { "uv": [ 7.450001, 5, 8.450001, 16 ], "texture": "#0" },
				"west": { "uv": [ 0.6999996, 5, 15.3, 16 ], "texture": "#0" },
				"east": { "uv": [ 0.7, 5, 15.3, 16 ], "texture": "#0" }
			}
		},
		{
			"__comment": "Box207",
			"from": [ 24.0065, 0.25, -2.0859 ],
			"to": [ 25.0065, 2.25, -1.0859 ],
			"rotation": { "origin": [ 11.925, 3.125, 2.450001 ], "axis": "y", "angle": -22.5 },
			"faces": {
				"down": { "uv": [ 8.25, 15, 9.25, 16 ], "texture": "#0", "rotation": 180 },
				"up": { "uv": [ 8.25, 0, 9.25, 1 ], "texture": "#0", "rotation": 180 },
				"north": { "uv": [ 8.25, 5, 9.25, 16 ], "texture": "#0" },
				"south": { "uv": [ 6.75, 5, 7.75, 16 ], "texture": "#0" },
				"west": { "uv": [ 15, 5, 16, 16 ], "texture": "#0" },
				"east": { "uv": [ 0, 5, 1, 16 ], "texture": "#0" }
			}
		},
		{
			"__comment": "Box207",
			"from": [ -9.288199, 0.25, 10.5822 ],
			"to": [ -8.288199, 2.25, 11.5822 ],
			"rotation": { "origin": [ 11.925, 3.125, 2.450001 ], "axis": "y", "angle": -22.5 },
			"faces": {
				"down": { "uv": [ 8.25, 15, 9.25, 16 ], "texture": "#0" },
				"up": { "uv": [ 8.25, 0, 9.25, 1 ], "texture": "#0" },
				"north": { "uv": [ 6.75, 5, 7.75, 16 ], "texture": "#0" },
				"south": { "uv": [ 8.25, 5, 9.25, 16 ], "texture": "#0" },
				"west": { "uv": [ 0, 5, 1, 16 ], "texture": "#0" },
				"east": { "uv": [ 15, 5, 16, 16 ], "texture": "#0" }
			}
		},
		{
			"__comment": "Box207",
			"from": [ -9.5, 0.25, -6.0999 ],
			"to": [ -8.5, 2.25, 8.500101 ],
			"rotation": { "origin": [ 11.925, 3.125, 2.450001 ], "axis": "y", "angle": 22.5 },
			"faces": {
				"down": { "uv": [ 8.424999, 0.6999998, 9.424999, 15.3 ], "texture": "#0", "rotation": 180 },
				"up": { "uv": [ 8.424999, 0.6999998, 9.424999, 15.3 ], "texture": "#0", "rotation": 180 },
				"north": { "uv": [ 8.424999, 5, 9.424999, 16 ], "texture": "#0" },
				"south": { "uv": [ 6.575001, 5, 7.575001, 16 ], "texture": "#0" },
				"west": { "uv": [ 0.6999996, 5, 15.3, 16 ], "texture": "#0" },
				"east": { "uv": [ 0.7, 5, 15.3, 16 ], "texture": "#0" }
			}
		},
		{
			"__comment": "Box207",
			"from": [ 1.0259, 0.25, 20.8956 ],
			"to": [ 2.0259, 2.25, 21.8956 ],
			"rotation": { "origin": [ 11.925, 3.125, 2.450001 ], "axis": "y", "angle": -22.5 },
			"faces": {
				"down": { "uv": [ 8.25, 15, 9.25, 16 ], "texture": "#0", "rotation": 180 },
				"up": { "uv": [ 8.25, 0, 9.25, 1 ], "texture": "#0", "rotation": 180 },
				"north": { "uv": [ 8.25, 5, 9.25, 16 ], "texture": "#0" },
				"south": { "uv": [ 6.75, 5, 7.75, 16 ], "texture": "#0" },
				"west": { "uv": [ 15, 5, 16, 16 ], "texture": "#0" },
				"east": { "uv": [ 0, 5, 1, 16 ], "texture": "#0" }
			}
		},
		{
			"__comment": "Box207",
			"from": [ -8.825, 0.25, -5.9 ],
			"to": [ 23.675, 2.25, 8.700001 ],
			"rotation": { "origin": [ 11.925, 3.125, 2.450001 ], "axis": "y", "angle": 22.5 },
			"faces": {
				"down": { "uv": [ 0, 0.5, 16, 15.5 ], "texture": "#0", "rotation": 180 },
				"up": { "uv": [ 0, 0.5, 16, 15.5 ], "texture": "#0", "rotation": 180 },
				"north": { "uv": [ 0, 6, 16, 16 ], "texture": "#0" },
				"south": { "uv": [ 0, 6, 16, 16 ], "texture": "#0" },
				"west": { "uv": [ 0.5, 6, 15.5, 16 ], "texture": "#0" },
				"east": { "uv": [ 0.5, 6, 15.5, 16 ], "texture": "#0" }
			}
		},
		{
			"__comment": "Box207",
			"from": [ 23.4726, 0.25, -2.3648 ],
			"to": [ 24.4726, 2.25, -0.3648 ],
			"rotation": { "origin": [ 11.925, 3.125, 2.450001 ], "axis": "y", "angle": 45 },
			"faces": {
				"down": { "uv": [ 12, 15, 14, 16 ], "texture": "#0", "rotation": 270 },
				"up": { "uv": [ 12, 0, 14, 1 ], "texture": "#0", "rotation": 90 },
				"north": { "uv": [ 0, 6, 1, 16 ], "texture": "#0" },
				"south": { "uv": [ 15, 6, 16, 16 ], "texture": "#0" },
				"west": { "uv": [ 12, 6, 14, 16 ], "texture": "#0" },
				"east": { "uv": [ 2, 6, 4, 16 ], "texture": "#0" }
			}
		},
		{
			"__comment": "Box207",
			"from": [ 21.675, 0.25, -6.8 ],
			"to": [ 23.675, 2.25, 9.200001 ],
			"rotation": { "origin": [ 11.925, 3.125, 2.450001 ], "axis": "y", "angle": 22.5 },
			"faces": {
				"down": { "uv": [ 8, 1, 10, 16 ], "texture": "#0", "rotation": 180 },
				"up": { "uv": [ 8, 0, 10, 15 ], "texture": "#0", "rotation": 180 },
				"north": { "uv": [ 8, 1, 10, 3 ], "texture": "#0" },
				"south": { "uv": [ 6, 1, 8, 3 ], "texture": "#0" },
				"west": { "uv": [ 1, 1, 16, 3 ], "texture": "#0" },
				"east": { "uv": [ 0, 1, 15, 3 ], "texture": "#0" }
			}
		},
		{
			"__comment": "Box207",
			"from": [ -8.825, 0.25, -6.8 ],
			"to": [ -6.825, 2.25, 9.200001 ],
			"rotation": { "origin": [ 11.925, 3.125, 2.450001 ], "axis": "y", "angle": 22.5 },
			"faces": {
				"down": { "uv": [ 6.75, 0, 8.75, 16 ], "texture": "#0", "rotation": 180 },
				"up": { "uv": [ 6.75, 0, 8.75, 16 ], "texture": "#0", "rotation": 180 },
				"north": { "uv": [ 6.75, 5, 8.75, 16 ], "texture": "#0" },
				"south": { "uv": [ 7.25, 5, 9.25, 16 ], "texture": "#0" },
				"west": { "uv": [ 0, 5, 16, 16 ], "texture": "#0" },
				"east": { "uv": [ 0, 5, 16, 16 ], "texture": "#0" }
			}
		},
		{
			"__comment": "Box207",
			"from": [ -2.858, 0.25, -13.2712 ],
			"to": [ -1.858, 2.25, -11.2712 ],
			"rotation": { "origin": [ 11.925, 3.125, 2.450001 ], "axis": "y", "angle": 45 },
			"faces": {
				"down": { "uv": [ 12, 15, 14, 16 ], "texture": "#0", "rotation": 270 },
				"up": { "uv": [ 12, 0, 14, 1 ], "texture": "#0", "rotation": 90 },
				"north": { "uv": [ 0, 6, 1, 16 ], "texture": "#0" },
				"south": { "uv": [ 15, 6, 16, 16 ], "texture": "#0" },
				"west": { "uv": [ 12, 6, 14, 16 ], "texture": "#0" },
				"east": { "uv": [ 2, 6, 4, 16 ], "texture": "#0" }
			}
		},
		{
			"__comment": "Box207",
			"from": [ 22.7995, 0.25, -2.373 ],
			"to": [ 23.7995, 2.25, -0.3729999 ],
			"rotation": { "origin": [ 11.925, 3.125, 2.450001 ], "axis": "y", "angle": 45 },
			"faces": {
				"down": { "uv": [ 12, 15, 14, 16 ], "texture": "#0", "rotation": 270 },
				"up": { "uv": [ 12, 0, 14, 1 ], "texture": "#0", "rotation": 90 },
				"north": { "uv": [ 0, 6, 1, 16 ], "texture": "#0" },
				"south": { "uv": [ 15, 6, 16, 16 ], "texture": "#0" },
				"west": { "uv": [ 12, 6, 14, 16 ], "texture": "#0" },
				"east": { "uv": [ 2, 6, 4, 16 ], "texture": "#0" }
			}
		},
		{
			"__comment": "Box207",
			"from": [ 22.4251, 0.25, -2.1222 ],
			"to": [ 23.4251, 2.25, -0.1222 ],
			"rotation": { "origin": [ 11.925, 3.125, 2.450001 ], "axis": "y", "angle": 45 },
			"faces": {
				"down": { "uv": [ 12, 15, 14, 16 ], "texture": "#0", "rotation": 270 },
				"up": { "uv": [ 12, 0, 14, 1 ], "texture": "#0", "rotation": 90 },
				"north": { "uv": [ 0, 6, 1, 16 ], "texture": "#0" },
				"south": { "uv": [ 15, 6, 16, 16 ], "texture": "#0" },
				"west": { "uv": [ 12, 6, 14, 16 ], "texture": "#0" },
				"east": { "uv": [ 2, 6, 4, 16 ], "texture": "#0" }
			}
		},
		{
			"__comment": "Box207",
			"from": [ 22.1264, 0.25, -2.3812 ],
			"to": [ 23.1264, 2.25, -0.3811998 ],
			"rotation": { "origin": [ 11.925, 3.125, 2.450001 ], "axis": "y", "angle": 45 },
			"faces": {
				"down": { "uv": [ 12, 15, 14, 16 ], "texture": "#0", "rotation": 270 },
				"up": { "uv": [ 12, 0, 14, 1 ], "texture": "#0", "rotation": 90 },
				"north": { "uv": [ 0, 6, 1, 16 ], "texture": "#0" },
				"south": { "uv": [ 15, 6, 16, 16 ], "texture": "#0" },
				"west": { "uv": [ 12, 6, 14, 16 ], "texture": "#0" },
				"east": { "uv": [ 2, 6, 4, 16 ], "texture": "#0" }
			}
		},
		{
			"__comment": "Box52",
			"from": [ 0.175, 1.875, 1.2 ],
			"to": [ 1.675, 3.375, 2.7 ],
			"rotation": { "origin": [ 11.925, 3.125, 2.450001 ], "axis": "y", "angle": 22.5 },
			"faces": {
				"down": { "uv": [ 14, 9, 15.5, 10.5 ], "texture": "#5", "rotation": 180 },
				"up": { "uv": [ 14, 5.5, 15.5, 7 ], "texture": "#5", "rotation": 180 },
				"north": { "uv": [ 14, 0, 15.5, 1 ], "texture": "#5" },
				"south": { "uv": [ 0.5, 0, 2, 1 ], "texture": "#5" },
				"west": { "uv": [ 9, 0, 10.5, 1 ], "texture": "#5" },
				"east": { "uv": [ 5.5, 0, 7, 1 ], "texture": "#5" }
			}
		},
		{
			"__comment": "Box52",
			"from": [ 10.675, 1.75, 1.2 ],
			"to": [ 12.175, 3.25, 2.7 ],
			"rotation": { "origin": [ 11.925, 3.125, 2.450001 ], "axis": "y", "angle": 22.5 },
			"faces": {
				"down": { "uv": [ 3.5, 9, 5, 10.5 ], "texture": "#5", "rotation": 180 },
				"up": { "uv": [ 3.5, 5.5, 5, 7 ], "texture": "#5", "rotation": 180 },
				"north": { "uv": [ 3.5, 0, 5, 1.5 ], "texture": "#5" },
				"south": { "uv": [ 11, 0, 12.5, 1.5 ], "texture": "#5" },
				"west": { "uv": [ 9, 0, 10.5, 1.5 ], "texture": "#5" },
				"east": { "uv": [ 5.5, 0, 7, 1.5 ], "texture": "#5" }
			}
		},
		{
			"__comment": "Box52",
			"from": [ 10.925, 3.125, 1.45 ],
			"to": [ 11.925, 5.625, 2.45 ],
			"rotation": { "origin": [ 11.925, 3.125, 2.450001 ], "axis": "y", "angle": 22.5 },
			"faces": {
				"down": { "uv": [ 3.75, 9.25, 4.75, 10.25 ], "texture": "#4", "rotation": 180 },
				"up": { "uv": [ 3.75, 5.75, 4.75, 6.75 ], "texture": "#4", "rotation": 180 },
				"north": { "uv": [ 3.75, 0, 4.75, 0.125 ], "texture": "#4" },
				"south": { "uv": [ 11.25, 0, 12.25, 0.125 ], "texture": "#4" },
				"west": { "uv": [ 9.25, 0, 10.25, 0.125 ], "texture": "#4" },
				"east": { "uv": [ 5.75, 0, 6.75, 0.125 ], "texture": "#4" }
			}
		},
		{
			"__comment": "Box52",
			"from": [ 0.425, 3.125, 1.45 ],
			"to": [ 1.425, 5.625, 2.45 ],
			"rotation": { "origin": [ 11.925, 3.125, 2.450001 ], "axis": "y", "angle": 22.5 },
			"faces": {
				"down": { "uv": [ 14.25, 9.25, 15.25, 10.25 ], "texture": "#4", "rotation": 180 },
				"up": { "uv": [ 14.25, 5.75, 15.25, 6.75 ], "texture": "#4", "rotation": 180 },
				"north": { "uv": [ 14.25, 0, 15.25, 0.125 ], "texture": "#4" },
				"south": { "uv": [ 0.75, 0, 1.75, 0.125 ], "texture": "#4" },
				"west": { "uv": [ 9.25, 0, 10.25, 0.125 ], "texture": "#4" },
				"east": { "uv": [ 5.75, 0, 6.75, 0.125 ], "texture": "#4" }
			}
		},
		{
			"__comment": "Box52",
			"from": [ 0.675, 5.125, 1.45 ],
			"to": [ 11.675, 6.125, 2.45 ],
			"rotation": { "origin": [ 11.925, 3.125, 2.450001 ], "axis": "y", "angle": 22.5 },
			"faces": {
				"down": { "uv": [ 9, 10, 10, 12.5 ], "texture": "#4", "rotation": 270 },
				"up": { "uv": [ 7, 12.5, 6, 10 ], "texture": "#4", "rotation": 90 },
				"north": { "uv": [ 3.5, 10, 4.5, 12.5 ], "texture": "#4", "rotation": 90 },
				"south": { "uv": [ 11.5, 10, 12.5, 12.5 ], "texture": "#4", "rotation": 270 },
				"west": { "uv": [ 4.5, 7, 3.5, 6 ], "texture": "#4", "rotation": 270 },
				"east": { "uv": [ 3.5, 9, 4.5, 10 ], "texture": "#4", "rotation": 90 }
			}
		},
		{
			"__comment": "Box52",
			"from": [ 11.55, 5, 1.7 ],
			"to": [ 12.05, 5.5, 2.2 ],
			"rotation": { "origin": [ 11.925, 3.125, 2.450001 ], "axis": "y", "angle": 22.5 },
			"faces": {
				"down": { "uv": [ 3.625, 9.5, 4.125, 10 ], "texture": "#e", "rotation": 180 },
				"up": { "uv": [ 3.625, 6, 4.125, 6.5 ], "texture": "#e", "rotation": 180 },
				"north": { "uv": [ 3.625, 13.75, 4.125, 14.25 ], "texture": "#e" },
				"south": { "uv": [ 11.875, 13.75, 12.375, 14.25 ], "texture": "#e" },
				"west": { "uv": [ 9.5, 13.75, 10, 14.25 ], "texture": "#e" },
				"east": { "uv": [ 6, 13.75, 6.5, 14.25 ], "texture": "#e" }
			}
		},
		{
			"__comment": "Box52",
			"from": [ 0.3, 5, 1.7 ],
			"to": [ 0.8, 5.5, 2.2 ],
			"rotation": { "origin": [ 11.925, 3.125, 2.450001 ], "axis": "y", "angle": 22.5 },
			"faces": {
				"down": { "uv": [ 14.875, 9.5, 15.375, 10 ], "texture": "#e", "rotation": 180 },
				"up": { "uv": [ 14.875, 6, 15.375, 6.5 ], "texture": "#e", "rotation": 180 },
				"north": { "uv": [ 14.875, 13.75, 15.375, 14.25 ], "texture": "#e" },
				"south": { "uv": [ 0.625, 13.75, 1.125, 14.25 ], "texture": "#e" },
				"west": { "uv": [ 9.5, 13.75, 10, 14.25 ], "texture": "#e" },
				"east": { "uv": [ 6, 13.75, 6.5, 14.25 ], "texture": "#e" }
			}
		},
		{
			"__comment": "Box52",
			"from": [ 24.25, 5.5, 10.875 ],
			"to": [ 25.25, 8, 11.875 ],
			"rotation": { "origin": [ 24.25, 8, 10.875 ], "axis": "z", "angle": 22.5 },
			"faces": {
				"down": { "uv": [ 1, 6, 2, 7 ], "texture": "#4", "rotation": 270 },
				"up": { "uv": [ 1, 9, 2, 10 ], "texture": "#4", "rotation": 90 },
				"north": { "uv": [ 7, 8.5, 6, 6 ], "texture": "#4" },
				"south": { "uv": [ 10, 8.5, 9, 6 ], "texture": "#4" },
				"west": { "uv": [ 14, 6, 15, 8.5 ], "texture": "#4", "rotation": 180 },
				"east": { "uv": [ 1, 6, 2, 8.5 ], "texture": "#4", "rotation": 180 }
			}
		},
		{
			"__comment": "Box52",
			"from": [ 24.25, 5, 11.125 ],
			"to": [ 25.25, 6, 22.125 ],
			"rotation": { "origin": [ 24.25, 8, 10.875 ], "axis": "z", "angle": 22.5 },
			"faces": {
				"down": { "uv": [ 7, 12.5, 6, 10 ], "texture": "#4", "rotation": 180 },
				"up": { "uv": [ 9, 10, 10, 12.5 ], "texture": "#4", "rotation": 180 },
				"north": { "uv": [ 4.5, 10, 3.5, 9 ], "texture": "#4", "rotation": 90 },
				"south": { "uv": [ 3.5, 6, 4.5, 7 ], "texture": "#4", "rotation": 270 },
				"west": { "uv": [ 11.5, 10, 12.5, 12.5 ], "texture": "#4", "rotation": 90 },
				"east": { "uv": [ 3.5, 10, 4.5, 12.5 ], "texture": "#4", "rotation": 270 }
			}
		},
		{
			"__comment": "Box52",
			"from": [ 24.25, 5.5, 21.375 ],
			"to": [ 25.25, 8, 22.375 ],
			"rotation": { "origin": [ 24.25, 8, 10.875 ], "axis": "z", "angle": 22.5 },
			"faces": {
				"down": { "uv": [ 14.25, 5.75, 15.25, 6.75 ], "texture": "#4", "rotation": 270 },
				"up": { "uv": [ 14.25, 9.25, 15.25, 10.25 ], "texture": "#4", "rotation": 90 },
				"north": { "uv": [ 6.75, 0.125, 5.75, 0 ], "texture": "#4" },
				"south": { "uv": [ 10.25, 0.125, 9.25, 0 ], "texture": "#4" },
				"west": { "uv": [ 0.75, 0, 1.75, 0.125 ], "texture": "#4", "rotation": 180 },
				"east": { "uv": [ 14.25, 0, 15.25, 0.125 ], "texture": "#4", "rotation": 180 }
			}
		},
		{
			"__comment": "Box52",
			"from": [ 24.5, 5.625, 22 ],
			"to": [ 25, 6.125, 22.5 ],
			"rotation": { "origin": [ 24.25, 8, 10.875 ], "axis": "z", "angle": 22.5 },
			"faces": {
				"down": { "uv": [ 14.875, 6, 15.375, 6.5 ], "texture": "#e", "rotation": 270 },
				"up": { "uv": [ 14.875, 9.5, 15.375, 10 ], "texture": "#e", "rotation": 90 },
				"north": { "uv": [ 6.5, 14.25, 6, 13.75 ], "texture": "#e" },
				"south": { "uv": [ 10, 14.25, 9.5, 13.75 ], "texture": "#e" },
				"west": { "uv": [ 0.625, 13.75, 1.125, 14.25 ], "texture": "#e", "rotation": 180 },
				"east": { "uv": [ 14.875, 13.75, 15.375, 14.25 ], "texture": "#e", "rotation": 180 }
			}
		},
		{
			"__comment": "Box52",
			"from": [ 24.5, 5.625, 10.75 ],
			"to": [ 25, 6.125, 11.25 ],
			"rotation": { "origin": [ 24.25, 8, 10.875 ], "axis": "z", "angle": 22.5 },
			"faces": {
				"down": { "uv": [ 3.625, 6, 4.125, 6.5 ], "texture": "#e", "rotation": 270 },
				"up": { "uv": [ 3.625, 9.5, 4.125, 10 ], "texture": "#e", "rotation": 90 },
				"north": { "uv": [ 6.5, 14.25, 6, 13.75 ], "texture": "#e" },
				"south": { "uv": [ 10, 14.25, 9.5, 13.75 ], "texture": "#e" },
				"west": { "uv": [ 11.875, 13.75, 12.375, 14.25 ], "texture": "#e", "rotation": 180 },
				"east": { "uv": [ 3.625, 13.75, 4.125, 14.25 ], "texture": "#e", "rotation": 180 }
			}
		},
		{
			"__comment": "Box52",
			"from": [ 23.875, 7.125, 21.125 ],
			"to": [ 25.375, 8.625, 22.625 ],
			"faces": {
				"down": { "uv": [ 14, 13.5, 15.5, 15 ], "texture": "#5", "rotation": 270 },
				"up": { "uv": [ 14, 1, 15.5, 2.5 ], "texture": "#5", "rotation": 90 },
				"north": { "uv": [ 1, 5, 2.5, 6.5 ], "texture": "#5" },
				"south": { "uv": [ 13.5, 5, 15, 6.5 ], "texture": "#5" },
				"west": { "uv": [ 14, 5, 15.5, 6.5 ], "texture": "#5" },
				"east": { "uv": [ 0.5, 5, 2, 6.5 ], "texture": "#5" }
			}
		},
		{
			"__comment": "Box52",
			"from": [ 23.8749, 7, 10.625 ],
			"to": [ 25.3749, 8.5, 12.125 ],
			"faces": {
				"down": { "uv": [ 3.5, 9, 5, 10.5 ], "texture": "#5", "rotation": 270 },
				"up": { "uv": [ 3.5, 5.5, 5, 7 ], "texture": "#5", "rotation": 90 },
				"north": { "uv": [ 5.5, 0, 7, 1.5 ], "texture": "#5" },
				"south": { "uv": [ 9, 0, 10.5, 1.5 ], "texture": "#5" },
				"west": { "uv": [ 3.5, 0, 5, 1.5 ], "texture": "#5" },
				"east": { "uv": [ 11, 0, 12.5, 1.5 ], "texture": "#5" }
			}
		},
		{
			"__comment": "Box52",
			"from": [ -11.625, 5.125, 11.125 ],
			"to": [ -10.625, 6.125, 22.125 ],
			"rotation": { "origin": [ -10.625, 6.125, 22.125 ], "axis": "z", "angle": -45 },
			"faces": {
				"down": { "uv": [ 7, 12.5, 6, 10 ], "texture": "#4" },
				"up": { "uv": [ 9, 10, 10, 12.5 ], "texture": "#4" },
				"north": { "uv": [ 3.5, 6, 4.5, 7 ], "texture": "#4", "rotation": 270 },
				"south": { "uv": [ 4.5, 10, 3.5, 9 ], "texture": "#4", "rotation": 90 },
				"west": { "uv": [ 3.5, 10, 4.5, 12.5 ], "texture": "#4", "rotation": 270 },
				"east": { "uv": [ 11.5, 10, 12.5, 12.5 ], "texture": "#4", "rotation": 90 }
			}
		},
		{
			"__comment": "Box52",
			"from": [ -11.375, 5.75, 22 ],
			"to": [ -10.875, 6.25, 22.5 ],
			"rotation": { "origin": [ -10.625, 6.125, 22.125 ], "axis": "z", "angle": -45 },
			"faces": {
				"down": { "uv": [ 3.625, 6, 4.125, 6.5 ], "texture": "#e", "rotation": 90 },
				"up": { "uv": [ 3.625, 9.5, 4.125, 10 ], "texture": "#e", "rotation": 270 },
				"north": { "uv": [ 10, 14.25, 9.5, 13.75 ], "texture": "#e" },
				"south": { "uv": [ 6.5, 14.25, 6, 13.75 ], "texture": "#e" },
				"west": { "uv": [ 3.625, 13.75, 4.125, 14.25 ], "texture": "#e", "rotation": 180 },
				"east": { "uv": [ 11.875, 13.75, 12.375, 14.25 ], "texture": "#e", "rotation": 180 }
			}
		},
		{
			"__comment": "Box52",
			"from": [ -11.3751, 5.75, 10.75 ],
			"to": [ -10.8751, 6.25, 11.25 ],
			"rotation": { "origin": [ -10.625, 6.125, 22.125 ], "axis": "z", "angle": -45 },
			"faces": {
				"down": { "uv": [ 14.875, 6, 15.375, 6.5 ], "texture": "#e", "rotation": 90 },
				"up": { "uv": [ 14.875, 9.5, 15.375, 10 ], "texture": "#e", "rotation": 270 },
				"north": { "uv": [ 10, 14.25, 9.5, 13.75 ], "texture": "#e" },
				"south": { "uv": [ 6.5, 14.25, 6, 13.75 ], "texture": "#e" },
				"west": { "uv": [ 14.875, 13.75, 15.375, 14.25 ], "texture": "#e", "rotation": 180 },
				"east": { "uv": [ 0.625, 13.75, 1.125, 14.25 ], "texture": "#e", "rotation": 180 }
			}
		},
		{
			"__comment": "Box52",
			"from": [ -11.625, 5.625, 21.375 ],
			"to": [ -10.625, 8.125, 22.375 ],
			"rotation": { "origin": [ -10.625, 6.125, 22.125 ], "axis": "z", "angle": -45 },
			"faces": {
				"down": { "uv": [ 3.75, 5.75, 4.75, 6.75 ], "texture": "#4", "rotation": 90 },
				"up": { "uv": [ 3.75, 9.25, 4.75, 10.25 ], "texture": "#4", "rotation": 270 },
				"north": { "uv": [ 10.25, 0.125, 9.25, 0 ], "texture": "#4" },
				"south": { "uv": [ 6.75, 0.125, 5.75, 0 ], "texture": "#4" },
				"west": { "uv": [ 3.75, 0, 4.75, 0.125 ], "texture": "#4", "rotation": 180 },
				"east": { "uv": [ 11.25, 0, 12.25, 0.125 ], "texture": "#4", "rotation": 180 }
			}
		},
		{
			"__comment": "Box52",
			"from": [ -11.6251, 5.625, 10.875 ],
			"to": [ -10.6251, 8.125, 11.875 ],
			"rotation": { "origin": [ -10.625, 6.125, 22.125 ], "axis": "z", "angle": -45 },
			"faces": {
				"down": { "uv": [ 14.25, 5.75, 15.25, 6.75 ], "texture": "#4", "rotation": 90 },
				"up": { "uv": [ 14.25, 9.25, 15.25, 10.25 ], "texture": "#4", "rotation": 270 },
				"north": { "uv": [ 10.25, 0.125, 9.25, 0 ], "texture": "#4" },
				"south": { "uv": [ 6.75, 0.125, 5.75, 0 ], "texture": "#4" },
				"west": { "uv": [ 14.25, 0, 15.25, 0.125 ], "texture": "#4", "rotation": 180 },
				"east": { "uv": [ 0.75, 0, 1.75, 0.125 ], "texture": "#4", "rotation": 180 }
			}
		},
		{
			"__comment": "Box52",
			"from": [ -9.875, 7.1249, 10.625 ],
			"to": [ -8.375, 8.6249, 12.125 ],
			"faces": {
				"down": { "uv": [ 15.5, 1.375, 14, 0 ], "texture": "#5", "rotation": 270 },
				"up": { "uv": [ 0.5, 0, 2, 1.375 ], "texture": "#5", "rotation": 90 },
				"north": { "uv": [ 10.5, 1.375, 9, 0 ], "texture": "#5", "rotation": 90 },
				"south": { "uv": [ 7, 1.375, 5.5, 0 ], "texture": "#5", "rotation": 270 },
				"west": { "uv": [ 14, 9, 15.5, 10.5 ], "texture": "#5", "rotation": 180 },
				"east": { "uv": [ 15.5, 7, 14, 5.5 ], "texture": "#5", "rotation": 180 }
			}
		},
		{
			"__comment": "Box52",
			"from": [ -10, 7.125, 21.125 ],
			"to": [ -8.5, 8.625, 22.625 ],
			"faces": {
				"down": { "uv": [ 5, 1.5, 3.5, 0 ], "texture": "#5", "rotation": 270 },
				"up": { "uv": [ 11, 0, 12.5, 1.5 ], "texture": "#5", "rotation": 90 },
				"north": { "uv": [ 10.5, 1.5, 9, 0 ], "texture": "#5", "rotation": 90 },
				"south": { "uv": [ 7, 1.5, 5.5, 0 ], "texture": "#5", "rotation": 270 },
				"west": { "uv": [ 3.5, 9, 5, 10.5 ], "texture": "#5", "rotation": 180 },
				"east": { "uv": [ 5, 7, 3.5, 5.5 ], "texture": "#5", "rotation": 180 }
			}
		}
	],
	"display": {
		"thirdperson_righthand": {
			"rotation":  [ 0, 91, 0 ],
			"translation":  [ -0.608, 1.1956, -1.913 ],
			"scale":  [ 0.6913, 0.8304, 0.9347 ]
		},
		"thirdperson_lefthand": {
			"rotation":  [ 0, -90, -170 ],
			"translation":  [ -2, -4.5, 9 ],
			"scale":  [ 0.0001, 0.0001, 0.0001 ]
		},
		"firstperson_righthand": {
			"rotation":  [ 0, 90, 0 ],
			"translation":  [ -2, 2.5, -9 ],
			"scale":  [ 0.0001, 0.0001, 0.0001 ]
		},
		"firstperson_lefthand": {
			"rotation":  [ 0, 45, 0 ],
			"translation":  [ -14.68, 5.8369, -2.586 ],
			"scale":  [ 0.3, 0.3, 0.3 ]
		},
		"gui": {
			"rotation":  [ -3, -180, -46 ],
			"translation":  [ 0.6956, 0.6956, 0 ],
			"scale":  [ 0.3, 0.3, 0.9 ]
		},
		"head": {
			"translation":  [ 0.6956, -32.69, -16 ],
			"scale":  [ 1.8, 1.8, 1.8 ]
		},
		"ground": {
			"translation":  [ 0, -0.5, 0 ],
			"scale":  [ 0.9, 0.9, 0.9 ]
		},
		"fixed": {
			"translation":  [ 0, 0.5, -2.25 ],
			"scale":  [ -1.8, 1.8, -1.8 ]
		}
	}
}