{
	"__comment": "Designed by I_m_bin2 with Cubik Studio - https://cubik.studio",
	"textures": {
		"0": "_custom/iron_plate_blue",
		"1": "_custom/door",
		"particle": "_custom/oak_planks"
	},
	"elements": [ 	 
		{
			"__comment": "Box126",
			"from": [ -16, -16, -16 ],
			"to": [ 32, 32, 32 ],
			"faces": {
				"down": { "uv": [ 0, 0, 16, 16 ], "texture": "#0" },
				"up": { "uv": [ 0, 0, 16, 16 ], "texture": "#0" },
				"north": { "uv": [ 0, 0, 16, 16 ], "texture": "#0" },
				"south": { "uv": [ 0, 0, 16, 16 ], "texture": "#0" },
				"west": { "uv": [ 0, 0, 16, 16 ], "texture": "#0" },
				"east": { "uv": [ 0, 0, 16, 16 ], "texture": "#0" }
			}
		},
		{
			"__comment": "Box127",
			"from": [ -16, -16, -16 ],
			"to": [ -15, 32, 32 ],
			"faces": {
				"down": { "uv": [ 0, 0, 1, 16 ], "texture": "#1" },
				"up": { "uv": [ 0, 0, 1, 16 ], "texture": "#1" },
				"north": { "uv": [ 15, 0, 16, 16 ], "texture": "#1" },
				"south": { "uv": [ 0, 0, 1, 16 ], "texture": "#1" },
				"west": { "uv": [ 0, 0, 16, 16 ], "texture": "#1" },
				"east": { "uv": [ 0, 0, 16, 16 ], "texture": "#1" }
			}
		}
	],
	"display": {
		"head": {
			"translation":  [ 0, -27, 0 ],
			"scale":  [ 2.2, 2.2, 2.2 ]
		}
	}
}