{
	"__comment": "Designed by I_m_bin2 with Cubik Studio - https://cubik.studio",
	"textures": {
		"0": "blocks/colours/hardened_clay_stained_cyan",
		"1": "blocks/colours/water_flow",
		"particle": "_custom/oak_planks"
	},
	"elements": [ 	 
		{
			"__comment": "Box117",
			"from": [ 0, 0, 0 ],
			"to": [ 16, 16, 16 ],
			"faces": {
				"down": { "uv": [ 0, 0, 16, 16 ], "texture": "#0" },
				"up": { "uv": [ 0, 0, 16, 16 ], "texture": "#0" },
				"north": { "uv": [ 0, 0, 16, 16 ], "texture": "#0" },
				"south": { "uv": [ 0, 0, 16, 16 ], "texture": "#0" },
				"west": { "uv": [ 0, 0, 16, 16 ], "texture": "#0" },
				"east": { "uv": [ 0, 0, 16, 16 ], "texture": "#0" }
			}
		},
		{
			"__comment": "Box117",
			"from": [ 0, 16, 0 ],
			"to": [ 16, 17, 16 ],
			"faces": {
				"down": { "uv": [ 0, 0, 16, 16 ], "texture": "#1" },
				"up": { "uv": [ 0, 0, 16, 16 ], "texture": "#1" },
				"north": { "uv": [ 0, 15, 16, 16 ], "texture": "#1" },
				"south": { "uv": [ 0, 15, 16, 16 ], "texture": "#1" },
				"west": { "uv": [ 0, 15, 16, 16 ], "texture": "#1" },
				"east": { "uv": [ 0, 15, 16, 16 ], "texture": "#1" }
			}
		}
	],
	"display": {
		"head": {
			"translation":  [ 0, -27, 0 ],
			"scale":  [ 2.2, 2.2, 2.2 ]
		}
	}
}