{
	"__comment": "Designed by I_m_bin2 with Cubik Studio - https://cubik.studio",
	"parent": "block/block",
	"textures": {
		"0": "block/pink_glazed_terracotta",
		"1": "block/lime_concrete",
		"2": "blocks/colours/gray",
		"particle": "block/lime_concrete"
	},
	"elements": [ 	 
		{
			"__comment": "Element",
			"from": [ 0, 0, 0 ],
			"to": [ 16, 16, 13 ],
			"faces": {
				"down": { "uv": [ 0, 0, 16, 13 ], "texture": "#1", "rotation": 180 },
				"up": { "uv": [ 0, 3, 16, 16 ], "texture": "#1", "rotation": 180 },
				"north": { "uv": [ 0, 0, 16, 16 ], "texture": "#1" },
				"south": { "uv": [ 0, 0, 16, 16 ], "texture": "#0" },
				"west": { "uv": [ 0, 0, 13, 16 ], "texture": "#1" },
				"east": { "uv": [ 3, 0, 16, 16 ], "texture": "#1" }
			}
		},
		{
			"__comment": "Element",
			"from": [ 1, 0, 13 ],
			"to": [ 16, 1, 16 ],
			"faces": {
				"down": { "uv": [ 0, 13, 15, 16 ], "texture": "#1", "rotation": 180 },
				"up": { "uv": [ 0, 0, 15, 3 ], "texture": "#1", "rotation": 180 },
				"north": { "uv": [ 0, 0, 15, 3 ], "texture": "#1" },
				"south": { "uv": [ 1, 0, 16, 1 ], "texture": "#1" },
				"west": { "uv": [ 0, 0, 3, 1 ], "texture": "#1" },
				"east": { "uv": [ 0, 0, 3, 1 ], "texture": "#1" }
			}
		},
		{
			"__comment": "Element",
			"from": [ 0, 0, 13 ],
			"to": [ 1, 15, 16 ],
			"faces": {
				"down": { "uv": [ 0, 0, 3, 1 ], "texture": "#1", "rotation": 90 },
				"up": { "uv": [ 0, 0, 3, 1 ], "texture": "#1", "rotation": 90 },
				"north": { "uv": [ 0, 0, 15, 3 ], "texture": "#1", "rotation": 270 },
				"south": { "uv": [ 1, 0, 16, 1 ], "texture": "#1", "rotation": 90 },
				"west": { "uv": [ 13, 1, 16, 16 ], "texture": "#1" },
				"east": { "uv": [ 0, 0, 15, 3 ], "texture": "#1", "rotation": 270 }
			}
		},
		{
			"__comment": "Element",
			"from": [ 0, 15, 13 ],
			"to": [ 15, 16, 16 ],
			"faces": {
				"down": { "uv": [ 0, 0, 15, 3 ], "texture": "#1" },
				"up": { "uv": [ 1, 0, 16, 3 ], "texture": "#1", "rotation": 180 },
				"north": { "uv": [ 0, 0, 15, 3 ], "texture": "#1", "rotation": 180 },
				"south": { "uv": [ 1, 0, 16, 1 ], "texture": "#1", "rotation": 180 },
				"west": { "uv": [ 0, 0, 3, 1 ], "texture": "#1", "rotation": 180 },
				"east": { "uv": [ 0, 0, 3, 1 ], "texture": "#1", "rotation": 180 }
			}
		},
		{
			"__comment": "Element",
			"from": [ 15, 1, 13 ],
			"to": [ 16, 16, 16 ],
			"faces": {
				"down": { "uv": [ 0, 0, 3, 1 ], "texture": "#1", "rotation": 270 },
				"up": { "uv": [ 0, 0, 3, 1 ], "texture": "#1", "rotation": 270 },
				"north": { "uv": [ 0, 0, 15, 3 ], "texture": "#1", "rotation": 90 },
				"south": { "uv": [ 1, 0, 16, 1 ], "texture": "#1", "rotation": 270 },
				"west": { "uv": [ 0, 0, 15, 3 ], "texture": "#1", "rotation": 90 },
				"east": { "uv": [ 0, 0, 3, 15 ], "texture": "#1" }
			}
		},
		{
			"__comment": "Element",
			"from": [ 12, 1, 15 ],
			"to": [ 13, 15, 16 ],
			"faces": {
				"down": { "uv": [ 14, 0, 15, 1 ], "texture": "#2", "rotation": 270 },
				"up": { "uv": [ 14, 0, 15, 1 ], "texture": "#2", "rotation": 270 },
				"north": { "uv": [ 1, 0, 15, 1 ], "texture": "#2", "rotation": 90 },
				"south": { "uv": [ 1, 0, 15, 1 ], "texture": "#2", "rotation": 90 },
				"west": { "uv": [ 1, 0, 15, 1 ], "texture": "#2", "rotation": 90 },
				"east": { "uv": [ 1, 0, 15, 1 ], "texture": "#2", "rotation": 90 }
			}
		},
		{
			"__comment": "Element",
			"from": [ 9, 1, 15 ],
			"to": [ 10, 15, 16 ],
			"faces": {
				"down": { "uv": [ 14, 0, 15, 1 ], "texture": "#2", "rotation": 270 },
				"up": { "uv": [ 14, 0, 15, 1 ], "texture": "#2", "rotation": 270 },
				"north": { "uv": [ 1, 0, 15, 1 ], "texture": "#2", "rotation": 90 },
				"south": { "uv": [ 2, 4, 16, 5 ], "texture": "#2", "rotation": 90 },
				"west": { "uv": [ 1, 0, 15, 1 ], "texture": "#2", "rotation": 90 },
				"east": { "uv": [ 1, 0, 15, 1 ], "texture": "#2", "rotation": 90 }
			}
		},
		{
			"__comment": "Element",
			"from": [ 6, 1, 15 ],
			"to": [ 7, 15, 16 ],
			"faces": {
				"down": { "uv": [ 14, 0, 15, 1 ], "texture": "#2", "rotation": 270 },
				"up": { "uv": [ 14, 0, 15, 1 ], "texture": "#2", "rotation": 270 },
				"north": { "uv": [ 1, 0, 15, 1 ], "texture": "#2", "rotation": 90 },
				"south": { "uv": [ 0, 8, 14, 9 ], "texture": "#2", "rotation": 90 },
				"west": { "uv": [ 1, 0, 15, 1 ], "texture": "#2", "rotation": 90 },
				"east": { "uv": [ 1, 0, 15, 1 ], "texture": "#2", "rotation": 90 }
			}
		},
		{
			"__comment": "Element",
			"from": [ 3, 1, 15 ],
			"to": [ 4, 15, 16 ],
			"faces": {
				"down": { "uv": [ 14, 0, 15, 1 ], "texture": "#2", "rotation": 270 },
				"up": { "uv": [ 14, 0, 15, 1 ], "texture": "#2", "rotation": 270 },
				"north": { "uv": [ 1, 0, 15, 1 ], "texture": "#2", "rotation": 90 },
				"south": { "uv": [ 1, 12, 15, 13 ], "texture": "#2", "rotation": 90 },
				"west": { "uv": [ 1, 0, 15, 1 ], "texture": "#2", "rotation": 90 },
				"east": { "uv": [ 1, 0, 15, 1 ], "texture": "#2", "rotation": 90 }
			}
		},
		{
			"__comment": "Element",
			"from": [ 1, 12, 14.9 ],
			"to": [ 15, 13, 15.9 ],
			"faces": {
				"down": { "uv": [ 1, 0, 15, 1 ], "texture": "#2", "rotation": 180 },
				"up": { "uv": [ 1, 0, 15, 1 ], "texture": "#2", "rotation": 180 },
				"north": { "uv": [ 1, 0, 15, 1 ], "texture": "#2" },
				"south": { "uv": [ 1, 12, 15, 13 ], "texture": "#2", "rotation": 180 },
				"west": { "uv": [ 14, 0, 15, 1 ], "texture": "#2" },
				"east": { "uv": [ 14, 0, 15, 1 ], "texture": "#2" }
			}
		},
		{
			"__comment": "Element",
			"from": [ 1, 9, 14.9 ],
			"to": [ 15, 10, 15.9 ],
			"faces": {
				"down": { "uv": [ 1, 0, 15, 1 ], "texture": "#2", "rotation": 180 },
				"up": { "uv": [ 1, 0, 15, 1 ], "texture": "#2", "rotation": 180 },
				"north": { "uv": [ 1, 0, 15, 1 ], "texture": "#2" },
				"south": { "uv": [ 0, 8, 14, 9 ], "texture": "#2", "rotation": 180 },
				"west": { "uv": [ 14, 0, 15, 1 ], "texture": "#2" },
				"east": { "uv": [ 14, 0, 15, 1 ], "texture": "#2" }
			}
		},
		{
			"__comment": "Element",
			"from": [ 1, 6, 14.9 ],
			"to": [ 15, 7, 15.9 ],
			"faces": {
				"down": { "uv": [ 1, 0, 15, 1 ], "texture": "#2", "rotation": 180 },
				"up": { "uv": [ 1, 0, 15, 1 ], "texture": "#2", "rotation": 180 },
				"north": { "uv": [ 1, 0, 15, 1 ], "texture": "#2" },
				"south": { "uv": [ 2, 4, 16, 5 ], "texture": "#2", "rotation": 180 },
				"west": { "uv": [ 14, 0, 15, 1 ], "texture": "#2" },
				"east": { "uv": [ 14, 0, 15, 1 ], "texture": "#2" }
			}
		},
		{
			"__comment": "Element",
			"from": [ 1, 3, 14.9 ],
			"to": [ 15, 4, 15.9 ],
			"faces": {
				"down": { "uv": [ 1, 0, 15, 1 ], "texture": "#2", "rotation": 180 },
				"up": { "uv": [ 1, 0, 15, 1 ], "texture": "#2", "rotation": 180 },
				"north": { "uv": [ 1, 0, 15, 1 ], "texture": "#2" },
				"south": { "uv": [ 1, 0, 15, 1 ], "texture": "#2", "rotation": 180 },
				"west": { "uv": [ 14, 0, 15, 1 ], "texture": "#2" },
				"east": { "uv": [ 14, 0, 15, 1 ], "texture": "#2" }
			}
		}
	]
}