{
	"__comment": "Designed by I_m_bin2 with Cubik Studio - https://cubik.studio",
	"textures": {
		"0": "blocks/colours/hardened_clay_stained_cyan",
		"1": "blocks/colours/ha",
		"particle": "_custom/oak_planks"
	},
	"elements": [ 	 
		{
			"__comment": "Box117",
			"from": [ 0, 0, 0 ],
			"to": [ 16, 16, 16 ],
			"faces": {
				"down": { "uv": [ 0, 0, 16, 16 ], "texture": "#0" },
				"up": { "uv": [ 0, 0, 16, 16 ], "texture": "#0" },
				"north": { "uv": [ 0, 0, 16, 16 ], "texture": "#0" },
				"south": { "uv": [ 0, 0, 16, 16 ], "texture": "#0" },
				"west": { "uv": [ 0, 0, 16, 16 ], "texture": "#0" },
				"east": { "uv": [ 0, 0, 16, 16 ], "texture": "#0" }
			}
		},
		{
			"__comment": "Box3",
			"from": [ -15.875, -0.5, 0 ],
			"to": [ -14.875, 0.5, 16 ],
			"faces": {
				"down": { "uv": [ 0, 16, 9, 0 ], "texture": "#1", "rotation": 90 },
				"up": { "uv": [ 0.125, 16, 0, 15 ], "texture": "#1", "rotation": 270 },
				"north": { "uv": [ 15, 15, 16, 16 ], "texture": "#1", "rotation": 270 },
				"south": { "uv": [ 0, 15, 1, 16 ], "texture": "#1", "rotation": 90 },
				"west": { "uv": [ 0, 15.875, 1, 16 ], "texture": "#1", "rotation": 90 },
				"east": { "uv": [ 1, 0.125, 0, 0 ], "texture": "#1", "rotation": 270 }
			}
		},
		{
			"__comment": "Box3",
			"from": [ -13.5, -0.375, 0 ],
			"to": [ -12.5, 0.625, 16 ],
			"faces": {
				"down": { "uv": [ 0, 13, 2.5, 15 ], "texture": "#1", "rotation": 90 },
				"up": { "uv": [ 7, 10.5, 0, 3 ], "texture": "#1", "rotation": 270 },
				"north": { "uv": [ 1, 13.5, 2, 14.5 ], "texture": "#1", "rotation": 270 },
				"south": { "uv": [ 0, 13, 1, 14 ], "texture": "#1", "rotation": 90 },
				"west": { "uv": [ 0, 0, 1, 16 ], "texture": "#1", "rotation": 90 },
				"east": { "uv": [ 1, 16, 0, 0 ], "texture": "#1", "rotation": 270 }
			}
		},
		{
			"__comment": "Box3",
			"from": [ -8.5, -0.3751, 0 ],
			"to": [ -7.5, 0.6249, 16 ],
			"faces": {
				"down": { "uv": [ 0, 9, 7, 12.5 ], "texture": "#1", "rotation": 90 },
				"up": { "uv": [ 5.5, 7, 5, 9.5 ], "texture": "#1", "rotation": 270 },
				"north": { "uv": [ 2.5, 11, 3.5, 12 ], "texture": "#1", "rotation": 270 },
				"south": { "uv": [ 0, 9, 1, 10 ], "texture": "#1", "rotation": 90 },
				"west": { "uv": [ 0, 0, 1, 16 ], "texture": "#1", "rotation": 90 },
				"east": { "uv": [ 1, 16, 0, 0 ], "texture": "#1", "rotation": 270 }
			}
		},
		{
			"__comment": "Box3",
			"from": [ -11, -0.375, 0 ],
			"to": [ -10, 0.625, 16 ],
			"faces": {
				"down": { "uv": [ 6.5, 12, 6.625, 13 ], "texture": "#1", "rotation": 90 },
				"up": { "uv": [ 0.125, 16, 2.5, 15 ], "texture": "#1", "rotation": 270 },
				"north": { "uv": [ 15, 15, 16, 16 ], "texture": "#1", "rotation": 270 },
				"south": { "uv": [ 0, 15, 1, 16 ], "texture": "#1", "rotation": 90 },
				"west": { "uv": [ 0, 15.875, 1, 16 ], "texture": "#1", "rotation": 90 },
				"east": { "uv": [ 1, 0.125, 0, 0 ], "texture": "#1", "rotation": 270 }
			}
		},
		{
			"__comment": "Box3",
			"from": [ -6, -0.3751, 0 ],
			"to": [ -5, 0.6249, 16 ],
			"faces": {
				"down": { "uv": [ 0, 5, 4, 11 ], "texture": "#1", "rotation": 90 },
				"up": { "uv": [ 6, 6.5, 0.5, 11 ], "texture": "#1", "rotation": 270 },
				"north": { "uv": [ 0.5, 7.5, 1.5, 8.5 ], "texture": "#1", "rotation": 270 },
				"south": { "uv": [ 0, 5, 1, 6 ], "texture": "#1", "rotation": 90 },
				"west": { "uv": [ 0, 0, 1, 16 ], "texture": "#1", "rotation": 90 },
				"east": { "uv": [ 1, 16, 0, 0 ], "texture": "#1", "rotation": 270 }
			}
		},
		{
			"__comment": "Box3",
			"from": [ -1, -0.3751, 0 ],
			"to": [ 0, 0.6249, 16 ],
			"faces": {
				"down": { "uv": [ 0, 1, 8, 5.5 ], "texture": "#1", "rotation": 90 },
				"up": { "uv": [ 6.5, 6, 4.5, 9 ], "texture": "#1", "rotation": 270 },
				"north": { "uv": [ 2.5, 6, 3.5, 7 ], "texture": "#1", "rotation": 270 },
				"south": { "uv": [ 0, 1, 1, 2 ], "texture": "#1", "rotation": 90 },
				"west": { "uv": [ 0, 0, 1, 16 ], "texture": "#1", "rotation": 90 },
				"east": { "uv": [ 1, 16, 0, 0 ], "texture": "#1", "rotation": 270 }
			}
		},
		{
			"__comment": "Box3",
			"from": [ -3.625, -0.3751, 0 ],
			"to": [ -2.625, 0.6249, 16 ],
			"faces": {
				"down": { "uv": [ 3, 7, 3.125, 8 ], "texture": "#1", "rotation": 90 },
				"up": { "uv": [ 0.125, 8, 1, 7 ], "texture": "#1", "rotation": 270 },
				"north": { "uv": [ 15, 7, 16, 8 ], "texture": "#1", "rotation": 270 },
				"south": { "uv": [ 0, 7, 1, 8 ], "texture": "#1", "rotation": 90 },
				"west": { "uv": [ 0, 15.875, 1, 16 ], "texture": "#1", "rotation": 90 },
				"east": { "uv": [ 1, 0.125, 0, 0 ], "texture": "#1", "rotation": 270 }
			}
		},
		{
			"__comment": "Box3",
			"from": [ -15.875, -0.5, 13.5 ],
			"to": [ 0.125, 0.5, 14.5 ],
			"faces": {
				"down": { "uv": [ 6.5, 1, 7.5, 6 ], "texture": "#1", "rotation": 180 },
				"up": { "uv": [ 0, 5, 4, 5.5 ], "texture": "#1", "rotation": 180 },
				"north": { "uv": [ 1, 9.5, 0, 0 ], "texture": "#1", "rotation": 270 },
				"south": { "uv": [ 0, 6.5, 1, 16 ], "texture": "#1", "rotation": 90 },
				"west": { "uv": [ 2.5, 3, 1.5, 2 ], "texture": "#1", "rotation": 90 },
				"east": { "uv": [ 1, 2, 0, 1 ], "texture": "#1", "rotation": 270 }
			}
		},
		{
			"__comment": "Box3",
			"from": [ -15.875, -0.5, 11 ],
			"to": [ 0.125, 0.5, 12 ],
			"faces": {
				"down": { "uv": [ 0, 13, 1, 15 ], "texture": "#1", "rotation": 180 },
				"up": { "uv": [ 4, 7, 2.5, 10.5 ], "texture": "#1", "rotation": 180 },
				"north": { "uv": [ 1, 16, 0, 0 ], "texture": "#1", "rotation": 270 },
				"south": { "uv": [ 0, 0, 1, 16 ], "texture": "#1", "rotation": 90 },
				"west": { "uv": [ 8, 14, 7, 13 ], "texture": "#1", "rotation": 90 },
				"east": { "uv": [ 1, 14, 0, 13 ], "texture": "#1", "rotation": 270 }
			}
		},
		{
			"__comment": "Box3",
			"from": [ -15.8749, -0.5, 8.375 ],
			"to": [ 0.1251001, 0.5, 9.375 ],
			"faces": {
				"down": { "uv": [ 0, 9, 3, 12 ], "texture": "#1", "rotation": 180 },
				"up": { "uv": [ 6.5, 7.5, 3, 8 ], "texture": "#1", "rotation": 180 },
				"north": { "uv": [ 1, 16, 0, 0 ], "texture": "#1", "rotation": 270 },
				"south": { "uv": [ 0, 0, 1, 16 ], "texture": "#1", "rotation": 90 },
				"west": { "uv": [ 5, 12, 4, 11 ], "texture": "#1", "rotation": 90 },
				"east": { "uv": [ 1, 10, 0, 9 ], "texture": "#1", "rotation": 270 }
			}
		},
		{
			"__comment": "Box3",
			"from": [ -15.8749, -0.5, 5.875 ],
			"to": [ 0.1251001, 0.5, 6.875 ],
			"faces": {
				"down": { "uv": [ 4.5, 8, 4.625, 9 ], "texture": "#1", "rotation": 180 },
				"up": { "uv": [ 0.125, 8, 2.5, 7 ], "texture": "#1", "rotation": 180 },
				"north": { "uv": [ 1, 0.125, 0, 0 ], "texture": "#1", "rotation": 270 },
				"south": { "uv": [ 0, 15.875, 1, 16 ], "texture": "#1", "rotation": 90 },
				"west": { "uv": [ 2, 9, 1, 8 ], "texture": "#1", "rotation": 90 },
				"east": { "uv": [ 1, 8, 0, 7 ], "texture": "#1", "rotation": 270 }
			}
		},
		{
			"__comment": "Box3",
			"from": [ -15.8749, -0.5, 3.375 ],
			"to": [ 0.1251001, 0.5, 4.375 ],
			"faces": {
				"down": { "uv": [ 0, 5, 4, 11 ], "texture": "#1", "rotation": 180 },
				"up": { "uv": [ 7, 4.5, 2, 9.5 ], "texture": "#1", "rotation": 180 },
				"north": { "uv": [ 1, 16, 0, 0 ], "texture": "#1", "rotation": 270 },
				"south": { "uv": [ 0, 0, 1, 16 ], "texture": "#1", "rotation": 90 },
				"west": { "uv": [ 7, 8, 6, 7 ], "texture": "#1", "rotation": 90 },
				"east": { "uv": [ 1, 6, 0, 5 ], "texture": "#1", "rotation": 270 }
			}
		},
		{
			"__comment": "Box3",
			"from": [ -15.8749, -0.5, 0.875 ],
			"to": [ 0.1251001, 0.5, 1.875 ],
			"faces": {
				"down": { "uv": [ 4.5, 4.5, 4.625, 5.5 ], "texture": "#1", "rotation": 180 },
				"up": { "uv": [ 0.125, 4, 3, 3 ], "texture": "#1", "rotation": 180 },
				"north": { "uv": [ 1, 0.125, 0, 0 ], "texture": "#1", "rotation": 270 },
				"south": { "uv": [ 0, 15.875, 1, 16 ], "texture": "#1", "rotation": 90 },
				"west": { "uv": [ 3, 7, 2, 6 ], "texture": "#1", "rotation": 90 },
				"east": { "uv": [ 1, 4, 0, 3 ], "texture": "#1", "rotation": 270 }
			}
		},
		{
			"__comment": "Box21",
			"from": [ -15.75, -0.375, 1 ],
			"to": [ -14.75, 14.625, 2 ],
			"faces": {
				"down": { "uv": [ 0, 14, 1, 15 ], "texture": "#1" },
				"up": { "uv": [ 0, 1, 1, 2 ], "texture": "#1" },
				"north": { "uv": [ 0, 0.5, 1, 15.125 ], "texture": "#1" },
				"south": { "uv": [ 0, 1.375, 1, 16 ], "texture": "#1" },
				"west": { "uv": [ 1, 1.375, 2, 16 ], "texture": "#1" },
				"east": { "uv": [ 0.5, 1.375, 1.5, 16 ], "texture": "#1" }
			}
		},
		{
			"__comment": "Box21",
			"from": [ -15.75, -0.375, 14 ],
			"to": [ -14.75, 14.625, 15 ],
			"faces": {
				"down": { "uv": [ 0, 1, 1, 2 ], "texture": "#1" },
				"up": { "uv": [ 0, 14, 1, 15 ], "texture": "#1" },
				"north": { "uv": [ 0.5, 1.5, 1.5, 16 ], "texture": "#1" },
				"south": { "uv": [ 0, 1.5, 1, 16 ], "texture": "#1" },
				"west": { "uv": [ 0, 1.5, 1, 16 ], "texture": "#1" },
				"east": { "uv": [ 1, 1.5, 2, 16 ], "texture": "#1" }
			}
		},
		{
			"__comment": "Box3",
			"from": [ -15.625, 13.5, -0.0001 ],
			"to": [ -14.625, 14.5, 15.9999 ],
			"faces": {
				"down": { "uv": [ 12, 0.5, 16, 11 ], "texture": "#1", "rotation": 270 },
				"up": { "uv": [ 16, 0, 11.5, 10.5 ], "texture": "#1", "rotation": 90 },
				"north": { "uv": [ 13, 4, 12, 3 ], "texture": "#1", "rotation": 270 },
				"south": { "uv": [ 14.5, 4, 13.5, 3 ], "texture": "#1", "rotation": 90 },
				"west": { "uv": [ 13, 16, 12, 0 ], "texture": "#1", "rotation": 270 },
				"east": { "uv": [ 14, 0, 15, 16 ], "texture": "#1", "rotation": 90 }
			}
		},
		{
			"__comment": "Box3",
			"from": [ -15.875, -0.5, 15.875 ],
			"to": [ 0.125, 0.5, 16.875 ],
			"faces": {
				"down": { "uv": [ 6.5, 1, 7.5, 6 ], "texture": "#1", "rotation": 180 },
				"up": { "uv": [ 0, 5, 4, 5.5 ], "texture": "#1", "rotation": 180 },
				"north": { "uv": [ 1, 9.5, 0, 0 ], "texture": "#1", "rotation": 270 },
				"south": { "uv": [ 0, 6.5, 1, 16 ], "texture": "#1", "rotation": 90 },
				"west": { "uv": [ 2.5, 3, 1.5, 2 ], "texture": "#1", "rotation": 90 },
				"east": { "uv": [ 1, 2, 0, 1 ], "texture": "#1", "rotation": 270 }
			}
		}
	],
	"display": {
		"head": {
			"translation":  [ 0, -27, 0 ],
			"scale":  [ 2.2, 2.2, 2.2 ]
		}
	}
}