{
	"__comment": "Model generated using MrCrayfish's Model Creator (http://mrcrayfish.com/modelcreator/)",
	"textures": {
		"particle": "blocks/e_particle",
		"texture": "blocks/colours/band",
		"0": "blocks/colours/red",
		"1": "blocks/colours/band2",
		"2": "blocks/colours/darkgray",
		"3": "blocks/colours/dullblack",
		"4": "blocks/colours/red",
		"5": "blocks/colours/darkgray",
		"-1": "items/e_texture"
	},
	"elements": [ 	 
		{
			"__comment": "Box348",
			"from": [ 15, 2.125, -2 ],
			"to": [ 19.5, 7.125, -1 ],
			"faces": {
				"down": { "uv": [ 15, 1, 16, 2 ], "texture": "#texture" },
				"up": { "uv": [ 15, 14, 16, 15 ], "texture": "#texture" },
				"north": { "uv": [ 0, 9.5, 1, 14.5 ], "texture": "#texture" },
				"south": { "uv": [ 15, 9.5, 16, 14.5 ], "texture": "#texture" },
				"west": { "uv": [ 14, 9.5, 15, 14.5 ], "texture": "#texture" },
				"east": { "uv": [ 1, 9.5, 2, 14.5 ], "texture": "#texture" }
			}
		},
		{
			"__comment": "Box348",
			"from": [ 15, 2.125, -0.875 ],
			"to": [ 16, 7.125, 0.125 ],
			"faces": {
				"down": { "uv": [ 15, 15.875, 16, 16 ], "texture": "#texture" },
				"up": { "uv": [ 15, 0, 16, 0.125 ], "texture": "#texture" },
				"north": { "uv": [ 0, 8.875, 1, 13.875 ], "texture": "#texture" },
				"south": { "uv": [ 15, 8.875, 16, 13.875 ], "texture": "#texture" },
				"west": { "uv": [ 0, 8.875, 0.125, 13.875 ], "texture": "#texture" },
				"east": { "uv": [ 15.875, 8.875, 16, 13.875 ], "texture": "#texture" }
			}
		},
		{
			"__comment": "Box348",
			"from": [ 15, 2.125, 0.5 ],
			"to": [ 19.5, 7.125, 1.5 ],
			"faces": {
				"down": { "uv": [ 15, 14.5, 16, 15.5 ], "texture": "#texture" },
				"up": { "uv": [ 15, 0.5, 16, 1.5 ], "texture": "#texture" },
				"north": { "uv": [ 0, 9.5, 1, 14.5 ], "texture": "#texture" },
				"south": { "uv": [ 15, 9.5, 16, 14.5 ], "texture": "#texture" },
				"west": { "uv": [ 0.5, 9.5, 1.5, 14.5 ], "texture": "#texture" },
				"east": { "uv": [ 14.5, 9.5, 15.5, 14.5 ], "texture": "#texture" }
			}
		},
		{
			"__comment": "Box348",
			"from": [ 15.375, 2, 1.25 ],
			"to": [ 19.875, 7, 2.25 ],
			"rotation": { "origin": [ 15.375, 2, 1.25 ], "axis": "y", "angle": -22.5 },
			"faces": {
				"down": { "uv": [ 15, 13, 16, 14 ], "texture": "#texture" },
				"up": { "uv": [ 15, 2, 16, 3 ], "texture": "#texture" },
				"north": { "uv": [ 0, 9.5, 1, 14.5 ], "texture": "#texture" },
				"south": { "uv": [ 15, 9.5, 16, 14.5 ], "texture": "#texture" },
				"west": { "uv": [ 2, 9.5, 3, 14.5 ], "texture": "#texture" },
				"east": { "uv": [ 13, 9.5, 14, 14.5 ], "texture": "#texture" }
			}
		},
		{
			"__comment": "Box348",
			"from": [ 15, 2, -0.25 ],
			"to": [ 19.5, 7, 0.75 ],
			"rotation": { "origin": [ 15, 2, -0.25 ], "axis": "y", "angle": 22.5 },
			"faces": {
				"down": { "uv": [ 15, 3, 16, 4 ], "texture": "#texture" },
				"up": { "uv": [ 15, 12, 16, 13 ], "texture": "#texture" },
				"north": { "uv": [ 0, 9, 1, 14 ], "texture": "#texture" },
				"south": { "uv": [ 15, 9, 16, 14 ], "texture": "#texture" },
				"west": { "uv": [ 12, 9, 13, 14 ], "texture": "#texture" },
				"east": { "uv": [ 3, 9, 4, 14 ], "texture": "#texture" }
			}
		},
		{
			"__comment": "Box348",
			"from": [ 15.375, 2, -1.625 ],
			"to": [ 19.875, 7, -0.625 ],
			"rotation": { "origin": [ 15.375, 2, -1.625 ], "axis": "y", "angle": -22.5 },
			"faces": {
				"down": { "uv": [ 15, 13, 16, 14 ], "texture": "#texture" },
				"up": { "uv": [ 15, 2, 16, 3 ], "texture": "#texture" },
				"north": { "uv": [ 0, 9.5, 1, 14.5 ], "texture": "#texture" },
				"south": { "uv": [ 15, 9.5, 16, 14.5 ], "texture": "#texture" },
				"west": { "uv": [ 2, 9.5, 3, 14.5 ], "texture": "#texture" },
				"east": { "uv": [ 13, 9.5, 14, 14.5 ], "texture": "#texture" }
			}
		},
		{
			"__comment": "Box348",
			"from": [ 14.5, 4.25, -0.75 ],
			"to": [ 15.5, 4.75, -0.25 ],
			"faces": {
				"down": { "uv": [ 15, 13, 16, 14 ], "texture": "#texture" },
				"up": { "uv": [ 15, 2, 16, 3 ], "texture": "#texture" },
				"north": { "uv": [ 0, 9.5, 1, 14.5 ], "texture": "#texture" },
				"south": { "uv": [ 15, 9.5, 16, 14.5 ], "texture": "#texture" },
				"west": { "uv": [ 2, 9.5, 3, 14.5 ], "texture": "#texture" },
				"east": { "uv": [ 13, 9.5, 14, 14.5 ], "texture": "#texture" }
			}
		},
		{
			"__comment": "Box348",
			"from": [ 14, 4.25, -0.25 ],
			"to": [ 14.5, 4.75, 0.25 ],
			"faces": {
				"down": { "uv": [ 15, 13, 16, 14 ], "texture": "#texture" },
				"up": { "uv": [ 15, 2, 16, 3 ], "texture": "#texture" },
				"north": { "uv": [ 0, 9.5, 1, 14.5 ], "texture": "#texture" },
				"south": { "uv": [ 15, 9.5, 16, 14.5 ], "texture": "#texture" },
				"west": { "uv": [ 2, 9.5, 3, 14.5 ], "texture": "#texture" },
				"east": { "uv": [ 13, 9.5, 14, 14.5 ], "texture": "#texture" }
			}
		},
		{
			"__comment": "Box348",
			"from": [ 13.5, 4.25, -1.25 ],
			"to": [ 14.5, 4.75, -0.75 ],
			"faces": {
				"down": { "uv": [ 15, 13, 16, 14 ], "texture": "#texture" },
				"up": { "uv": [ 15, 2, 16, 3 ], "texture": "#texture" },
				"north": { "uv": [ 0, 9.5, 1, 14.5 ], "texture": "#texture" },
				"south": { "uv": [ 15, 9.5, 16, 14.5 ], "texture": "#texture" },
				"west": { "uv": [ 2, 9.5, 3, 14.5 ], "texture": "#texture" },
				"east": { "uv": [ 13, 9.5, 14, 14.5 ], "texture": "#texture" }
			}
		},
		{
			"__comment": "Box348",
			"from": [ 18.5, 2, -0.875 ],
			"to": [ 19.5, 7, 0.125 ],
			"faces": {
				"down": { "uv": [ 2.5, 15.875, 3.5, 16 ], "texture": "#texture" },
				"up": { "uv": [ 2.5, 0, 3.5, 0.125 ], "texture": "#texture" },
				"north": { "uv": [ 12.5, 9, 13.5, 14 ], "texture": "#texture" },
				"south": { "uv": [ 2.5, 9, 3.5, 14 ], "texture": "#texture" },
				"west": { "uv": [ 0, 9, 0.125, 14 ], "texture": "#texture" },
				"east": { "uv": [ 15.875, 9, 16, 14 ], "texture": "#texture" }
			}
		},
		{
			"__comment": "Box348",
			"from": [ 16, 6.625, -0.875 ],
			"to": [ 18.5, 7.125, 0.125 ],
			"faces": {
				"down": { "uv": [ 0, 0, 16, 16 ], "texture": "#1" },
				"up": { "uv": [ 0, 0, 16, 16 ], "texture": "#1" },
				"north": { "uv": [ 0, 0, 16, 16 ], "texture": "#1" },
				"south": { "uv": [ 0, 0, 16, 16 ], "texture": "#1" },
				"west": { "uv": [ 0, 0, 16, 16 ], "texture": "#1" },
				"east": { "uv": [ 0, 0, 16, 16 ], "texture": "#1" }
			}
		}
	],
	"display": {
		"thirdperson_righthand": {
			"scale":  [ 0.0001, 0.0001, 0.0001 ]
		},
		"thirdperson_lefthand": {
			"translation":  [ 9.2, 1.3, 12.52 ]
		},
		"firstperson_righthand": {
			"scale":  [ 0.0001, 0.0001, 0.0001 ]
		},
		"firstperson_lefthand": {
			"scale":  [ 0.0001, 0.0001, 0.0001 ]
		},
		"gui": {
			"scale":  [ 0.0001, 0.0001, 0.0001 ]
		}
	}
}