{
	"__comment": "Model generated using MrCrayfish's Model Creator (http://mrcrayfish.com/modelcreator/)",
	"textures": {
		"0": "blocks/colours/gray",
		"1": "blocks/colours/darkgray",
		"2": "blocks/colours/darkgray",
		"3": "blocks/colours/dullblack",
		"4": "blocks/colours/dullgray"
	},
	"elements": [ 	 
		{
			"__comment": "Element",
			"from": [ 0.5, 1.625, 0.5 ],
			"to": [ 1, 3.125, 15 ],
			"faces": {
				"down": { "uv": [ 0, 0, 0.5, 14.5 ], "texture": "#0" },
				"up": { "uv": [ 0, 0, 0.5, 14.5 ], "texture": "#0" },
				"north": { "uv": [ 0, 0, 0.5, 1.5 ], "texture": "#0" },
				"south": { "uv": [ 0, 0, 0.5, 1.5 ], "texture": "#0" },
				"west": { "uv": [ 0, 0, 14.5, 1.5 ], "texture": "#0" },
				"east": { "uv": [ 0, 0, 14.5, 1.5 ], "texture": "#0" }
			}
		},
		{
			"__comment": "Element",
			"from": [ 15, 1.625, 0.5 ],
			"to": [ 15.5, 3.125, 15 ],
			"faces": {
				"down": { "uv": [ 0, 0, 0.5, 14.5 ], "texture": "#0" },
				"up": { "uv": [ 0, 0, 0.5, 14.5 ], "texture": "#0" },
				"north": { "uv": [ 0, 0, 0.5, 1.5 ], "texture": "#0" },
				"south": { "uv": [ 0, 0, 0.5, 1.5 ], "texture": "#0" },
				"west": { "uv": [ 0, 0, 14.5, 1.5 ], "texture": "#0" },
				"east": { "uv": [ 0, 0, 14.5, 1.5 ], "texture": "#0" }
			}
		},
		{
			"__comment": "Element",
			"from": [ 1, 1.625, 0.5 ],
			"to": [ 15, 3.125, 1 ],
			"faces": {
				"down": { "uv": [ 0, 0, 14, 0.5 ], "texture": "#0" },
				"up": { "uv": [ 0, 0, 14, 0.5 ], "texture": "#0" },
				"north": { "uv": [ 0, 0, 14, 1.5 ], "texture": "#0" },
				"south": { "uv": [ 0, 0, 14, 1.5 ], "texture": "#0" },
				"west": { "uv": [ 0, 0, 0.5, 1.5 ], "texture": "#0" },
				"east": { "uv": [ 0, 0, 0.5, 1.5 ], "texture": "#0" }
			}
		},
		{
			"__comment": "Element",
			"from": [ 1, 1.625, 1 ],
			"to": [ 2, 10.625, 15 ],
			"faces": {
				"down": { "uv": [ 0, 0, 1, 14 ], "texture": "#1" },
				"up": { "uv": [ 0, 0, 1, 14 ], "texture": "#1" },
				"north": { "uv": [ 0, 0, 1, 9 ], "texture": "#1" },
				"south": { "uv": [ 0, 0, 1, 9 ], "texture": "#1" },
				"west": { "uv": [ 0, 0, 14, 9 ], "texture": "#1" },
				"east": { "uv": [ 0, 0, 14, 9 ], "texture": "#1" }
			}
		},
		{
			"__comment": "Element",
			"from": [ 14, 1.625, 1 ],
			"to": [ 15, 10.625, 15 ],
			"faces": {
				"down": { "uv": [ 0, 0, 1, 14 ], "texture": "#1" },
				"up": { "uv": [ 0, 0, 1, 14 ], "texture": "#1" },
				"north": { "uv": [ 0, 0, 1, 9 ], "texture": "#1" },
				"south": { "uv": [ 0, 0, 1, 9 ], "texture": "#1" },
				"west": { "uv": [ 0, 0, 14, 9 ], "texture": "#1" },
				"east": { "uv": [ 0, 0, 14, 9 ], "texture": "#1" }
			}
		},
		{
			"__comment": "Element",
			"from": [ 2, 1.625, 1 ],
			"to": [ 14, 10.625, 2 ],
			"faces": {
				"down": { "uv": [ 0, 0, 12, 1 ], "texture": "#1" },
				"up": { "uv": [ 0, 0, 12, 1 ], "texture": "#1" },
				"north": { "uv": [ 0, 0, 12, 9 ], "texture": "#1" },
				"south": { "uv": [ 0, 0, 12, 9 ], "texture": "#1" },
				"west": { "uv": [ 0, 0, 1, 9 ], "texture": "#1" },
				"east": { "uv": [ 0, 0, 1, 9 ], "texture": "#1" }
			}
		},
		{
			"__comment": "Element",
			"from": [ 14, 10.625, 4 ],
			"to": [ 15, 13.625, 12 ],
			"faces": {
				"down": { "uv": [ 0, 0, 1, 8 ], "texture": "#1" },
				"up": { "uv": [ 0, 0, 1, 8 ], "texture": "#1" },
				"north": { "uv": [ 0, 0, 1, 3 ], "texture": "#1" },
				"south": { "uv": [ 0, 0, 1, 3 ], "texture": "#1" },
				"west": { "uv": [ 0, 0, 8, 3 ], "texture": "#1" },
				"east": { "uv": [ 0, 0, 8, 3 ], "texture": "#1" }
			}
		},
		{
			"__comment": "Element",
			"from": [ 1, 10.625, 4 ],
			"to": [ 2, 13.625, 12 ],
			"faces": {
				"down": { "uv": [ 0, 0, 1, 8 ], "texture": "#1" },
				"up": { "uv": [ 0, 0, 1, 8 ], "texture": "#1" },
				"north": { "uv": [ 0, 0, 1, 3 ], "texture": "#1" },
				"south": { "uv": [ 0, 0, 1, 3 ], "texture": "#1" },
				"west": { "uv": [ 0, 0, 8, 3 ], "texture": "#1" },
				"east": { "uv": [ 0, 0, 8, 3 ], "texture": "#1" }
			}
		},
		{
			"__comment": "Element",
			"from": [ 1, 10.625, 1 ],
			"to": [ 15, 14.875, 2 ],
			"rotation": { "origin": [ 8, 10.625, 1 ], "axis": "x", "angle": 45 },
			"faces": {
				"down": { "uv": [ 0, 0, 14, 1 ], "texture": "#1" },
				"up": { "uv": [ 0, 0, 14, 1 ], "texture": "#1" },
				"north": { "uv": [ 0, 0, 14, 4.25 ], "texture": "#1" },
				"south": { "uv": [ 0, 0, 14, 4.25 ], "texture": "#1" },
				"west": { "uv": [ 0, 0, 1, 4.25 ], "texture": "#1" },
				"east": { "uv": [ 0, 0, 1, 4.25 ], "texture": "#1" }
			}
		},
		{
			"__comment": "Element",
			"from": [ 14, 10.625, 2.4 ],
			"to": [ 15, 11.625, 3.4 ],
			"faces": {
				"down": { "uv": [ 0, 0, 1, 1 ], "texture": "#1" },
				"up": { "uv": [ 0, 0, 1, 1 ], "texture": "#1" },
				"north": { "uv": [ 0, 0, 1, 1 ], "texture": "#1" },
				"south": { "uv": [ 0, 0, 1, 1 ], "texture": "#1" },
				"west": { "uv": [ 0, 0, 1, 1 ], "texture": "#1" },
				"east": { "uv": [ 0, 0, 1, 1 ], "texture": "#1" }
			}
		},
		{
			"__comment": "Element",
			"from": [ 14, 10.625, 3.4 ],
			"to": [ 15, 12.625, 4.4 ],
			"faces": {
				"down": { "uv": [ 0, 0, 1, 1 ], "texture": "#1" },
				"up": { "uv": [ 0, 0, 1, 1 ], "texture": "#1" },
				"north": { "uv": [ 0, 0, 1, 2 ], "texture": "#1" },
				"south": { "uv": [ 0, 0, 1, 2 ], "texture": "#1" },
				"west": { "uv": [ 0, 0, 1, 2 ], "texture": "#1" },
				"east": { "uv": [ 0, 0, 1, 2 ], "texture": "#1" }
			}
		},
		{
			"__comment": "Element",
			"from": [ 1, 10.625, 3.4 ],
			"to": [ 2, 12.625, 4.4 ],
			"faces": {
				"down": { "uv": [ 0, 0, 1, 1 ], "texture": "#1" },
				"up": { "uv": [ 0, 0, 1, 1 ], "texture": "#1" },
				"north": { "uv": [ 0, 0, 1, 2 ], "texture": "#1" },
				"south": { "uv": [ 0, 0, 1, 2 ], "texture": "#1" },
				"west": { "uv": [ 0, 0, 1, 2 ], "texture": "#1" },
				"east": { "uv": [ 0, 0, 1, 2 ], "texture": "#1" }
			}
		},
		{
			"__comment": "Element",
			"from": [ 1, 10.625, 2.4 ],
			"to": [ 2, 11.625, 3.4 ],
			"faces": {
				"down": { "uv": [ 0, 0, 1, 1 ], "texture": "#1" },
				"up": { "uv": [ 0, 0, 1, 1 ], "texture": "#1" },
				"north": { "uv": [ 0, 0, 1, 1 ], "texture": "#1" },
				"south": { "uv": [ 0, 0, 1, 1 ], "texture": "#1" },
				"west": { "uv": [ 0, 0, 1, 1 ], "texture": "#1" },
				"east": { "uv": [ 0, 0, 1, 1 ], "texture": "#1" }
			}
		},
		{
			"__comment": "Element",
			"from": [ 1, 10.625, 14 ],
			"to": [ 15, 14.875, 15 ],
			"rotation": { "origin": [ 8, 10.625, 15 ], "axis": "x", "angle": -45 },
			"faces": {
				"down": { "uv": [ 0, 0, 14, 1 ], "texture": "#1" },
				"up": { "uv": [ 0, 0, 14, 1 ], "texture": "#1" },
				"north": { "uv": [ 0, 0, 14, 4.25 ], "texture": "#1" },
				"south": { "uv": [ 0, 0, 14, 4.25 ], "texture": "#1" },
				"west": { "uv": [ 0, 0, 1, 4.25 ], "texture": "#1" },
				"east": { "uv": [ 0, 0, 1, 4.25 ], "texture": "#1" }
			}
		},
		{
			"__comment": "Element",
			"from": [ 14, 10.625, 12 ],
			"to": [ 15, 12.625, 13 ],
			"faces": {
				"down": { "uv": [ 0, 0, 1, 1 ], "texture": "#1" },
				"up": { "uv": [ 0, 0, 1, 1 ], "texture": "#1" },
				"north": { "uv": [ 0, 0, 1, 2 ], "texture": "#1" },
				"south": { "uv": [ 0, 0, 1, 2 ], "texture": "#1" },
				"west": { "uv": [ 0, 0, 1, 2 ], "texture": "#1" },
				"east": { "uv": [ 0, 0, 1, 2 ], "texture": "#1" }
			}
		},
		{
			"__comment": "Element",
			"from": [ 1, 10.625, 13 ],
			"to": [ 2, 11.625, 14 ],
			"faces": {
				"down": { "uv": [ 0, 0, 1, 1 ], "texture": "#1" },
				"up": { "uv": [ 0, 0, 1, 1 ], "texture": "#1" },
				"north": { "uv": [ 0, 0, 1, 1 ], "texture": "#1" },
				"south": { "uv": [ 0, 0, 1, 1 ], "texture": "#1" },
				"west": { "uv": [ 0, 0, 1, 1 ], "texture": "#1" },
				"east": { "uv": [ 0, 0, 1, 1 ], "texture": "#1" }
			}
		},
		{
			"__comment": "Element",
			"from": [ 1, 10.625, 12 ],
			"to": [ 2, 12.625, 13 ],
			"faces": {
				"down": { "uv": [ 0, 0, 1, 1 ], "texture": "#1" },
				"up": { "uv": [ 0, 0, 1, 1 ], "texture": "#1" },
				"north": { "uv": [ 0, 0, 1, 2 ], "texture": "#1" },
				"south": { "uv": [ 0, 0, 1, 2 ], "texture": "#1" },
				"west": { "uv": [ 0, 0, 1, 2 ], "texture": "#1" },
				"east": { "uv": [ 0, 0, 1, 2 ], "texture": "#1" }
			}
		},
		{
			"__comment": "Element",
			"from": [ 2, 12.625, 4 ],
			"to": [ 14, 13.625, 12 ],
			"faces": {
				"down": { "uv": [ 0, 0, 12, 8 ], "texture": "#1" },
				"up": { "uv": [ 0, 0, 12, 8 ], "texture": "#1" },
				"north": { "uv": [ 0, 0, 12, 1 ], "texture": "#1" },
				"south": { "uv": [ 0, 0, 12, 1 ], "texture": "#1" },
				"west": { "uv": [ 0, 0, 8, 1 ], "texture": "#1" },
				"east": { "uv": [ 0, 0, 8, 1 ], "texture": "#1" }
			}
		},
		{
			"__comment": "Element",
			"from": [ 14, 10.625, 13 ],
			"to": [ 15, 11.625, 14 ],
			"faces": {
				"down": { "uv": [ 0, 0, 1, 1 ], "texture": "#1" },
				"up": { "uv": [ 0, 0, 1, 1 ], "texture": "#1" },
				"north": { "uv": [ 0, 0, 1, 1 ], "texture": "#1" },
				"south": { "uv": [ 0, 0, 1, 1 ], "texture": "#1" },
				"west": { "uv": [ 0, 0, 1, 1 ], "texture": "#1" },
				"east": { "uv": [ 0, 0, 1, 1 ], "texture": "#1" }
			}
		},
		{
			"__comment": "Element",
			"from": [ 2, 9.625, 14 ],
			"to": [ 14, 10.625, 15 ],
			"faces": {
				"down": { "uv": [ 0, 0, 12, 1 ], "texture": "#1" },
				"up": { "uv": [ 0, 0, 12, 1 ], "texture": "#1" },
				"north": { "uv": [ 0, 0, 12, 1 ], "texture": "#1" },
				"south": { "uv": [ 0, 0, 12, 1 ], "texture": "#1" },
				"west": { "uv": [ 0, 0, 1, 1 ], "texture": "#1" },
				"east": { "uv": [ 0, 0, 1, 1 ], "texture": "#1" }
			}
		},
		{
			"__comment": "Element",
			"from": [ 1.5, -0.375, 14.125 ],
			"to": [ 14.5, 0.625, 14.625 ],
			"faces": {
				"down": { "uv": [ 0, 0, 13, 0.5 ], "texture": "#3" },
				"up": { "uv": [ 0, 0, 13, 0.5 ], "texture": "#3" },
				"north": { "uv": [ 0, 0, 13, 1 ], "texture": "#3" },
				"south": { "uv": [ 0, 0, 13, 1 ], "texture": "#3" },
				"west": { "uv": [ 0, 0, 0.5, 1 ], "texture": "#3" },
				"east": { "uv": [ 0, 0, 0.5, 1 ], "texture": "#3" }
			}
		},
		{
			"__comment": "Element",
			"from": [ 1.5, -0.375, 9.625 ],
			"to": [ 2, 0.625, 14.125 ],
			"rotation": { "origin": [ 8, -0.375, 14.125 ], "axis": "x", "angle": 22.5 },
			"faces": {
				"down": { "uv": [ 0, 0, 0.5, 4.5 ], "texture": "#3" },
				"up": { "uv": [ 0, 0, 0.5, 4.5 ], "texture": "#3" },
				"north": { "uv": [ 0, 0, 0.5, 1 ], "texture": "#3" },
				"south": { "uv": [ 0, 0, 0.5, 1 ], "texture": "#3" },
				"west": { "uv": [ 0, 0, 4.5, 1 ], "texture": "#3" },
				"east": { "uv": [ 0, 0, 4.5, 1 ], "texture": "#3" }
			}
		},
		{
			"__comment": "Element",
			"from": [ 1.5, 1.025, 9.925 ],
			"to": [ 2, 2.625, 10.925 ],
			"faces": {
				"down": { "uv": [ 0, 0, 0.5, 1 ], "texture": "#3" },
				"up": { "uv": [ 0, 0, 0.5, 1 ], "texture": "#3" },
				"north": { "uv": [ 0, 0, 0.5, 1.6 ], "texture": "#3" },
				"south": { "uv": [ 0, 0, 0.5, 1.6 ], "texture": "#3" },
				"west": { "uv": [ 0, 0, 1, 1.6 ], "texture": "#3" },
				"east": { "uv": [ 0, 0, 1, 1.6 ], "texture": "#3" }
			}
		},
		{
			"__comment": "Element",
			"from": [ 14, 1.025, 9.925 ],
			"to": [ 14.5, 2.625, 10.925 ],
			"faces": {
				"down": { "uv": [ 0, 0, 0.5, 1 ], "texture": "#3" },
				"up": { "uv": [ 0, 0, 0.5, 1 ], "texture": "#3" },
				"north": { "uv": [ 0, 0, 0.5, 1.6 ], "texture": "#3" },
				"south": { "uv": [ 0, 0, 0.5, 1.6 ], "texture": "#3" },
				"west": { "uv": [ 0, 0, 1, 1.6 ], "texture": "#3" },
				"east": { "uv": [ 0, 0, 1, 1.6 ], "texture": "#3" }
			}
		},
		{
			"__comment": "Element",
			"from": [ 14, -0.375, 9.625 ],
			"to": [ 14.5, 0.625, 14.125 ],
			"rotation": { "origin": [ 8, -0.375, 14.125 ], "axis": "x", "angle": 22.5 },
			"faces": {
				"down": { "uv": [ 0, 0, 0.5, 4.5 ], "texture": "#3" },
				"up": { "uv": [ 0, 0, 0.5, 4.5 ], "texture": "#3" },
				"north": { "uv": [ 0, 0, 0.5, 1 ], "texture": "#3" },
				"south": { "uv": [ 0, 0, 0.5, 1 ], "texture": "#3" },
				"west": { "uv": [ 0, 0, 4.5, 1 ], "texture": "#3" },
				"east": { "uv": [ 0, 0, 4.5, 1 ], "texture": "#3" }
			}
		}
	],
	"display": {
		"thirdperson_righthand": {
			"rotation":  [ -20, 180, 0 ],
			"translation":  [ 0, -1, -3.5 ],
			"scale":  [ 0.5, 0.5, 0.5 ]
		},
		"thirdperson_lefthand": {
			"rotation":  [ -20, 180, 0 ],
			"translation":  [ 0, -1, -3.5 ],
			"scale":  [ 0.5, 0.5, 0.5 ]
		},
		"firstperson_righthand": {
			"rotation":  [ -20, 0, 20 ],
			"translation":  [ -1, 1, -7 ],
			"scale":  [ 0.75, 0.75, 0.75 ]
		},
		"firstperson_lefthand": {
			"rotation":  [ -20, 0, 20 ],
			"translation":  [ -1, 1, -7 ],
			"scale":  [ 0.75, 0.75, 0.75 ]
		},
		"gui": {
			"translation":  [ 0, 1, 0 ],
			"scale":  [ 0.9, 0.9, 0.9 ]
		},
		"head": {
			"rotation":  [ 0, 180, 0 ],
			"translation":  [ 0, 2.3043, 0 ],
			"scale":  [ 1.15, 1.15, 1.15 ]
		},
		"fixed": {
			"rotation":  [ 0, 180, 0 ],
			"translation":  [ 0, 0, 3.4782 ]
		}
	}
}