{
	"__comment": "Designed by I_m_bin2 with Cubik Studio - https://cubik.studio",
	"parent": "block/block",
	"textures": {
		"0": "_custom/iron_plate",
		"1": "_custom/light",
		"3": "_custom/lamp_cover",
		"4": "_custom/lamp_main",
		"particle": "_custom/iron_plate"
	},
	"elements": [ 	 
		{
			"__comment": "Element",
			"from": [ -16, 15, 5.25 ],
			"to": [ 32, 16, 10.75 ],
			"faces": {
				"down": { "uv": [ 0, 5, 16, 7 ], "texture": "#0" },
				"up": { "uv": [ 0, 5, 16, 7 ], "texture": "#0", "rotation": 180 },
				"north": { "uv": [ 0, 0, 16, 0.3333302 ], "texture": "#0" },
				"south": { "uv": [ 0, 0, 16, 0.3333302 ], "texture": "#0", "rotation": 180 },
				"west": { "uv": [ 2, 1, 14, 2 ], "texture": "#0", "rotation": 180 },
				"east": { "uv": [ 2, 1, 14, 2 ], "texture": "#0" }
			}
		},
		{
			"__comment": "Element",
			"from": [ -15, 14.5, 5.75 ],
			"to": [ 31, 15.5, 10.25 ],
			"faces": {
				"down": { "uv": [ 0, 5, 16, 8 ], "texture": "#3" },
				"up": { "uv": [ 0, 5, 16, 8 ], "texture": "#3", "rotation": 180 },
				"north": { "uv": [ 0, 5, 16, 8 ], "texture": "#3", "rotation": 90 },
				"south": { "uv": [ 0, 5, 16, 8 ], "texture": "#3", "rotation": 180 },
				"west": { "uv": [ 0, 5, 16, 8 ], "texture": "#3", "rotation": 180 },
				"east": { "uv": [ 0, 5, 16, 8 ], "texture": "#3" }
			}
		},
		{
			"__comment": "Element",
			"from": [ -14, 14.15, 8.25 ],
			"to": [ 30, 14.6, 9.25 ],
			"faces": {
				"down": { "uv": [ 0, 5, 16, 8 ], "texture": "#4" },
				"up": { "uv": [ 0, 5, 16, 8 ], "texture": "#4", "rotation": 180 },
				"north": { "uv": [ 0, 5, 16, 8 ], "texture": "#4", "rotation": 90 },
				"south": { "uv": [ 0, 5, 16, 8 ], "texture": "#4", "rotation": 180 },
				"west": { "uv": [ 0, 5, 16, 8 ], "texture": "#4", "rotation": 180 },
				"east": { "uv": [ 0, 5, 16, 8 ], "texture": "#4" }
			}
		},
		{
			"__comment": "Element",
			"from": [ -14, 14.25, 6.75 ],
			"to": [ 30, 15, 7.75 ],
			"faces": {
				"down": { "uv": [ 0, 5, 16, 8 ], "texture": "#4" },
				"up": { "uv": [ 0, 5, 16, 8 ], "texture": "#4", "rotation": 180 },
				"north": { "uv": [ 0, 5, 16, 8 ], "texture": "#4", "rotation": 90 },
				"south": { "uv": [ 0, 5, 16, 8 ], "texture": "#4", "rotation": 180 },
				"west": { "uv": [ 0, 5, 16, 8 ], "texture": "#4", "rotation": 180 },
				"east": { "uv": [ 0, 5, 16, 8 ], "texture": "#4" }
			}
		},
		{
			"__comment": "Element",
			"from": [ -15.5, 14.5, 6.75 ],
			"to": [ -15, 15.5, 9.25 ],
			"faces": {
				"down": { "uv": [ 0, 5, 16, 8 ], "texture": "#3" },
				"up": { "uv": [ 0, 5, 16, 8 ], "texture": "#3", "rotation": 180 },
				"north": { "uv": [ 0, 5, 16, 8 ], "texture": "#3", "rotation": 90 },
				"south": { "uv": [ 0, 5, 16, 8 ], "texture": "#3", "rotation": 180 },
				"west": { "uv": [ 0, 5, 16, 8 ], "texture": "#3", "rotation": 180 },
				"east": { "uv": [ 0, 5, 16, 8 ], "texture": "#3" }
			}
		},
		{
			"__comment": "Element",
			"from": [ 31, 14.5, 6.75 ],
			"to": [ 31.5, 15.5, 9.25 ],
			"faces": {
				"down": { "uv": [ 0, 5, 16, 8 ], "texture": "#3" },
				"up": { "uv": [ 0, 5, 16, 8 ], "texture": "#3", "rotation": 180 },
				"north": { "uv": [ 0, 5, 16, 8 ], "texture": "#3", "rotation": 90 },
				"south": { "uv": [ 0, 5, 16, 8 ], "texture": "#3", "rotation": 180 },
				"west": { "uv": [ 0, 5, 16, 8 ], "texture": "#3", "rotation": 180 },
				"east": { "uv": [ 0, 5, 16, 8 ], "texture": "#3" }
			}
		}
	]
}