{
	"__comment": "Designed by I_m_bin2 with Cubik Studio - https://cubik.studio",
	"parent": "block/block",
	"textures": {
		"0": "_custom/light",
		"1": "block/lime_concrete",
		"2": "blocks/colours/gray",
		"particle": "block/lime_concrete"
	},
	"elements": [ 	 
		{
			"__comment": "Box14",
			"from": [ -16, -16, 8 ],
			"to": [ 32, 0, 9 ],
			"faces": {
				"down": { "uv": [ 0, 7, 16, 8 ], "texture": "#0" },
				"up": { "uv": [ 0, 8, 16, 9 ], "texture": "#0" },
				"north": { "uv": [ 0, 0, 16, 16 ], "texture": "#0" },
				"south": { "uv": [ 0, 0, 16, 16 ], "texture": "#0" },
				"west": { "uv": [ 8, 0, 9, 16 ], "texture": "#0" },
				"east": { "uv": [ 7, 0, 8, 16 ], "texture": "#0" }
			}
		}
	]
}