{
	"__comment": "Designed by I_m_bin2 with Cubik Studio - https://cubik.studio",
	"textures": {
		"0": "_custom/oak_planks",
		"1": "_custom/pallet_text",
		"particle": "_custom/oak_planks"
	},
	"elements": [ 	 
		{
			"__comment": "Element",
			"from": [ 0, 0, -1 ],
			"to": [ 19, 1, 2 ],
			"faces": {
				"down": { "uv": [ 0, 12, 16, 15 ], "texture": "#0" },
				"up": { "uv": [ 0, 4, 16, 7 ], "texture": "#0" },
				"north": { "uv": [ 0, 13, 16, 14 ], "texture": "#0", "rotation": 180 },
				"south": { "uv": [ 0, 5, 16, 6 ], "texture": "#0" },
				"west": { "uv": [ 0, 0, 1, 1 ], "texture": "#0" },
				"east": { "uv": [ 0, 0, 1, 1 ], "texture": "#0" }
			}
		},
		{
			"__comment": "Element",
			"from": [ -2.75, 1, -0.75 ],
			"to": [ 0.75, 3.5, 1.75 ],
			"faces": {
				"down": { "uv": [ 4, 0, 8, 3 ], "texture": "#0" },
				"up": { "uv": [ 4, 0, 8, 3 ], "texture": "#0" },
				"north": { "uv": [ 4, 0, 8, 3 ], "texture": "#0" },
				"south": { "uv": [ 4, 0, 8, 3 ], "texture": "#0" },
				"west": { "uv": [ 10, 0, 13, 3 ], "texture": "#0" },
				"east": { "uv": [ 0, 0, 3, 3 ], "texture": "#0" }
			}
		},
		{
			"__comment": "Element",
			"from": [ -3, 0, -1 ],
			"to": [ 0, 1, 2 ],
			"faces": {
				"down": { "uv": [ 6, 8, 9, 11 ], "texture": "#0" },
				"up": { "uv": [ 0, 4, 3, 7 ], "texture": "#0" },
				"north": { "uv": [ 0, 13, 3, 14 ], "texture": "#0", "rotation": 180 },
				"south": { "uv": [ 7, 8, 10, 9 ], "texture": "#0" },
				"west": { "uv": [ 5, 9, 8, 10 ], "texture": "#0" },
				"east": { "uv": [ 0, 0, 1, 1 ], "texture": "#0" }
			}
		},
		{
			"__comment": "Element",
			"from": [ 0, 0, 14 ],
			"to": [ 19, 1, 17 ],
			"faces": {
				"down": { "uv": [ 0, 12, 16, 15 ], "texture": "#0" },
				"up": { "uv": [ 0, 4, 16, 7 ], "texture": "#0" },
				"north": { "uv": [ 0, 13, 16, 14 ], "texture": "#0", "rotation": 180 },
				"south": { "uv": [ 0, 5, 16, 6 ], "texture": "#0" },
				"west": { "uv": [ 0, 0, 1, 1 ], "texture": "#0" },
				"east": { "uv": [ 0, 0, 1, 1 ], "texture": "#0" }
			}
		},
		{
			"__comment": "Element",
			"from": [ -3, 0, -1 ],
			"to": [ 19, 0.5, 17 ],
			"faces": {
				"down": { "uv": [ 0, 0, 16, 16 ], "texture": "#0" },
				"up": { "uv": [ 0, 0, 16, 16 ], "texture": "#0" },
				"north": { "uv": [ 0, 0, 16, 16 ], "texture": "#0", "rotation": 180 },
				"south": { "uv": [ 0, 0, 16, 16 ], "texture": "#0" },
				"west": { "uv": [ 0, 0, 16, 16 ], "texture": "#0" },
				"east": { "uv": [ 0, 0, 16, 16 ], "texture": "#0" }
			}
		},
		{
			"__comment": "Element",
			"from": [ 0, 0, 6.5 ],
			"to": [ 19, 1, 9.5 ],
			"faces": {
				"down": { "uv": [ 0, 12, 16, 15 ], "texture": "#0" },
				"up": { "uv": [ 0, 4, 16, 7 ], "texture": "#0" },
				"north": { "uv": [ 0, 13, 16, 14 ], "texture": "#0", "rotation": 180 },
				"south": { "uv": [ 0, 5, 16, 6 ], "texture": "#0" },
				"west": { "uv": [ 0, 0, 1, 1 ], "texture": "#0" },
				"east": { "uv": [ 0, 0, 1, 1 ], "texture": "#0" }
			}
		},
		{
			"__comment": "Element",
			"from": [ -3, 0, 6.5 ],
			"to": [ 0, 1, 9.5 ],
			"faces": {
				"down": { "uv": [ 6, 8, 9, 11 ], "texture": "#0" },
				"up": { "uv": [ 0, 4, 3, 7 ], "texture": "#0" },
				"north": { "uv": [ 0, 13, 3, 14 ], "texture": "#0", "rotation": 180 },
				"south": { "uv": [ 7, 8, 10, 9 ], "texture": "#0" },
				"west": { "uv": [ 5, 9, 8, 10 ], "texture": "#0" },
				"east": { "uv": [ 0, 0, 1, 1 ], "texture": "#0" }
			}
		},
		{
			"__comment": "Element",
			"from": [ 15.25, 1, -0.75 ],
			"to": [ 18.75, 3.5, 1.75 ],
			"faces": {
				"down": { "uv": [ 4, 0, 8, 3 ], "texture": "#0" },
				"up": { "uv": [ 4, 0, 8, 3 ], "texture": "#0" },
				"north": { "uv": [ 7, 0, 11, 3 ], "texture": "#0" },
				"south": { "uv": [ 4, 0, 8, 3 ], "texture": "#0" },
				"west": { "uv": [ 9, 4, 12, 7 ], "texture": "#0" },
				"east": { "uv": [ 0, 0, 3, 3 ], "texture": "#0" }
			}
		},
		{
			"__comment": "Element",
			"from": [ 6.25, 1, -0.75 ],
			"to": [ 9.75, 3.5, 1.75 ],
			"faces": {
				"down": { "uv": [ 4, 0, 8, 3 ], "texture": "#0" },
				"up": { "uv": [ 4, 0, 8, 3 ], "texture": "#0" },
				"north": { "uv": [ 11, 4, 15, 7 ], "texture": "#0" },
				"south": { "uv": [ 4, 0, 8, 3 ], "texture": "#0" },
				"west": { "uv": [ 9, 4, 12, 7 ], "texture": "#0" },
				"east": { "uv": [ 13, 4, 16, 7 ], "texture": "#0" }
			}
		},
		{
			"__comment": "Element",
			"from": [ 15.25, 1, 6.75 ],
			"to": [ 18.75, 3.5, 9.25 ],
			"faces": {
				"down": { "uv": [ 4, 0, 8, 3 ], "texture": "#0" },
				"up": { "uv": [ 4, 0, 8, 3 ], "texture": "#0" },
				"north": { "uv": [ 0, 12, 4, 15 ], "texture": "#0" },
				"south": { "uv": [ 9, 0, 13, 3 ], "texture": "#0" },
				"west": { "uv": [ 9, 4, 12, 7 ], "texture": "#0" },
				"east": { "uv": [ 11, 0, 14, 3 ], "texture": "#0" }
			}
		},
		{
			"__comment": "Element",
			"from": [ -2.75, 1, 6.75 ],
			"to": [ 0.75, 3.5, 9.25 ],
			"faces": {
				"down": { "uv": [ 4, 0, 8, 3 ], "texture": "#0" },
				"up": { "uv": [ 4, 0, 8, 3 ], "texture": "#0" },
				"north": { "uv": [ 10, 8, 14, 11 ], "texture": "#0" },
				"south": { "uv": [ 6, 8, 10, 11 ], "texture": "#0" },
				"west": { "uv": [ 9, 4, 12, 7 ], "texture": "#0" },
				"east": { "uv": [ 10, 4, 13, 7 ], "texture": "#0" }
			}
		},
		{
			"__comment": "Element",
			"from": [ 6.25, 1, 6.75 ],
			"to": [ 9.75, 3.5, 9.25 ],
			"faces": {
				"down": { "uv": [ 4, 0, 8, 3 ], "texture": "#0" },
				"up": { "uv": [ 4, 0, 8, 3 ], "texture": "#0" },
				"north": { "uv": [ 4, 0, 8, 3 ], "texture": "#0" },
				"south": { "uv": [ 8, 0, 12, 3 ], "texture": "#0" },
				"west": { "uv": [ 9, 4, 12, 7 ], "texture": "#0" },
				"east": { "uv": [ 0, 0, 3, 3 ], "texture": "#0" }
			}
		},
		{
			"__comment": "Element",
			"from": [ 15.25, 1, 14.25 ],
			"to": [ 18.75, 3.5, 16.75 ],
			"faces": {
				"down": { "uv": [ 4, 0, 8, 3 ], "texture": "#0" },
				"up": { "uv": [ 4, 0, 8, 3 ], "texture": "#0" },
				"north": { "uv": [ 4, 0, 8, 3 ], "texture": "#0" },
				"south": { "uv": [ 4, 0, 8, 3 ], "texture": "#0" },
				"west": { "uv": [ 9, 4, 12, 7 ], "texture": "#0" },
				"east": { "uv": [ 9, 4, 12, 7 ], "texture": "#0" }
			}
		},
		{
			"__comment": "Element",
			"from": [ -2.75, 1, 14.25 ],
			"to": [ 0.75, 3.5, 16.75 ],
			"faces": {
				"down": { "uv": [ 4, 0, 8, 3 ], "texture": "#0" },
				"up": { "uv": [ 4, 0, 8, 3 ], "texture": "#0" },
				"north": { "uv": [ 4, 0, 8, 3 ], "texture": "#0" },
				"south": { "uv": [ 2, 8, 6, 11 ], "texture": "#0" },
				"west": { "uv": [ 11, 12, 14, 15 ], "texture": "#0" },
				"east": { "uv": [ 9, 12, 12, 15 ], "texture": "#0" }
			}
		},
		{
			"__comment": "Element",
			"from": [ 6.25, 1, 14.25 ],
			"to": [ 9.75, 3.5, 16.75 ],
			"faces": {
				"down": { "uv": [ 4, 0, 8, 3 ], "texture": "#0" },
				"up": { "uv": [ 4, 0, 8, 3 ], "texture": "#0" },
				"north": { "uv": [ 4, 0, 8, 3 ], "texture": "#0" },
				"south": { "uv": [ 10, 0, 14, 3 ], "texture": "#0" },
				"west": { "uv": [ 9, 4, 12, 7 ], "texture": "#0" },
				"east": { "uv": [ 2, 12, 5, 15 ], "texture": "#0" }
			}
		},
		{
			"__comment": "Element",
			"from": [ -3, 3.5, 1 ],
			"to": [ 1, 4, 17 ],
			"faces": {
				"down": { "uv": [ 0, 4, 16, 7 ], "texture": "#0", "rotation": 90 },
				"up": { "uv": [ 0, 10, 16, 15 ], "texture": "#0", "rotation": 270 },
				"north": { "uv": [ 3, 10, 4, 15 ], "texture": "#0", "rotation": 90 },
				"south": { "uv": [ 3, 6, 4, 11 ], "texture": "#0", "rotation": 270 },
				"west": { "uv": [ 0, 13, 16, 14 ], "texture": "#0", "rotation": 180 },
				"east": { "uv": [ 0, 4, 16, 5 ], "texture": "#0" }
			}
		},
		{
			"__comment": "Element",
			"from": [ 6, 3.5, 1 ],
			"to": [ 10, 4, 17 ],
			"faces": {
				"down": { "uv": [ 0, 4, 16, 7 ], "texture": "#0", "rotation": 90 },
				"up": { "uv": [ 0, 4, 16, 9 ], "texture": "#0", "rotation": 90 },
				"north": { "uv": [ 3, 10, 4, 15 ], "texture": "#0", "rotation": 90 },
				"south": { "uv": [ 3, 6, 4, 11 ], "texture": "#0", "rotation": 270 },
				"west": { "uv": [ 0, 13, 16, 14 ], "texture": "#0", "rotation": 180 },
				"east": { "uv": [ 0, 4, 16, 5 ], "texture": "#0" }
			}
		},
		{
			"__comment": "Element",
			"from": [ 15, 3.5, 1 ],
			"to": [ 19, 4, 17 ],
			"faces": {
				"down": { "uv": [ 0, 4, 16, 7 ], "texture": "#0", "rotation": 90 },
				"up": { "uv": [ 0, 10, 16, 15 ], "texture": "#0", "rotation": 270 },
				"north": { "uv": [ 3, 10, 4, 15 ], "texture": "#0", "rotation": 90 },
				"south": { "uv": [ 3, 6, 4, 11 ], "texture": "#0", "rotation": 270 },
				"west": { "uv": [ 0, 13, 16, 14 ], "texture": "#0", "rotation": 180 },
				"east": { "uv": [ 0, 4, 16, 5 ], "texture": "#0" }
			}
		},
		{
			"__comment": "Element",
			"from": [ -3, 3.5, -1 ],
			"to": [ 1, 4, 1 ],
			"faces": {
				"down": { "uv": [ 0, 4, 2, 7 ], "texture": "#0", "rotation": 90 },
				"up": { "uv": [ 0, 10, 2, 15 ], "texture": "#0", "rotation": 270 },
				"north": { "uv": [ 3, 10, 4, 15 ], "texture": "#0", "rotation": 90 },
				"south": { "uv": [ 3, 6, 4, 11 ], "texture": "#0", "rotation": 270 },
				"west": { "uv": [ 0, 13, 2, 14 ], "texture": "#0", "rotation": 180 },
				"east": { "uv": [ 0, 4, 2, 5 ], "texture": "#0" }
			}
		},
		{
			"__comment": "Element",
			"from": [ 6, 3.5, -1 ],
			"to": [ 10, 4, 1 ],
			"faces": {
				"down": { "uv": [ 0, 4, 2, 7 ], "texture": "#0", "rotation": 90 },
				"up": { "uv": [ 0, 10, 2, 15 ], "texture": "#0", "rotation": 270 },
				"north": { "uv": [ 3, 10, 4, 15 ], "texture": "#0", "rotation": 90 },
				"south": { "uv": [ 3, 6, 4, 11 ], "texture": "#0", "rotation": 270 },
				"west": { "uv": [ 0, 13, 2, 14 ], "texture": "#0", "rotation": 180 },
				"east": { "uv": [ 0, 4, 2, 5 ], "texture": "#0" }
			}
		},
		{
			"__comment": "Element",
			"from": [ 15, 3.5, -1 ],
			"to": [ 19, 4, 1 ],
			"faces": {
				"down": { "uv": [ 0, 4, 2, 7 ], "texture": "#0", "rotation": 90 },
				"up": { "uv": [ 0, 10, 2, 15 ], "texture": "#0", "rotation": 270 },
				"north": { "uv": [ 3, 10, 4, 15 ], "texture": "#0", "rotation": 90 },
				"south": { "uv": [ 3, 6, 4, 11 ], "texture": "#0", "rotation": 270 },
				"west": { "uv": [ 0, 13, 2, 14 ], "texture": "#0", "rotation": 180 },
				"east": { "uv": [ 0, 4, 2, 5 ], "texture": "#0" }
			}
		},
		{
			"__comment": "Element",
			"from": [ -3, 4, -1 ],
			"to": [ 16, 4.5, 2 ],
			"faces": {
				"down": { "uv": [ 16, 12, 0, 15 ], "texture": "#0" },
				"up": { "uv": [ 16, 4, 0, 7 ], "texture": "#0" },
				"north": { "uv": [ 16, 13, 0, 14 ], "texture": "#0", "rotation": 180 },
				"south": { "uv": [ 16, 5, 0, 6 ], "texture": "#0" },
				"west": { "uv": [ 1, 0, 0, 1 ], "texture": "#0" },
				"east": { "uv": [ 1, 0, 0, 1 ], "texture": "#0" }
			}
		},
		{
			"__comment": "Element",
			"from": [ 16, 4, -1 ],
			"to": [ 19, 4.5, 2 ],
			"faces": {
				"down": { "uv": [ 9, 8, 6, 11 ], "texture": "#0" },
				"up": { "uv": [ 6, 4, 3, 7 ], "texture": "#0" },
				"north": { "uv": [ 3, 13, 0, 14 ], "texture": "#0", "rotation": 180 },
				"south": { "uv": [ 10, 8, 7, 9 ], "texture": "#0" },
				"west": { "uv": [ 1, 0, 0, 1 ], "texture": "#0" },
				"east": { "uv": [ 8, 9, 5, 10 ], "texture": "#0" }
			}
		},
		{
			"__comment": "Element",
			"from": [ 0, 4, 4 ],
			"to": [ 19, 4.5, 7 ],
			"faces": {
				"down": { "uv": [ 0, 12, 16, 15 ], "texture": "#0" },
				"up": { "uv": [ 0, 12, 16, 15 ], "texture": "#0" },
				"north": { "uv": [ 0, 13, 16, 14 ], "texture": "#0", "rotation": 180 },
				"south": { "uv": [ 0, 5, 16, 6 ], "texture": "#0" },
				"west": { "uv": [ 0, 0, 1, 1 ], "texture": "#0" },
				"east": { "uv": [ 0, 0, 1, 1 ], "texture": "#0" }
			}
		},
		{
			"__comment": "Element",
			"from": [ -3, 4, 4 ],
			"to": [ 0, 4.5, 7 ],
			"faces": {
				"down": { "uv": [ 6, 8, 9, 11 ], "texture": "#0" },
				"up": { "uv": [ 0, 4, 3, 7 ], "texture": "#0" },
				"north": { "uv": [ 0, 13, 3, 14 ], "texture": "#0", "rotation": 180 },
				"south": { "uv": [ 7, 8, 10, 9 ], "texture": "#0" },
				"west": { "uv": [ 5, 9, 8, 10 ], "texture": "#0" },
				"east": { "uv": [ 0, 0, 1, 1 ], "texture": "#0" }
			}
		},
		{
			"__comment": "Element",
			"from": [ -3, 4, 9 ],
			"to": [ 16, 4.5, 12 ],
			"faces": {
				"down": { "uv": [ 16, 12, 0, 15 ], "texture": "#0" },
				"up": { "uv": [ 16, 4, 0, 7 ], "texture": "#0" },
				"north": { "uv": [ 16, 13, 0, 14 ], "texture": "#0", "rotation": 180 },
				"south": { "uv": [ 16, 5, 0, 6 ], "texture": "#0" },
				"west": { "uv": [ 1, 0, 0, 1 ], "texture": "#0" },
				"east": { "uv": [ 1, 0, 0, 1 ], "texture": "#0" }
			}
		},
		{
			"__comment": "Element",
			"from": [ 16, 4, 9 ],
			"to": [ 19, 4.5, 12 ],
			"faces": {
				"down": { "uv": [ 9, 8, 6, 11 ], "texture": "#0" },
				"up": { "uv": [ 14, 4, 11, 7 ], "texture": "#0" },
				"north": { "uv": [ 3, 13, 0, 14 ], "texture": "#0", "rotation": 180 },
				"south": { "uv": [ 10, 8, 7, 9 ], "texture": "#0" },
				"west": { "uv": [ 1, 0, 0, 1 ], "texture": "#0" },
				"east": { "uv": [ 8, 9, 5, 10 ], "texture": "#0" }
			}
		},
		{
			"__comment": "Element",
			"from": [ 0, 4, 14 ],
			"to": [ 19, 4.5, 17 ],
			"faces": {
				"down": { "uv": [ 0, 12, 16, 15 ], "texture": "#0" },
				"up": { "uv": [ 0, 12, 16, 15 ], "texture": "#0" },
				"north": { "uv": [ 0, 13, 16, 14 ], "texture": "#0", "rotation": 180 },
				"south": { "uv": [ 0, 5, 16, 6 ], "texture": "#0" },
				"west": { "uv": [ 0, 0, 1, 1 ], "texture": "#0" },
				"east": { "uv": [ 0, 0, 1, 1 ], "texture": "#0" }
			}
		},
		{
			"__comment": "Element",
			"from": [ -3, 4, 14 ],
			"to": [ 0, 4.5, 17 ],
			"faces": {
				"down": { "uv": [ 6, 8, 9, 11 ], "texture": "#0" },
				"up": { "uv": [ 0, 4, 3, 7 ], "texture": "#0" },
				"north": { "uv": [ 0, 13, 3, 14 ], "texture": "#0", "rotation": 180 },
				"south": { "uv": [ 7, 8, 10, 9 ], "texture": "#0" },
				"west": { "uv": [ 5, 9, 8, 10 ], "texture": "#0" },
				"east": { "uv": [ 0, 0, 1, 1 ], "texture": "#0" }
			}
		},
		{
			"__comment": "Element",
			"from": [ -5.125, 8.25, 6.5 ],
			"to": [ -1.125, 8.75, 22.5 ],
			"rotation": { "origin": [ -5.125, 8.25, 6.5 ], "axis": "y", "angle": 22.5 },
			"faces": {
				"down": { "uv": [ 0, 4, 16, 7 ], "texture": "#0", "rotation": 90 },
				"up": { "uv": [ 0, 10, 16, 15 ], "texture": "#0", "rotation": 270 },
				"north": { "uv": [ 3, 10, 4, 15 ], "texture": "#0", "rotation": 90 },
				"south": { "uv": [ 3, 6, 4, 11 ], "texture": "#0", "rotation": 270 },
				"west": { "uv": [ 0, 13, 16, 14 ], "texture": "#0", "rotation": 180 },
				"east": { "uv": [ 0, 4, 16, 5 ], "texture": "#0" }
			}
		},
		{
			"__comment": "Element",
			"from": [ 3.875, 8.25, 6.5 ],
			"to": [ 7.875, 8.75, 22.5 ],
			"rotation": { "origin": [ -5.125, 8.25, 6.5 ], "axis": "y", "angle": 22.5 },
			"faces": {
				"down": { "uv": [ 0, 4, 16, 7 ], "texture": "#0", "rotation": 90 },
				"up": { "uv": [ 0, 4, 16, 9 ], "texture": "#0", "rotation": 90 },
				"north": { "uv": [ 3, 10, 4, 15 ], "texture": "#0", "rotation": 90 },
				"south": { "uv": [ 3, 6, 4, 11 ], "texture": "#0", "rotation": 270 },
				"west": { "uv": [ 0, 13, 16, 14 ], "texture": "#0", "rotation": 180 },
				"east": { "uv": [ 0, 4, 16, 5 ], "texture": "#0" }
			}
		},
		{
			"__comment": "Element",
			"from": [ 12.875, 8.25, 6.5 ],
			"to": [ 16.875, 8.75, 22.5 ],
			"rotation": { "origin": [ -5.125, 8.25, 6.5 ], "axis": "y", "angle": 22.5 },
			"faces": {
				"down": { "uv": [ 0, 4, 16, 7 ], "texture": "#0", "rotation": 90 },
				"up": { "uv": [ 0, 10, 16, 15 ], "texture": "#0", "rotation": 270 },
				"north": { "uv": [ 3, 10, 4, 15 ], "texture": "#0", "rotation": 90 },
				"south": { "uv": [ 3, 6, 4, 11 ], "texture": "#0", "rotation": 270 },
				"west": { "uv": [ 0, 13, 16, 14 ], "texture": "#0", "rotation": 180 },
				"east": { "uv": [ 0, 4, 16, 5 ], "texture": "#0" }
			}
		},
		{
			"__comment": "Element",
			"from": [ -5.125, 8.25, 4.5 ],
			"to": [ -1.125, 8.75, 6.5 ],
			"rotation": { "origin": [ -5.125, 8.25, 6.5 ], "axis": "y", "angle": 22.5 },
			"faces": {
				"down": { "uv": [ 0, 4, 2, 7 ], "texture": "#0", "rotation": 90 },
				"up": { "uv": [ 0, 10, 2, 15 ], "texture": "#0", "rotation": 270 },
				"north": { "uv": [ 3, 10, 4, 15 ], "texture": "#0", "rotation": 90 },
				"south": { "uv": [ 3, 6, 4, 11 ], "texture": "#0", "rotation": 270 },
				"west": { "uv": [ 0, 13, 2, 14 ], "texture": "#0", "rotation": 180 },
				"east": { "uv": [ 0, 4, 2, 5 ], "texture": "#0" }
			}
		},
		{
			"__comment": "Element",
			"from": [ 3.875, 8.25, 4.5 ],
			"to": [ 7.875, 8.75, 6.5 ],
			"rotation": { "origin": [ -5.125, 8.25, 6.5 ], "axis": "y", "angle": 22.5 },
			"faces": {
				"down": { "uv": [ 0, 4, 2, 7 ], "texture": "#0", "rotation": 90 },
				"up": { "uv": [ 0, 10, 2, 15 ], "texture": "#0", "rotation": 270 },
				"north": { "uv": [ 3, 10, 4, 15 ], "texture": "#0", "rotation": 90 },
				"south": { "uv": [ 3, 6, 4, 11 ], "texture": "#0", "rotation": 270 },
				"west": { "uv": [ 0, 13, 2, 14 ], "texture": "#0", "rotation": 180 },
				"east": { "uv": [ 0, 4, 2, 5 ], "texture": "#0" }
			}
		},
		{
			"__comment": "Element",
			"from": [ 12.875, 8.25, 4.5 ],
			"to": [ 16.875, 8.75, 6.5 ],
			"rotation": { "origin": [ -5.125, 8.25, 6.5 ], "axis": "y", "angle": 22.5 },
			"faces": {
				"down": { "uv": [ 0, 4, 2, 7 ], "texture": "#0", "rotation": 90 },
				"up": { "uv": [ 0, 10, 2, 15 ], "texture": "#0", "rotation": 270 },
				"north": { "uv": [ 3, 10, 4, 15 ], "texture": "#0", "rotation": 90 },
				"south": { "uv": [ 3, 6, 4, 11 ], "texture": "#0", "rotation": 270 },
				"west": { "uv": [ 0, 13, 2, 14 ], "texture": "#0", "rotation": 180 },
				"east": { "uv": [ 0, 4, 2, 5 ], "texture": "#0" }
			}
		},
		{
			"__comment": "Element",
			"from": [ -5.125, 8.75, 4.5 ],
			"to": [ 13.875, 9.25, 7.5 ],
			"rotation": { "origin": [ -5.125, 8.25, 6.5 ], "axis": "y", "angle": 22.5 },
			"faces": {
				"down": { "uv": [ 16, 12, 0, 15 ], "texture": "#0" },
				"up": { "uv": [ 16, 4, 0, 7 ], "texture": "#0" },
				"north": { "uv": [ 16, 13, 0, 14 ], "texture": "#0", "rotation": 180 },
				"south": { "uv": [ 16, 5, 0, 6 ], "texture": "#0" },
				"west": { "uv": [ 1, 0, 0, 1 ], "texture": "#0" },
				"east": { "uv": [ 1, 0, 0, 1 ], "texture": "#0" }
			}
		},
		{
			"__comment": "Element",
			"from": [ 13.875, 8.75, 4.5 ],
			"to": [ 16.875, 9.25, 7.5 ],
			"rotation": { "origin": [ -5.125, 8.25, 6.5 ], "axis": "y", "angle": 22.5 },
			"faces": {
				"down": { "uv": [ 9, 8, 6, 11 ], "texture": "#0" },
				"up": { "uv": [ 6, 4, 3, 7 ], "texture": "#0" },
				"north": { "uv": [ 3, 13, 0, 14 ], "texture": "#0", "rotation": 180 },
				"south": { "uv": [ 10, 8, 7, 9 ], "texture": "#0" },
				"west": { "uv": [ 1, 0, 0, 1 ], "texture": "#0" },
				"east": { "uv": [ 8, 9, 5, 10 ], "texture": "#0" }
			}
		},
		{
			"__comment": "Element",
			"from": [ -2.125, 8.75, 9.5 ],
			"to": [ 16.875, 9.25, 12.5 ],
			"rotation": { "origin": [ -5.125, 8.25, 6.5 ], "axis": "y", "angle": 22.5 },
			"faces": {
				"down": { "uv": [ 0, 12, 16, 15 ], "texture": "#0" },
				"up": { "uv": [ 0, 12, 16, 15 ], "texture": "#0" },
				"north": { "uv": [ 0, 13, 16, 14 ], "texture": "#0", "rotation": 180 },
				"south": { "uv": [ 0, 5, 16, 6 ], "texture": "#0" },
				"west": { "uv": [ 0, 0, 1, 1 ], "texture": "#0" },
				"east": { "uv": [ 0, 0, 1, 1 ], "texture": "#0" }
			}
		},
		{
			"__comment": "Element",
			"from": [ -5.125, 8.75, 9.5 ],
			"to": [ -2.125, 9.25, 12.5 ],
			"rotation": { "origin": [ -5.125, 8.25, 6.5 ], "axis": "y", "angle": 22.5 },
			"faces": {
				"down": { "uv": [ 6, 8, 9, 11 ], "texture": "#0" },
				"up": { "uv": [ 0, 4, 3, 7 ], "texture": "#0" },
				"north": { "uv": [ 0, 13, 3, 14 ], "texture": "#0", "rotation": 180 },
				"south": { "uv": [ 7, 8, 10, 9 ], "texture": "#0" },
				"west": { "uv": [ 5, 9, 8, 10 ], "texture": "#0" },
				"east": { "uv": [ 0, 0, 1, 1 ], "texture": "#0" }
			}
		},
		{
			"__comment": "Element",
			"from": [ -4.875, 5.75, 4.75 ],
			"to": [ -1.375, 8.25, 7.25 ],
			"rotation": { "origin": [ -5.125, 8.25, 6.5 ], "axis": "y", "angle": 22.5 },
			"faces": {
				"down": { "uv": [ 4, 0, 8, 3 ], "texture": "#0" },
				"up": { "uv": [ 4, 0, 8, 3 ], "texture": "#0" },
				"north": { "uv": [ 4, 0, 8, 3 ], "texture": "#0" },
				"south": { "uv": [ 4, 0, 8, 3 ], "texture": "#0" },
				"west": { "uv": [ 10, 0, 13, 3 ], "texture": "#0" },
				"east": { "uv": [ 0, 0, 3, 3 ], "texture": "#0" }
			}
		},
		{
			"__comment": "Element",
			"from": [ 13.125, 5.75, 4.75 ],
			"to": [ 16.625, 8.25, 7.25 ],
			"rotation": { "origin": [ -5.125, 8.25, 6.5 ], "axis": "y", "angle": 22.5 },
			"faces": {
				"down": { "uv": [ 4, 0, 8, 3 ], "texture": "#0" },
				"up": { "uv": [ 4, 0, 8, 3 ], "texture": "#0" },
				"north": { "uv": [ 7, 0, 11, 3 ], "texture": "#0" },
				"south": { "uv": [ 4, 0, 8, 3 ], "texture": "#0" },
				"west": { "uv": [ 9, 4, 12, 7 ], "texture": "#0" },
				"east": { "uv": [ 0, 0, 3, 3 ], "texture": "#0" }
			}
		},
		{
			"__comment": "Element",
			"from": [ 4.125, 5.75, 4.75 ],
			"to": [ 7.625, 8.25, 7.25 ],
			"rotation": { "origin": [ -5.125, 8.25, 6.5 ], "axis": "y", "angle": 22.5 },
			"faces": {
				"down": { "uv": [ 4, 0, 8, 3 ], "texture": "#0" },
				"up": { "uv": [ 4, 0, 8, 3 ], "texture": "#0" },
				"north": { "uv": [ 11, 4, 15, 7 ], "texture": "#0" },
				"south": { "uv": [ 4, 0, 8, 3 ], "texture": "#0" },
				"west": { "uv": [ 9, 4, 12, 7 ], "texture": "#0" },
				"east": { "uv": [ 13, 4, 16, 7 ], "texture": "#0" }
			}
		},
		{
			"__comment": "Element",
			"from": [ 13.125, 5.75, 12.25 ],
			"to": [ 16.625, 8.25, 14.75 ],
			"rotation": { "origin": [ -5.125, 8.25, 6.5 ], "axis": "y", "angle": 22.5 },
			"faces": {
				"down": { "uv": [ 4, 0, 8, 3 ], "texture": "#0" },
				"up": { "uv": [ 4, 0, 8, 3 ], "texture": "#0" },
				"north": { "uv": [ 0, 12, 4, 15 ], "texture": "#0" },
				"south": { "uv": [ 9, 0, 13, 3 ], "texture": "#0" },
				"west": { "uv": [ 9, 4, 12, 7 ], "texture": "#0" },
				"east": { "uv": [ 11, 0, 14, 3 ], "texture": "#0" }
			}
		},
		{
			"__comment": "Element",
			"from": [ -4.875, 5.75, 12.25 ],
			"to": [ -1.375, 8.25, 14.75 ],
			"rotation": { "origin": [ -5.125, 8.25, 6.5 ], "axis": "y", "angle": 22.5 },
			"faces": {
				"down": { "uv": [ 4, 0, 8, 3 ], "texture": "#0" },
				"up": { "uv": [ 4, 0, 8, 3 ], "texture": "#0" },
				"north": { "uv": [ 10, 8, 14, 11 ], "texture": "#0" },
				"south": { "uv": [ 6, 8, 10, 11 ], "texture": "#0" },
				"west": { "uv": [ 9, 4, 12, 7 ], "texture": "#0" },
				"east": { "uv": [ 10, 4, 13, 7 ], "texture": "#0" }
			}
		},
		{
			"__comment": "Element",
			"from": [ 4.125, 5.75, 12.25 ],
			"to": [ 7.625, 8.25, 14.75 ],
			"rotation": { "origin": [ -5.125, 8.25, 6.5 ], "axis": "y", "angle": 22.5 },
			"faces": {
				"down": { "uv": [ 4, 0, 8, 3 ], "texture": "#0" },
				"up": { "uv": [ 4, 0, 8, 3 ], "texture": "#0" },
				"north": { "uv": [ 4, 0, 8, 3 ], "texture": "#0" },
				"south": { "uv": [ 8, 0, 12, 3 ], "texture": "#0" },
				"west": { "uv": [ 9, 4, 12, 7 ], "texture": "#0" },
				"east": { "uv": [ 0, 0, 3, 3 ], "texture": "#0" }
			}
		},
		{
			"__comment": "Element",
			"from": [ -2.125, 4.75, 4.5 ],
			"to": [ 16.875, 5.75, 7.5 ],
			"rotation": { "origin": [ -5.125, 8.25, 6.5 ], "axis": "y", "angle": 22.5 },
			"faces": {
				"down": { "uv": [ 0, 12, 16, 15 ], "texture": "#0" },
				"up": { "uv": [ 0, 4, 16, 7 ], "texture": "#0" },
				"north": { "uv": [ 0, 13, 16, 14 ], "texture": "#0", "rotation": 180 },
				"south": { "uv": [ 0, 5, 16, 6 ], "texture": "#0" },
				"west": { "uv": [ 0, 0, 1, 1 ], "texture": "#0" },
				"east": { "uv": [ 0, 0, 1, 1 ], "texture": "#0" }
			}
		},
		{
			"__comment": "Element",
			"from": [ -5.125, 4.75, 4.5 ],
			"to": [ -2.125, 5.75, 7.5 ],
			"rotation": { "origin": [ -5.125, 8.25, 6.5 ], "axis": "y", "angle": 22.5 },
			"faces": {
				"down": { "uv": [ 6, 8, 9, 11 ], "texture": "#0" },
				"up": { "uv": [ 0, 4, 3, 7 ], "texture": "#0" },
				"north": { "uv": [ 0, 13, 3, 14 ], "texture": "#0", "rotation": 180 },
				"south": { "uv": [ 7, 8, 10, 9 ], "texture": "#0" },
				"west": { "uv": [ 5, 9, 8, 10 ], "texture": "#0" },
				"east": { "uv": [ 0, 0, 1, 1 ], "texture": "#0" }
			}
		},
		{
			"__comment": "Element",
			"from": [ -2.125, 4.75, 12 ],
			"to": [ 16.875, 5.75, 15 ],
			"rotation": { "origin": [ -5.125, 8.25, 6.5 ], "axis": "y", "angle": 22.5 },
			"faces": {
				"down": { "uv": [ 0, 12, 16, 15 ], "texture": "#0" },
				"up": { "uv": [ 0, 4, 16, 7 ], "texture": "#0" },
				"north": { "uv": [ 0, 13, 16, 14 ], "texture": "#0", "rotation": 180 },
				"south": { "uv": [ 0, 5, 16, 6 ], "texture": "#0" },
				"west": { "uv": [ 0, 0, 1, 1 ], "texture": "#0" },
				"east": { "uv": [ 0, 0, 1, 1 ], "texture": "#0" }
			}
		},
		{
			"__comment": "Element",
			"from": [ -5.125, 4.75, 12 ],
			"to": [ -2.125, 5.75, 15 ],
			"rotation": { "origin": [ -5.125, 8.25, 6.5 ], "axis": "y", "angle": 22.5 },
			"faces": {
				"down": { "uv": [ 6, 8, 9, 11 ], "texture": "#0" },
				"up": { "uv": [ 0, 4, 3, 7 ], "texture": "#0" },
				"north": { "uv": [ 0, 13, 3, 14 ], "texture": "#0", "rotation": 180 },
				"south": { "uv": [ 7, 8, 10, 9 ], "texture": "#0" },
				"west": { "uv": [ 5, 9, 8, 10 ], "texture": "#0" },
				"east": { "uv": [ 0, 0, 1, 1 ], "texture": "#0" }
			}
		},
		{
			"__comment": "Element",
			"from": [ -5.125, 8.75, 14.5 ],
			"to": [ 13.875, 9.25, 17.5 ],
			"rotation": { "origin": [ -5.125, 8.25, 6.5 ], "axis": "y", "angle": 22.5 },
			"faces": {
				"down": { "uv": [ 16, 12, 0, 15 ], "texture": "#0" },
				"up": { "uv": [ 16, 4, 0, 7 ], "texture": "#0" },
				"north": { "uv": [ 16, 13, 0, 14 ], "texture": "#0", "rotation": 180 },
				"south": { "uv": [ 16, 5, 0, 6 ], "texture": "#0" },
				"west": { "uv": [ 1, 0, 0, 1 ], "texture": "#0" },
				"east": { "uv": [ 1, 0, 0, 1 ], "texture": "#0" }
			}
		},
		{
			"__comment": "Element",
			"from": [ 13.875, 8.75, 14.5 ],
			"to": [ 16.875, 9.25, 17.5 ],
			"rotation": { "origin": [ -5.125, 8.25, 6.5 ], "axis": "y", "angle": 22.5 },
			"faces": {
				"down": { "uv": [ 9, 8, 6, 11 ], "texture": "#0" },
				"up": { "uv": [ 14, 4, 11, 7 ], "texture": "#0" },
				"north": { "uv": [ 3, 13, 0, 14 ], "texture": "#0", "rotation": 180 },
				"south": { "uv": [ 10, 8, 7, 9 ], "texture": "#0" },
				"west": { "uv": [ 1, 0, 0, 1 ], "texture": "#0" },
				"east": { "uv": [ 8, 9, 5, 10 ], "texture": "#0" }
			}
		},
		{
			"__comment": "Element",
			"from": [ -2.125, 4.75, 19.5 ],
			"to": [ 16.875, 5.75, 22.5 ],
			"rotation": { "origin": [ -5.125, 8.25, 6.5 ], "axis": "y", "angle": 22.5 },
			"faces": {
				"down": { "uv": [ 0, 12, 16, 15 ], "texture": "#0" },
				"up": { "uv": [ 0, 4, 16, 7 ], "texture": "#0" },
				"north": { "uv": [ 0, 13, 16, 14 ], "texture": "#0", "rotation": 180 },
				"south": { "uv": [ 0, 5, 16, 6 ], "texture": "#0" },
				"west": { "uv": [ 0, 0, 1, 1 ], "texture": "#0" },
				"east": { "uv": [ 0, 0, 1, 1 ], "texture": "#0" }
			}
		},
		{
			"__comment": "Element",
			"from": [ -5.125, 4.75, 19.5 ],
			"to": [ -2.125, 5.75, 22.5 ],
			"rotation": { "origin": [ -5.125, 8.25, 6.5 ], "axis": "y", "angle": 22.5 },
			"faces": {
				"down": { "uv": [ 6, 8, 9, 11 ], "texture": "#0" },
				"up": { "uv": [ 0, 4, 3, 7 ], "texture": "#0" },
				"north": { "uv": [ 0, 13, 3, 14 ], "texture": "#0", "rotation": 180 },
				"south": { "uv": [ 7, 8, 10, 9 ], "texture": "#0" },
				"west": { "uv": [ 5, 9, 8, 10 ], "texture": "#0" },
				"east": { "uv": [ 0, 0, 1, 1 ], "texture": "#0" }
			}
		},
		{
			"__comment": "Element",
			"from": [ 13.125, 5.75, 19.75 ],
			"to": [ 16.625, 8.25, 22.25 ],
			"rotation": { "origin": [ -5.125, 8.25, 6.5 ], "axis": "y", "angle": 22.5 },
			"faces": {
				"down": { "uv": [ 4, 0, 8, 3 ], "texture": "#0" },
				"up": { "uv": [ 4, 0, 8, 3 ], "texture": "#0" },
				"north": { "uv": [ 4, 0, 8, 3 ], "texture": "#0" },
				"south": { "uv": [ 4, 0, 8, 3 ], "texture": "#0" },
				"west": { "uv": [ 9, 4, 12, 7 ], "texture": "#0" },
				"east": { "uv": [ 9, 4, 12, 7 ], "texture": "#0" }
			}
		},
		{
			"__comment": "Element",
			"from": [ -4.875, 5.75, 19.75 ],
			"to": [ -1.375, 8.25, 22.25 ],
			"rotation": { "origin": [ -5.125, 8.25, 6.5 ], "axis": "y", "angle": 22.5 },
			"faces": {
				"down": { "uv": [ 4, 0, 8, 3 ], "texture": "#0" },
				"up": { "uv": [ 4, 0, 8, 3 ], "texture": "#0" },
				"north": { "uv": [ 4, 0, 8, 3 ], "texture": "#0" },
				"south": { "uv": [ 2, 8, 6, 11 ], "texture": "#0" },
				"west": { "uv": [ 11, 12, 14, 15 ], "texture": "#0" },
				"east": { "uv": [ 9, 12, 12, 15 ], "texture": "#0" }
			}
		},
		{
			"__comment": "Element",
			"from": [ 4.125, 5.75, 19.75 ],
			"to": [ 7.625, 8.25, 22.25 ],
			"rotation": { "origin": [ -5.125, 8.25, 6.5 ], "axis": "y", "angle": 22.5 },
			"faces": {
				"down": { "uv": [ 4, 0, 8, 3 ], "texture": "#0" },
				"up": { "uv": [ 4, 0, 8, 3 ], "texture": "#0" },
				"north": { "uv": [ 4, 0, 8, 3 ], "texture": "#0" },
				"south": { "uv": [ 10, 0, 14, 3 ], "texture": "#0" },
				"west": { "uv": [ 9, 4, 12, 7 ], "texture": "#0" },
				"east": { "uv": [ 2, 12, 5, 15 ], "texture": "#0" }
			}
		},
		{
			"__comment": "Element",
			"from": [ -2.125, 8.75, 19.5 ],
			"to": [ 16.875, 9.25, 22.5 ],
			"rotation": { "origin": [ -5.125, 8.25, 6.5 ], "axis": "y", "angle": 22.5 },
			"faces": {
				"down": { "uv": [ 0, 12, 16, 15 ], "texture": "#0" },
				"up": { "uv": [ 0, 12, 16, 15 ], "texture": "#0" },
				"north": { "uv": [ 0, 13, 16, 14 ], "texture": "#0", "rotation": 180 },
				"south": { "uv": [ 0, 5, 16, 6 ], "texture": "#0" },
				"west": { "uv": [ 0, 0, 1, 1 ], "texture": "#0" },
				"east": { "uv": [ 0, 0, 1, 1 ], "texture": "#0" }
			}
		},
		{
			"__comment": "Element",
			"from": [ -5.125, 8.75, 19.5 ],
			"to": [ -2.125, 9.25, 22.5 ],
			"rotation": { "origin": [ -5.125, 8.25, 6.5 ], "axis": "y", "angle": 22.5 },
			"faces": {
				"down": { "uv": [ 6, 8, 9, 11 ], "texture": "#0" },
				"up": { "uv": [ 0, 4, 3, 7 ], "texture": "#0" },
				"north": { "uv": [ 0, 13, 3, 14 ], "texture": "#0", "rotation": 180 },
				"south": { "uv": [ 7, 8, 10, 9 ], "texture": "#0" },
				"west": { "uv": [ 5, 9, 8, 10 ], "texture": "#0" },
				"east": { "uv": [ 0, 0, 1, 1 ], "texture": "#0" }
			}
		},
		{
			"__comment": "Element",
			"from": [ -4.125, 13, 0.125 ],
			"to": [ -0.125, 13.5, 16.125 ],
			"faces": {
				"down": { "uv": [ 0, 4, 16, 7 ], "texture": "#0", "rotation": 90 },
				"up": { "uv": [ 0, 10, 16, 15 ], "texture": "#0", "rotation": 270 },
				"north": { "uv": [ 3, 10, 4, 15 ], "texture": "#0", "rotation": 90 },
				"south": { "uv": [ 3, 6, 4, 11 ], "texture": "#0", "rotation": 270 },
				"west": { "uv": [ 0, 13, 16, 14 ], "texture": "#0", "rotation": 180 },
				"east": { "uv": [ 0, 4, 16, 5 ], "texture": "#0" }
			}
		},
		{
			"__comment": "Element",
			"from": [ 4.875, 13, 0.1249 ],
			"to": [ 8.875, 13.5, 16.1249 ],
			"faces": {
				"down": { "uv": [ 0, 4, 16, 7 ], "texture": "#0", "rotation": 90 },
				"up": { "uv": [ 0, 4, 16, 9 ], "texture": "#0", "rotation": 90 },
				"north": { "uv": [ 3, 10, 4, 15 ], "texture": "#0", "rotation": 90 },
				"south": { "uv": [ 3, 6, 4, 11 ], "texture": "#0", "rotation": 270 },
				"west": { "uv": [ 0, 13, 16, 14 ], "texture": "#0", "rotation": 180 },
				"east": { "uv": [ 0, 4, 16, 5 ], "texture": "#0" }
			}
		},
		{
			"__comment": "Element",
			"from": [ 13.875, 13, 0.1248 ],
			"to": [ 17.875, 13.5, 16.1248 ],
			"faces": {
				"down": { "uv": [ 0, 4, 16, 7 ], "texture": "#0", "rotation": 90 },
				"up": { "uv": [ 0, 10, 16, 15 ], "texture": "#0", "rotation": 270 },
				"north": { "uv": [ 3, 10, 4, 15 ], "texture": "#0", "rotation": 90 },
				"south": { "uv": [ 3, 6, 4, 11 ], "texture": "#0", "rotation": 270 },
				"west": { "uv": [ 0, 13, 16, 14 ], "texture": "#0", "rotation": 180 },
				"east": { "uv": [ 0, 4, 16, 5 ], "texture": "#0" }
			}
		},
		{
			"__comment": "Element",
			"from": [ -4.125, 13, -1.875 ],
			"to": [ -0.125, 13.5, 0.125 ],
			"faces": {
				"down": { "uv": [ 0, 4, 2, 7 ], "texture": "#0", "rotation": 90 },
				"up": { "uv": [ 0, 10, 2, 15 ], "texture": "#0", "rotation": 270 },
				"north": { "uv": [ 3, 10, 4, 15 ], "texture": "#0", "rotation": 90 },
				"south": { "uv": [ 3, 6, 4, 11 ], "texture": "#0", "rotation": 270 },
				"west": { "uv": [ 0, 13, 2, 14 ], "texture": "#0", "rotation": 180 },
				"east": { "uv": [ 0, 4, 2, 5 ], "texture": "#0" }
			}
		},
		{
			"__comment": "Element",
			"from": [ 4.875, 13, -1.8751 ],
			"to": [ 8.875, 13.5, 0.1249001 ],
			"faces": {
				"down": { "uv": [ 0, 4, 2, 7 ], "texture": "#0", "rotation": 90 },
				"up": { "uv": [ 0, 10, 2, 15 ], "texture": "#0", "rotation": 270 },
				"north": { "uv": [ 3, 10, 4, 15 ], "texture": "#0", "rotation": 90 },
				"south": { "uv": [ 3, 6, 4, 11 ], "texture": "#0", "rotation": 270 },
				"west": { "uv": [ 0, 13, 2, 14 ], "texture": "#0", "rotation": 180 },
				"east": { "uv": [ 0, 4, 2, 5 ], "texture": "#0" }
			}
		},
		{
			"__comment": "Element",
			"from": [ 13.875, 13, -1.8752 ],
			"to": [ 17.875, 13.5, 0.1248001 ],
			"faces": {
				"down": { "uv": [ 0, 4, 2, 7 ], "texture": "#0", "rotation": 90 },
				"up": { "uv": [ 0, 10, 2, 15 ], "texture": "#0", "rotation": 270 },
				"north": { "uv": [ 3, 10, 4, 15 ], "texture": "#0", "rotation": 90 },
				"south": { "uv": [ 3, 6, 4, 11 ], "texture": "#0", "rotation": 270 },
				"west": { "uv": [ 0, 13, 2, 14 ], "texture": "#0", "rotation": 180 },
				"east": { "uv": [ 0, 4, 2, 5 ], "texture": "#0" }
			}
		},
		{
			"__comment": "Element",
			"from": [ -4.125, 13.5, -1.8752 ],
			"to": [ 14.875, 14, 1.1248 ],
			"faces": {
				"down": { "uv": [ 16, 12, 0, 15 ], "texture": "#0" },
				"up": { "uv": [ 16, 4, 0, 7 ], "texture": "#0" },
				"north": { "uv": [ 16, 13, 0, 14 ], "texture": "#0", "rotation": 180 },
				"south": { "uv": [ 16, 5, 0, 6 ], "texture": "#0" },
				"west": { "uv": [ 1, 0, 0, 1 ], "texture": "#0" },
				"east": { "uv": [ 1, 0, 0, 1 ], "texture": "#0" }
			}
		},
		{
			"__comment": "Element",
			"from": [ 14.875, 13.5, -1.8752 ],
			"to": [ 17.875, 14, 1.1248 ],
			"faces": {
				"down": { "uv": [ 9, 8, 6, 11 ], "texture": "#0" },
				"up": { "uv": [ 6, 4, 3, 7 ], "texture": "#0" },
				"north": { "uv": [ 3, 13, 0, 14 ], "texture": "#0", "rotation": 180 },
				"south": { "uv": [ 10, 8, 7, 9 ], "texture": "#0" },
				"west": { "uv": [ 1, 0, 0, 1 ], "texture": "#0" },
				"east": { "uv": [ 8, 9, 5, 10 ], "texture": "#0" }
			}
		},
		{
			"__comment": "Element",
			"from": [ -1.1249, 13.5, 3.1248 ],
			"to": [ 17.8751, 14, 6.1248 ],
			"faces": {
				"down": { "uv": [ 0, 12, 16, 15 ], "texture": "#0" },
				"up": { "uv": [ 0, 12, 16, 15 ], "texture": "#0" },
				"north": { "uv": [ 0, 13, 16, 14 ], "texture": "#0", "rotation": 180 },
				"south": { "uv": [ 0, 5, 16, 6 ], "texture": "#0" },
				"west": { "uv": [ 0, 0, 1, 1 ], "texture": "#0" },
				"east": { "uv": [ 0, 0, 1, 1 ], "texture": "#0" }
			}
		},
		{
			"__comment": "Element",
			"from": [ -4.125, 13.5, 3.125 ],
			"to": [ -1.125, 14, 6.125 ],
			"faces": {
				"down": { "uv": [ 6, 8, 9, 11 ], "texture": "#0" },
				"up": { "uv": [ 0, 4, 3, 7 ], "texture": "#0" },
				"north": { "uv": [ 0, 13, 3, 14 ], "texture": "#0", "rotation": 180 },
				"south": { "uv": [ 7, 8, 10, 9 ], "texture": "#0" },
				"west": { "uv": [ 5, 9, 8, 10 ], "texture": "#0" },
				"east": { "uv": [ 0, 0, 1, 1 ], "texture": "#0" }
			}
		},
		{
			"__comment": "Element",
			"from": [ -3.875, 10.5, -1.625 ],
			"to": [ -0.375, 13, 0.875 ],
			"faces": {
				"down": { "uv": [ 4, 0, 8, 3 ], "texture": "#0" },
				"up": { "uv": [ 4, 0, 8, 3 ], "texture": "#0" },
				"north": { "uv": [ 4, 0, 8, 3 ], "texture": "#0" },
				"south": { "uv": [ 4, 0, 8, 3 ], "texture": "#0" },
				"west": { "uv": [ 10, 0, 13, 3 ], "texture": "#0" },
				"east": { "uv": [ 0, 0, 3, 3 ], "texture": "#0" }
			}
		},
		{
			"__comment": "Element",
			"from": [ 14.125, 10.5, -1.6252 ],
			"to": [ 17.625, 13, 0.8748001 ],
			"faces": {
				"down": { "uv": [ 4, 0, 8, 3 ], "texture": "#0" },
				"up": { "uv": [ 4, 0, 8, 3 ], "texture": "#0" },
				"north": { "uv": [ 7, 0, 11, 3 ], "texture": "#0" },
				"south": { "uv": [ 4, 0, 8, 3 ], "texture": "#0" },
				"west": { "uv": [ 9, 4, 12, 7 ], "texture": "#0" },
				"east": { "uv": [ 0, 0, 3, 3 ], "texture": "#0" }
			}
		},
		{
			"__comment": "Element",
			"from": [ 5.125, 10.5, -1.6251 ],
			"to": [ 8.625, 13, 0.8749 ],
			"faces": {
				"down": { "uv": [ 4, 0, 8, 3 ], "texture": "#0" },
				"up": { "uv": [ 4, 0, 8, 3 ], "texture": "#0" },
				"north": { "uv": [ 11, 4, 15, 7 ], "texture": "#0" },
				"south": { "uv": [ 4, 0, 8, 3 ], "texture": "#0" },
				"west": { "uv": [ 9, 4, 12, 7 ], "texture": "#0" },
				"east": { "uv": [ 13, 4, 16, 7 ], "texture": "#0" }
			}
		},
		{
			"__comment": "Element",
			"from": [ 14.1251, 10.5, 5.8748 ],
			"to": [ 17.6251, 13, 8.3748 ],
			"faces": {
				"down": { "uv": [ 4, 0, 8, 3 ], "texture": "#0" },
				"up": { "uv": [ 4, 0, 8, 3 ], "texture": "#0" },
				"north": { "uv": [ 0, 12, 4, 15 ], "texture": "#0" },
				"south": { "uv": [ 9, 0, 13, 3 ], "texture": "#0" },
				"west": { "uv": [ 9, 4, 12, 7 ], "texture": "#0" },
				"east": { "uv": [ 11, 0, 14, 3 ], "texture": "#0" }
			}
		},
		{
			"__comment": "Element",
			"from": [ -3.875, 10.5, 5.875 ],
			"to": [ -0.375, 13, 8.375 ],
			"faces": {
				"down": { "uv": [ 4, 0, 8, 3 ], "texture": "#0" },
				"up": { "uv": [ 4, 0, 8, 3 ], "texture": "#0" },
				"north": { "uv": [ 10, 8, 14, 11 ], "texture": "#0" },
				"south": { "uv": [ 6, 8, 10, 11 ], "texture": "#0" },
				"west": { "uv": [ 9, 4, 12, 7 ], "texture": "#0" },
				"east": { "uv": [ 10, 4, 13, 7 ], "texture": "#0" }
			}
		},
		{
			"__comment": "Element",
			"from": [ 5.1251, 10.5, 5.8749 ],
			"to": [ 8.625099, 13, 8.3749 ],
			"faces": {
				"down": { "uv": [ 4, 0, 8, 3 ], "texture": "#0" },
				"up": { "uv": [ 4, 0, 8, 3 ], "texture": "#0" },
				"north": { "uv": [ 4, 0, 8, 3 ], "texture": "#0" },
				"south": { "uv": [ 8, 0, 12, 3 ], "texture": "#0" },
				"west": { "uv": [ 9, 4, 12, 7 ], "texture": "#0" },
				"east": { "uv": [ 0, 0, 3, 3 ], "texture": "#0" }
			}
		},
		{
			"__comment": "Element",
			"from": [ -1.125, 9.5, -1.8752 ],
			"to": [ 17.875, 10.5, 1.1248 ],
			"faces": {
				"down": { "uv": [ 0, 12, 16, 15 ], "texture": "#0" },
				"up": { "uv": [ 0, 4, 16, 7 ], "texture": "#0" },
				"north": { "uv": [ 0, 13, 16, 14 ], "texture": "#0", "rotation": 180 },
				"south": { "uv": [ 0, 5, 16, 6 ], "texture": "#0" },
				"west": { "uv": [ 0, 0, 1, 1 ], "texture": "#0" },
				"east": { "uv": [ 0, 0, 1, 1 ], "texture": "#0" }
			}
		},
		{
			"__comment": "Element",
			"from": [ -4.125, 9.5, -1.875 ],
			"to": [ -1.125, 10.5, 1.125 ],
			"faces": {
				"down": { "uv": [ 6, 8, 9, 11 ], "texture": "#0" },
				"up": { "uv": [ 0, 4, 3, 7 ], "texture": "#0" },
				"north": { "uv": [ 0, 13, 3, 14 ], "texture": "#0", "rotation": 180 },
				"south": { "uv": [ 7, 8, 10, 9 ], "texture": "#0" },
				"west": { "uv": [ 5, 9, 8, 10 ], "texture": "#0" },
				"east": { "uv": [ 0, 0, 1, 1 ], "texture": "#0" }
			}
		},
		{
			"__comment": "Element",
			"from": [ -1.1249, 9.5, 5.6248 ],
			"to": [ 17.8751, 10.5, 8.6248 ],
			"faces": {
				"down": { "uv": [ 0, 12, 16, 15 ], "texture": "#0" },
				"up": { "uv": [ 0, 4, 16, 7 ], "texture": "#0" },
				"north": { "uv": [ 0, 13, 16, 14 ], "texture": "#0", "rotation": 180 },
				"south": { "uv": [ 0, 5, 16, 6 ], "texture": "#0" },
				"west": { "uv": [ 0, 0, 1, 1 ], "texture": "#0" },
				"east": { "uv": [ 0, 0, 1, 1 ], "texture": "#0" }
			}
		},
		{
			"__comment": "Element",
			"from": [ -4.125, 9.5, 5.625 ],
			"to": [ -1.125, 10.5, 8.625 ],
			"faces": {
				"down": { "uv": [ 6, 8, 9, 11 ], "texture": "#0" },
				"up": { "uv": [ 0, 4, 3, 7 ], "texture": "#0" },
				"north": { "uv": [ 0, 13, 3, 14 ], "texture": "#0", "rotation": 180 },
				"south": { "uv": [ 7, 8, 10, 9 ], "texture": "#0" },
				"west": { "uv": [ 5, 9, 8, 10 ], "texture": "#0" },
				"east": { "uv": [ 0, 0, 1, 1 ], "texture": "#0" }
			}
		},
		{
			"__comment": "Element",
			"from": [ -4.1248, 13.5, 8.1248 ],
			"to": [ 14.8752, 14, 11.1248 ],
			"faces": {
				"down": { "uv": [ 16, 12, 0, 15 ], "texture": "#0" },
				"up": { "uv": [ 16, 4, 0, 7 ], "texture": "#0" },
				"north": { "uv": [ 16, 13, 0, 14 ], "texture": "#0", "rotation": 180 },
				"south": { "uv": [ 16, 5, 0, 6 ], "texture": "#0" },
				"west": { "uv": [ 1, 0, 0, 1 ], "texture": "#0" },
				"east": { "uv": [ 1, 0, 0, 1 ], "texture": "#0" }
			}
		},
		{
			"__comment": "Element",
			"from": [ 14.8751, 13.5, 8.1248 ],
			"to": [ 17.8751, 14, 11.1248 ],
			"faces": {
				"down": { "uv": [ 9, 8, 6, 11 ], "texture": "#0" },
				"up": { "uv": [ 14, 4, 11, 7 ], "texture": "#0" },
				"north": { "uv": [ 3, 13, 0, 14 ], "texture": "#0", "rotation": 180 },
				"south": { "uv": [ 10, 8, 7, 9 ], "texture": "#0" },
				"west": { "uv": [ 1, 0, 0, 1 ], "texture": "#0" },
				"east": { "uv": [ 8, 9, 5, 10 ], "texture": "#0" }
			}
		},
		{
			"__comment": "Element",
			"from": [ -1.1249, 9.5, 13.1248 ],
			"to": [ 17.8751, 10.5, 16.1248 ],
			"faces": {
				"down": { "uv": [ 0, 12, 16, 15 ], "texture": "#0" },
				"up": { "uv": [ 0, 4, 16, 7 ], "texture": "#0" },
				"north": { "uv": [ 0, 13, 16, 14 ], "texture": "#0", "rotation": 180 },
				"south": { "uv": [ 0, 5, 16, 6 ], "texture": "#0" },
				"west": { "uv": [ 0, 0, 1, 1 ], "texture": "#0" },
				"east": { "uv": [ 0, 0, 1, 1 ], "texture": "#0" }
			}
		},
		{
			"__comment": "Element",
			"from": [ -4.1249, 9.5, 13.125 ],
			"to": [ -1.1249, 10.5, 16.125 ],
			"faces": {
				"down": { "uv": [ 6, 8, 9, 11 ], "texture": "#0" },
				"up": { "uv": [ 0, 4, 3, 7 ], "texture": "#0" },
				"north": { "uv": [ 0, 13, 3, 14 ], "texture": "#0", "rotation": 180 },
				"south": { "uv": [ 7, 8, 10, 9 ], "texture": "#0" },
				"west": { "uv": [ 5, 9, 8, 10 ], "texture": "#0" },
				"east": { "uv": [ 0, 0, 1, 1 ], "texture": "#0" }
			}
		},
		{
			"__comment": "Element",
			"from": [ 14.1251, 10.5, 13.3748 ],
			"to": [ 17.6251, 13, 15.8748 ],
			"faces": {
				"down": { "uv": [ 4, 0, 8, 3 ], "texture": "#0" },
				"up": { "uv": [ 4, 0, 8, 3 ], "texture": "#0" },
				"north": { "uv": [ 4, 0, 8, 3 ], "texture": "#0" },
				"south": { "uv": [ 4, 0, 8, 3 ], "texture": "#0" },
				"west": { "uv": [ 9, 4, 12, 7 ], "texture": "#0" },
				"east": { "uv": [ 9, 4, 12, 7 ], "texture": "#0" }
			}
		},
		{
			"__comment": "Element",
			"from": [ -3.8749, 10.5, 13.375 ],
			"to": [ -0.3748999, 13, 15.875 ],
			"faces": {
				"down": { "uv": [ 4, 0, 8, 3 ], "texture": "#0" },
				"up": { "uv": [ 4, 0, 8, 3 ], "texture": "#0" },
				"north": { "uv": [ 4, 0, 8, 3 ], "texture": "#0" },
				"south": { "uv": [ 2, 8, 6, 11 ], "texture": "#0" },
				"west": { "uv": [ 11, 12, 14, 15 ], "texture": "#0" },
				"east": { "uv": [ 9, 12, 12, 15 ], "texture": "#0" }
			}
		},
		{
			"__comment": "Element",
			"from": [ 5.1251, 10.5, 13.3749 ],
			"to": [ 8.625099, 13, 15.8749 ],
			"faces": {
				"down": { "uv": [ 4, 0, 8, 3 ], "texture": "#0" },
				"up": { "uv": [ 4, 0, 8, 3 ], "texture": "#0" },
				"north": { "uv": [ 4, 0, 8, 3 ], "texture": "#0" },
				"south": { "uv": [ 10, 0, 14, 3 ], "texture": "#0" },
				"west": { "uv": [ 9, 4, 12, 7 ], "texture": "#0" },
				"east": { "uv": [ 2, 12, 5, 15 ], "texture": "#0" }
			}
		},
		{
			"__comment": "Element",
			"from": [ -1.1249, 13.5, 13.1248 ],
			"to": [ 17.8751, 14, 16.1248 ],
			"faces": {
				"down": { "uv": [ 0, 12, 16, 15 ], "texture": "#0" },
				"up": { "uv": [ 0, 12, 16, 15 ], "texture": "#0" },
				"north": { "uv": [ 0, 13, 16, 14 ], "texture": "#0", "rotation": 180 },
				"south": { "uv": [ 0, 5, 16, 6 ], "texture": "#0" },
				"west": { "uv": [ 0, 0, 1, 1 ], "texture": "#0" },
				"east": { "uv": [ 0, 0, 1, 1 ], "texture": "#0" }
			}
		},
		{
			"__comment": "Element",
			"from": [ -4.1249, 13.5, 13.125 ],
			"to": [ -1.1249, 14, 16.125 ],
			"faces": {
				"down": { "uv": [ 6, 8, 9, 11 ], "texture": "#0" },
				"up": { "uv": [ 0, 4, 3, 7 ], "texture": "#0" },
				"north": { "uv": [ 0, 13, 3, 14 ], "texture": "#0", "rotation": 180 },
				"south": { "uv": [ 7, 8, 10, 9 ], "texture": "#0" },
				"west": { "uv": [ 5, 9, 8, 10 ], "texture": "#0" },
				"east": { "uv": [ 0, 0, 1, 1 ], "texture": "#0" }
			}
		},
		{
			"__comment": "Element",
			"from": [ 0, 17.75, -2.875 ],
			"to": [ 4, 18.25, 13.125 ],
			"rotation": { "origin": [ 0, 17.75, -2.875 ], "axis": "y", "angle": -22.5 },
			"faces": {
				"down": { "uv": [ 0, 4, 16, 7 ], "texture": "#0", "rotation": 90 },
				"up": { "uv": [ 0, 10, 16, 15 ], "texture": "#0", "rotation": 270 },
				"north": { "uv": [ 3, 10, 4, 15 ], "texture": "#0", "rotation": 90 },
				"south": { "uv": [ 3, 6, 4, 11 ], "texture": "#0", "rotation": 270 },
				"west": { "uv": [ 0, 13, 16, 14 ], "texture": "#0", "rotation": 180 },
				"east": { "uv": [ 0, 4, 16, 5 ], "texture": "#0" }
			}
		},
		{
			"__comment": "Element",
			"from": [ 9, 17.75, -2.8751 ],
			"to": [ 13, 18.25, 13.1249 ],
			"rotation": { "origin": [ 0, 17.75, -2.875 ], "axis": "y", "angle": -22.5 },
			"faces": {
				"down": { "uv": [ 0, 4, 16, 7 ], "texture": "#0", "rotation": 90 },
				"up": { "uv": [ 0, 4, 16, 9 ], "texture": "#0", "rotation": 90 },
				"north": { "uv": [ 3, 10, 4, 15 ], "texture": "#0", "rotation": 90 },
				"south": { "uv": [ 3, 6, 4, 11 ], "texture": "#0", "rotation": 270 },
				"west": { "uv": [ 0, 13, 16, 14 ], "texture": "#0", "rotation": 180 },
				"east": { "uv": [ 0, 4, 16, 5 ], "texture": "#0" }
			}
		},
		{
			"__comment": "Element",
			"from": [ 18, 17.75, -2.8752 ],
			"to": [ 22, 18.25, 13.1248 ],
			"rotation": { "origin": [ 0, 17.75, -2.875 ], "axis": "y", "angle": -22.5 },
			"faces": {
				"down": { "uv": [ 0, 4, 16, 7 ], "texture": "#0", "rotation": 90 },
				"up": { "uv": [ 0, 10, 16, 15 ], "texture": "#0", "rotation": 270 },
				"north": { "uv": [ 3, 10, 4, 15 ], "texture": "#0", "rotation": 90 },
				"south": { "uv": [ 3, 6, 4, 11 ], "texture": "#0", "rotation": 270 },
				"west": { "uv": [ 0, 13, 16, 14 ], "texture": "#0", "rotation": 180 },
				"east": { "uv": [ 0, 4, 16, 5 ], "texture": "#0" }
			}
		},
		{
			"__comment": "Element",
			"from": [ 0, 17.75, -4.875 ],
			"to": [ 4, 18.25, -2.875 ],
			"rotation": { "origin": [ 0, 17.75, -2.875 ], "axis": "y", "angle": -22.5 },
			"faces": {
				"down": { "uv": [ 0, 4, 2, 7 ], "texture": "#0", "rotation": 90 },
				"up": { "uv": [ 0, 10, 2, 15 ], "texture": "#0", "rotation": 270 },
				"north": { "uv": [ 3, 10, 4, 15 ], "texture": "#0", "rotation": 90 },
				"south": { "uv": [ 3, 6, 4, 11 ], "texture": "#0", "rotation": 270 },
				"west": { "uv": [ 0, 13, 2, 14 ], "texture": "#0", "rotation": 180 },
				"east": { "uv": [ 0, 4, 2, 5 ], "texture": "#0" }
			}
		},
		{
			"__comment": "Element",
			"from": [ 9, 17.75, -4.8752 ],
			"to": [ 13, 18.25, -2.8752 ],
			"rotation": { "origin": [ 0, 17.75, -2.875 ], "axis": "y", "angle": -22.5 },
			"faces": {
				"down": { "uv": [ 0, 4, 2, 7 ], "texture": "#0", "rotation": 90 },
				"up": { "uv": [ 0, 10, 2, 15 ], "texture": "#0", "rotation": 270 },
				"north": { "uv": [ 3, 10, 4, 15 ], "texture": "#0", "rotation": 90 },
				"south": { "uv": [ 3, 6, 4, 11 ], "texture": "#0", "rotation": 270 },
				"west": { "uv": [ 0, 13, 2, 14 ], "texture": "#0", "rotation": 180 },
				"east": { "uv": [ 0, 4, 2, 5 ], "texture": "#0" }
			}
		},
		{
			"__comment": "Element",
			"from": [ 18, 17.75, -4.8752 ],
			"to": [ 22, 18.25, -2.8752 ],
			"rotation": { "origin": [ 0, 17.75, -2.875 ], "axis": "y", "angle": -22.5 },
			"faces": {
				"down": { "uv": [ 0, 4, 2, 7 ], "texture": "#0", "rotation": 90 },
				"up": { "uv": [ 0, 10, 2, 15 ], "texture": "#0", "rotation": 270 },
				"north": { "uv": [ 3, 10, 4, 15 ], "texture": "#0", "rotation": 90 },
				"south": { "uv": [ 3, 6, 4, 11 ], "texture": "#0", "rotation": 270 },
				"west": { "uv": [ 0, 13, 2, 14 ], "texture": "#0", "rotation": 180 },
				"east": { "uv": [ 0, 4, 2, 5 ], "texture": "#0" }
			}
		},
		{
			"__comment": "Element",
			"from": [ 0, 18.25, -4.8752 ],
			"to": [ 19, 18.75, -1.8752 ],
			"rotation": { "origin": [ 0, 17.75, -2.875 ], "axis": "y", "angle": -22.5 },
			"faces": {
				"down": { "uv": [ 16, 12, 0, 15 ], "texture": "#0" },
				"up": { "uv": [ 16, 4, 0, 7 ], "texture": "#0" },
				"north": { "uv": [ 16, 13, 0, 14 ], "texture": "#0", "rotation": 180 },
				"south": { "uv": [ 16, 5, 0, 6 ], "texture": "#0" },
				"west": { "uv": [ 1, 0, 0, 1 ], "texture": "#0" },
				"east": { "uv": [ 1, 0, 0, 1 ], "texture": "#0" }
			}
		},
		{
			"__comment": "Element",
			"from": [ 19, 18.25, -4.8752 ],
			"to": [ 22, 18.75, -1.8752 ],
			"rotation": { "origin": [ 0, 17.75, -2.875 ], "axis": "y", "angle": -22.5 },
			"faces": {
				"down": { "uv": [ 9, 8, 6, 11 ], "texture": "#0" },
				"up": { "uv": [ 6, 4, 3, 7 ], "texture": "#0" },
				"north": { "uv": [ 3, 13, 0, 14 ], "texture": "#0", "rotation": 180 },
				"south": { "uv": [ 10, 8, 7, 9 ], "texture": "#0" },
				"west": { "uv": [ 1, 0, 0, 1 ], "texture": "#0" },
				"east": { "uv": [ 8, 9, 5, 10 ], "texture": "#0" }
			}
		},
		{
			"__comment": "Element",
			"from": [ 3.0001, 18.25, 0.1248 ],
			"to": [ 22.0001, 18.75, 3.1248 ],
			"rotation": { "origin": [ 0, 17.75, -2.875 ], "axis": "y", "angle": -22.5 },
			"faces": {
				"down": { "uv": [ 0, 12, 16, 15 ], "texture": "#0" },
				"up": { "uv": [ 0, 12, 16, 15 ], "texture": "#0" },
				"north": { "uv": [ 0, 13, 16, 14 ], "texture": "#0", "rotation": 180 },
				"south": { "uv": [ 0, 5, 16, 6 ], "texture": "#0" },
				"west": { "uv": [ 0, 0, 1, 1 ], "texture": "#0" },
				"east": { "uv": [ 0, 0, 1, 1 ], "texture": "#0" }
			}
		},
		{
			"__comment": "Element",
			"from": [ 0, 18.25, 0.125 ],
			"to": [ 3, 18.75, 3.125 ],
			"rotation": { "origin": [ 0, 17.75, -2.875 ], "axis": "y", "angle": -22.5 },
			"faces": {
				"down": { "uv": [ 6, 8, 9, 11 ], "texture": "#0" },
				"up": { "uv": [ 0, 4, 3, 7 ], "texture": "#0" },
				"north": { "uv": [ 0, 13, 3, 14 ], "texture": "#0", "rotation": 180 },
				"south": { "uv": [ 7, 8, 10, 9 ], "texture": "#0" },
				"west": { "uv": [ 5, 9, 8, 10 ], "texture": "#0" },
				"east": { "uv": [ 0, 0, 1, 1 ], "texture": "#0" }
			}
		},
		{
			"__comment": "Element",
			"from": [ 0.25, 15.25, -4.625 ],
			"to": [ 3.75, 17.75, -2.125 ],
			"rotation": { "origin": [ 0, 17.75, -2.875 ], "axis": "y", "angle": -22.5 },
			"faces": {
				"down": { "uv": [ 4, 0, 8, 3 ], "texture": "#0" },
				"up": { "uv": [ 4, 0, 8, 3 ], "texture": "#0" },
				"north": { "uv": [ 4, 0, 8, 3 ], "texture": "#0" },
				"south": { "uv": [ 4, 0, 8, 3 ], "texture": "#0" },
				"west": { "uv": [ 10, 0, 13, 3 ], "texture": "#0" },
				"east": { "uv": [ 0, 0, 3, 3 ], "texture": "#0" }
			}
		},
		{
			"__comment": "Element",
			"from": [ 18.25, 15.25, -4.6252 ],
			"to": [ 21.75, 17.75, -2.1252 ],
			"rotation": { "origin": [ 0, 17.75, -2.875 ], "axis": "y", "angle": -22.5 },
			"faces": {
				"down": { "uv": [ 4, 0, 8, 3 ], "texture": "#0" },
				"up": { "uv": [ 4, 0, 8, 3 ], "texture": "#0" },
				"north": { "uv": [ 7, 0, 11, 3 ], "texture": "#0" },
				"south": { "uv": [ 4, 0, 8, 3 ], "texture": "#0" },
				"west": { "uv": [ 9, 4, 12, 7 ], "texture": "#0" },
				"east": { "uv": [ 0, 0, 3, 3 ], "texture": "#0" }
			}
		},
		{
			"__comment": "Element",
			"from": [ 9.25, 15.25, -4.6252 ],
			"to": [ 12.75, 17.75, -2.1252 ],
			"rotation": { "origin": [ 0, 17.75, -2.875 ], "axis": "y", "angle": -22.5 },
			"faces": {
				"down": { "uv": [ 4, 0, 8, 3 ], "texture": "#0" },
				"up": { "uv": [ 4, 0, 8, 3 ], "texture": "#0" },
				"north": { "uv": [ 11, 4, 15, 7 ], "texture": "#0" },
				"south": { "uv": [ 4, 0, 8, 3 ], "texture": "#0" },
				"west": { "uv": [ 9, 4, 12, 7 ], "texture": "#0" },
				"east": { "uv": [ 13, 4, 16, 7 ], "texture": "#0" }
			}
		},
		{
			"__comment": "Element",
			"from": [ 18.2501, 15.25, 2.8748 ],
			"to": [ 21.7501, 17.75, 5.3748 ],
			"rotation": { "origin": [ 0, 17.75, -2.875 ], "axis": "y", "angle": -22.5 },
			"faces": {
				"down": { "uv": [ 4, 0, 8, 3 ], "texture": "#0" },
				"up": { "uv": [ 4, 0, 8, 3 ], "texture": "#0" },
				"north": { "uv": [ 0, 12, 4, 15 ], "texture": "#0" },
				"south": { "uv": [ 9, 0, 13, 3 ], "texture": "#0" },
				"west": { "uv": [ 9, 4, 12, 7 ], "texture": "#0" },
				"east": { "uv": [ 11, 0, 14, 3 ], "texture": "#0" }
			}
		},
		{
			"__comment": "Element",
			"from": [ 0.25, 15.25, 2.875 ],
			"to": [ 3.75, 17.75, 5.375 ],
			"rotation": { "origin": [ 0, 17.75, -2.875 ], "axis": "y", "angle": -22.5 },
			"faces": {
				"down": { "uv": [ 4, 0, 8, 3 ], "texture": "#0" },
				"up": { "uv": [ 4, 0, 8, 3 ], "texture": "#0" },
				"north": { "uv": [ 10, 8, 14, 11 ], "texture": "#0" },
				"south": { "uv": [ 6, 8, 10, 11 ], "texture": "#0" },
				"west": { "uv": [ 9, 4, 12, 7 ], "texture": "#0" },
				"east": { "uv": [ 10, 4, 13, 7 ], "texture": "#0" }
			}
		},
		{
			"__comment": "Element",
			"from": [ 9.2501, 15.25, 2.8749 ],
			"to": [ 12.7501, 17.75, 5.3749 ],
			"rotation": { "origin": [ 0, 17.75, -2.875 ], "axis": "y", "angle": -22.5 },
			"faces": {
				"down": { "uv": [ 4, 0, 8, 3 ], "texture": "#0" },
				"up": { "uv": [ 4, 0, 8, 3 ], "texture": "#0" },
				"north": { "uv": [ 4, 0, 8, 3 ], "texture": "#0" },
				"south": { "uv": [ 8, 0, 12, 3 ], "texture": "#0" },
				"west": { "uv": [ 9, 4, 12, 7 ], "texture": "#0" },
				"east": { "uv": [ 0, 0, 3, 3 ], "texture": "#0" }
			}
		},
		{
			"__comment": "Element",
			"from": [ 3, 14.25, -4.8752 ],
			"to": [ 22, 15.25, -1.8752 ],
			"rotation": { "origin": [ 0, 17.75, -2.875 ], "axis": "y", "angle": -22.5 },
			"faces": {
				"down": { "uv": [ 0, 12, 16, 15 ], "texture": "#0" },
				"up": { "uv": [ 0, 4, 16, 7 ], "texture": "#0" },
				"north": { "uv": [ 0, 13, 16, 14 ], "texture": "#0", "rotation": 180 },
				"south": { "uv": [ 0, 5, 16, 6 ], "texture": "#0" },
				"west": { "uv": [ 0, 0, 1, 1 ], "texture": "#0" },
				"east": { "uv": [ 0, 0, 1, 1 ], "texture": "#0" }
			}
		},
		{
			"__comment": "Element",
			"from": [ 0, 14.25, -4.875 ],
			"to": [ 3, 15.25, -1.875 ],
			"rotation": { "origin": [ 0, 17.75, -2.875 ], "axis": "y", "angle": -22.5 },
			"faces": {
				"down": { "uv": [ 6, 8, 9, 11 ], "texture": "#0" },
				"up": { "uv": [ 0, 4, 3, 7 ], "texture": "#0" },
				"north": { "uv": [ 0, 13, 3, 14 ], "texture": "#0", "rotation": 180 },
				"south": { "uv": [ 7, 8, 10, 9 ], "texture": "#0" },
				"west": { "uv": [ 5, 9, 8, 10 ], "texture": "#0" },
				"east": { "uv": [ 0, 0, 1, 1 ], "texture": "#0" }
			}
		},
		{
			"__comment": "Element",
			"from": [ 3.0001, 14.25, 2.6248 ],
			"to": [ 22.0001, 15.25, 5.6248 ],
			"rotation": { "origin": [ 0, 17.75, -2.875 ], "axis": "y", "angle": -22.5 },
			"faces": {
				"down": { "uv": [ 0, 12, 16, 15 ], "texture": "#0" },
				"up": { "uv": [ 0, 4, 16, 7 ], "texture": "#0" },
				"north": { "uv": [ 0, 13, 16, 14 ], "texture": "#0", "rotation": 180 },
				"south": { "uv": [ 0, 5, 16, 6 ], "texture": "#0" },
				"west": { "uv": [ 0, 0, 1, 1 ], "texture": "#0" },
				"east": { "uv": [ 0, 0, 1, 1 ], "texture": "#0" }
			}
		},
		{
			"__comment": "Element",
			"from": [ 0, 14.25, 2.625 ],
			"to": [ 3, 15.25, 5.625 ],
			"rotation": { "origin": [ 0, 17.75, -2.875 ], "axis": "y", "angle": -22.5 },
			"faces": {
				"down": { "uv": [ 6, 8, 9, 11 ], "texture": "#0" },
				"up": { "uv": [ 0, 4, 3, 7 ], "texture": "#0" },
				"north": { "uv": [ 0, 13, 3, 14 ], "texture": "#0", "rotation": 180 },
				"south": { "uv": [ 7, 8, 10, 9 ], "texture": "#0" },
				"west": { "uv": [ 5, 9, 8, 10 ], "texture": "#0" },
				"east": { "uv": [ 0, 0, 1, 1 ], "texture": "#0" }
			}
		},
		{
			"__comment": "Element",
			"from": [ 0.0002, 18.25, 5.1248 ],
			"to": [ 19.0002, 18.75, 8.1248 ],
			"rotation": { "origin": [ 0, 17.75, -2.875 ], "axis": "y", "angle": -22.5 },
			"faces": {
				"down": { "uv": [ 16, 12, 0, 15 ], "texture": "#0" },
				"up": { "uv": [ 16, 4, 0, 7 ], "texture": "#0" },
				"north": { "uv": [ 16, 13, 0, 14 ], "texture": "#0", "rotation": 180 },
				"south": { "uv": [ 16, 5, 0, 6 ], "texture": "#0" },
				"west": { "uv": [ 1, 0, 0, 1 ], "texture": "#0" },
				"east": { "uv": [ 1, 0, 0, 1 ], "texture": "#0" }
			}
		},
		{
			"__comment": "Element",
			"from": [ 19.0001, 18.25, 5.1248 ],
			"to": [ 22.0001, 18.75, 8.1248 ],
			"rotation": { "origin": [ 0, 17.75, -2.875 ], "axis": "y", "angle": -22.5 },
			"faces": {
				"down": { "uv": [ 9, 8, 6, 11 ], "texture": "#0" },
				"up": { "uv": [ 14, 4, 11, 7 ], "texture": "#0" },
				"north": { "uv": [ 3, 13, 0, 14 ], "texture": "#0", "rotation": 180 },
				"south": { "uv": [ 10, 8, 7, 9 ], "texture": "#0" },
				"west": { "uv": [ 1, 0, 0, 1 ], "texture": "#0" },
				"east": { "uv": [ 8, 9, 5, 10 ], "texture": "#0" }
			}
		},
		{
			"__comment": "Element",
			"from": [ 3.0002, 14.25, 10.1248 ],
			"to": [ 22.0002, 15.25, 13.1248 ],
			"rotation": { "origin": [ 0, 17.75, -2.875 ], "axis": "y", "angle": -22.5 },
			"faces": {
				"down": { "uv": [ 0, 12, 16, 15 ], "texture": "#0" },
				"up": { "uv": [ 0, 4, 16, 7 ], "texture": "#0" },
				"north": { "uv": [ 0, 13, 16, 14 ], "texture": "#0", "rotation": 180 },
				"south": { "uv": [ 0, 5, 16, 6 ], "texture": "#0" },
				"west": { "uv": [ 0, 0, 1, 1 ], "texture": "#0" },
				"east": { "uv": [ 0, 0, 1, 1 ], "texture": "#0" }
			}
		},
		{
			"__comment": "Element",
			"from": [ 0.0001, 14.25, 10.125 ],
			"to": [ 3.0001, 15.25, 13.125 ],
			"rotation": { "origin": [ 0, 17.75, -2.875 ], "axis": "y", "angle": -22.5 },
			"faces": {
				"down": { "uv": [ 6, 8, 9, 11 ], "texture": "#0" },
				"up": { "uv": [ 0, 4, 3, 7 ], "texture": "#0" },
				"north": { "uv": [ 0, 13, 3, 14 ], "texture": "#0", "rotation": 180 },
				"south": { "uv": [ 7, 8, 10, 9 ], "texture": "#0" },
				"west": { "uv": [ 5, 9, 8, 10 ], "texture": "#0" },
				"east": { "uv": [ 0, 0, 1, 1 ], "texture": "#0" }
			}
		},
		{
			"__comment": "Element",
			"from": [ 18.2501, 15.25, 10.3748 ],
			"to": [ 21.7501, 17.75, 12.8748 ],
			"rotation": { "origin": [ 0, 17.75, -2.875 ], "axis": "y", "angle": -22.5 },
			"faces": {
				"down": { "uv": [ 4, 0, 8, 3 ], "texture": "#0" },
				"up": { "uv": [ 4, 0, 8, 3 ], "texture": "#0" },
				"north": { "uv": [ 4, 0, 8, 3 ], "texture": "#0" },
				"south": { "uv": [ 4, 0, 8, 3 ], "texture": "#0" },
				"west": { "uv": [ 9, 4, 12, 7 ], "texture": "#0" },
				"east": { "uv": [ 9, 4, 12, 7 ], "texture": "#0" }
			}
		},
		{
			"__comment": "Element",
			"from": [ 0.2502, 15.25, 10.375 ],
			"to": [ 3.7502, 17.75, 12.875 ],
			"rotation": { "origin": [ 0, 17.75, -2.875 ], "axis": "y", "angle": -22.5 },
			"faces": {
				"down": { "uv": [ 4, 0, 8, 3 ], "texture": "#0" },
				"up": { "uv": [ 4, 0, 8, 3 ], "texture": "#0" },
				"north": { "uv": [ 4, 0, 8, 3 ], "texture": "#0" },
				"south": { "uv": [ 2, 8, 6, 11 ], "texture": "#0" },
				"west": { "uv": [ 11, 12, 14, 15 ], "texture": "#0" },
				"east": { "uv": [ 9, 12, 12, 15 ], "texture": "#0" }
			}
		},
		{
			"__comment": "Element",
			"from": [ 9.250199, 15.25, 10.3749 ],
			"to": [ 12.7502, 17.75, 12.8749 ],
			"rotation": { "origin": [ 0, 17.75, -2.875 ], "axis": "y", "angle": -22.5 },
			"faces": {
				"down": { "uv": [ 4, 0, 8, 3 ], "texture": "#0" },
				"up": { "uv": [ 4, 0, 8, 3 ], "texture": "#0" },
				"north": { "uv": [ 4, 0, 8, 3 ], "texture": "#0" },
				"south": { "uv": [ 10, 0, 14, 3 ], "texture": "#0" },
				"west": { "uv": [ 9, 4, 12, 7 ], "texture": "#0" },
				"east": { "uv": [ 2, 12, 5, 15 ], "texture": "#0" }
			}
		},
		{
			"__comment": "Element",
			"from": [ 3.0002, 18.25, 10.1248 ],
			"to": [ 22.0002, 18.75, 13.1248 ],
			"rotation": { "origin": [ 0, 17.75, -2.875 ], "axis": "y", "angle": -22.5 },
			"faces": {
				"down": { "uv": [ 0, 12, 16, 15 ], "texture": "#0" },
				"up": { "uv": [ 0, 12, 16, 15 ], "texture": "#0" },
				"north": { "uv": [ 0, 13, 16, 14 ], "texture": "#0", "rotation": 180 },
				"south": { "uv": [ 0, 5, 16, 6 ], "texture": "#0" },
				"west": { "uv": [ 0, 0, 1, 1 ], "texture": "#0" },
				"east": { "uv": [ 0, 0, 1, 1 ], "texture": "#0" }
			}
		},
		{
			"__comment": "Element",
			"from": [ 0.0001, 18.25, 10.125 ],
			"to": [ 3.0001, 18.75, 13.125 ],
			"rotation": { "origin": [ 0, 17.75, -2.875 ], "axis": "y", "angle": -22.5 },
			"faces": {
				"down": { "uv": [ 6, 8, 9, 11 ], "texture": "#0" },
				"up": { "uv": [ 0, 4, 3, 7 ], "texture": "#0" },
				"north": { "uv": [ 0, 13, 3, 14 ], "texture": "#0", "rotation": 180 },
				"south": { "uv": [ 7, 8, 10, 9 ], "texture": "#0" },
				"west": { "uv": [ 5, 9, 8, 10 ], "texture": "#0" },
				"east": { "uv": [ 0, 0, 1, 1 ], "texture": "#0" }
			}
		}
	],
	"display": {
		"head": {
			"translation":  [ 0, -27, 0 ],
			"scale":  [ 2.2, 2.2, 2.2 ]
		}
	}
}