{
	"__comment": "Designed by I_m_bin2 with Cubik Studio - https://cubik.studio",
	"textures": {
		"0": "_custom/wetfloor",
		"1": "blocks/colours/darkyellow",
		"particle": "_custom/oak_planks"
	},
	"elements": [ 	 
		{
			"__comment": "Box120",
			"from": [ 1.25, -0.375, 12.875 ],
			"to": [ 14.75, 14.625, 13.875 ],
			"rotation": { "origin": [ 1.25, -0.375, 12.875 ], "axis": "x", "angle": -22.5 },
			"faces": {
				"down": { "uv": [ 0, 15, 16, 16 ], "texture": "#1" },
				"up": { "uv": [ 0, 0, 16, 1 ], "texture": "#1" },
				"north": { "uv": [ 0, 1, 16, 16 ], "texture": "#1" },
				"south": { "uv": [ 0, 1, 16, 16 ], "texture": "#1" },
				"west": { "uv": [ 0, 1, 1, 16 ], "texture": "#1" },
				"east": { "uv": [ 15, 1, 16, 16 ], "texture": "#1" }
			}
		},
		{
			"__comment": "Box120",
			"from": [ 1.25, 0, 1.25 ],
			"to": [ 14.75, 15, 2.25 ],
			"rotation": { "origin": [ 1.25, 0, 1.25 ], "axis": "x", "angle": 22.5 },
			"faces": {
				"down": { "uv": [ 0, 15, 16, 16 ], "texture": "#1" },
				"up": { "uv": [ 0, 0, 16, 1 ], "texture": "#1" },
				"north": { "uv": [ 0, 1, 16, 16 ], "texture": "#1" },
				"south": { "uv": [ 0, 1, 16, 16 ], "texture": "#1" },
				"west": { "uv": [ 0, 1, 1, 16 ], "texture": "#1" },
				"east": { "uv": [ 15, 1, 16, 16 ], "texture": "#1" }
			}
		},
		{
			"__comment": "Box120",
			"from": [ 7.625, 4.5, 3.5 ],
			"to": [ 8.625, 5, 11.5 ],
			"faces": {
				"down": { "uv": [ 0, 1, 16, 16 ], "texture": "#1", "rotation": 270 },
				"up": { "uv": [ 16, 16, 0, 1 ], "texture": "#1", "rotation": 90 },
				"north": { "uv": [ 0, 1, 1, 16 ], "texture": "#1", "rotation": 90 },
				"south": { "uv": [ 15, 1, 16, 16 ], "texture": "#1", "rotation": 270 },
				"west": { "uv": [ 0, 0, 16, 1 ], "texture": "#1" },
				"east": { "uv": [ 16, 16, 0, 15 ], "texture": "#1" }
			}
		},
		{
			"__comment": "Box120",
			"from": [ 1, 0.125, 0.75 ],
			"to": [ 14.5, 15.125, 1.75 ],
			"rotation": { "origin": [ 1, 0.125, 0.75 ], "axis": "x", "angle": 22.5 },
			"faces": {
				"down": { "uv": [ 0, 15, 16, 16 ], "texture": "#0" },
				"up": { "uv": [ 0, 0, 16, 1 ], "texture": "#0" },
				"north": { "uv": [ 0, 1, 16, 16 ], "texture": "#0" },
				"south": { "uv": [ 0, 1, 16, 16 ], "texture": "#0" },
				"west": { "uv": [ 0, 1, 1, 16 ], "texture": "#0" },
				"east": { "uv": [ 15, 1, 16, 16 ], "texture": "#0" }
			}
		},
		{
			"__comment": "Box120",
			"from": [ 1, -0.5, 13.125 ],
			"to": [ 14.5, 14.5, 14.125 ],
			"rotation": { "origin": [ 1, -0.5, 13.125 ], "axis": "x", "angle": -22.5 },
			"faces": {
				"down": { "uv": [ 0, 15, 16, 16 ], "texture": "#0" },
				"up": { "uv": [ 0, 0, 16, 1 ], "texture": "#0" },
				"north": { "uv": [ 0, 1, 16, 16 ], "texture": "#0" },
				"south": { "uv": [ 0, 1, 16, 16 ], "texture": "#0" },
				"west": { "uv": [ 0, 1, 1, 16 ], "texture": "#0" },
				"east": { "uv": [ 15, 1, 16, 16 ], "texture": "#0" }
			}
		}
	],
	"display": {
		"head": {
			"translation":  [ 0, -27, 0 ],
			"scale":  [ 2.2, 2.2, 2.2 ]
		}
	}
}