{
  "shoot.bandaging": {
    "category": "master",
    "sounds": [
      "shoot/bandaging"
    ]
  },
  "shoot.breathing": {
    "category": "master",
    "sounds": [
      "shoot/breathing"
    ]
  },
  "shoot.energy_drink": {
    "category": "master",
    "sounds": [
      "shoot/energy_drink"
    ]
  },
  "shoot.frying_fan": {
    "category": "master",
    "sounds": [
      "shoot/frying_fan"
    ]
  },
  "shoot.kit": {
    "category": "master",
    "sounds": [
      "shoot/kit"
    ]
  },
  "shoot.heartbeat": {
    "category": "master",
    "sounds": [
      "shoot/heartbeat"
    ]
  },
  "shoot.helicopter": {
    "category": "master",
    "sounds": [
      "shoot/helicopter"
    ]
  },
  "shoot.helmet": {
    "category": "master",
    "sounds": [
      "shoot/helmet"
    ]
  },
  "shoot.inject": {
    "category": "master",
    "sounds": [
      "shoot/inject"
    ]
  },
  "shoot.injection": {
    "category": "master",
    "sounds": [
      "shoot/injection"
    ]
  },
  "shoot.usp45": {
    "category": "master",
    "sounds": [
      "shoot/usp45"
    ]
  },
  "shoot.pill": {
    "category": "master",
    "sounds": [
      "shoot/pill"
    ]
  }
}
 