{
	"__comment": "Designed by Optimus0812 with Cubik Studio - https://cubik.studio",
	"textures": {
		"baseball_bat": "dayz/weapon/melee/baseball_bat"
	},
	"elements": [ 	 
		{
			"__comment": "baseball_bat",
			"from": [ 7.5, -8, 6.5 ],
			"to": [ 8.5, -7, 7 ],
			"faces": {
				"down": { "uv": [ 7.75, 15.75, 8.25, 16 ], "texture": "#baseball_bat", "cullface": "down" },
				"up": { "uv": [ 7.75, 15.75, 8.25, 15.5 ], "texture": "#baseball_bat" },
				"north": { "uv": [ 8.25, 15.5, 7.75, 16 ], "texture": "#baseball_bat" },
				"south": { "uv": [ 7.75, 15.5, 8.25, 16 ], "texture": "#baseball_bat" },
				"west": { "uv": [ 7.75, 15.5, 8, 16 ], "texture": "#baseball_bat" },
				"east": { "uv": [ 8.25, 15.5, 8, 16 ], "texture": "#baseball_bat" }
			}
		},
		{
			"__comment": "baseball_bat1",
			"from": [ 7, 3.5, 6.5 ],
			"to": [ 9, 23, 9.5 ],
			"faces": {
				"down": { "uv": [ 7.5, 10, 8.5, 10.25 ], "texture": "#baseball_bat" },
				"up": { "uv": [ 7.5, 0.75, 8.5, 0.5 ], "texture": "#baseball_bat" },
				"north": { "uv": [ 8.5, 0.5, 7.5, 10.25 ], "texture": "#baseball_bat" },
				"south": { "uv": [ 7.5, 0.5, 8.5, 10.25 ], "texture": "#baseball_bat" },
				"west": { "uv": [ 7.5, 0.5, 7.75, 10.25 ], "texture": "#baseball_bat" },
				"east": { "uv": [ 8.5, 0.5, 8.25, 10.25 ], "texture": "#baseball_bat" }
			}
		},
		{
			"__comment": "baseball_bat2",
			"from": [ 7, -8, 7.5 ],
			"to": [ 9, 3, 8.5 ],
			"faces": {
				"down": { "uv": [ 7.5, 15.75, 8.5, 16 ], "texture": "#baseball_bat", "cullface": "down" },
				"up": { "uv": [ 7.5, 10.75, 8.5, 10.5 ], "texture": "#baseball_bat" },
				"north": { "uv": [ 8.5, 10.5, 7.5, 16 ], "texture": "#baseball_bat" },
				"south": { "uv": [ 7.5, 10.5, 8.5, 16 ], "texture": "#baseball_bat" },
				"west": { "uv": [ 7.75, 10.5, 8.25, 16 ], "texture": "#baseball_bat" },
				"east": { "uv": [ 8.25, 10.5, 7.75, 16 ], "texture": "#baseball_bat" }
			}
		},
		{
			"__comment": "baseball_bat3",
			"from": [ 7, -8, 7 ],
			"to": [ 9, -7, 9 ],
			"faces": {
				"down": { "uv": [ 7.5, 15.75, 8.5, 16 ], "texture": "#baseball_bat", "cullface": "down" },
				"up": { "uv": [ 7.5, 15.75, 8.5, 15.5 ], "texture": "#baseball_bat" },
				"north": { "uv": [ 8.5, 15.5, 7.5, 16 ], "texture": "#baseball_bat" },
				"south": { "uv": [ 7.5, 15.5, 8.5, 16 ], "texture": "#baseball_bat" },
				"west": { "uv": [ 7.5, 15.5, 7.75, 16 ], "texture": "#baseball_bat" },
				"east": { "uv": [ 8.5, 15.5, 8.25, 16 ], "texture": "#baseball_bat" }
			}
		},
		{
			"__comment": "baseball_bat4",
			"from": [ 6.5, -8, 7.5 ],
			"to": [ 7, -7, 8.5 ],
			"faces": {
				"down": { "uv": [ 7.25, 15.75, 7.5, 16 ], "texture": "#baseball_bat", "cullface": "down" },
				"up": { "uv": [ 7.25, 15.75, 7.5, 15.5 ], "texture": "#baseball_bat" },
				"north": { "uv": [ 7.5, 15.5, 7.25, 16 ], "texture": "#baseball_bat" },
				"south": { "uv": [ 7.25, 15.5, 7.5, 16 ], "texture": "#baseball_bat" },
				"west": { "uv": [ 7.25, 15.5, 7.5, 16 ], "texture": "#baseball_bat" },
				"east": { "uv": [ 7.5, 15.5, 7.25, 16 ], "texture": "#baseball_bat" }
			}
		},
		{
			"__comment": "baseball_bat5",
			"from": [ 9, -8, 7.5 ],
			"to": [ 9.5, -7, 8.5 ],
			"faces": {
				"down": { "uv": [ 8.5, 15.75, 8.75, 16 ], "texture": "#baseball_bat", "cullface": "down" },
				"up": { "uv": [ 8.5, 15.75, 8.75, 15.5 ], "texture": "#baseball_bat" },
				"north": { "uv": [ 8.75, 15.5, 8.5, 16 ], "texture": "#baseball_bat" },
				"south": { "uv": [ 8.5, 15.5, 8.75, 16 ], "texture": "#baseball_bat" },
				"west": { "uv": [ 8.5, 15.5, 8.75, 16 ], "texture": "#baseball_bat" },
				"east": { "uv": [ 8.75, 15.5, 8.5, 16 ], "texture": "#baseball_bat" }
			}
		},
		{
			"__comment": "baseball_bat6",
			"from": [ 7.5, -8, 9 ],
			"to": [ 8.5, -7, 9.5 ],
			"faces": {
				"down": { "uv": [ 7.75, 15.75, 8.25, 16 ], "texture": "#baseball_bat", "cullface": "down" },
				"up": { "uv": [ 7.75, 15.75, 8.25, 15.5 ], "texture": "#baseball_bat" },
				"north": { "uv": [ 8.25, 15.5, 7.75, 16 ], "texture": "#baseball_bat" },
				"south": { "uv": [ 7.75, 15.5, 8.25, 16 ], "texture": "#baseball_bat" },
				"west": { "uv": [ 7.75, 15.5, 8, 16 ], "texture": "#baseball_bat" },
				"east": { "uv": [ 8.25, 15.5, 8, 16 ], "texture": "#baseball_bat" }
			}
		},
		{
			"__comment": "baseball_bat7",
			"from": [ 7.5, -8, 7 ],
			"to": [ 8.5, 3, 9 ],
			"faces": {
				"down": { "uv": [ 7.75, 15.75, 8.25, 16 ], "texture": "#baseball_bat", "cullface": "down" },
				"up": { "uv": [ 7.75, 10.75, 8.25, 10.5 ], "texture": "#baseball_bat" },
				"north": { "uv": [ 8.25, 10.5, 7.75, 16 ], "texture": "#baseball_bat" },
				"south": { "uv": [ 7.75, 10.5, 8.25, 16 ], "texture": "#baseball_bat" },
				"west": { "uv": [ 7.5, 10.5, 8.5, 16 ], "texture": "#baseball_bat" },
				"east": { "uv": [ 8.5, 10.5, 7.5, 16 ], "texture": "#baseball_bat" }
			}
		},
		{
			"__comment": "baseball_bat8",
			"from": [ 6.5, 3.5, 7 ],
			"to": [ 9.5, 23, 9 ],
			"faces": {
				"down": { "uv": [ 7.25, 10, 8.75, 10.25 ], "texture": "#baseball_bat" },
				"up": { "uv": [ 7.25, 0.75, 8.75, 0.5 ], "texture": "#baseball_bat" },
				"north": { "uv": [ 8.75, 0.5, 7.25, 10.25 ], "texture": "#baseball_bat" },
				"south": { "uv": [ 7.25, 0.5, 8.75, 10.25 ], "texture": "#baseball_bat" },
				"west": { "uv": [ 7.5, 0.5, 8.5, 10 ], "texture": "#baseball_bat" },
				"east": { "uv": [ 8.5, 0.5, 7.5, 10.25 ], "texture": "#baseball_bat" }
			}
		},
		{
			"__comment": "baseball_bat9",
			"from": [ 7, 23, 8.5 ],
			"to": [ 7.5, 23.5, 9 ],
			"faces": {
				"down": { "uv": [ 7.5, 0.25, 7.75, 0.5 ], "texture": "#baseball_bat" },
				"up": { "uv": [ 7.5, 0.5, 7.75, 0.25 ], "texture": "#baseball_bat" },
				"north": { "uv": [ 7.75, 0.25, 7.5, 0.5 ], "texture": "#baseball_bat" },
				"south": { "uv": [ 7.5, 0.25, 7.75, 0.5 ], "texture": "#baseball_bat" },
				"west": { "uv": [ 7.5, 0.25, 7.75, 0.5 ], "texture": "#baseball_bat" },
				"east": { "uv": [ 7.75, 0.25, 7.5, 0.5 ], "texture": "#baseball_bat" }
			}
		},
		{
			"__comment": "baseball_bat10",
			"from": [ 7.5, 23.5, 7 ],
			"to": [ 8.5, 24, 9 ],
			"faces": {
				"down": { "uv": [ 7.75, 0, 8.25, 0.25 ], "texture": "#baseball_bat" },
				"up": { "uv": [ 7.75, 0.25, 8.25, 0 ], "texture": "#baseball_bat", "cullface": "up" },
				"north": { "uv": [ 8.25, 0, 7.75, 0.25 ], "texture": "#baseball_bat" },
				"south": { "uv": [ 7.75, 0, 8.25, 0.25 ], "texture": "#baseball_bat" },
				"west": { "uv": [ 7.75, 0, 8, 0.25 ], "texture": "#baseball_bat" },
				"east": { "uv": [ 8.25, 0, 8, 0.25 ], "texture": "#baseball_bat" }
			}
		},
		{
			"__comment": "baseball_bat11",
			"from": [ 7, 23.5, 7.5 ],
			"to": [ 9, 24, 8.5 ],
			"faces": {
				"down": { "uv": [ 7.5, 0, 8.5, 0.25 ], "texture": "#baseball_bat" },
				"up": { "uv": [ 7.5, 0.5, 8.5, 0 ], "texture": "#baseball_bat", "cullface": "up" },
				"north": { "uv": [ 8.5, 0, 7.5, 0.25 ], "texture": "#baseball_bat" },
				"south": { "uv": [ 7.5, 0, 8.5, 0.25 ], "texture": "#baseball_bat" },
				"west": { "uv": [ 7.5, 0, 7.75, 0.25 ], "texture": "#baseball_bat" },
				"east": { "uv": [ 8.5, 0, 8.25, 0.25 ], "texture": "#baseball_bat" }
			}
		},
		{
			"__comment": "baseball_bat12",
			"from": [ 6.5, 23, 7.5 ],
			"to": [ 9.5, 23.5, 8.5 ],
			"faces": {
				"down": { "uv": [ 7.25, 0.25, 8.75, 0.5 ], "texture": "#baseball_bat" },
				"up": { "uv": [ 7.25, 0.75, 8.75, 0.25 ], "texture": "#baseball_bat" },
				"north": { "uv": [ 8.75, 0.25, 7.25, 0.5 ], "texture": "#baseball_bat" },
				"south": { "uv": [ 7.25, 0.25, 8.75, 0.5 ], "texture": "#baseball_bat" },
				"west": { "uv": [ 7.25, 0.25, 7.5, 0.5 ], "texture": "#baseball_bat" },
				"east": { "uv": [ 8.75, 0.25, 8.5, 0.5 ], "texture": "#baseball_bat" }
			}
		},
		{
			"__comment": "baseball_bat13",
			"from": [ 6.5, 3, 7.5 ],
			"to": [ 9.5, 3.5, 8.5 ],
			"faces": {
				"down": { "uv": [ 7.25, 10.25, 8.75, 10.5 ], "texture": "#baseball_bat" },
				"up": { "uv": [ 7.25, 10.5, 8.75, 10.25 ], "texture": "#baseball_bat" },
				"north": { "uv": [ 8.75, 10.25, 7.25, 10.5 ], "texture": "#baseball_bat" },
				"south": { "uv": [ 7.25, 10.25, 8.75, 10.5 ], "texture": "#baseball_bat" },
				"west": { "uv": [ 7.25, 10.25, 7.5, 10.5 ], "texture": "#baseball_bat" },
				"east": { "uv": [ 8.75, 10.25, 8.5, 10.5 ], "texture": "#baseball_bat" }
			}
		},
		{
			"__comment": "baseball_bat14",
			"from": [ 7, 23, 7 ],
			"to": [ 7.5, 23.5, 7.5 ],
			"faces": {
				"down": { "uv": [ 7.5, 0.25, 7.75, 0.5 ], "texture": "#baseball_bat" },
				"up": { "uv": [ 7.5, 0.5, 7.75, 0.25 ], "texture": "#baseball_bat" },
				"north": { "uv": [ 7.75, 0.25, 7.5, 0.5 ], "texture": "#baseball_bat" },
				"south": { "uv": [ 7.5, 0.25, 7.75, 0.5 ], "texture": "#baseball_bat" },
				"west": { "uv": [ 7.5, 0.25, 7.75, 0.5 ], "texture": "#baseball_bat" },
				"east": { "uv": [ 7.75, 0.25, 7.5, 0.5 ], "texture": "#baseball_bat" }
			}
		},
		{
			"__comment": "baseball_bat15",
			"from": [ 8.5, 23, 7 ],
			"to": [ 9, 23.5, 7.5 ],
			"faces": {
				"down": { "uv": [ 8.25, 0.25, 8.5, 0.5 ], "texture": "#baseball_bat" },
				"up": { "uv": [ 8.25, 0.5, 8.5, 0.25 ], "texture": "#baseball_bat" },
				"north": { "uv": [ 8.5, 0.25, 8.25, 0.5 ], "texture": "#baseball_bat" },
				"south": { "uv": [ 8.25, 0.25, 8.5, 0.5 ], "texture": "#baseball_bat" },
				"west": { "uv": [ 8.25, 0.25, 8.5, 0.5 ], "texture": "#baseball_bat" },
				"east": { "uv": [ 8.5, 0.25, 8.25, 0.5 ], "texture": "#baseball_bat" }
			}
		},
		{
			"__comment": "baseball_bat16",
			"from": [ 8.5, 23, 8.5 ],
			"to": [ 9, 23.5, 9 ],
			"faces": {
				"down": { "uv": [ 8.25, 0.25, 8.5, 0.5 ], "texture": "#baseball_bat" },
				"up": { "uv": [ 8.25, 0.5, 8.5, 0.25 ], "texture": "#baseball_bat" },
				"north": { "uv": [ 8.5, 0.25, 8.25, 0.5 ], "texture": "#baseball_bat" },
				"south": { "uv": [ 8.25, 0.25, 8.5, 0.5 ], "texture": "#baseball_bat" },
				"west": { "uv": [ 8.25, 0.25, 8.5, 0.5 ], "texture": "#baseball_bat" },
				"east": { "uv": [ 8.5, 0.25, 8.25, 0.5 ], "texture": "#baseball_bat" }
			}
		},
		{
			"__comment": "baseball_bat17",
			"from": [ 7.5, 23, 6.5 ],
			"to": [ 8.5, 23.5, 9.5 ],
			"faces": {
				"down": { "uv": [ 7.75, 0.25, 8.25, 0.5 ], "texture": "#baseball_bat" },
				"up": { "uv": [ 7.75, 0.5, 8.25, 0.25 ], "texture": "#baseball_bat" },
				"north": { "uv": [ 8.25, 0.25, 7.75, 0.5 ], "texture": "#baseball_bat" },
				"south": { "uv": [ 7.75, 0.25, 8.25, 0.5 ], "texture": "#baseball_bat" },
				"west": { "uv": [ 7.75, 0.25, 8, 0.5 ], "texture": "#baseball_bat" },
				"east": { "uv": [ 8.25, 0.25, 8, 0.5 ], "texture": "#baseball_bat" }
			}
		},
		{
			"__comment": "baseball_bat18",
			"from": [ 7.5, 3, 6.5 ],
			"to": [ 8.5, 3.5, 9.5 ],
			"faces": {
				"down": { "uv": [ 7.75, 10.25, 8.25, 10.5 ], "texture": "#baseball_bat" },
				"up": { "uv": [ 7.75, 10.5, 8.25, 10.25 ], "texture": "#baseball_bat" },
				"north": { "uv": [ 8.25, 10.25, 7.75, 10.5 ], "texture": "#baseball_bat" },
				"south": { "uv": [ 7.75, 10.25, 8.25, 10.5 ], "texture": "#baseball_bat" },
				"west": { "uv": [ 7.75, 10.25, 8, 10.5 ], "texture": "#baseball_bat" },
				"east": { "uv": [ 8.25, 10.25, 8, 10.5 ], "texture": "#baseball_bat" }
			}
		},
		{
			"__comment": "baseball_bat19",
			"from": [ 8.5, 3, 8.5 ],
			"to": [ 9, 3.5, 9 ],
			"faces": {
				"down": { "uv": [ 8.25, 10.25, 8.5, 10.5 ], "texture": "#baseball_bat" },
				"up": { "uv": [ 8.25, 10.5, 8.5, 10.25 ], "texture": "#baseball_bat" },
				"north": { "uv": [ 8.5, 10.25, 8.25, 10.5 ], "texture": "#baseball_bat" },
				"south": { "uv": [ 8.25, 10.25, 8.5, 10.5 ], "texture": "#baseball_bat" },
				"west": { "uv": [ 8.25, 10.25, 8.5, 10.5 ], "texture": "#baseball_bat" },
				"east": { "uv": [ 8.5, 10.25, 8.25, 10.5 ], "texture": "#baseball_bat" }
			}
		},
		{
			"__comment": "baseball_bat20",
			"from": [ 7, 3, 7 ],
			"to": [ 7.5, 3.5, 7.5 ],
			"faces": {
				"down": { "uv": [ 7.5, 10.25, 7.75, 10.5 ], "texture": "#baseball_bat" },
				"up": { "uv": [ 7.5, 10.5, 7.75, 10.25 ], "texture": "#baseball_bat" },
				"north": { "uv": [ 7.75, 10.25, 7.5, 10.5 ], "texture": "#baseball_bat" },
				"south": { "uv": [ 7.5, 10.25, 7.75, 10.5 ], "texture": "#baseball_bat" },
				"west": { "uv": [ 7.5, 10.25, 7.75, 10.5 ], "texture": "#baseball_bat" },
				"east": { "uv": [ 7.75, 10.25, 7.5, 10.5 ], "texture": "#baseball_bat" }
			}
		},
		{
			"__comment": "baseball_bat21",
			"from": [ 7, 3, 8.5 ],
			"to": [ 7.5, 3.5, 9 ],
			"faces": {
				"down": { "uv": [ 7.5, 10.25, 7.75, 10.5 ], "texture": "#baseball_bat" },
				"up": { "uv": [ 7.5, 10.5, 7.75, 10.25 ], "texture": "#baseball_bat" },
				"north": { "uv": [ 7.75, 10.25, 7.5, 10.5 ], "texture": "#baseball_bat" },
				"south": { "uv": [ 7.5, 10.25, 7.75, 10.5 ], "texture": "#baseball_bat" },
				"west": { "uv": [ 7.5, 10.25, 7.75, 10.5 ], "texture": "#baseball_bat" },
				"east": { "uv": [ 7.75, 10.25, 7.5, 10.5 ], "texture": "#baseball_bat" }
			}
		},
		{
			"__comment": "baseball_bat22",
			"from": [ 8.5, 3, 7 ],
			"to": [ 9, 3.5, 7.5 ],
			"faces": {
				"down": { "uv": [ 8.25, 10.25, 8.5, 10.5 ], "texture": "#baseball_bat" },
				"up": { "uv": [ 8.25, 10.5, 8.5, 10.25 ], "texture": "#baseball_bat" },
				"north": { "uv": [ 8.5, 10.25, 8.25, 10.5 ], "texture": "#baseball_bat" },
				"south": { "uv": [ 8.25, 10.25, 8.5, 10.5 ], "texture": "#baseball_bat" },
				"west": { "uv": [ 8.25, 10.25, 8.5, 10.5 ], "texture": "#baseball_bat" },
				"east": { "uv": [ 8.5, 10.25, 8.25, 10.5 ], "texture": "#baseball_bat" }
			}
		},
		{
			"__comment": "baseball_bat11",
			"from": [ 7.5, 22.5, 5.5 ],
			"to": [ 8, 23, 6.5 ],
			"faces": {
				"down": { "uv": [ 15.25, 15.75, 15.75, 16 ], "texture": "#baseball_bat", "rotation": 270 },
				"up": { "uv": [ 15.25, 16, 15.75, 15.75 ], "texture": "#baseball_bat", "cullface": "up", "rotation": 90 },
				"north": { "uv": [ 15.25, 15.75, 15.5, 16 ], "texture": "#baseball_bat" },
				"south": { "uv": [ 15.75, 15.75, 15.5, 16 ], "texture": "#baseball_bat" },
				"west": { "uv": [ 15.25, 15.75, 15.75, 16 ], "texture": "#baseball_bat" },
				"east": { "uv": [ 15.75, 15.75, 15.25, 16 ], "texture": "#baseball_bat" }
			}
		},
		{
			"__comment": "baseball_bat11",
			"from": [ 7, 13, 5.5 ],
			"to": [ 7.5, 13.5, 6.5 ],
			"faces": {
				"down": { "uv": [ 15.25, 15.75, 15.75, 16 ], "texture": "#baseball_bat", "rotation": 270 },
				"up": { "uv": [ 15.25, 16, 15.75, 15.75 ], "texture": "#baseball_bat", "cullface": "up", "rotation": 90 },
				"north": { "uv": [ 15.25, 15.75, 15.5, 16 ], "texture": "#baseball_bat" },
				"south": { "uv": [ 15.75, 15.75, 15.5, 16 ], "texture": "#baseball_bat" },
				"west": { "uv": [ 15.25, 15.75, 15.75, 16 ], "texture": "#baseball_bat" },
				"east": { "uv": [ 15.75, 15.75, 15.25, 16 ], "texture": "#baseball_bat" }
			}
		},
		{
			"__comment": "baseball_bat11",
			"from": [ 7.5, 17.5, 5.5 ],
			"to": [ 8, 18, 6.5 ],
			"faces": {
				"down": { "uv": [ 15.25, 15.75, 15.75, 16 ], "texture": "#baseball_bat", "rotation": 270 },
				"up": { "uv": [ 15.25, 16, 15.75, 15.75 ], "texture": "#baseball_bat", "cullface": "up", "rotation": 90 },
				"north": { "uv": [ 15.25, 15.75, 15.5, 16 ], "texture": "#baseball_bat" },
				"south": { "uv": [ 15.75, 15.75, 15.5, 16 ], "texture": "#baseball_bat" },
				"west": { "uv": [ 15.25, 15.75, 15.75, 16 ], "texture": "#baseball_bat" },
				"east": { "uv": [ 15.75, 15.75, 15.25, 16 ], "texture": "#baseball_bat" }
			}
		},
		{
			"__comment": "baseball_bat11",
			"from": [ 7, 19, 5.5 ],
			"to": [ 7.5, 19.5, 6.5 ],
			"faces": {
				"down": { "uv": [ 15.25, 15.75, 15.75, 16 ], "texture": "#baseball_bat", "rotation": 270 },
				"up": { "uv": [ 15.25, 16, 15.75, 15.75 ], "texture": "#baseball_bat", "cullface": "up", "rotation": 90 },
				"north": { "uv": [ 15.25, 15.75, 15.5, 16 ], "texture": "#baseball_bat" },
				"south": { "uv": [ 15.75, 15.75, 15.5, 16 ], "texture": "#baseball_bat" },
				"west": { "uv": [ 15.25, 15.75, 15.75, 16 ], "texture": "#baseball_bat" },
				"east": { "uv": [ 15.75, 15.75, 15.25, 16 ], "texture": "#baseball_bat" }
			}
		},
		{
			"__comment": "baseball_bat11",
			"from": [ 8, 21, 5.5 ],
			"to": [ 8.5, 21.5, 6.5 ],
			"faces": {
				"down": { "uv": [ 15.25, 15.75, 15.75, 16 ], "texture": "#baseball_bat", "rotation": 270 },
				"up": { "uv": [ 15.25, 16, 15.75, 15.75 ], "texture": "#baseball_bat", "cullface": "up", "rotation": 90 },
				"north": { "uv": [ 15.25, 15.75, 15.5, 16 ], "texture": "#baseball_bat" },
				"south": { "uv": [ 15.75, 15.75, 15.5, 16 ], "texture": "#baseball_bat" },
				"west": { "uv": [ 15.25, 15.75, 15.75, 16 ], "texture": "#baseball_bat" },
				"east": { "uv": [ 15.75, 15.75, 15.25, 16 ], "texture": "#baseball_bat" }
			}
		},
		{
			"__comment": "baseball_bat11",
			"from": [ 9.5, 12.5, 8 ],
			"to": [ 10.5, 13, 8.5 ],
			"faces": {
				"down": { "uv": [ 15.75, 15.75, 15.25, 16 ], "texture": "#baseball_bat" },
				"up": { "uv": [ 15.75, 16, 15.25, 15.75 ], "texture": "#baseball_bat", "cullface": "up" },
				"north": { "uv": [ 15.25, 15.75, 15.75, 16 ], "texture": "#baseball_bat" },
				"south": { "uv": [ 15.75, 15.75, 15.25, 16 ], "texture": "#baseball_bat" },
				"west": { "uv": [ 15.5, 15.75, 15.75, 16 ], "texture": "#baseball_bat" },
				"east": { "uv": [ 15.5, 15.75, 15.25, 16 ], "texture": "#baseball_bat" }
			}
		},
		{
			"__comment": "baseball_bat11",
			"from": [ 9.5, 15.5, 8.5 ],
			"to": [ 10.5, 16, 9 ],
			"faces": {
				"down": { "uv": [ 15.75, 15.75, 15.25, 16 ], "texture": "#baseball_bat" },
				"up": { "uv": [ 15.75, 16, 15.25, 15.75 ], "texture": "#baseball_bat", "cullface": "up" },
				"north": { "uv": [ 15.25, 15.75, 15.75, 16 ], "texture": "#baseball_bat" },
				"south": { "uv": [ 15.75, 15.75, 15.25, 16 ], "texture": "#baseball_bat" },
				"west": { "uv": [ 15.5, 15.75, 15.75, 16 ], "texture": "#baseball_bat" },
				"east": { "uv": [ 15.5, 15.75, 15.25, 16 ], "texture": "#baseball_bat" }
			}
		},
		{
			"__comment": "baseball_bat11",
			"from": [ 9.5, 14, 7 ],
			"to": [ 10.5, 14.5, 7.5 ],
			"faces": {
				"down": { "uv": [ 15.75, 15.75, 15.25, 16 ], "texture": "#baseball_bat" },
				"up": { "uv": [ 15.75, 16, 15.25, 15.75 ], "texture": "#baseball_bat", "cullface": "up" },
				"north": { "uv": [ 15.25, 15.75, 15.75, 16 ], "texture": "#baseball_bat" },
				"south": { "uv": [ 15.75, 15.75, 15.25, 16 ], "texture": "#baseball_bat" },
				"west": { "uv": [ 15.5, 15.75, 15.75, 16 ], "texture": "#baseball_bat" },
				"east": { "uv": [ 15.5, 15.75, 15.25, 16 ], "texture": "#baseball_bat" }
			}
		},
		{
			"__comment": "baseball_bat11",
			"from": [ 9.5, 17, 7 ],
			"to": [ 10.5, 17.5, 7.5 ],
			"faces": {
				"down": { "uv": [ 15.75, 15.75, 15.25, 16 ], "texture": "#baseball_bat" },
				"up": { "uv": [ 15.75, 16, 15.25, 15.75 ], "texture": "#baseball_bat", "cullface": "up" },
				"north": { "uv": [ 15.25, 15.75, 15.75, 16 ], "texture": "#baseball_bat" },
				"south": { "uv": [ 15.75, 15.75, 15.25, 16 ], "texture": "#baseball_bat" },
				"west": { "uv": [ 15.5, 15.75, 15.75, 16 ], "texture": "#baseball_bat" },
				"east": { "uv": [ 15.5, 15.75, 15.25, 16 ], "texture": "#baseball_bat" }
			}
		},
		{
			"__comment": "baseball_bat11",
			"from": [ 9.5, 20, 8.5 ],
			"to": [ 10.5, 20.5, 9 ],
			"faces": {
				"down": { "uv": [ 15.75, 15.75, 15.25, 16 ], "texture": "#baseball_bat" },
				"up": { "uv": [ 15.75, 16, 15.25, 15.75 ], "texture": "#baseball_bat", "cullface": "up" },
				"north": { "uv": [ 15.25, 15.75, 15.75, 16 ], "texture": "#baseball_bat" },
				"south": { "uv": [ 15.75, 15.75, 15.25, 16 ], "texture": "#baseball_bat" },
				"west": { "uv": [ 15.5, 15.75, 15.75, 16 ], "texture": "#baseball_bat" },
				"east": { "uv": [ 15.5, 15.75, 15.25, 16 ], "texture": "#baseball_bat" }
			}
		},
		{
			"__comment": "baseball_bat11",
			"from": [ 9.5, 21, 7 ],
			"to": [ 10.5, 21.5, 7.5 ],
			"faces": {
				"down": { "uv": [ 15.75, 15.75, 15.25, 16 ], "texture": "#baseball_bat" },
				"up": { "uv": [ 15.75, 16, 15.25, 15.75 ], "texture": "#baseball_bat", "cullface": "up" },
				"north": { "uv": [ 15.25, 15.75, 15.75, 16 ], "texture": "#baseball_bat" },
				"south": { "uv": [ 15.75, 15.75, 15.25, 16 ], "texture": "#baseball_bat" },
				"west": { "uv": [ 15.5, 15.75, 15.75, 16 ], "texture": "#baseball_bat" },
				"east": { "uv": [ 15.5, 15.75, 15.25, 16 ], "texture": "#baseball_bat" }
			}
		},
		{
			"__comment": "baseball_bat11",
			"from": [ 8.5, 18, 9.5 ],
			"to": [ 9, 18.5, 10.5 ],
			"faces": {
				"down": { "uv": [ 15.75, 15.5, 16, 16 ], "texture": "#baseball_bat" },
				"up": { "uv": [ 15.75, 16, 16, 15.5 ], "texture": "#baseball_bat", "cullface": "up" },
				"north": { "uv": [ 16, 15.75, 15.75, 16 ], "texture": "#baseball_bat" },
				"south": { "uv": [ 15.75, 15.5, 16, 15.75 ], "texture": "#baseball_bat" },
				"west": { "uv": [ 15.75, 16, 16, 15.5 ], "texture": "#baseball_bat", "rotation": 270 },
				"east": { "uv": [ 16, 16, 15.75, 15.5 ], "texture": "#baseball_bat", "rotation": 90 }
			}
		},
		{
			"__comment": "baseball_bat11",
			"from": [ 7, 19.5, 9.5 ],
			"to": [ 7.5, 20, 10.5 ],
			"faces": {
				"down": { "uv": [ 15.75, 15.5, 16, 16 ], "texture": "#baseball_bat" },
				"up": { "uv": [ 15.75, 16, 16, 15.5 ], "texture": "#baseball_bat", "cullface": "up" },
				"north": { "uv": [ 16, 15.75, 15.75, 16 ], "texture": "#baseball_bat" },
				"south": { "uv": [ 15.75, 15.5, 16, 15.75 ], "texture": "#baseball_bat" },
				"west": { "uv": [ 15.75, 16, 16, 15.5 ], "texture": "#baseball_bat", "rotation": 270 },
				"east": { "uv": [ 16, 16, 15.75, 15.5 ], "texture": "#baseball_bat", "rotation": 90 }
			}
		},
		{
			"__comment": "baseball_bat11",
			"from": [ 7, 14, 9.5 ],
			"to": [ 7.5, 14.5, 10.5 ],
			"faces": {
				"down": { "uv": [ 15.75, 15.5, 16, 16 ], "texture": "#baseball_bat" },
				"up": { "uv": [ 15.75, 16, 16, 15.5 ], "texture": "#baseball_bat", "cullface": "up" },
				"north": { "uv": [ 16, 15.75, 15.75, 16 ], "texture": "#baseball_bat" },
				"south": { "uv": [ 15.75, 15.5, 16, 15.75 ], "texture": "#baseball_bat" },
				"west": { "uv": [ 15.75, 16, 16, 15.5 ], "texture": "#baseball_bat", "rotation": 270 },
				"east": { "uv": [ 16, 16, 15.75, 15.5 ], "texture": "#baseball_bat", "rotation": 90 }
			}
		},
		{
			"__comment": "baseball_bat11",
			"from": [ 7.5, 17, 9.5 ],
			"to": [ 8, 17.5, 10.5 ],
			"faces": {
				"down": { "uv": [ 15.75, 15.5, 16, 16 ], "texture": "#baseball_bat" },
				"up": { "uv": [ 15.75, 16, 16, 15.5 ], "texture": "#baseball_bat", "cullface": "up" },
				"north": { "uv": [ 16, 15.75, 15.75, 16 ], "texture": "#baseball_bat" },
				"south": { "uv": [ 15.75, 15.5, 16, 15.75 ], "texture": "#baseball_bat" },
				"west": { "uv": [ 15.75, 16, 16, 15.5 ], "texture": "#baseball_bat", "rotation": 270 },
				"east": { "uv": [ 16, 16, 15.75, 15.5 ], "texture": "#baseball_bat", "rotation": 90 }
			}
		},
		{
			"__comment": "baseball_bat11",
			"from": [ 8, 22.5, 9.5 ],
			"to": [ 8.5, 23, 10.5 ],
			"faces": {
				"down": { "uv": [ 15.75, 15.5, 16, 16 ], "texture": "#baseball_bat" },
				"up": { "uv": [ 15.75, 16, 16, 15.5 ], "texture": "#baseball_bat", "cullface": "up" },
				"north": { "uv": [ 16, 15.75, 15.75, 16 ], "texture": "#baseball_bat" },
				"south": { "uv": [ 15.75, 15.5, 16, 15.75 ], "texture": "#baseball_bat" },
				"west": { "uv": [ 15.75, 16, 16, 15.5 ], "texture": "#baseball_bat", "rotation": 270 },
				"east": { "uv": [ 16, 16, 15.75, 15.5 ], "texture": "#baseball_bat", "rotation": 90 }
			}
		},
		{
			"__comment": "baseball_bat11",
			"from": [ 8, 15.5, 9.5 ],
			"to": [ 8.5, 16, 10.5 ],
			"faces": {
				"down": { "uv": [ 15.75, 15.5, 16, 16 ], "texture": "#baseball_bat" },
				"up": { "uv": [ 15.75, 16, 16, 15.5 ], "texture": "#baseball_bat", "cullface": "up" },
				"north": { "uv": [ 16, 15.75, 15.75, 16 ], "texture": "#baseball_bat" },
				"south": { "uv": [ 15.75, 15.5, 16, 15.75 ], "texture": "#baseball_bat" },
				"west": { "uv": [ 15.75, 16, 16, 15.5 ], "texture": "#baseball_bat", "rotation": 270 },
				"east": { "uv": [ 16, 16, 15.75, 15.5 ], "texture": "#baseball_bat", "rotation": 90 }
			}
		},
		{
			"__comment": "baseball_bat11",
			"from": [ 5.5, 19.5, 8 ],
			"to": [ 6.5, 20, 8.5 ],
			"faces": {
				"down": { "uv": [ 15.25, 15.75, 15.75, 16 ], "texture": "#baseball_bat" },
				"up": { "uv": [ 15.25, 16, 15.75, 15.75 ], "texture": "#baseball_bat", "cullface": "up" },
				"north": { "uv": [ 15.75, 15.75, 15.25, 16 ], "texture": "#baseball_bat" },
				"south": { "uv": [ 15.25, 15.75, 15.75, 16 ], "texture": "#baseball_bat" },
				"west": { "uv": [ 15.25, 15.75, 15.5, 16 ], "texture": "#baseball_bat" },
				"east": { "uv": [ 15.75, 15.75, 15.5, 16 ], "texture": "#baseball_bat" }
			}
		},
		{
			"__comment": "baseball_bat11",
			"from": [ 5.5, 18, 7 ],
			"to": [ 6.5, 18.5, 7.5 ],
			"faces": {
				"down": { "uv": [ 15.25, 15.75, 15.75, 16 ], "texture": "#baseball_bat" },
				"up": { "uv": [ 15.25, 16, 15.75, 15.75 ], "texture": "#baseball_bat", "cullface": "up" },
				"north": { "uv": [ 15.75, 15.75, 15.25, 16 ], "texture": "#baseball_bat" },
				"south": { "uv": [ 15.25, 15.75, 15.75, 16 ], "texture": "#baseball_bat" },
				"west": { "uv": [ 15.25, 15.75, 15.5, 16 ], "texture": "#baseball_bat" },
				"east": { "uv": [ 15.75, 15.75, 15.5, 16 ], "texture": "#baseball_bat" }
			}
		},
		{
			"__comment": "baseball_bat11",
			"from": [ 5.5, 16, 8.5 ],
			"to": [ 6.5, 16.5, 9 ],
			"faces": {
				"down": { "uv": [ 15.25, 15.75, 15.75, 16 ], "texture": "#baseball_bat" },
				"up": { "uv": [ 15.25, 16, 15.75, 15.75 ], "texture": "#baseball_bat", "cullface": "up" },
				"north": { "uv": [ 15.75, 15.75, 15.25, 16 ], "texture": "#baseball_bat" },
				"south": { "uv": [ 15.25, 15.75, 15.75, 16 ], "texture": "#baseball_bat" },
				"west": { "uv": [ 15.25, 15.75, 15.5, 16 ], "texture": "#baseball_bat" },
				"east": { "uv": [ 15.75, 15.75, 15.5, 16 ], "texture": "#baseball_bat" }
			}
		},
		{
			"__comment": "baseball_bat11",
			"from": [ 5.5, 14.5, 7 ],
			"to": [ 6.5, 15, 7.5 ],
			"faces": {
				"down": { "uv": [ 15.25, 15.75, 15.75, 16 ], "texture": "#baseball_bat" },
				"up": { "uv": [ 15.25, 16, 15.75, 15.75 ], "texture": "#baseball_bat", "cullface": "up" },
				"north": { "uv": [ 15.75, 15.75, 15.25, 16 ], "texture": "#baseball_bat" },
				"south": { "uv": [ 15.25, 15.75, 15.75, 16 ], "texture": "#baseball_bat" },
				"west": { "uv": [ 15.25, 15.75, 15.5, 16 ], "texture": "#baseball_bat" },
				"east": { "uv": [ 15.75, 15.75, 15.5, 16 ], "texture": "#baseball_bat" }
			}
		},
		{
			"__comment": "baseball_bat11",
			"from": [ 5.5, 12.5, 8 ],
			"to": [ 6.5, 13, 8.5 ],
			"faces": {
				"down": { "uv": [ 15.25, 15.75, 15.75, 16 ], "texture": "#baseball_bat" },
				"up": { "uv": [ 15.25, 16, 15.75, 15.75 ], "texture": "#baseball_bat", "cullface": "up" },
				"north": { "uv": [ 15.75, 15.75, 15.25, 16 ], "texture": "#baseball_bat" },
				"south": { "uv": [ 15.25, 15.75, 15.75, 16 ], "texture": "#baseball_bat" },
				"west": { "uv": [ 15.25, 15.75, 15.5, 16 ], "texture": "#baseball_bat" },
				"east": { "uv": [ 15.75, 15.75, 15.5, 16 ], "texture": "#baseball_bat" }
			}
		},
		{
			"__comment": "baseball_bat11",
			"from": [ 5.5, 21.5, 7 ],
			"to": [ 6.5, 22, 7.5 ],
			"faces": {
				"down": { "uv": [ 15.25, 15.75, 15.75, 16 ], "texture": "#baseball_bat" },
				"up": { "uv": [ 15.25, 16, 15.75, 15.75 ], "texture": "#baseball_bat", "cullface": "up" },
				"north": { "uv": [ 15.75, 15.75, 15.25, 16 ], "texture": "#baseball_bat" },
				"south": { "uv": [ 15.25, 15.75, 15.75, 16 ], "texture": "#baseball_bat" },
				"west": { "uv": [ 15.25, 15.75, 15.5, 16 ], "texture": "#baseball_bat" },
				"east": { "uv": [ 15.75, 15.75, 15.5, 16 ], "texture": "#baseball_bat" }
			}
		},
		{
			"__comment": "baseball_bat11",
			"from": [ 5.5, 22, 8.5 ],
			"to": [ 6.5, 22.5, 9 ],
			"faces": {
				"down": { "uv": [ 15.25, 15.75, 15.75, 16 ], "texture": "#baseball_bat" },
				"up": { "uv": [ 15.25, 16, 15.75, 15.75 ], "texture": "#baseball_bat", "cullface": "up" },
				"north": { "uv": [ 15.75, 15.75, 15.25, 16 ], "texture": "#baseball_bat" },
				"south": { "uv": [ 15.25, 15.75, 15.75, 16 ], "texture": "#baseball_bat" },
				"west": { "uv": [ 15.25, 15.75, 15.5, 16 ], "texture": "#baseball_bat" },
				"east": { "uv": [ 15.75, 15.75, 15.5, 16 ], "texture": "#baseball_bat" }
			}
		},
		{
			"__comment": "baseball_bat11",
			"from": [ 8.5, 16.5, 5.5 ],
			"to": [ 9, 17, 6.5 ],
			"faces": {
				"down": { "uv": [ 15.25, 15.75, 15.75, 16 ], "texture": "#baseball_bat", "rotation": 270 },
				"up": { "uv": [ 15.25, 16, 15.75, 15.75 ], "texture": "#baseball_bat", "cullface": "up", "rotation": 90 },
				"north": { "uv": [ 15.25, 15.75, 15.5, 16 ], "texture": "#baseball_bat" },
				"south": { "uv": [ 15.75, 15.75, 15.5, 16 ], "texture": "#baseball_bat" },
				"west": { "uv": [ 15.25, 15.75, 15.75, 16 ], "texture": "#baseball_bat" },
				"east": { "uv": [ 15.75, 15.75, 15.25, 16 ], "texture": "#baseball_bat" }
			}
		},
		{
			"__comment": "baseball_bat11",
			"from": [ 8, 14.5, 5.5 ],
			"to": [ 8.5, 15, 6.5 ],
			"faces": {
				"down": { "uv": [ 15.25, 15.75, 15.75, 16 ], "texture": "#baseball_bat", "rotation": 270 },
				"up": { "uv": [ 15.25, 16, 15.75, 15.75 ], "texture": "#baseball_bat", "cullface": "up", "rotation": 90 },
				"north": { "uv": [ 15.25, 15.75, 15.5, 16 ], "texture": "#baseball_bat" },
				"south": { "uv": [ 15.75, 15.75, 15.5, 16 ], "texture": "#baseball_bat" },
				"west": { "uv": [ 15.25, 15.75, 15.75, 16 ], "texture": "#baseball_bat" },
				"east": { "uv": [ 15.75, 15.75, 15.25, 16 ], "texture": "#baseball_bat" }
			}
		},
		{
			"__comment": "baseball_bat11",
			"from": [ 9.5, 18.5, 7.5 ],
			"to": [ 10.5, 19, 8 ],
			"faces": {
				"down": { "uv": [ 15.75, 15.75, 15.25, 16 ], "texture": "#baseball_bat" },
				"up": { "uv": [ 15.75, 16, 15.25, 15.75 ], "texture": "#baseball_bat", "cullface": "up" },
				"north": { "uv": [ 15.25, 15.75, 15.75, 16 ], "texture": "#baseball_bat" },
				"south": { "uv": [ 15.75, 15.75, 15.25, 16 ], "texture": "#baseball_bat" },
				"west": { "uv": [ 15.5, 15.75, 15.75, 16 ], "texture": "#baseball_bat" },
				"east": { "uv": [ 15.5, 15.75, 15.25, 16 ], "texture": "#baseball_bat" }
			}
		},
		{
			"__comment": "baseball_bat11",
			"from": [ 8.5, 13.5, 9.5 ],
			"to": [ 9, 14, 10.5 ],
			"faces": {
				"down": { "uv": [ 15.75, 15.5, 16, 16 ], "texture": "#baseball_bat" },
				"up": { "uv": [ 15.75, 16, 16, 15.5 ], "texture": "#baseball_bat", "cullface": "up" },
				"north": { "uv": [ 16, 15.75, 15.75, 16 ], "texture": "#baseball_bat" },
				"south": { "uv": [ 15.75, 15.5, 16, 15.75 ], "texture": "#baseball_bat" },
				"west": { "uv": [ 15.75, 16, 16, 15.5 ], "texture": "#baseball_bat", "rotation": 270 },
				"east": { "uv": [ 16, 16, 15.75, 15.5 ], "texture": "#baseball_bat", "rotation": 90 }
			}
		},
		{
			"__comment": "baseball_bat11",
			"from": [ 8.5, 20.5, 9.5 ],
			"to": [ 9, 21, 10.5 ],
			"faces": {
				"down": { "uv": [ 15.75, 15.5, 16, 16 ], "texture": "#baseball_bat" },
				"up": { "uv": [ 15.75, 16, 16, 15.5 ], "texture": "#baseball_bat", "cullface": "up" },
				"north": { "uv": [ 16, 15.75, 15.75, 16 ], "texture": "#baseball_bat" },
				"south": { "uv": [ 15.75, 15.5, 16, 15.75 ], "texture": "#baseball_bat" },
				"west": { "uv": [ 15.75, 16, 16, 15.5 ], "texture": "#baseball_bat", "rotation": 270 },
				"east": { "uv": [ 16, 16, 15.75, 15.5 ], "texture": "#baseball_bat", "rotation": 90 }
			}
		},
		{
			"__comment": "baseball_bat11",
			"from": [ 9.5, 22, 8.5 ],
			"to": [ 10.5, 22.5, 9 ],
			"faces": {
				"down": { "uv": [ 15.75, 15.75, 15.25, 16 ], "texture": "#baseball_bat" },
				"up": { "uv": [ 15.75, 16, 15.25, 15.75 ], "texture": "#baseball_bat", "cullface": "up" },
				"north": { "uv": [ 15.25, 15.75, 15.75, 16 ], "texture": "#baseball_bat" },
				"south": { "uv": [ 15.75, 15.75, 15.25, 16 ], "texture": "#baseball_bat" },
				"west": { "uv": [ 15.5, 15.75, 15.75, 16 ], "texture": "#baseball_bat" },
				"east": { "uv": [ 15.5, 15.75, 15.25, 16 ], "texture": "#baseball_bat" }
			}
		}
	],
	"display": {
		"thirdperson_righthand": {
			"rotation":  [ 0, 90, 0 ],
			"translation":  [ 0, 6, 1 ],
			"scale":  [ 0.75, 0.75, 0.75 ]
		},
		"thirdperson_lefthand": {
			"rotation":  [ -90, -180, 45 ],
			"translation":  [ -6, -6, 9 ],
			"scale":  [ 0.75, 0.75, 0.75 ]
		},
		"firstperson_righthand": {
			"rotation":  [ -90, -60, -90 ],
			"translation":  [ -3, 0, -3 ]
		},
		"firstperson_lefthand": {
			"scale":  [ 0.0001, 0.0001, 0.0001 ]
		},
		"gui": {
			"rotation":  [ 0, 0, -45 ],
			"scale":  [ 0.5, 0.5, 0.5 ]
		},
		"head": {
			"scale":  [ 0.0001, 0.0001, 0.0001 ]
		},
		"ground": {
			"rotation":  [ 0, 0, 90 ],
			"scale":  [ 0.75, 0.75, 0.75 ]
		},
		"fixed": {
			"scale":  [ 1.5, 1.5, 1.5 ]
		}
	}
}