{
	"__comment": "Designed by Optimus0812 with Cubik Studio - https://cubik.studio",
	"textures": {
		"field_shovel": "dayz/weapon/melee/field_shovel"
	},
	"elements": [ 	 
		{
			"__comment": "field_shovel",
			"from": [ 7.5, 0, 7.5 ],
			"to": [ 8.5, 8, 8.5 ],
			"faces": {
				"down": { "uv": [ 7.5, 15.5, 8.5, 16 ], "texture": "#field_shovel", "rotation": 180 },
				"up": { "uv": [ 7.5, 8.5, 8.5, 8 ], "texture": "#field_shovel", "rotation": 180 },
				"north": { "uv": [ 7.5, 8, 8.5, 16 ], "texture": "#field_shovel" },
				"south": { "uv": [ 8.5, 8, 7.5, 16 ], "texture": "#field_shovel" },
				"west": { "uv": [ 8.5, 8, 8, 16 ], "texture": "#field_shovel" },
				"east": { "uv": [ 7.5, 8, 8, 16 ], "texture": "#field_shovel" }
			}
		},
		{
			"__comment": "field_shovel1",
			"from": [ 7.5, 8, 7 ],
			"to": [ 8.5, 8.5, 9 ],
			"faces": {
				"down": { "uv": [ 7.5, 7.5, 8.5, 8 ], "texture": "#field_shovel", "rotation": 180 },
				"up": { "uv": [ 7.5, 8, 8.5, 7.5 ], "texture": "#field_shovel", "rotation": 180 },
				"north": { "uv": [ 7.5, 7.5, 8.5, 8 ], "texture": "#field_shovel" },
				"south": { "uv": [ 8.5, 7.5, 7.5, 8 ], "texture": "#field_shovel" },
				"west": { "uv": [ 8.5, 7.5, 8, 8 ], "texture": "#field_shovel" },
				"east": { "uv": [ 7.5, 7.5, 8, 8 ], "texture": "#field_shovel" }
			}
		},
		{
			"__comment": "field_shovel2",
			"from": [ 8.5, 8, 7.5 ],
			"to": [ 9, 8.5, 8.5 ],
			"faces": {
				"down": { "uv": [ 7, 7.5, 7.5, 8 ], "texture": "#field_shovel", "rotation": 180 },
				"up": { "uv": [ 7, 8, 7.5, 7.5 ], "texture": "#field_shovel", "rotation": 180 },
				"north": { "uv": [ 7, 7.5, 7.5, 8 ], "texture": "#field_shovel" },
				"south": { "uv": [ 7.5, 7.5, 7, 8 ], "texture": "#field_shovel" },
				"west": { "uv": [ 7.5, 7.5, 7, 8 ], "texture": "#field_shovel" },
				"east": { "uv": [ 7, 7.5, 7.5, 8 ], "texture": "#field_shovel" }
			}
		},
		{
			"__comment": "field_shovel3",
			"from": [ 7, 8, 7.5 ],
			"to": [ 7.5, 8.5, 8.5 ],
			"faces": {
				"down": { "uv": [ 8.5, 7.5, 9, 8 ], "texture": "#field_shovel", "rotation": 180 },
				"up": { "uv": [ 8.5, 8, 9, 7.5 ], "texture": "#field_shovel", "rotation": 180 },
				"north": { "uv": [ 8.5, 7.5, 9, 8 ], "texture": "#field_shovel" },
				"south": { "uv": [ 9, 7.5, 8.5, 8 ], "texture": "#field_shovel" },
				"west": { "uv": [ 9, 7.5, 8.5, 8 ], "texture": "#field_shovel" },
				"east": { "uv": [ 8.5, 7.5, 9, 8 ], "texture": "#field_shovel" }
			}
		},
		{
			"__comment": "field_shovel4",
			"from": [ 7.5, 8.5, 7 ],
			"to": [ 8.5, 9.5, 9 ],
			"faces": {
				"down": { "uv": [ 7.5, 7, 8.5, 7.5 ], "texture": "#field_shovel", "rotation": 180 },
				"up": { "uv": [ 7.5, 7, 8.5, 6.5 ], "texture": "#field_shovel", "rotation": 180 },
				"north": { "uv": [ 7.5, 6.5, 8.5, 7.5 ], "texture": "#field_shovel" },
				"south": { "uv": [ 8.5, 6.5, 7.5, 7.5 ], "texture": "#field_shovel" },
				"west": { "uv": [ 8.5, 6.5, 8, 7.5 ], "texture": "#field_shovel" },
				"east": { "uv": [ 7.5, 6.5, 8, 7.5 ], "texture": "#field_shovel" }
			}
		},
		{
			"__comment": "field_shovel5",
			"from": [ 7.5, 9.5, 7 ],
			"to": [ 8.5, 10.5, 8.5 ],
			"faces": {
				"down": { "uv": [ 7.5, 6, 8.5, 6.5 ], "texture": "#field_shovel", "rotation": 180 },
				"up": { "uv": [ 7.5, 6, 8.5, 5.5 ], "texture": "#field_shovel", "rotation": 180 },
				"north": { "uv": [ 7.5, 5.5, 8.5, 6.5 ], "texture": "#field_shovel" },
				"south": { "uv": [ 8.5, 5.5, 7.5, 6.5 ], "texture": "#field_shovel" },
				"west": { "uv": [ 8.5, 5.5, 8, 6.5 ], "texture": "#field_shovel" },
				"east": { "uv": [ 7.5, 5.5, 8, 6.5 ], "texture": "#field_shovel" }
			}
		},
		{
			"__comment": "field_shovel6",
			"from": [ 7.5, 10.5, 7 ],
			"to": [ 8.5, 11.5, 8 ],
			"faces": {
				"down": { "uv": [ 7.5, 5, 8.5, 5.5 ], "texture": "#field_shovel", "rotation": 180 },
				"up": { "uv": [ 7.5, 5, 8.5, 4.5 ], "texture": "#field_shovel", "rotation": 180 },
				"north": { "uv": [ 7.5, 4.5, 8.5, 5.5 ], "texture": "#field_shovel" },
				"south": { "uv": [ 8.5, 4.5, 7.5, 5.5 ], "texture": "#field_shovel" },
				"west": { "uv": [ 8.5, 4.5, 8, 5.5 ], "texture": "#field_shovel" },
				"east": { "uv": [ 7.5, 4.5, 8, 5.5 ], "texture": "#field_shovel" }
			}
		},
		{
			"__comment": "field_shovel7",
			"from": [ 10.5, 8.5, 8 ],
			"to": [ 11, 13.5, 8.5 ],
			"faces": {
				"down": { "uv": [ 5, 7, 5.5, 7.5 ], "texture": "#field_shovel", "rotation": 180 },
				"up": { "uv": [ 5, 3, 5.5, 2.5 ], "texture": "#field_shovel", "rotation": 180 },
				"north": { "uv": [ 5, 2.5, 5.5, 7.5 ], "texture": "#field_shovel" },
				"south": { "uv": [ 5.5, 2.5, 5, 7.5 ], "texture": "#field_shovel" },
				"west": { "uv": [ 5.5, 2.5, 5, 7.5 ], "texture": "#field_shovel" },
				"east": { "uv": [ 5, 2.5, 5.5, 7.5 ], "texture": "#field_shovel" }
			}
		},
		{
			"__comment": "field_shovel8",
			"from": [ 8.5, 8.5, 7 ],
			"to": [ 9, 9.5, 8.5 ],
			"faces": {
				"down": { "uv": [ 7, 7, 7.5, 7.5 ], "texture": "#field_shovel", "rotation": 180 },
				"up": { "uv": [ 7, 7, 7.5, 6.5 ], "texture": "#field_shovel", "rotation": 180 },
				"north": { "uv": [ 7, 6.5, 7.5, 7.5 ], "texture": "#field_shovel" },
				"south": { "uv": [ 7.5, 6.5, 7, 7.5 ], "texture": "#field_shovel" },
				"west": { "uv": [ 7.5, 6.5, 7, 7.5 ], "texture": "#field_shovel" },
				"east": { "uv": [ 7, 6.5, 7.5, 7.5 ], "texture": "#field_shovel" }
			}
		},
		{
			"__comment": "field_shovel9",
			"from": [ 7, 8.5, 7 ],
			"to": [ 7.5, 9.5, 8.5 ],
			"faces": {
				"down": { "uv": [ 8.5, 7, 9, 7.5 ], "texture": "#field_shovel", "rotation": 180 },
				"up": { "uv": [ 8.5, 7, 9, 6.5 ], "texture": "#field_shovel", "rotation": 180 },
				"north": { "uv": [ 8.5, 6.5, 9, 7.5 ], "texture": "#field_shovel" },
				"south": { "uv": [ 9, 6.5, 8.5, 7.5 ], "texture": "#field_shovel" },
				"west": { "uv": [ 9, 6.5, 8.5, 7.5 ], "texture": "#field_shovel" },
				"east": { "uv": [ 8.5, 6.5, 9, 7.5 ], "texture": "#field_shovel" }
			}
		},
		{
			"__comment": "field_shovel10",
			"from": [ 5, 8.5, 8 ],
			"to": [ 5.5, 13.5, 8.5 ],
			"faces": {
				"down": { "uv": [ 10.5, 7, 11, 7.5 ], "texture": "#field_shovel", "rotation": 180 },
				"up": { "uv": [ 10.5, 3, 11, 2.5 ], "texture": "#field_shovel", "rotation": 180 },
				"north": { "uv": [ 10.5, 2.5, 11, 7.5 ], "texture": "#field_shovel" },
				"south": { "uv": [ 11, 2.5, 10.5, 7.5 ], "texture": "#field_shovel" },
				"west": { "uv": [ 11, 2.5, 10.5, 7.5 ], "texture": "#field_shovel" },
				"east": { "uv": [ 10.5, 2.5, 11, 7.5 ], "texture": "#field_shovel" }
			}
		},
		{
			"__comment": "field_shovel11",
			"from": [ 10, 8.5, 7.5 ],
			"to": [ 10.5, 14.5, 8 ],
			"faces": {
				"down": { "uv": [ 5.5, 7, 6, 7.5 ], "texture": "#field_shovel", "rotation": 180 },
				"up": { "uv": [ 5.5, 2, 6, 1.5 ], "texture": "#field_shovel", "rotation": 180 },
				"north": { "uv": [ 5.5, 1.5, 6, 7.5 ], "texture": "#field_shovel" },
				"south": { "uv": [ 6, 1.5, 5.5, 7.5 ], "texture": "#field_shovel" },
				"west": { "uv": [ 6, 1.5, 5.5, 7.5 ], "texture": "#field_shovel" },
				"east": { "uv": [ 5.5, 1.5, 6, 7.5 ], "texture": "#field_shovel" }
			}
		},
		{
			"__comment": "field_shovel12",
			"from": [ 5.5, 8.5, 7.5 ],
			"to": [ 6, 14.5, 8 ],
			"faces": {
				"down": { "uv": [ 10, 7, 10.5, 7.5 ], "texture": "#field_shovel", "rotation": 180 },
				"up": { "uv": [ 10, 2, 10.5, 1.5 ], "texture": "#field_shovel", "rotation": 180 },
				"north": { "uv": [ 10, 1.5, 10.5, 7.5 ], "texture": "#field_shovel" },
				"south": { "uv": [ 10.5, 1.5, 10, 7.5 ], "texture": "#field_shovel" },
				"west": { "uv": [ 10.5, 1.5, 10, 7.5 ], "texture": "#field_shovel" },
				"east": { "uv": [ 10, 1.5, 10.5, 7.5 ], "texture": "#field_shovel" }
			}
		},
		{
			"__comment": "field_shovel13",
			"from": [ 9.5, 8.5, 7 ],
			"to": [ 10, 14.5, 7.5 ],
			"faces": {
				"down": { "uv": [ 6, 7, 6.5, 7.5 ], "texture": "#field_shovel", "rotation": 180 },
				"up": { "uv": [ 6, 2, 6.5, 1.5 ], "texture": "#field_shovel", "rotation": 180 },
				"north": { "uv": [ 6, 1.5, 6.5, 7.5 ], "texture": "#field_shovel" },
				"south": { "uv": [ 6.5, 1.5, 6, 7.5 ], "texture": "#field_shovel" },
				"west": { "uv": [ 6.5, 1.5, 6, 7.5 ], "texture": "#field_shovel" },
				"east": { "uv": [ 6, 1.5, 6.5, 7.5 ], "texture": "#field_shovel" }
			}
		},
		{
			"__comment": "field_shovel14",
			"from": [ 6, 8.5, 7 ],
			"to": [ 6.5, 14.5, 7.5 ],
			"faces": {
				"down": { "uv": [ 9.5, 7, 10, 7.5 ], "texture": "#field_shovel", "rotation": 180 },
				"up": { "uv": [ 9.5, 2, 10, 1.5 ], "texture": "#field_shovel", "rotation": 180 },
				"north": { "uv": [ 9.5, 1.5, 10, 7.5 ], "texture": "#field_shovel" },
				"south": { "uv": [ 10, 1.5, 9.5, 7.5 ], "texture": "#field_shovel" },
				"west": { "uv": [ 10, 1.5, 9.5, 7.5 ], "texture": "#field_shovel" },
				"east": { "uv": [ 9.5, 1.5, 10, 7.5 ], "texture": "#field_shovel" }
			}
		},
		{
			"__comment": "field_shovel15",
			"from": [ 9, 8.5, 7 ],
			"to": [ 9.5, 15, 7.5 ],
			"faces": {
				"down": { "uv": [ 6.5, 7, 7, 7.5 ], "texture": "#field_shovel", "rotation": 180 },
				"up": { "uv": [ 6.5, 1.5, 7, 1 ], "texture": "#field_shovel", "rotation": 180 },
				"north": { "uv": [ 6.5, 1, 7, 7.5 ], "texture": "#field_shovel" },
				"south": { "uv": [ 7, 1, 6.5, 7.5 ], "texture": "#field_shovel" },
				"west": { "uv": [ 7, 1, 6.5, 7.5 ], "texture": "#field_shovel" },
				"east": { "uv": [ 6.5, 1, 7, 7.5 ], "texture": "#field_shovel" }
			}
		},
		{
			"__comment": "field_shovel16",
			"from": [ 6.5, 8.5, 7 ],
			"to": [ 7, 15, 7.5 ],
			"faces": {
				"down": { "uv": [ 9, 7, 9.5, 7.5 ], "texture": "#field_shovel", "rotation": 180 },
				"up": { "uv": [ 9, 1.5, 9.5, 1 ], "texture": "#field_shovel", "rotation": 180 },
				"north": { "uv": [ 9, 1, 9.5, 7.5 ], "texture": "#field_shovel" },
				"south": { "uv": [ 9.5, 1, 9, 7.5 ], "texture": "#field_shovel" },
				"west": { "uv": [ 9.5, 1, 9, 7.5 ], "texture": "#field_shovel" },
				"east": { "uv": [ 9, 1, 9.5, 7.5 ], "texture": "#field_shovel" }
			}
		},
		{
			"__comment": "field_shovel17",
			"from": [ 8.5, 9.5, 7 ],
			"to": [ 9, 15, 7.5 ],
			"faces": {
				"down": { "uv": [ 7, 6, 7.5, 6.5 ], "texture": "#field_shovel", "rotation": 180 },
				"up": { "uv": [ 7, 1.5, 7.5, 1 ], "texture": "#field_shovel", "rotation": 180 },
				"north": { "uv": [ 7, 1, 7.5, 6.5 ], "texture": "#field_shovel" },
				"south": { "uv": [ 7.5, 1, 7, 6.5 ], "texture": "#field_shovel" },
				"west": { "uv": [ 7.5, 1, 7, 6.5 ], "texture": "#field_shovel" },
				"east": { "uv": [ 7, 1, 7.5, 6.5 ], "texture": "#field_shovel" }
			}
		},
		{
			"__comment": "field_shovel18",
			"from": [ 7, 9.5, 7 ],
			"to": [ 7.5, 15, 7.5 ],
			"faces": {
				"down": { "uv": [ 8.5, 6, 9, 6.5 ], "texture": "#field_shovel", "rotation": 180 },
				"up": { "uv": [ 8.5, 1.5, 9, 1 ], "texture": "#field_shovel", "rotation": 180 },
				"north": { "uv": [ 8.5, 1, 9, 6.5 ], "texture": "#field_shovel" },
				"south": { "uv": [ 9, 1, 8.5, 6.5 ], "texture": "#field_shovel" },
				"west": { "uv": [ 9, 1, 8.5, 6.5 ], "texture": "#field_shovel" },
				"east": { "uv": [ 8.5, 1, 9, 6.5 ], "texture": "#field_shovel" }
			}
		},
		{
			"__comment": "field_shovel19",
			"from": [ 7.5, 11.5, 7 ],
			"to": [ 8.5, 15.5, 7.5 ],
			"faces": {
				"down": { "uv": [ 7.5, 4, 8.5, 4.5 ], "texture": "#field_shovel", "rotation": 180 },
				"up": { "uv": [ 7.5, 1, 8.5, 0.5 ], "texture": "#field_shovel", "rotation": 180 },
				"north": { "uv": [ 7.5, 0.5, 8.5, 4.5 ], "texture": "#field_shovel" },
				"south": { "uv": [ 8.5, 0.5, 7.5, 4.5 ], "texture": "#field_shovel" },
				"west": { "uv": [ 8.5, 0.5, 8, 4.5 ], "texture": "#field_shovel" },
				"east": { "uv": [ 7.5, 0.5, 8, 4.5 ], "texture": "#field_shovel" }
			}
		},
		{
			"__comment": "field_shovel20",
			"from": [ 9.5, 14.5, 7.5 ],
			"to": [ 10, 15, 8 ],
			"faces": {
				"down": { "uv": [ 6, 1, 6.5, 1.5 ], "texture": "#field_shovel", "rotation": 180 },
				"up": { "uv": [ 6, 1.5, 6.5, 1 ], "texture": "#field_shovel", "rotation": 180 },
				"north": { "uv": [ 6, 1, 6.5, 1.5 ], "texture": "#field_shovel" },
				"south": { "uv": [ 6.5, 1, 6, 1.5 ], "texture": "#field_shovel" },
				"west": { "uv": [ 6.5, 1, 6, 1.5 ], "texture": "#field_shovel" },
				"east": { "uv": [ 6, 1, 6.5, 1.5 ], "texture": "#field_shovel" }
			}
		},
		{
			"__comment": "field_shovel21",
			"from": [ 6, 14.5, 7.5 ],
			"to": [ 6.5, 15, 8 ],
			"faces": {
				"down": { "uv": [ 9.5, 1, 10, 1.5 ], "texture": "#field_shovel", "rotation": 180 },
				"up": { "uv": [ 9.5, 1.5, 10, 1 ], "texture": "#field_shovel", "rotation": 180 },
				"north": { "uv": [ 9.5, 1, 10, 1.5 ], "texture": "#field_shovel" },
				"south": { "uv": [ 10, 1, 9.5, 1.5 ], "texture": "#field_shovel" },
				"west": { "uv": [ 10, 1, 9.5, 1.5 ], "texture": "#field_shovel" },
				"east": { "uv": [ 9.5, 1, 10, 1.5 ], "texture": "#field_shovel" }
			}
		},
		{
			"__comment": "field_shovel22",
			"from": [ 8.5, 15, 7.5 ],
			"to": [ 9.5, 15.5, 8 ],
			"faces": {
				"down": { "uv": [ 6.5, 0.5, 7.5, 1 ], "texture": "#field_shovel", "rotation": 180 },
				"up": { "uv": [ 6.5, 1, 7.5, 0.5 ], "texture": "#field_shovel", "rotation": 180 },
				"north": { "uv": [ 6.5, 0.5, 7.5, 1 ], "texture": "#field_shovel" },
				"south": { "uv": [ 7.5, 0.5, 6.5, 1 ], "texture": "#field_shovel" },
				"west": { "uv": [ 7.5, 0.5, 7, 1 ], "texture": "#field_shovel" },
				"east": { "uv": [ 6.5, 0.5, 7, 1 ], "texture": "#field_shovel" }
			}
		},
		{
			"__comment": "field_shovel23",
			"from": [ 6.5, 15, 7.5 ],
			"to": [ 7.5, 15.5, 8 ],
			"faces": {
				"down": { "uv": [ 8.5, 0.5, 9.5, 1 ], "texture": "#field_shovel", "rotation": 180 },
				"up": { "uv": [ 8.5, 1, 9.5, 0.5 ], "texture": "#field_shovel", "rotation": 180 },
				"north": { "uv": [ 8.5, 0.5, 9.5, 1 ], "texture": "#field_shovel" },
				"south": { "uv": [ 9.5, 0.5, 8.5, 1 ], "texture": "#field_shovel" },
				"west": { "uv": [ 9.5, 0.5, 9, 1 ], "texture": "#field_shovel" },
				"east": { "uv": [ 8.5, 0.5, 9, 1 ], "texture": "#field_shovel" }
			}
		},
		{
			"__comment": "field_shovel24",
			"from": [ 7.5, 15.5, 7.5 ],
			"to": [ 8.5, 16, 8 ],
			"faces": {
				"down": { "uv": [ 7.5, 0, 8.5, 0.5 ], "texture": "#field_shovel", "rotation": 180 },
				"up": { "uv": [ 7.5, 0.5, 8.5, 0 ], "texture": "#field_shovel", "rotation": 180 },
				"north": { "uv": [ 7.5, 0, 8.5, 0.5 ], "texture": "#field_shovel" },
				"south": { "uv": [ 8.5, 0, 7.5, 0.5 ], "texture": "#field_shovel" },
				"west": { "uv": [ 8.5, 0, 8, 0.5 ], "texture": "#field_shovel" },
				"east": { "uv": [ 7.5, 0, 8, 0.5 ], "texture": "#field_shovel" }
			}
		},
		{
			"__comment": "field_shovel25",
			"from": [ 7.5, 8.5, 6.5 ],
			"to": [ 8.5, 13.5, 7 ],
			"faces": {
				"down": { "uv": [ 7.5, 7, 8.5, 7.5 ], "texture": "#field_shovel", "rotation": 180 },
				"up": { "uv": [ 7.5, 3, 8.5, 2.5 ], "texture": "#field_shovel", "rotation": 180 },
				"north": { "uv": [ 7.5, 2.5, 8.5, 7.5 ], "texture": "#field_shovel" },
				"south": { "uv": [ 8.5, 2.5, 7.5, 7.5 ], "texture": "#field_shovel" },
				"west": { "uv": [ 8.5, 2.5, 8, 7.5 ], "texture": "#field_shovel" },
				"east": { "uv": [ 7.5, 2.5, 8, 7.5 ], "texture": "#field_shovel" }
			}
		}
	],
	"display": {
		"thirdperson_righthand": {
			"rotation":  [ 0, -90, 0 ],
			"translation":  [ 0, 2.5, 1.5 ]
		},
		"thirdperson_lefthand": {
			"rotation":  [ -90, 0, -75 ],
			"translation":  [ -8, -6, 3 ]
		},
		"firstperson_righthand": {
			"rotation":  [ 0, -90, -15 ],
			"translation":  [ 3, 3, -3 ]
		},
		"firstperson_lefthand": {
			"scale":  [ 0.0001, 0.0001, 0.0001 ]
		},
		"gui": {
			"rotation":  [ 0, 0, -45 ],
			"translation":  [ -1, -0.75, 0 ]
		},
		"head": {
			"scale":  [ 0.0001, 0.0001, 0.0001 ]
		},
		"ground": {
			"rotation":  [ -90, 0, 90 ]
		},
		"fixed": {
			"rotation":  [ 0, 180, 0 ],
			"translation":  [ 0, 0, -3 ],
			"scale":  [ 2, 2, 2 ]
		}
	}
}