{
	"__comment": "Designed by Optimus0812 with Cubik Studio - https://cubik.studio",
	"textures": {
		"flanged_mace": "dayz/weapon/melee/flanged_mace"
	},
	"elements": [ 	 
		{
			"__comment": "flanged_mace1",
			"from": [ 7.5, -8, 7 ],
			"to": [ 8.5, 19, 9 ],
			"faces": {
				"down": { "uv": [ 7.75, 15.75, 8.25, 16 ], "texture": "#flanged_mace" },
				"up": { "uv": [ 7.75, 2.75, 8.25, 2.5 ], "texture": "#flanged_mace" },
				"north": { "uv": [ 8.25, 2.5, 7.75, 16 ], "texture": "#flanged_mace" },
				"south": { "uv": [ 7.75, 2.5, 8.25, 16 ], "texture": "#flanged_mace" },
				"west": { "uv": [ 7.75, 2.5, 8, 16 ], "texture": "#flanged_mace" },
				"east": { "uv": [ 8.25, 2.5, 8, 16 ], "texture": "#flanged_mace" }
			}
		},
		{
			"__comment": "flanged_mace2",
			"from": [ 7, -8, 7.5 ],
			"to": [ 7.5, 19, 8.5 ],
			"faces": {
				"down": { "uv": [ 7.5, 15.75, 7.75, 16 ], "texture": "#flanged_mace" },
				"up": { "uv": [ 7.5, 2.75, 7.75, 2.5 ], "texture": "#flanged_mace" },
				"north": { "uv": [ 7.75, 2.5, 7.5, 16 ], "texture": "#flanged_mace" },
				"south": { "uv": [ 7.5, 2.5, 7.75, 16 ], "texture": "#flanged_mace" },
				"west": { "uv": [ 7.5, 2.5, 7.75, 16 ], "texture": "#flanged_mace" },
				"east": { "uv": [ 7.75, 2.5, 7.5, 16 ], "texture": "#flanged_mace" }
			}
		},
		{
			"__comment": "flanged_mace3",
			"from": [ 8.5, -8, 7.5 ],
			"to": [ 9, 19, 8.5 ],
			"faces": {
				"down": { "uv": [ 8.25, 15.75, 8.5, 16 ], "texture": "#flanged_mace" },
				"up": { "uv": [ 8.25, 2.75, 8.5, 2.5 ], "texture": "#flanged_mace" },
				"north": { "uv": [ 8.5, 2.5, 8.25, 16 ], "texture": "#flanged_mace" },
				"south": { "uv": [ 8.25, 2.5, 8.5, 16 ], "texture": "#flanged_mace" },
				"west": { "uv": [ 8.25, 2.5, 8.5, 16 ], "texture": "#flanged_mace" },
				"east": { "uv": [ 8.5, 2.5, 8.25, 16 ], "texture": "#flanged_mace" }
			}
		},
		{
			"__comment": "flanged_mace4",
			"from": [ 8.5, 19, 7.5 ],
			"to": [ 9, 24, 8.5 ],
			"faces": {
				"down": { "uv": [ 8.25, 2.25, 8.5, 2.5 ], "texture": "#flanged_mace" },
				"up": { "uv": [ 8.25, 0.25, 8.5, 0 ], "texture": "#flanged_mace" },
				"north": { "uv": [ 8.5, 0, 8.25, 2.5 ], "texture": "#flanged_mace" },
				"south": { "uv": [ 8.25, 0, 8.5, 2.5 ], "texture": "#flanged_mace" },
				"west": { "uv": [ 8.25, 0, 8.5, 2.5 ], "texture": "#flanged_mace" },
				"east": { "uv": [ 8.5, 0, 8.25, 2.5 ], "texture": "#flanged_mace" }
			}
		},
		{
			"__comment": "flanged_mace5",
			"from": [ 7, 19, 7.5 ],
			"to": [ 7.5, 24, 8.5 ],
			"faces": {
				"down": { "uv": [ 7.5, 2.25, 7.75, 2.5 ], "texture": "#flanged_mace" },
				"up": { "uv": [ 7.5, 0.25, 7.75, 0 ], "texture": "#flanged_mace" },
				"north": { "uv": [ 7.75, 0, 7.5, 2.5 ], "texture": "#flanged_mace" },
				"south": { "uv": [ 7.5, 0, 7.75, 2.5 ], "texture": "#flanged_mace" },
				"west": { "uv": [ 7.5, 0, 7.75, 2.5 ], "texture": "#flanged_mace" },
				"east": { "uv": [ 7.75, 0, 7.5, 2.5 ], "texture": "#flanged_mace" }
			}
		},
		{
			"__comment": "flanged_mace6",
			"from": [ 6.5, 19, 7.5 ],
			"to": [ 7, 23.5, 8.5 ],
			"faces": {
				"down": { "uv": [ 7.25, 2.25, 7.5, 2.5 ], "texture": "#flanged_mace" },
				"up": { "uv": [ 7.25, 0.5, 7.5, 0.25 ], "texture": "#flanged_mace" },
				"north": { "uv": [ 7.5, 0.25, 7.25, 2.5 ], "texture": "#flanged_mace" },
				"south": { "uv": [ 7.25, 0.25, 7.5, 2.5 ], "texture": "#flanged_mace" },
				"west": { "uv": [ 7.25, 0.25, 7.5, 2.5 ], "texture": "#flanged_mace" },
				"east": { "uv": [ 7.5, 0.25, 7.25, 2.5 ], "texture": "#flanged_mace" }
			}
		},
		{
			"__comment": "flanged_mace7",
			"from": [ 9, 19, 7.5 ],
			"to": [ 9.5, 23.5, 8.5 ],
			"faces": {
				"down": { "uv": [ 8.5, 2.25, 8.75, 2.5 ], "texture": "#flanged_mace" },
				"up": { "uv": [ 8.5, 0.5, 8.75, 0.25 ], "texture": "#flanged_mace" },
				"north": { "uv": [ 8.75, 0.25, 8.5, 2.5 ], "texture": "#flanged_mace" },
				"south": { "uv": [ 8.5, 0.25, 8.75, 2.5 ], "texture": "#flanged_mace" },
				"west": { "uv": [ 8.5, 0.25, 8.75, 2.5 ], "texture": "#flanged_mace" },
				"east": { "uv": [ 8.75, 0.25, 8.5, 2.5 ], "texture": "#flanged_mace" }
			}
		},
		{
			"__comment": "flanged_mace8",
			"from": [ 7.5, 19, 7 ],
			"to": [ 8.5, 24, 9 ],
			"faces": {
				"down": { "uv": [ 7.75, 2.25, 8.25, 2.5 ], "texture": "#flanged_mace" },
				"up": { "uv": [ 7.75, 0.25, 8.25, 0 ], "texture": "#flanged_mace" },
				"north": { "uv": [ 8.25, 0, 7.75, 2.5 ], "texture": "#flanged_mace" },
				"south": { "uv": [ 7.75, 0, 8.25, 2.5 ], "texture": "#flanged_mace" },
				"west": { "uv": [ 7.75, 0, 8, 2.5 ], "texture": "#flanged_mace" },
				"east": { "uv": [ 8.25, 0, 8, 2.5 ], "texture": "#flanged_mace" }
			}
		},
		{
			"__comment": "flanged_mace9",
			"from": [ 5.5, 21, 7.5 ],
			"to": [ 6, 23, 8.5 ],
			"faces": {
				"down": { "uv": [ 6.75, 1.25, 7, 1.5 ], "texture": "#flanged_mace" },
				"up": { "uv": [ 6.75, 0.75, 7, 0.5 ], "texture": "#flanged_mace" },
				"north": { "uv": [ 7, 0.5, 6.75, 1.5 ], "texture": "#flanged_mace" },
				"south": { "uv": [ 6.75, 0.5, 7, 1.5 ], "texture": "#flanged_mace" },
				"west": { "uv": [ 6.75, 0.5, 7, 1.5 ], "texture": "#flanged_mace" },
				"east": { "uv": [ 7, 0.5, 6.75, 1.5 ], "texture": "#flanged_mace" }
			}
		},
		{
			"__comment": "flanged_mace10",
			"from": [ 10, 21, 7.5 ],
			"to": [ 10.5, 23, 8.5 ],
			"faces": {
				"down": { "uv": [ 9, 1.25, 9.25, 1.5 ], "texture": "#flanged_mace" },
				"up": { "uv": [ 9, 0.75, 9.25, 0.5 ], "texture": "#flanged_mace" },
				"north": { "uv": [ 9.25, 0.5, 9, 1.5 ], "texture": "#flanged_mace" },
				"south": { "uv": [ 9, 0.5, 9.25, 1.5 ], "texture": "#flanged_mace" },
				"west": { "uv": [ 9, 0.5, 9.25, 1.5 ], "texture": "#flanged_mace" },
				"east": { "uv": [ 9.25, 0.5, 9, 1.5 ], "texture": "#flanged_mace" }
			}
		},
		{
			"__comment": "flanged_mace11",
			"from": [ 6, 19.5, 7.5 ],
			"to": [ 6.5, 23.5, 8.5 ],
			"faces": {
				"down": { "uv": [ 7, 2, 7.25, 2.25 ], "texture": "#flanged_mace" },
				"up": { "uv": [ 7, 0.5, 7.25, 0.25 ], "texture": "#flanged_mace" },
				"north": { "uv": [ 7.25, 0.25, 7, 2.25 ], "texture": "#flanged_mace" },
				"south": { "uv": [ 7, 0.25, 7.25, 2.25 ], "texture": "#flanged_mace" },
				"west": { "uv": [ 7, 0.25, 7.25, 2.25 ], "texture": "#flanged_mace" },
				"east": { "uv": [ 7.25, 0.25, 7, 2.25 ], "texture": "#flanged_mace" }
			}
		},
		{
			"__comment": "flanged_mace12",
			"from": [ 9.5, 19.5, 7.5 ],
			"to": [ 10, 23.5, 8.5 ],
			"faces": {
				"down": { "uv": [ 8.75, 2, 9, 2.25 ], "texture": "#flanged_mace" },
				"up": { "uv": [ 8.75, 0.5, 9, 0.25 ], "texture": "#flanged_mace" },
				"north": { "uv": [ 9, 0.25, 8.75, 2.25 ], "texture": "#flanged_mace" },
				"south": { "uv": [ 8.75, 0.25, 9, 2.25 ], "texture": "#flanged_mace" },
				"west": { "uv": [ 8.75, 0.25, 9, 2.25 ], "texture": "#flanged_mace" },
				"east": { "uv": [ 9, 0.25, 8.75, 2.25 ], "texture": "#flanged_mace" }
			}
		},
		{
			"__comment": "flanged_mace13",
			"from": [ 7.5, 19, 6.5 ],
			"to": [ 8.5, 23.5, 7 ],
			"faces": {
				"down": { "uv": [ 7.75, 2.25, 8.25, 2.5 ], "texture": "#flanged_mace" },
				"up": { "uv": [ 7.75, 0.5, 8.25, 0.25 ], "texture": "#flanged_mace" },
				"north": { "uv": [ 8.25, 0.25, 7.75, 2.5 ], "texture": "#flanged_mace" },
				"south": { "uv": [ 7.75, 0.25, 8.25, 2.5 ], "texture": "#flanged_mace" },
				"west": { "uv": [ 7.75, 0.25, 8, 2.5 ], "texture": "#flanged_mace" },
				"east": { "uv": [ 8.25, 0.25, 8, 2.5 ], "texture": "#flanged_mace" }
			}
		},
		{
			"__comment": "flanged_mace14",
			"from": [ 7.5, 19, 9 ],
			"to": [ 8.5, 23.5, 9.5 ],
			"faces": {
				"down": { "uv": [ 7.75, 2.25, 8.25, 2.5 ], "texture": "#flanged_mace" },
				"up": { "uv": [ 7.75, 0.5, 8.25, 0.25 ], "texture": "#flanged_mace" },
				"north": { "uv": [ 8.25, 0.25, 7.75, 2.5 ], "texture": "#flanged_mace" },
				"south": { "uv": [ 7.75, 0.25, 8.25, 2.5 ], "texture": "#flanged_mace" },
				"west": { "uv": [ 7.75, 0.25, 8, 2.5 ], "texture": "#flanged_mace" },
				"east": { "uv": [ 8.25, 0.25, 8, 2.5 ], "texture": "#flanged_mace" }
			}
		},
		{
			"__comment": "flanged_mace15",
			"from": [ 7.5, 19.5, 6 ],
			"to": [ 8.5, 23.5, 6.5 ],
			"faces": {
				"down": { "uv": [ 7.75, 2, 8.25, 2.25 ], "texture": "#flanged_mace" },
				"up": { "uv": [ 7.75, 0.5, 8.25, 0.25 ], "texture": "#flanged_mace" },
				"north": { "uv": [ 8.25, 0.25, 7.75, 2.25 ], "texture": "#flanged_mace" },
				"south": { "uv": [ 7.75, 0.25, 8.25, 2.25 ], "texture": "#flanged_mace" },
				"west": { "uv": [ 7.75, 0.25, 8, 2.25 ], "texture": "#flanged_mace" },
				"east": { "uv": [ 8.25, 0.25, 8, 2.25 ], "texture": "#flanged_mace" }
			}
		},
		{
			"__comment": "flanged_mace16",
			"from": [ 7.5, 19.5, 9.5 ],
			"to": [ 8.5, 23.5, 10 ],
			"faces": {
				"down": { "uv": [ 7.75, 2, 8.25, 2.25 ], "texture": "#flanged_mace" },
				"up": { "uv": [ 7.75, 0.5, 8.25, 0.25 ], "texture": "#flanged_mace" },
				"north": { "uv": [ 8.25, 0.25, 7.75, 2.25 ], "texture": "#flanged_mace" },
				"south": { "uv": [ 7.75, 0.25, 8.25, 2.25 ], "texture": "#flanged_mace" },
				"west": { "uv": [ 7.75, 0.25, 8, 2.25 ], "texture": "#flanged_mace" },
				"east": { "uv": [ 8.25, 0.25, 8, 2.25 ], "texture": "#flanged_mace" }
			}
		},
		{
			"__comment": "flanged_mace17",
			"from": [ 7.5, 21, 5.5 ],
			"to": [ 8.5, 23, 6 ],
			"faces": {
				"down": { "uv": [ 7.75, 1.25, 8.25, 1.5 ], "texture": "#flanged_mace" },
				"up": { "uv": [ 7.75, 0.75, 8.25, 0.5 ], "texture": "#flanged_mace" },
				"north": { "uv": [ 8.25, 0.5, 7.75, 1.5 ], "texture": "#flanged_mace" },
				"south": { "uv": [ 7.75, 0.5, 8.25, 1.5 ], "texture": "#flanged_mace" },
				"west": { "uv": [ 7.75, 0.5, 8, 1.5 ], "texture": "#flanged_mace" },
				"east": { "uv": [ 8.25, 0.5, 8, 1.5 ], "texture": "#flanged_mace" }
			}
		},
		{
			"__comment": "flanged_mace18",
			"from": [ 7.5, 21, 10 ],
			"to": [ 8.5, 23, 10.5 ],
			"faces": {
				"down": { "uv": [ 7.75, 1.25, 8.25, 1.5 ], "texture": "#flanged_mace" },
				"up": { "uv": [ 7.75, 0.75, 8.25, 0.5 ], "texture": "#flanged_mace" },
				"north": { "uv": [ 8.25, 0.5, 7.75, 1.5 ], "texture": "#flanged_mace" },
				"south": { "uv": [ 7.75, 0.5, 8.25, 1.5 ], "texture": "#flanged_mace" },
				"west": { "uv": [ 7.75, 0.5, 8, 1.5 ], "texture": "#flanged_mace" },
				"east": { "uv": [ 8.25, 0.5, 8, 1.5 ], "texture": "#flanged_mace" }
			}
		},
		{
			"__comment": "flanged_mace19",
			"from": [ 7, 19, 8.5 ],
			"to": [ 7.5, 23.5, 9 ],
			"faces": {
				"down": { "uv": [ 7.5, 2.25, 7.75, 2.5 ], "texture": "#flanged_mace" },
				"up": { "uv": [ 7.5, 0.5, 7.75, 0.25 ], "texture": "#flanged_mace" },
				"north": { "uv": [ 7.75, 0.25, 7.5, 2.5 ], "texture": "#flanged_mace" },
				"south": { "uv": [ 7.5, 0.25, 7.75, 2.5 ], "texture": "#flanged_mace" },
				"west": { "uv": [ 7.5, 0.25, 7.75, 2.5 ], "texture": "#flanged_mace" },
				"east": { "uv": [ 7.75, 0.25, 7.5, 2.5 ], "texture": "#flanged_mace" }
			}
		},
		{
			"__comment": "flanged_mace20",
			"from": [ 8.5, 19, 8.5 ],
			"to": [ 9, 23.5, 9 ],
			"faces": {
				"down": { "uv": [ 8.25, 2.25, 8.5, 2.5 ], "texture": "#flanged_mace" },
				"up": { "uv": [ 8.25, 0.5, 8.5, 0.25 ], "texture": "#flanged_mace" },
				"north": { "uv": [ 8.5, 0.25, 8.25, 2.5 ], "texture": "#flanged_mace" },
				"south": { "uv": [ 8.25, 0.25, 8.5, 2.5 ], "texture": "#flanged_mace" },
				"west": { "uv": [ 8.25, 0.25, 8.5, 2.5 ], "texture": "#flanged_mace" },
				"east": { "uv": [ 8.5, 0.25, 8.25, 2.5 ], "texture": "#flanged_mace" }
			}
		},
		{
			"__comment": "flanged_mace21",
			"from": [ 8.5, 19, 7 ],
			"to": [ 9, 23.5, 7.5 ],
			"faces": {
				"down": { "uv": [ 8.25, 2.25, 8.5, 2.5 ], "texture": "#flanged_mace" },
				"up": { "uv": [ 8.25, 0.5, 8.5, 0.25 ], "texture": "#flanged_mace" },
				"north": { "uv": [ 8.5, 0.25, 8.25, 2.5 ], "texture": "#flanged_mace" },
				"south": { "uv": [ 8.25, 0.25, 8.5, 2.5 ], "texture": "#flanged_mace" },
				"west": { "uv": [ 8.25, 0.25, 8.5, 2.5 ], "texture": "#flanged_mace" },
				"east": { "uv": [ 8.5, 0.25, 8.25, 2.5 ], "texture": "#flanged_mace" }
			}
		},
		{
			"__comment": "flanged_mace",
			"from": [ 7, 19, 7 ],
			"to": [ 7.5, 23.5, 7.5 ],
			"faces": {
				"down": { "uv": [ 7.5, 2.25, 7.75, 2.5 ], "texture": "#flanged_mace" },
				"up": { "uv": [ 7.5, 0.5, 7.75, 0.25 ], "texture": "#flanged_mace" },
				"north": { "uv": [ 7.75, 0.25, 7.5, 2.5 ], "texture": "#flanged_mace" },
				"south": { "uv": [ 7.5, 0.25, 7.75, 2.5 ], "texture": "#flanged_mace" },
				"west": { "uv": [ 7.5, 0.25, 7.75, 2.5 ], "texture": "#flanged_mace" },
				"east": { "uv": [ 7.75, 0.25, 7.5, 2.5 ], "texture": "#flanged_mace" }
			}
		}
	],
	"display": {
		"thirdperson_righthand": {
			"rotation":  [ 0, -90, 0 ],
			"translation":  [ 0, 6, 1 ],
			"scale":  [ 0.75, 0.75, 0.75 ]
		},
		"thirdperson_lefthand": {
			"rotation":  [ -90, -180, 45 ],
			"translation":  [ -6, -6, 9 ],
			"scale":  [ 0.75, 0.75, 0.75 ]
		},
		"firstperson_righthand": {
			"rotation":  [ -90, -60, -90 ],
			"translation":  [ -3, 0, -3 ]
		},
		"firstperson_lefthand": {
			"scale":  [ 0.0001, 0.0001, 0.0001 ]
		},
		"gui": {
			"rotation":  [ 0, 0, -45 ],
			"scale":  [ 0.5, 0.5, 0.5 ]
		},
		"head": {
			"scale":  [ 0.0001, 0.0001, 0.0001 ]
		},
		"ground": {
			"rotation":  [ -90, 0, 90 ],
			"scale":  [ 0.75, 0.75, 0.75 ]
		},
		"fixed": {
			"rotation":  [ 0, 180, 0 ],
			"scale":  [ 1.5, 1.5, 1.5 ]
		}
	}
}