{
	"__comment": "Designed by Optimus0812 with Cubik Studio - https://cubik.studio",
	"textures": {
		"hammer": "dayz/weapon/melee/hammer"
	},
	"elements": [ 	 
		{
			"__comment": "hammer1",
			"from": [ 7, 0, 7 ],
			"to": [ 8.5, 6, 9 ],
			"faces": {
				"down": { "uv": [ 7, 15.5, 8.5, 16 ], "texture": "#hammer" },
				"up": { "uv": [ 7, 10.5, 8.5, 10 ], "texture": "#hammer" },
				"north": { "uv": [ 8.5, 10, 7, 16 ], "texture": "#hammer" },
				"south": { "uv": [ 7, 10, 8.5, 16 ], "texture": "#hammer" },
				"west": { "uv": [ 7, 10, 7.5, 16 ], "texture": "#hammer" },
				"east": { "uv": [ 8.5, 10, 8, 16 ], "texture": "#hammer" }
			}
		},
		{
			"__comment": "hammer2",
			"from": [ 7.5, 6, 7 ],
			"to": [ 8.5, 13, 9 ],
			"faces": {
				"down": { "uv": [ 7.5, 9.5, 8.5, 10 ], "texture": "#hammer" },
				"up": { "uv": [ 7.5, 3.5, 8.5, 3 ], "texture": "#hammer" },
				"north": { "uv": [ 8.5, 3, 7.5, 10 ], "texture": "#hammer" },
				"south": { "uv": [ 7.5, 3, 8.5, 10 ], "texture": "#hammer" },
				"west": { "uv": [ 7.5, 3, 8, 10 ], "texture": "#hammer" },
				"east": { "uv": [ 8.5, 3, 8, 10 ], "texture": "#hammer" }
			}
		},
		{
			"__comment": "hammer3",
			"from": [ 8.5, 0, 7.5 ],
			"to": [ 9, 13, 8.5 ],
			"faces": {
				"down": { "uv": [ 8.5, 15.5, 9, 16 ], "texture": "#hammer" },
				"up": { "uv": [ 8.5, 3.5, 9, 3 ], "texture": "#hammer" },
				"north": { "uv": [ 9, 3, 8.5, 16 ], "texture": "#hammer" },
				"south": { "uv": [ 8.5, 3, 9, 16 ], "texture": "#hammer" },
				"west": { "uv": [ 8.5, 3, 9, 16 ], "texture": "#hammer" },
				"east": { "uv": [ 9, 3, 8.5, 16 ], "texture": "#hammer" }
			}
		},
		{
			"__comment": "hammer4",
			"from": [ 7, 6, 7.5 ],
			"to": [ 7.5, 13, 8.5 ],
			"faces": {
				"down": { "uv": [ 7, 9.5, 7.5, 10 ], "texture": "#hammer" },
				"up": { "uv": [ 7, 3.5, 7.5, 3 ], "texture": "#hammer" },
				"north": { "uv": [ 7.5, 3, 7, 10 ], "texture": "#hammer" },
				"south": { "uv": [ 7, 3, 7.5, 10 ], "texture": "#hammer" },
				"west": { "uv": [ 7, 3, 7.5, 10 ], "texture": "#hammer" },
				"east": { "uv": [ 7.5, 3, 7, 10 ], "texture": "#hammer" }
			}
		},
		{
			"__comment": "hammer5",
			"from": [ 6.5, 0, 7.5 ],
			"to": [ 7, 6, 8.5 ],
			"faces": {
				"down": { "uv": [ 6.5, 15.5, 7, 16 ], "texture": "#hammer" },
				"up": { "uv": [ 6.5, 10.5, 7, 10 ], "texture": "#hammer" },
				"north": { "uv": [ 7, 10, 6.5, 16 ], "texture": "#hammer" },
				"south": { "uv": [ 6.5, 10, 7, 16 ], "texture": "#hammer" },
				"west": { "uv": [ 6.5, 10, 7, 16 ], "texture": "#hammer" },
				"east": { "uv": [ 7, 10, 6.5, 16 ], "texture": "#hammer" }
			}
		},
		{
			"__comment": "hammer6",
			"from": [ 7, 13, 7 ],
			"to": [ 9, 15.5, 9 ],
			"faces": {
				"down": { "uv": [ 7, 2.5, 9, 3 ], "texture": "#hammer" },
				"up": { "uv": [ 7, 1, 9, 0.5 ], "texture": "#hammer" },
				"north": { "uv": [ 9, 0.5, 7, 3 ], "texture": "#hammer" },
				"south": { "uv": [ 7, 0.5, 9, 3 ], "texture": "#hammer" },
				"west": { "uv": [ 7, 0.5, 7.5, 3 ], "texture": "#hammer" },
				"east": { "uv": [ 9, 0.5, 8.5, 3 ], "texture": "#hammer" }
			}
		},
		{
			"__comment": "hammer7",
			"from": [ 3, 13, 7.5 ],
			"to": [ 7, 13.5, 8.5 ],
			"faces": {
				"down": { "uv": [ 3, 2.5, 7, 3 ], "texture": "#hammer" },
				"up": { "uv": [ 3, 3, 7, 2.5 ], "texture": "#hammer" },
				"north": { "uv": [ 7, 2.5, 3, 3 ], "texture": "#hammer" },
				"south": { "uv": [ 3, 2.5, 7, 3 ], "texture": "#hammer" },
				"west": { "uv": [ 3, 2.5, 3.5, 3 ], "texture": "#hammer" },
				"east": { "uv": [ 7, 2.5, 6.5, 3 ], "texture": "#hammer" }
			}
		},
		{
			"__comment": "hammer8",
			"from": [ 3, 15.5, 7.5 ],
			"to": [ 10.5, 16, 8.5 ],
			"faces": {
				"down": { "uv": [ 3, 0, 10.5, 0.5 ], "texture": "#hammer" },
				"up": { "uv": [ 3, 1.5, 10.5, 0.5 ], "texture": "#hammer" },
				"north": { "uv": [ 10.5, 0, 3, 0.5 ], "texture": "#hammer" },
				"south": { "uv": [ 3, 0, 10.5, 0.5 ], "texture": "#hammer" },
				"west": { "uv": [ 3, 0, 3.5, 0.5 ], "texture": "#hammer" },
				"east": { "uv": [ 10.5, 0, 10, 0.5 ], "texture": "#hammer" }
			}
		},
		{
			"__comment": "hammer9",
			"from": [ 9, 13, 7.5 ],
			"to": [ 10.5, 13.5, 8.5 ],
			"faces": {
				"down": { "uv": [ 9, 2.5, 10.5, 3 ], "texture": "#hammer" },
				"up": { "uv": [ 9, 3, 10.5, 2.5 ], "texture": "#hammer" },
				"north": { "uv": [ 10.5, 2.5, 9, 3 ], "texture": "#hammer" },
				"south": { "uv": [ 9, 2.5, 10.5, 3 ], "texture": "#hammer" },
				"west": { "uv": [ 9, 2.5, 9.5, 3 ], "texture": "#hammer" },
				"east": { "uv": [ 10.5, 2.5, 10, 3 ], "texture": "#hammer" }
			}
		},
		{
			"__comment": "hammer10",
			"from": [ 10.5, 13.5, 7.5 ],
			"to": [ 12, 14, 8.5 ],
			"faces": {
				"down": { "uv": [ 10.5, 2, 12, 2.5 ], "texture": "#hammer" },
				"up": { "uv": [ 10.5, 2.5, 12, 2 ], "texture": "#hammer" },
				"north": { "uv": [ 12, 2, 10.5, 2.5 ], "texture": "#hammer" },
				"south": { "uv": [ 10.5, 2, 12, 2.5 ], "texture": "#hammer" },
				"west": { "uv": [ 10.5, 2, 11, 2.5 ], "texture": "#hammer" },
				"east": { "uv": [ 12, 2, 11.5, 2.5 ], "texture": "#hammer" }
			}
		},
		{
			"__comment": "hammer11",
			"from": [ 10.5, 15, 7.5 ],
			"to": [ 12, 15.5, 8.5 ],
			"faces": {
				"down": { "uv": [ 10.5, 0.5, 12, 1 ], "texture": "#hammer" },
				"up": { "uv": [ 10.5, 1, 12, 0.5 ], "texture": "#hammer" },
				"north": { "uv": [ 12, 0.5, 10.5, 1 ], "texture": "#hammer" },
				"south": { "uv": [ 10.5, 0.5, 12, 1 ], "texture": "#hammer" },
				"west": { "uv": [ 10.5, 0.5, 11, 1 ], "texture": "#hammer" },
				"east": { "uv": [ 12, 0.5, 11.5, 1 ], "texture": "#hammer" }
			}
		},
		{
			"__comment": "hammer12",
			"from": [ 12, 14, 7.5 ],
			"to": [ 12.5, 15, 8.5 ],
			"faces": {
				"down": { "uv": [ 12, 1.5, 12.5, 2 ], "texture": "#hammer" },
				"up": { "uv": [ 12, 1.5, 12.5, 1 ], "texture": "#hammer" },
				"north": { "uv": [ 12.5, 1, 12, 2 ], "texture": "#hammer" },
				"south": { "uv": [ 12, 1, 12.5, 2 ], "texture": "#hammer" },
				"west": { "uv": [ 12, 1, 12.5, 2 ], "texture": "#hammer" },
				"east": { "uv": [ 12.5, 1, 12, 2 ], "texture": "#hammer" }
			}
		},
		{
			"__comment": "hammer13",
			"from": [ 10.5, 14, 7 ],
			"to": [ 12, 15, 7.5 ],
			"faces": {
				"down": { "uv": [ 10.5, 1.5, 12, 2 ], "texture": "#hammer" },
				"up": { "uv": [ 10.5, 1.5, 12, 1 ], "texture": "#hammer" },
				"north": { "uv": [ 12, 1, 10.5, 2 ], "texture": "#hammer" },
				"south": { "uv": [ 10.5, 1, 12, 2 ], "texture": "#hammer" },
				"west": { "uv": [ 10.5, 1, 11, 2 ], "texture": "#hammer" },
				"east": { "uv": [ 12, 1, 11.5, 2 ], "texture": "#hammer" }
			}
		},
		{
			"__comment": "hammer14",
			"from": [ 10.5, 14, 8.5 ],
			"to": [ 12, 15, 9 ],
			"faces": {
				"down": { "uv": [ 10.5, 1.5, 12, 2 ], "texture": "#hammer" },
				"up": { "uv": [ 10.5, 1.5, 12, 1 ], "texture": "#hammer" },
				"north": { "uv": [ 12, 1, 10.5, 2 ], "texture": "#hammer" },
				"south": { "uv": [ 10.5, 1, 12, 2 ], "texture": "#hammer" },
				"west": { "uv": [ 10.5, 1, 11, 2 ], "texture": "#hammer" },
				"east": { "uv": [ 12, 1, 11.5, 2 ], "texture": "#hammer" }
			}
		},
		{
			"__comment": "hammer15",
			"from": [ 9, 13.5, 7 ],
			"to": [ 10.5, 15.5, 7.5 ],
			"faces": {
				"down": { "uv": [ 9, 2, 10.5, 2.5 ], "texture": "#hammer" },
				"up": { "uv": [ 9, 1, 10.5, 0.5 ], "texture": "#hammer" },
				"north": { "uv": [ 10.5, 0.5, 9, 2.5 ], "texture": "#hammer" },
				"south": { "uv": [ 9, 0.5, 10.5, 2.5 ], "texture": "#hammer" },
				"west": { "uv": [ 9, 0.5, 9.5, 2.5 ], "texture": "#hammer" },
				"east": { "uv": [ 10.5, 0.5, 10, 2.5 ], "texture": "#hammer" }
			}
		},
		{
			"__comment": "hammer16",
			"from": [ 9, 13.5, 8.5 ],
			"to": [ 10.5, 15.5, 9 ],
			"faces": {
				"down": { "uv": [ 9, 2, 10.5, 2.5 ], "texture": "#hammer" },
				"up": { "uv": [ 9, 1, 10.5, 0.5 ], "texture": "#hammer" },
				"north": { "uv": [ 10.5, 0.5, 9, 2.5 ], "texture": "#hammer" },
				"south": { "uv": [ 9, 0.5, 10.5, 2.5 ], "texture": "#hammer" },
				"west": { "uv": [ 9, 0.5, 9.5, 2.5 ], "texture": "#hammer" },
				"east": { "uv": [ 10.5, 0.5, 10, 2.5 ], "texture": "#hammer" }
			}
		},
		{
			"__comment": "hammer17",
			"from": [ 3, 13.5, 7 ],
			"to": [ 7, 15.5, 9 ],
			"faces": {
				"down": { "uv": [ 3, 2, 7, 2.5 ], "texture": "#hammer" },
				"up": { "uv": [ 3, 1, 7, 0.5 ], "texture": "#hammer" },
				"north": { "uv": [ 7, 0.5, 3, 2.5 ], "texture": "#hammer" },
				"south": { "uv": [ 3, 0.5, 7, 2.5 ], "texture": "#hammer" },
				"west": { "uv": [ 5.5, 0.5, 7.5, 2.5 ], "texture": "#hammer" },
				"east": { "uv": [ 7, 0.5, 6.5, 2.5 ], "texture": "#hammer" }
			}
		}
	],
	"display": {
		"thirdperson_righthand": {
			"rotation":  [ 0, -90, 0 ],
			"translation":  [ 0, -0.25, 1 ],
			"scale":  [ 0.5, 0.5, 0.5 ]
		},
		"thirdperson_lefthand": {
			"rotation":  [ -90, -90, 45 ],
			"translation":  [ -10.5, -1.5, 0 ],
			"scale":  [ 0.5, 0.5, 0.5 ]
		},
		"firstperson_righthand": {
			"rotation":  [ 0, -90, -15 ],
			"translation":  [ 0, 0, -6 ]
		},
		"firstperson_lefthand": {
			"scale":  [ 0.0001, 0.0001, 0.0001 ]
		},
		"gui": {
			"rotation":  [ 0, 0, -45 ],
			"translation":  [ -1, -1.5, 0 ]
		},
		"head": {
			"scale":  [ 0.0001, 0.0001, 0.0001 ]
		},
		"ground": {
			"rotation":  [ -90, 0, 90 ],
			"scale":  [ 0.5, 0.5, 0.5 ]
		},
		"fixed": {
			"rotation":  [ 0, 180, 0 ]
		}
	}
}