{
	"__comment": "Designed by Optimus0812 with Cubik Studio - https://cubik.studio",
	"textures": {
		"lug_wrench": "dayz/weapon/melee/lug_wrench"
	},
	"elements": [ 	 
		{
			"__comment": "lug_wrench",
			"from": [ 7.5, 1, 7.5 ],
			"to": [ 8.5, 15, 8.5 ],
			"faces": {
				"down": { "uv": [ 7.5, 14, 8.5, 15 ], "texture": "#lug_wrench" },
				"up": { "uv": [ 7.5, 2.5, 8.5, 1.5 ], "texture": "#lug_wrench" },
				"north": { "uv": [ 8.5, 1, 7.5, 15 ], "texture": "#lug_wrench" },
				"south": { "uv": [ 7.5, 1, 8.5, 15 ], "texture": "#lug_wrench" },
				"west": { "uv": [ 7.5, 1, 8.5, 15 ], "texture": "#lug_wrench" },
				"east": { "uv": [ 8.5, 1, 7.5, 15 ], "texture": "#lug_wrench" }
			}
		},
		{
			"__comment": "lug_wrench1",
			"from": [ 2.5, 14, 7.5 ],
			"to": [ 7.5, 15, 8.5 ],
			"faces": {
				"down": { "uv": [ 2.5, 1.5, 7.5, 2 ], "texture": "#lug_wrench" },
				"up": { "uv": [ 2.5, 2, 7.5, 1 ], "texture": "#lug_wrench" },
				"north": { "uv": [ 7.5, 1, 2.5, 2 ], "texture": "#lug_wrench" },
				"south": { "uv": [ 2.5, 1, 7.5, 2 ], "texture": "#lug_wrench" },
				"west": { "uv": [ 2.5, 1, 3, 2 ], "texture": "#lug_wrench" },
				"east": { "uv": [ 7.5, 1, 7, 2 ], "texture": "#lug_wrench" }
			}
		},
		{
			"__comment": "lug_wrench2",
			"from": [ 8.5, 1, 7.5 ],
			"to": [ 13.5, 2, 8.5 ],
			"faces": {
				"down": { "uv": [ 8.5, 14, 13.5, 15 ], "texture": "#lug_wrench" },
				"up": { "uv": [ 8.5, 15, 13.5, 14 ], "texture": "#lug_wrench" },
				"north": { "uv": [ 13.5, 14, 8.5, 15 ], "texture": "#lug_wrench" },
				"south": { "uv": [ 8.5, 14, 13.5, 15 ], "texture": "#lug_wrench" },
				"west": { "uv": [ 8.5, 14, 9, 15 ], "texture": "#lug_wrench" },
				"east": { "uv": [ 13.5, 14, 12.5, 15 ], "texture": "#lug_wrench" }
			}
		},
		{
			"__comment": "lug_wrench3",
			"from": [ 1, 15, 7.5 ],
			"to": [ 2.5, 15.5, 8.5 ],
			"faces": {
				"down": { "uv": [ 1, 0.5, 2.5, 1 ], "texture": "#lug_wrench" },
				"up": { "uv": [ 1, 2, 2.5, 1 ], "texture": "#lug_wrench" },
				"north": { "uv": [ 2.5, 0.5, 1, 1 ], "texture": "#lug_wrench" },
				"south": { "uv": [ 1, 0.5, 2.5, 1 ], "texture": "#lug_wrench" },
				"west": { "uv": [ 1, 0.5, 1.5, 1 ], "texture": "#lug_wrench" },
				"east": { "uv": [ 2.5, 0.5, 2, 1 ], "texture": "#lug_wrench" }
			}
		},
		{
			"__comment": "lug_wrench4",
			"from": [ 1, 13.5, 7.5 ],
			"to": [ 2.5, 14, 8.5 ],
			"faces": {
				"down": { "uv": [ 1, 2, 2.5, 2.5 ], "texture": "#lug_wrench" },
				"up": { "uv": [ 1, 2, 2.5, 1 ], "texture": "#lug_wrench" },
				"north": { "uv": [ 2.5, 2, 1, 2.5 ], "texture": "#lug_wrench" },
				"south": { "uv": [ 1, 2, 2.5, 2.5 ], "texture": "#lug_wrench" },
				"west": { "uv": [ 1, 2, 1.5, 2.5 ], "texture": "#lug_wrench" },
				"east": { "uv": [ 2.5, 2, 2, 2.5 ], "texture": "#lug_wrench" }
			}
		},
		{
			"__comment": "lug_wrench5",
			"from": [ 1, 14, 7 ],
			"to": [ 2.5, 15, 7.5 ],
			"faces": {
				"down": { "uv": [ 1, 1.5, 2.5, 2 ], "texture": "#lug_wrench" },
				"up": { "uv": [ 1, 1.5, 2.5, 1 ], "texture": "#lug_wrench" },
				"north": { "uv": [ 2.5, 1, 1, 2 ], "texture": "#lug_wrench" },
				"south": { "uv": [ 1, 1, 2.5, 2 ], "texture": "#lug_wrench" },
				"west": { "uv": [ 1, 1, 1.5, 2 ], "texture": "#lug_wrench" },
				"east": { "uv": [ 2.5, 1, 2, 2 ], "texture": "#lug_wrench" }
			}
		},
		{
			"__comment": "lug_wrench6",
			"from": [ 1, 14, 8.5 ],
			"to": [ 2.5, 15, 9 ],
			"faces": {
				"down": { "uv": [ 1, 1.5, 2.5, 2 ], "texture": "#lug_wrench" },
				"up": { "uv": [ 1, 1.5, 2.5, 1 ], "texture": "#lug_wrench" },
				"north": { "uv": [ 2.5, 1, 1, 2 ], "texture": "#lug_wrench" },
				"south": { "uv": [ 1, 1, 2.5, 2 ], "texture": "#lug_wrench" },
				"west": { "uv": [ 1, 1, 1.5, 2 ], "texture": "#lug_wrench" },
				"east": { "uv": [ 2.5, 1, 2, 2 ], "texture": "#lug_wrench" }
			}
		}
	],
	"display": {
		"thirdperson_righthand": {
			"rotation":  [ 0, -90, 0 ],
			"translation":  [ 0, -1, 1 ],
			"scale":  [ 0.5, 0.5, 0.5 ]
		},
		"thirdperson_lefthand": {
			"rotation":  [ -90, -90, 45 ],
			"translation":  [ -10.5, -1.5, 0 ],
			"scale":  [ 0.5, 0.5, 0.5 ]
		},
		"firstperson_righthand": {
			"rotation":  [ 0, -90, 15 ],
			"translation":  [ 0, 0, -6 ]
		},
		"firstperson_lefthand": {
			"scale":  [ 0.0001, 0.0001, 0.0001 ]
		},
		"gui": {
			"rotation":  [ 0, 0, -45 ],
			"translation":  [ -1, -0.75, 0 ],
			"scale":  [ 0.75, 0.75, 0.75 ]
		},
		"head": {
			"scale":  [ 0.0001, 0.0001, 0.0001 ]
		},
		"ground": {
			"rotation":  [ -90, 0, 90 ],
			"scale":  [ 0.5, 0.5, 0.5 ]
		},
		"fixed": {
			"rotation":  [ 0, 180, 0 ]
		}
	}
}