{
	"__comment": "Designed by Optimus0812 with Cubik Studio - https://cubik.studio",
	"textures": {
		"pickaxe": "dayz/weapon/melee/pickaxe"
	},
	"elements": [ 	 
		{
			"__comment": "pickaxe",
			"from": [ 7, -8, 7.5 ],
			"to": [ 7.5, 21, 8.5 ],
			"faces": {
				"down": { "uv": [ 7.5, 15.75, 7.75, 16 ], "texture": "#pickaxe" },
				"up": { "uv": [ 7.5, 1.75, 7.75, 1.5 ], "texture": "#pickaxe" },
				"north": { "uv": [ 7.75, 1.5, 7.5, 16 ], "texture": "#pickaxe" },
				"south": { "uv": [ 7.5, 1.5, 7.75, 16 ], "texture": "#pickaxe" },
				"west": { "uv": [ 7.5, 1.5, 7.75, 16 ], "texture": "#pickaxe" },
				"east": { "uv": [ 7.75, 1.5, 7.5, 16 ], "texture": "#pickaxe" }
			}
		},
		{
			"__comment": "pickaxe1",
			"from": [ 7.5, -8, 7 ],
			"to": [ 8.5, 21, 9 ],
			"faces": {
				"down": { "uv": [ 7.75, 15.75, 8.25, 16 ], "texture": "#pickaxe" },
				"up": { "uv": [ 7.75, 1.75, 8.25, 1.5 ], "texture": "#pickaxe" },
				"north": { "uv": [ 8.25, 1.5, 7.75, 16 ], "texture": "#pickaxe" },
				"south": { "uv": [ 7.75, 1.5, 8.25, 16 ], "texture": "#pickaxe" },
				"west": { "uv": [ 7.75, 1.5, 8, 16 ], "texture": "#pickaxe" },
				"east": { "uv": [ 8.25, 1.5, 8, 16 ], "texture": "#pickaxe" }
			}
		},
		{
			"__comment": "pickaxe2",
			"from": [ 8.5, -8, 7.5 ],
			"to": [ 9, 21, 8.5 ],
			"faces": {
				"down": { "uv": [ 8.25, 15.75, 8.5, 16 ], "texture": "#pickaxe" },
				"up": { "uv": [ 8.25, 1.75, 8.5, 1.5 ], "texture": "#pickaxe" },
				"north": { "uv": [ 8.5, 1.5, 8.25, 16 ], "texture": "#pickaxe" },
				"south": { "uv": [ 8.25, 1.5, 8.5, 16 ], "texture": "#pickaxe" },
				"west": { "uv": [ 8.25, 1.5, 8.5, 16 ], "texture": "#pickaxe" },
				"east": { "uv": [ 8.5, 1.5, 8.25, 16 ], "texture": "#pickaxe" }
			}
		},
		{
			"__comment": "pickaxe3",
			"from": [ 7, 21, 7 ],
			"to": [ 9, 21.5, 9 ],
			"faces": {
				"down": { "uv": [ 7.5, 1.25, 8.5, 1.5 ], "texture": "#pickaxe" },
				"up": { "uv": [ 7.5, 1.5, 8.5, 1.25 ], "texture": "#pickaxe" },
				"north": { "uv": [ 8.5, 1.25, 7.5, 1.5 ], "texture": "#pickaxe" },
				"south": { "uv": [ 7.5, 1.25, 8.5, 1.5 ], "texture": "#pickaxe" },
				"west": { "uv": [ 7.5, 1.25, 7.75, 1.5 ], "texture": "#pickaxe" },
				"east": { "uv": [ 8.5, 1.25, 8.25, 1.5 ], "texture": "#pickaxe" }
			}
		},
		{
			"__comment": "pickaxe4",
			"from": [ 6.5, 21.5, 7 ],
			"to": [ 7, 23.5, 9 ],
			"faces": {
				"down": { "uv": [ 7.25, 1, 7.5, 1.25 ], "texture": "#pickaxe" },
				"up": { "uv": [ 7.25, 0.5, 7.5, 0.25 ], "texture": "#pickaxe" },
				"north": { "uv": [ 7.5, 0.25, 7.25, 1.25 ], "texture": "#pickaxe" },
				"south": { "uv": [ 7.25, 0.25, 7.5, 1.25 ], "texture": "#pickaxe" },
				"west": { "uv": [ 7.25, 0.25, 7.5, 1.25 ], "texture": "#pickaxe" },
				"east": { "uv": [ 7.5, 0.25, 7.25, 1.25 ], "texture": "#pickaxe" }
			}
		},
		{
			"__comment": "pickaxe5",
			"from": [ 9, 21.5, 7 ],
			"to": [ 9.5, 23.5, 9 ],
			"faces": {
				"down": { "uv": [ 8.5, 1, 8.75, 1.25 ], "texture": "#pickaxe" },
				"up": { "uv": [ 8.5, 0.5, 8.75, 0.25 ], "texture": "#pickaxe" },
				"north": { "uv": [ 8.75, 0.25, 8.5, 1.25 ], "texture": "#pickaxe" },
				"south": { "uv": [ 8.5, 0.25, 8.75, 1.25 ], "texture": "#pickaxe" },
				"west": { "uv": [ 8.5, 0.25, 8.75, 1.25 ], "texture": "#pickaxe" },
				"east": { "uv": [ 8.75, 0.25, 8.5, 1.25 ], "texture": "#pickaxe" }
			}
		},
		{
			"__comment": "pickaxe6",
			"from": [ 7, 21.5, 6.5 ],
			"to": [ 9, 23.5, 9.5 ],
			"faces": {
				"down": { "uv": [ 7.5, 1, 8.5, 1.25 ], "texture": "#pickaxe" },
				"up": { "uv": [ 7.5, 0.5, 8.5, 0.25 ], "texture": "#pickaxe" },
				"north": { "uv": [ 8.5, 0.25, 7.5, 1.25 ], "texture": "#pickaxe" },
				"south": { "uv": [ 7.5, 0.25, 8.5, 1.25 ], "texture": "#pickaxe" },
				"west": { "uv": [ 7.5, 0.25, 7.75, 1.25 ], "texture": "#pickaxe" },
				"east": { "uv": [ 8.5, 0.25, 8.25, 1.25 ], "texture": "#pickaxe" }
			}
		},
		{
			"__comment": "pickaxe7",
			"from": [ 6.5, 21, 7.5 ],
			"to": [ 7, 21.5, 8.5 ],
			"faces": {
				"down": { "uv": [ 7.25, 1.25, 7.5, 1.5 ], "texture": "#pickaxe" },
				"up": { "uv": [ 7.25, 1.5, 7.5, 1.25 ], "texture": "#pickaxe" },
				"north": { "uv": [ 7.5, 1.25, 7.25, 1.5 ], "texture": "#pickaxe" },
				"south": { "uv": [ 7.25, 1.25, 7.5, 1.5 ], "texture": "#pickaxe" },
				"west": { "uv": [ 7.25, 1.25, 7.5, 1.5 ], "texture": "#pickaxe" },
				"east": { "uv": [ 7.5, 1.25, 7.25, 1.5 ], "texture": "#pickaxe" }
			}
		},
		{
			"__comment": "pickaxe8",
			"from": [ 9, 21, 7.5 ],
			"to": [ 9.5, 21.5, 8.5 ],
			"faces": {
				"down": { "uv": [ 8.5, 1.25, 8.75, 1.5 ], "texture": "#pickaxe" },
				"up": { "uv": [ 8.5, 1.5, 8.75, 1.25 ], "texture": "#pickaxe" },
				"north": { "uv": [ 8.75, 1.25, 8.5, 1.5 ], "texture": "#pickaxe" },
				"south": { "uv": [ 8.5, 1.25, 8.75, 1.5 ], "texture": "#pickaxe" },
				"west": { "uv": [ 8.5, 1.25, 8.75, 1.5 ], "texture": "#pickaxe" },
				"east": { "uv": [ 8.75, 1.25, 8.5, 1.5 ], "texture": "#pickaxe" }
			}
		},
		{
			"__comment": "pickaxe9",
			"from": [ 7.5, 21, 9 ],
			"to": [ 8.5, 21.5, 9.5 ],
			"faces": {
				"down": { "uv": [ 7.75, 1.25, 8.25, 1.5 ], "texture": "#pickaxe" },
				"up": { "uv": [ 7.75, 1.5, 8.25, 1.25 ], "texture": "#pickaxe" },
				"north": { "uv": [ 8.25, 1.25, 7.75, 1.5 ], "texture": "#pickaxe" },
				"south": { "uv": [ 7.75, 1.25, 8.25, 1.5 ], "texture": "#pickaxe" },
				"west": { "uv": [ 7.75, 1.25, 8, 1.5 ], "texture": "#pickaxe" },
				"east": { "uv": [ 8.25, 1.25, 8, 1.5 ], "texture": "#pickaxe" }
			}
		},
		{
			"__comment": "pickaxe10",
			"from": [ 7.5, 21, 6.5 ],
			"to": [ 8.5, 21.5, 7 ],
			"faces": {
				"down": { "uv": [ 7.75, 1.25, 8.25, 1.5 ], "texture": "#pickaxe" },
				"up": { "uv": [ 7.75, 1.5, 8.25, 1.25 ], "texture": "#pickaxe" },
				"north": { "uv": [ 8.25, 1.25, 7.75, 1.5 ], "texture": "#pickaxe" },
				"south": { "uv": [ 7.75, 1.25, 8.25, 1.5 ], "texture": "#pickaxe" },
				"west": { "uv": [ 7.75, 1.25, 8, 1.5 ], "texture": "#pickaxe" },
				"east": { "uv": [ 8.25, 1.25, 8, 1.5 ], "texture": "#pickaxe" }
			}
		},
		{
			"__comment": "pickaxe11",
			"from": [ 7, 23.5, 7 ],
			"to": [ 9, 24, 9 ],
			"faces": {
				"down": { "uv": [ 7.5, 0, 8.5, 0.25 ], "texture": "#pickaxe" },
				"up": { "uv": [ 7.5, 0.25, 8.5, 0 ], "texture": "#pickaxe" },
				"north": { "uv": [ 8.5, 0, 7.5, 0.25 ], "texture": "#pickaxe" },
				"south": { "uv": [ 7.5, 0, 8.5, 0.25 ], "texture": "#pickaxe" },
				"west": { "uv": [ 7.5, 0, 7.75, 0.25 ], "texture": "#pickaxe" },
				"east": { "uv": [ 8.5, 0, 8.25, 0.25 ], "texture": "#pickaxe" }
			}
		},
		{
			"__comment": "pickaxe12",
			"from": [ 6, 23.5, 7.5 ],
			"to": [ 7, 24, 8.5 ],
			"faces": {
				"down": { "uv": [ 7, 0, 7.5, 0.25 ], "texture": "#pickaxe" },
				"up": { "uv": [ 7, 0.25, 7.5, 0 ], "texture": "#pickaxe" },
				"north": { "uv": [ 7.5, 0, 7, 0.25 ], "texture": "#pickaxe" },
				"south": { "uv": [ 7, 0, 7.5, 0.25 ], "texture": "#pickaxe" },
				"west": { "uv": [ 7, 0, 7.25, 0.25 ], "texture": "#pickaxe" },
				"east": { "uv": [ 7.5, 0, 7.25, 0.25 ], "texture": "#pickaxe" }
			}
		},
		{
			"__comment": "pickaxe13",
			"from": [ 9, 23.5, 7.5 ],
			"to": [ 10, 24, 8.5 ],
			"faces": {
				"down": { "uv": [ 8.5, 0, 9, 0.25 ], "texture": "#pickaxe" },
				"up": { "uv": [ 8.5, 0.25, 9, 0 ], "texture": "#pickaxe" },
				"north": { "uv": [ 9, 0, 8.5, 0.25 ], "texture": "#pickaxe" },
				"south": { "uv": [ 8.5, 0, 9, 0.25 ], "texture": "#pickaxe" },
				"west": { "uv": [ 8.5, 0, 8.75, 0.25 ], "texture": "#pickaxe" },
				"east": { "uv": [ 9, 0, 8.75, 0.25 ], "texture": "#pickaxe" }
			}
		},
		{
			"__comment": "pickaxe14",
			"from": [ 3, 23, 7.5 ],
			"to": [ 6, 23.5, 8.5 ],
			"faces": {
				"down": { "uv": [ 5.5, 0.25, 7, 0.5 ], "texture": "#pickaxe" },
				"up": { "uv": [ 5.5, 0.5, 7, 0.25 ], "texture": "#pickaxe" },
				"north": { "uv": [ 7, 0.25, 5.5, 0.5 ], "texture": "#pickaxe" },
				"south": { "uv": [ 5.5, 0.25, 7, 0.5 ], "texture": "#pickaxe" },
				"west": { "uv": [ 5.5, 0.25, 5.75, 0.5 ], "texture": "#pickaxe" },
				"east": { "uv": [ 7, 0.25, 6.75, 0.5 ], "texture": "#pickaxe" }
			}
		},
		{
			"__comment": "pickaxe15",
			"from": [ 0, 22.5, 7.5 ],
			"to": [ 3, 23, 8.5 ],
			"faces": {
				"down": { "uv": [ 4, 0.5, 5.5, 0.75 ], "texture": "#pickaxe" },
				"up": { "uv": [ 4, 0.75, 5.5, 0.5 ], "texture": "#pickaxe" },
				"north": { "uv": [ 5.5, 0.5, 4, 0.75 ], "texture": "#pickaxe" },
				"south": { "uv": [ 4, 0.5, 5.5, 0.75 ], "texture": "#pickaxe" },
				"west": { "uv": [ 4, 0.5, 4.25, 0.75 ], "texture": "#pickaxe" },
				"east": { "uv": [ 5.5, 0.5, 5.25, 0.75 ], "texture": "#pickaxe" }
			}
		},
		{
			"__comment": "pickaxe16",
			"from": [ -2.5, 22, 7.5 ],
			"to": [ 0, 22.5, 8.5 ],
			"faces": {
				"down": { "uv": [ 2.75, 0.75, 4, 1 ], "texture": "#pickaxe" },
				"up": { "uv": [ 2.75, 1, 4, 0.75 ], "texture": "#pickaxe" },
				"north": { "uv": [ 4, 0.75, 2.75, 1 ], "texture": "#pickaxe" },
				"south": { "uv": [ 2.75, 0.75, 4, 1 ], "texture": "#pickaxe" },
				"west": { "uv": [ 2.75, 0.75, 3, 1 ], "texture": "#pickaxe" },
				"east": { "uv": [ 4, 0.75, 3.75, 1 ], "texture": "#pickaxe" }
			}
		},
		{
			"__comment": "pickaxe17",
			"from": [ 0, 22, 7 ],
			"to": [ 6.5, 22.5, 9 ],
			"faces": {
				"down": { "uv": [ 4, 0.75, 7.25, 1 ], "texture": "#pickaxe" },
				"up": { "uv": [ 4, 1, 7.25, 0.75 ], "texture": "#pickaxe" },
				"north": { "uv": [ 7.25, 0.75, 4, 1 ], "texture": "#pickaxe" },
				"south": { "uv": [ 4, 0.75, 7.25, 1 ], "texture": "#pickaxe" },
				"west": { "uv": [ 4, 0.75, 4.25, 1 ], "texture": "#pickaxe" },
				"east": { "uv": [ 7.25, 0.75, 7, 1 ], "texture": "#pickaxe" }
			}
		},
		{
			"__comment": "pickaxe18",
			"from": [ 3, 22.5, 7 ],
			"to": [ 6.5, 23, 9 ],
			"faces": {
				"down": { "uv": [ 5.5, 0.5, 7.25, 0.75 ], "texture": "#pickaxe" },
				"up": { "uv": [ 5.5, 0.75, 7.25, 0.5 ], "texture": "#pickaxe" },
				"north": { "uv": [ 7.25, 0.5, 5.5, 0.75 ], "texture": "#pickaxe" },
				"south": { "uv": [ 5.5, 0.5, 7.25, 0.75 ], "texture": "#pickaxe" },
				"west": { "uv": [ 5.5, 0.5, 5.75, 0.75 ], "texture": "#pickaxe" },
				"east": { "uv": [ 7.25, 0.5, 7, 0.75 ], "texture": "#pickaxe" }
			}
		},
		{
			"__comment": "pickaxe19",
			"from": [ 6, 23, 7 ],
			"to": [ 6.5, 23.5, 9 ],
			"faces": {
				"down": { "uv": [ 7, 0.25, 7.25, 0.5 ], "texture": "#pickaxe" },
				"up": { "uv": [ 7, 0.5, 7.25, 0.25 ], "texture": "#pickaxe" },
				"north": { "uv": [ 7.25, 0.25, 7, 0.5 ], "texture": "#pickaxe" },
				"south": { "uv": [ 7, 0.25, 7.25, 0.5 ], "texture": "#pickaxe" },
				"west": { "uv": [ 7, 0.25, 7.25, 0.5 ], "texture": "#pickaxe" },
				"east": { "uv": [ 7.25, 0.25, 7, 0.5 ], "texture": "#pickaxe" }
			}
		},
		{
			"__comment": "pickaxe20",
			"from": [ 10, 23, 7.5 ],
			"to": [ 13, 23.5, 8.5 ],
			"faces": {
				"down": { "uv": [ 9, 0.25, 10.5, 0.5 ], "texture": "#pickaxe" },
				"up": { "uv": [ 9, 0.5, 10.5, 0.25 ], "texture": "#pickaxe" },
				"north": { "uv": [ 10.5, 0.25, 9, 0.5 ], "texture": "#pickaxe" },
				"south": { "uv": [ 9, 0.25, 10.5, 0.5 ], "texture": "#pickaxe" },
				"west": { "uv": [ 9, 0.25, 9.25, 0.5 ], "texture": "#pickaxe" },
				"east": { "uv": [ 10.5, 0.25, 10.25, 0.5 ], "texture": "#pickaxe" }
			}
		},
		{
			"__comment": "pickaxe21",
			"from": [ 9.5, 23, 7 ],
			"to": [ 10, 23.5, 9 ],
			"faces": {
				"down": { "uv": [ 8.75, 0.25, 9, 0.5 ], "texture": "#pickaxe" },
				"up": { "uv": [ 8.75, 0.5, 9, 0.25 ], "texture": "#pickaxe" },
				"north": { "uv": [ 9, 0.25, 8.75, 0.5 ], "texture": "#pickaxe" },
				"south": { "uv": [ 8.75, 0.25, 9, 0.5 ], "texture": "#pickaxe" },
				"west": { "uv": [ 8.75, 0.25, 9, 0.5 ], "texture": "#pickaxe" },
				"east": { "uv": [ 9, 0.25, 8.75, 0.5 ], "texture": "#pickaxe" }
			}
		},
		{
			"__comment": "pickaxe22",
			"from": [ 9.5, 22.5, 7 ],
			"to": [ 13, 23, 9 ],
			"faces": {
				"down": { "uv": [ 8.75, 0.5, 10.5, 0.75 ], "texture": "#pickaxe" },
				"up": { "uv": [ 8.75, 0.75, 10.5, 0.5 ], "texture": "#pickaxe" },
				"north": { "uv": [ 10.5, 0.5, 8.75, 0.75 ], "texture": "#pickaxe" },
				"south": { "uv": [ 8.75, 0.5, 10.5, 0.75 ], "texture": "#pickaxe" },
				"west": { "uv": [ 8.75, 0.5, 9, 0.75 ], "texture": "#pickaxe" },
				"east": { "uv": [ 10.5, 0.5, 10.25, 0.75 ], "texture": "#pickaxe" }
			}
		},
		{
			"__comment": "pickaxe23",
			"from": [ 13, 22.5, 7.5 ],
			"to": [ 16, 23, 8.5 ],
			"faces": {
				"down": { "uv": [ 10.5, 0.5, 12, 0.75 ], "texture": "#pickaxe" },
				"up": { "uv": [ 10.5, 0.75, 12, 0.5 ], "texture": "#pickaxe" },
				"north": { "uv": [ 12, 0.5, 10.5, 0.75 ], "texture": "#pickaxe" },
				"south": { "uv": [ 10.5, 0.5, 12, 0.75 ], "texture": "#pickaxe" },
				"west": { "uv": [ 10.5, 0.5, 10.75, 0.75 ], "texture": "#pickaxe" },
				"east": { "uv": [ 12, 0.5, 11.75, 0.75 ], "texture": "#pickaxe" }
			}
		},
		{
			"__comment": "pickaxe24",
			"from": [ 16, 22, 7.5 ],
			"to": [ 18.5, 22.5, 8.5 ],
			"faces": {
				"down": { "uv": [ 12, 0.75, 13.25, 1 ], "texture": "#pickaxe" },
				"up": { "uv": [ 12, 1, 13.25, 0.75 ], "texture": "#pickaxe" },
				"north": { "uv": [ 13.25, 0.75, 12, 1 ], "texture": "#pickaxe" },
				"south": { "uv": [ 12, 0.75, 13.25, 1 ], "texture": "#pickaxe" },
				"west": { "uv": [ 12, 0.75, 12.25, 1 ], "texture": "#pickaxe" },
				"east": { "uv": [ 13.25, 0.75, 13, 1 ], "texture": "#pickaxe" }
			}
		},
		{
			"__comment": "pickaxe25",
			"from": [ 9.5, 22, 7 ],
			"to": [ 16, 22.5, 9 ],
			"faces": {
				"down": { "uv": [ 8.75, 0.75, 12, 1 ], "texture": "#pickaxe" },
				"up": { "uv": [ 8.75, 1, 12, 0.75 ], "texture": "#pickaxe" },
				"north": { "uv": [ 12, 0.75, 8.75, 1 ], "texture": "#pickaxe" },
				"south": { "uv": [ 8.75, 0.75, 12, 1 ], "texture": "#pickaxe" },
				"west": { "uv": [ 8.75, 0.75, 9, 1 ], "texture": "#pickaxe" },
				"east": { "uv": [ 12, 0.75, 11.75, 1 ], "texture": "#pickaxe" }
			}
		}
	],
	"display": {
		"thirdperson_righthand": {
			"rotation":  [ 0, -90, 0 ],
			"translation":  [ 0, 6, 1 ],
			"scale":  [ 0.75, 0.75, 0.75 ]
		},
		"thirdperson_lefthand": {
			"rotation":  [ -90, -180, 45 ],
			"translation":  [ -6, -6, 9 ],
			"scale":  [ 0.75, 0.75, 0.75 ]
		},
		"firstperson_righthand": {
			"rotation":  [ -90, -60, -90 ],
			"translation":  [ -3, 0, -3 ]
		},
		"firstperson_lefthand": {
			"scale":  [ 0.0001, 0.0001, 0.0001 ]
		},
		"gui": {
			"rotation":  [ 0, 0, -45 ],
			"translation":  [ -1.5, -1.5, 0 ],
			"scale":  [ 0.5, 0.5, 0.5 ]
		},
		"head": {
			"scale":  [ 0.0001, 0.0001, 0.0001 ]
		},
		"ground": {
			"rotation":  [ -90, 0, 90 ],
			"scale":  [ 0.75, 0.75, 0.75 ]
		},
		"fixed": {
			"rotation":  [ 0, 180, 0 ],
			"scale":  [ 1.5, 1.5, 1.5 ]
		}
	}
}