{
	"__comment": "Designed by Optimus0812 with Cubik Studio - https://cubik.studio",
	"textures": {
		"sledge_hammer": "dayz/weapon/melee/sledge_hammer"
	},
	"elements": [ 	 
		{
			"__comment": "sledge_hammer",
			"from": [ 7.5, -8, 7 ],
			"to": [ 8.5, 19.5, 9 ],
			"faces": {
				"down": { "uv": [ 7.75, 15.75, 8.25, 16 ], "texture": "#sledge_hammer" },
				"up": { "uv": [ 7.75, 2.5, 8.25, 2.25 ], "texture": "#sledge_hammer" },
				"north": { "uv": [ 8.25, 2.25, 7.75, 16 ], "texture": "#sledge_hammer" },
				"south": { "uv": [ 7.75, 2.25, 8.25, 16 ], "texture": "#sledge_hammer" },
				"west": { "uv": [ 7.75, 2.25, 8, 16 ], "texture": "#sledge_hammer" },
				"east": { "uv": [ 8.25, 2.25, 8, 16 ], "texture": "#sledge_hammer" }
			}
		},
		{
			"__comment": "sledge_hammer1",
			"from": [ 7, -8, 7.5 ],
			"to": [ 7.5, 19.5, 8.5 ],
			"faces": {
				"down": { "uv": [ 7.5, 15.75, 7.75, 16 ], "texture": "#sledge_hammer" },
				"up": { "uv": [ 7.5, 2.5, 7.75, 2.25 ], "texture": "#sledge_hammer" },
				"north": { "uv": [ 7.75, 2.25, 7.5, 16 ], "texture": "#sledge_hammer" },
				"south": { "uv": [ 7.5, 2.25, 7.75, 16 ], "texture": "#sledge_hammer" },
				"west": { "uv": [ 7.5, 2.25, 7.75, 16 ], "texture": "#sledge_hammer" },
				"east": { "uv": [ 7.75, 2.25, 7.5, 16 ], "texture": "#sledge_hammer" }
			}
		},
		{
			"__comment": "sledge_hammer2",
			"from": [ 8.5, -8, 7.5 ],
			"to": [ 9, 19.5, 8.5 ],
			"faces": {
				"down": { "uv": [ 8.25, 15.75, 8.5, 16 ], "texture": "#sledge_hammer" },
				"up": { "uv": [ 8.25, 2.5, 8.5, 2.25 ], "texture": "#sledge_hammer" },
				"north": { "uv": [ 8.5, 2.25, 8.25, 16 ], "texture": "#sledge_hammer" },
				"south": { "uv": [ 8.25, 2.25, 8.5, 16 ], "texture": "#sledge_hammer" },
				"west": { "uv": [ 8.25, 2.25, 8.5, 16 ], "texture": "#sledge_hammer" },
				"east": { "uv": [ 8.5, 2.25, 8.25, 16 ], "texture": "#sledge_hammer" }
			}
		},
		{
			"__comment": "sledge_hammer3",
			"from": [ 7, 23.5, 6.5 ],
			"to": [ 9, 24, 9.5 ],
			"faces": {
				"down": { "uv": [ 7.5, 2.5, 8.5, 4 ], "texture": "#sledge_hammer" },
				"up": { "uv": [ 7.5, 4, 8.5, 2.5 ], "texture": "#sledge_hammer" },
				"north": { "uv": [ 8.5, 4.25, 7.5, 4 ], "texture": "#sledge_hammer" },
				"south": { "uv": [ 7.5, 2.25, 8.5, 2.5 ], "texture": "#sledge_hammer" },
				"west": { "uv": [ 7.5, 4, 7.75, 2.5 ], "texture": "#sledge_hammer", "rotation": 270 },
				"east": { "uv": [ 8.5, 4, 8.25, 2.5 ], "texture": "#sledge_hammer", "rotation": 90 }
			}
		},
		{
			"__comment": "sledge_hammer4",
			"from": [ 6.5, 23.5, 7 ],
			"to": [ 7, 24, 9 ],
			"faces": {
				"down": { "uv": [ 7.5, 4, 7.75, 5 ], "texture": "#sledge_hammer" },
				"up": { "uv": [ 7.5, 5, 7.75, 4 ], "texture": "#sledge_hammer" },
				"north": { "uv": [ 7.75, 5.25, 7.5, 5 ], "texture": "#sledge_hammer" },
				"south": { "uv": [ 7.5, 3.75, 7.75, 4 ], "texture": "#sledge_hammer" },
				"west": { "uv": [ 7.5, 5, 7.75, 4 ], "texture": "#sledge_hammer", "rotation": 270 },
				"east": { "uv": [ 7.75, 5, 7.5, 4 ], "texture": "#sledge_hammer", "rotation": 90 }
			}
		},
		{
			"__comment": "sledge_hammer5",
			"from": [ 9, 23.5, 7 ],
			"to": [ 9.5, 24, 9 ],
			"faces": {
				"down": { "uv": [ 8.25, 2.5, 8.5, 3.5 ], "texture": "#sledge_hammer" },
				"up": { "uv": [ 8.25, 3.5, 8.5, 2.5 ], "texture": "#sledge_hammer" },
				"north": { "uv": [ 8.5, 3.75, 8.25, 3.5 ], "texture": "#sledge_hammer" },
				"south": { "uv": [ 8.25, 2.25, 8.5, 2.5 ], "texture": "#sledge_hammer" },
				"west": { "uv": [ 8.25, 3.5, 8.5, 2.5 ], "texture": "#sledge_hammer", "rotation": 270 },
				"east": { "uv": [ 8.5, 3.5, 8.25, 2.5 ], "texture": "#sledge_hammer", "rotation": 90 }
			}
		},
		{
			"__comment": "sledge_hammer6",
			"from": [ 4, 23, 6.5 ],
			"to": [ 12, 23.5, 9.5 ],
			"faces": {
				"down": { "uv": [ 6, 0.25, 10, 0.5 ], "texture": "#sledge_hammer" },
				"up": { "uv": [ 6, 0.5, 10, 0.25 ], "texture": "#sledge_hammer" },
				"north": { "uv": [ 10, 0.25, 6, 0.5 ], "texture": "#sledge_hammer" },
				"south": { "uv": [ 6, 0.25, 10, 0.5 ], "texture": "#sledge_hammer" },
				"west": { "uv": [ 6, 0.25, 6.25, 0.5 ], "texture": "#sledge_hammer" },
				"east": { "uv": [ 10, 0.25, 9.75, 0.5 ], "texture": "#sledge_hammer" }
			}
		},
		{
			"__comment": "sledge_hammer7",
			"from": [ 4, 19.5, 6.5 ],
			"to": [ 12, 20, 9.5 ],
			"faces": {
				"down": { "uv": [ 6, 2, 10, 2.25 ], "texture": "#sledge_hammer" },
				"up": { "uv": [ 6, 2.25, 10, 2 ], "texture": "#sledge_hammer" },
				"north": { "uv": [ 10, 2, 6, 2.25 ], "texture": "#sledge_hammer" },
				"south": { "uv": [ 6, 2, 10, 2.25 ], "texture": "#sledge_hammer" },
				"west": { "uv": [ 6, 2, 6.25, 2.25 ], "texture": "#sledge_hammer" },
				"east": { "uv": [ 10, 2, 9.75, 2.25 ], "texture": "#sledge_hammer" }
			}
		},
		{
			"__comment": "sledge_hammer8",
			"from": [ 4, 20, 6 ],
			"to": [ 12, 23, 10 ],
			"faces": {
				"down": { "uv": [ 6, 1.75, 10, 2 ], "texture": "#sledge_hammer" },
				"up": { "uv": [ 6, 0.75, 10, 0.5 ], "texture": "#sledge_hammer" },
				"north": { "uv": [ 10, 0.5, 6, 2 ], "texture": "#sledge_hammer" },
				"south": { "uv": [ 6, 0.5, 10, 2 ], "texture": "#sledge_hammer" },
				"west": { "uv": [ 6, 0.5, 6.25, 2 ], "texture": "#sledge_hammer" },
				"east": { "uv": [ 10, 0.5, 9.75, 2 ], "texture": "#sledge_hammer" }
			}
		},
		{
			"__comment": "sledge_hammer9",
			"from": [ 12.5, 20.5, 6.5 ],
			"to": [ 13, 22.5, 9.5 ],
			"faces": {
				"down": { "uv": [ 10.25, 1.5, 10.5, 1.75 ], "texture": "#sledge_hammer" },
				"up": { "uv": [ 10.25, 1, 10.5, 0.75 ], "texture": "#sledge_hammer" },
				"north": { "uv": [ 10.5, 0.75, 10.25, 1.75 ], "texture": "#sledge_hammer" },
				"south": { "uv": [ 10.25, 0.75, 10.5, 1.75 ], "texture": "#sledge_hammer" },
				"west": { "uv": [ 10.25, 0.75, 10.5, 1.75 ], "texture": "#sledge_hammer" },
				"east": { "uv": [ 10.5, 0.75, 10.25, 1.75 ], "texture": "#sledge_hammer" }
			}
		},
		{
			"__comment": "sledge_hammer10",
			"from": [ 12, 20, 6.5 ],
			"to": [ 12.5, 23, 9.5 ],
			"faces": {
				"down": { "uv": [ 10, 1.75, 10.25, 2 ], "texture": "#sledge_hammer" },
				"up": { "uv": [ 10, 0.75, 10.25, 0.5 ], "texture": "#sledge_hammer" },
				"north": { "uv": [ 10.25, 0.5, 10, 2 ], "texture": "#sledge_hammer" },
				"south": { "uv": [ 10, 0.5, 10.25, 2 ], "texture": "#sledge_hammer" },
				"west": { "uv": [ 10, 0.5, 10.25, 2 ], "texture": "#sledge_hammer" },
				"east": { "uv": [ 10.25, 0.5, 10, 2 ], "texture": "#sledge_hammer" }
			}
		},
		{
			"__comment": "sledge_hammer11",
			"from": [ 12, 23, 7 ],
			"to": [ 12.5, 23.5, 9 ],
			"faces": {
				"down": { "uv": [ 10, 0.25, 10.25, 0.5 ], "texture": "#sledge_hammer" },
				"up": { "uv": [ 10, 0.5, 10.25, 0.25 ], "texture": "#sledge_hammer" },
				"north": { "uv": [ 10.25, 0.25, 10, 0.5 ], "texture": "#sledge_hammer" },
				"south": { "uv": [ 10, 0.25, 10.25, 0.5 ], "texture": "#sledge_hammer" },
				"west": { "uv": [ 10, 0.25, 10.25, 0.5 ], "texture": "#sledge_hammer" },
				"east": { "uv": [ 10.25, 0.25, 10, 0.5 ], "texture": "#sledge_hammer" }
			}
		},
		{
			"__comment": "sledge_hammer12",
			"from": [ 12, 19.5, 7 ],
			"to": [ 12.5, 20, 9 ],
			"faces": {
				"down": { "uv": [ 10, 2, 10.25, 2.25 ], "texture": "#sledge_hammer" },
				"up": { "uv": [ 10, 2.25, 10.25, 2 ], "texture": "#sledge_hammer" },
				"north": { "uv": [ 10.25, 2, 10, 2.25 ], "texture": "#sledge_hammer" },
				"south": { "uv": [ 10, 2, 10.25, 2.25 ], "texture": "#sledge_hammer" },
				"west": { "uv": [ 10, 2, 10.25, 2.25 ], "texture": "#sledge_hammer" },
				"east": { "uv": [ 10.25, 2, 10, 2.25 ], "texture": "#sledge_hammer" }
			}
		},
		{
			"__comment": "sledge_hammer13",
			"from": [ 12, 20.5, 6 ],
			"to": [ 12.5, 22.5, 6.5 ],
			"faces": {
				"down": { "uv": [ 10, 1.5, 10.25, 1.75 ], "texture": "#sledge_hammer" },
				"up": { "uv": [ 10, 1, 10.25, 0.75 ], "texture": "#sledge_hammer" },
				"north": { "uv": [ 10.25, 0.75, 10, 1.75 ], "texture": "#sledge_hammer" },
				"south": { "uv": [ 10, 0.75, 10.25, 1.75 ], "texture": "#sledge_hammer" },
				"west": { "uv": [ 10, 0.75, 10.25, 1.75 ], "texture": "#sledge_hammer" },
				"east": { "uv": [ 10.25, 0.75, 10, 1.75 ], "texture": "#sledge_hammer" }
			}
		},
		{
			"__comment": "sledge_hammer14",
			"from": [ 12, 20.5, 9.5 ],
			"to": [ 12.5, 22.5, 10 ],
			"faces": {
				"down": { "uv": [ 10, 1.5, 10.25, 1.75 ], "texture": "#sledge_hammer" },
				"up": { "uv": [ 10, 1, 10.25, 0.75 ], "texture": "#sledge_hammer" },
				"north": { "uv": [ 10.25, 0.75, 10, 1.75 ], "texture": "#sledge_hammer" },
				"south": { "uv": [ 10, 0.75, 10.25, 1.75 ], "texture": "#sledge_hammer" },
				"west": { "uv": [ 10, 0.75, 10.25, 1.75 ], "texture": "#sledge_hammer" },
				"east": { "uv": [ 10.25, 0.75, 10, 1.75 ], "texture": "#sledge_hammer" }
			}
		},
		{
			"__comment": "sledge_hammer15",
			"from": [ 12.5, 22.5, 7 ],
			"to": [ 13, 23, 9 ],
			"faces": {
				"down": { "uv": [ 10.25, 0.5, 10.5, 0.75 ], "texture": "#sledge_hammer" },
				"up": { "uv": [ 10.25, 0.75, 10.5, 0.5 ], "texture": "#sledge_hammer" },
				"north": { "uv": [ 10.5, 0.5, 10.25, 0.75 ], "texture": "#sledge_hammer" },
				"south": { "uv": [ 10.25, 0.5, 10.5, 0.75 ], "texture": "#sledge_hammer" },
				"west": { "uv": [ 10.25, 0.5, 10.5, 0.75 ], "texture": "#sledge_hammer" },
				"east": { "uv": [ 10.5, 0.5, 10.25, 0.75 ], "texture": "#sledge_hammer" }
			}
		},
		{
			"__comment": "sledge_hammer16",
			"from": [ 12.5, 20, 7 ],
			"to": [ 13, 20.5, 9 ],
			"faces": {
				"down": { "uv": [ 10.25, 1.75, 10.5, 2 ], "texture": "#sledge_hammer" },
				"up": { "uv": [ 10.25, 2, 10.5, 1.75 ], "texture": "#sledge_hammer" },
				"north": { "uv": [ 10.5, 1.75, 10.25, 2 ], "texture": "#sledge_hammer" },
				"south": { "uv": [ 10.25, 1.75, 10.5, 2 ], "texture": "#sledge_hammer" },
				"west": { "uv": [ 10.25, 1.75, 10.5, 2 ], "texture": "#sledge_hammer" },
				"east": { "uv": [ 10.5, 1.75, 10.25, 2 ], "texture": "#sledge_hammer" }
			}
		},
		{
			"__comment": "sledge_hammer17",
			"from": [ 3, 22.5, 7 ],
			"to": [ 3.5, 23, 9 ],
			"faces": {
				"down": { "uv": [ 5.5, 0.5, 5.75, 0.75 ], "texture": "#sledge_hammer" },
				"up": { "uv": [ 5.5, 0.75, 5.75, 0.5 ], "texture": "#sledge_hammer" },
				"north": { "uv": [ 5.75, 0.5, 5.5, 0.75 ], "texture": "#sledge_hammer" },
				"south": { "uv": [ 5.5, 0.5, 5.75, 0.75 ], "texture": "#sledge_hammer" },
				"west": { "uv": [ 5.5, 0.5, 5.75, 0.75 ], "texture": "#sledge_hammer" },
				"east": { "uv": [ 5.75, 0.5, 5.5, 0.75 ], "texture": "#sledge_hammer" }
			}
		},
		{
			"__comment": "sledge_hammer18",
			"from": [ 3.5, 23, 7 ],
			"to": [ 4, 23.5, 9 ],
			"faces": {
				"down": { "uv": [ 5.75, 0.25, 6, 0.5 ], "texture": "#sledge_hammer" },
				"up": { "uv": [ 5.75, 0.5, 6, 0.25 ], "texture": "#sledge_hammer" },
				"north": { "uv": [ 6, 0.25, 5.75, 0.5 ], "texture": "#sledge_hammer" },
				"south": { "uv": [ 5.75, 0.25, 6, 0.5 ], "texture": "#sledge_hammer" },
				"west": { "uv": [ 5.75, 0.25, 6, 0.5 ], "texture": "#sledge_hammer" },
				"east": { "uv": [ 6, 0.25, 5.75, 0.5 ], "texture": "#sledge_hammer" }
			}
		},
		{
			"__comment": "sledge_hammer19",
			"from": [ 3, 20.5, 6.5 ],
			"to": [ 3.5, 22.5, 9.5 ],
			"faces": {
				"down": { "uv": [ 5.5, 1.5, 5.75, 1.75 ], "texture": "#sledge_hammer" },
				"up": { "uv": [ 5.5, 1, 5.75, 0.75 ], "texture": "#sledge_hammer" },
				"north": { "uv": [ 5.75, 0.75, 5.5, 1.75 ], "texture": "#sledge_hammer" },
				"south": { "uv": [ 5.5, 0.75, 5.75, 1.75 ], "texture": "#sledge_hammer" },
				"west": { "uv": [ 5.5, 0.75, 5.75, 1.75 ], "texture": "#sledge_hammer" },
				"east": { "uv": [ 5.75, 0.75, 5.5, 1.75 ], "texture": "#sledge_hammer" }
			}
		},
		{
			"__comment": "sledge_hammer20",
			"from": [ 3.5, 20.5, 6 ],
			"to": [ 4, 22.5, 6.5 ],
			"faces": {
				"down": { "uv": [ 5.75, 1.5, 6, 1.75 ], "texture": "#sledge_hammer" },
				"up": { "uv": [ 5.75, 1, 6, 0.75 ], "texture": "#sledge_hammer" },
				"north": { "uv": [ 6, 0.75, 5.75, 1.75 ], "texture": "#sledge_hammer" },
				"south": { "uv": [ 5.75, 0.75, 6, 1.75 ], "texture": "#sledge_hammer" },
				"west": { "uv": [ 5.75, 0.75, 6, 1.75 ], "texture": "#sledge_hammer" },
				"east": { "uv": [ 6, 0.75, 5.75, 1.75 ], "texture": "#sledge_hammer" }
			}
		},
		{
			"__comment": "sledge_hammer21",
			"from": [ 3.5, 20.5, 9.5 ],
			"to": [ 4, 22.5, 10 ],
			"faces": {
				"down": { "uv": [ 5.75, 1.5, 6, 1.75 ], "texture": "#sledge_hammer" },
				"up": { "uv": [ 5.75, 1, 6, 0.75 ], "texture": "#sledge_hammer" },
				"north": { "uv": [ 6, 0.75, 5.75, 1.75 ], "texture": "#sledge_hammer" },
				"south": { "uv": [ 5.75, 0.75, 6, 1.75 ], "texture": "#sledge_hammer" },
				"west": { "uv": [ 5.75, 0.75, 6, 1.75 ], "texture": "#sledge_hammer" },
				"east": { "uv": [ 6, 0.75, 5.75, 1.75 ], "texture": "#sledge_hammer" }
			}
		},
		{
			"__comment": "sledge_hammer22",
			"from": [ 3.5, 20, 6.5 ],
			"to": [ 4, 23, 9.5 ],
			"faces": {
				"down": { "uv": [ 5.75, 1.75, 6, 2 ], "texture": "#sledge_hammer" },
				"up": { "uv": [ 5.75, 0.75, 6, 0.5 ], "texture": "#sledge_hammer" },
				"north": { "uv": [ 6, 0.5, 5.75, 2 ], "texture": "#sledge_hammer" },
				"south": { "uv": [ 5.75, 0.5, 6, 2 ], "texture": "#sledge_hammer" },
				"west": { "uv": [ 5.75, 0.5, 6, 2 ], "texture": "#sledge_hammer" },
				"east": { "uv": [ 6, 0.5, 5.75, 2 ], "texture": "#sledge_hammer" }
			}
		},
		{
			"__comment": "sledge_hammer23",
			"from": [ 3, 20, 7 ],
			"to": [ 3.5, 20.5, 9 ],
			"faces": {
				"down": { "uv": [ 5.5, 1.75, 5.75, 2 ], "texture": "#sledge_hammer" },
				"up": { "uv": [ 5.5, 2, 5.75, 1.75 ], "texture": "#sledge_hammer" },
				"north": { "uv": [ 5.75, 1.75, 5.5, 2 ], "texture": "#sledge_hammer" },
				"south": { "uv": [ 5.5, 1.75, 5.75, 2 ], "texture": "#sledge_hammer" },
				"west": { "uv": [ 5.5, 1.75, 5.75, 2 ], "texture": "#sledge_hammer" },
				"east": { "uv": [ 5.75, 1.75, 5.5, 2 ], "texture": "#sledge_hammer" }
			}
		},
		{
			"__comment": "sledge_hammer24",
			"from": [ 3.5, 19.5, 7 ],
			"to": [ 4, 20, 9 ],
			"faces": {
				"down": { "uv": [ 5.75, 2, 6, 2.25 ], "texture": "#sledge_hammer" },
				"up": { "uv": [ 5.75, 2.25, 6, 2 ], "texture": "#sledge_hammer" },
				"north": { "uv": [ 6, 2, 5.75, 2.25 ], "texture": "#sledge_hammer" },
				"south": { "uv": [ 5.75, 2, 6, 2.25 ], "texture": "#sledge_hammer" },
				"west": { "uv": [ 5.75, 2, 6, 2.25 ], "texture": "#sledge_hammer" },
				"east": { "uv": [ 6, 2, 5.75, 2.25 ], "texture": "#sledge_hammer" }
			}
		}
	],
	"display": {
		"thirdperson_righthand": {
			"rotation":  [ 0, -90, 0 ],
			"translation":  [ 0, 0, 1 ],
			"scale":  [ 0.75, 0.75, 0.75 ]
		},
		"thirdperson_lefthand": {
			"rotation":  [ -90, -180, 45 ],
			"translation":  [ -6, -6, 9 ],
			"scale":  [ 0.75, 0.75, 0.75 ]
		},
		"firstperson_righthand": {
			"rotation":  [ -90, -60, -90 ],
			"translation":  [ -3, 0, -3 ]
		},
		"firstperson_lefthand": {
			"scale":  [ 0.0001, 0.0001, 0.0001 ]
		},
		"gui": {
			"rotation":  [ 0, 0, -45 ],
			"scale":  [ 0.5, 0.5, 0.5 ]
		},
		"head": {
			"scale":  [ 0.0001, 0.0001, 0.0001 ]
		},
		"ground": {
			"rotation":  [ -90, 0, 90 ],
			"scale":  [ 0.75, 0.75, 0.75 ]
		},
		"fixed": {
			"rotation":  [ 0, 180, 0 ],
			"scale":  [ 1.5, 1.5, 1.5 ]
		}
	}
}