{
	"__comment": "Designed by Optimus0812 with Cubik Studio - https://cubik.studio",
	"textures": {
		"stone_knife": "dayz/weapon/melee/stone_knife"
	},
	"elements": [ 	 
		{
			"__comment": "stone_knife",
			"from": [ 7, 1, 7.5 ],
			"to": [ 9, 2, 8.5 ],
			"faces": {
				"down": { "uv": [ 7, 14, 9, 15 ], "texture": "#stone_knife" },
				"up": { "uv": [ 7, 15, 9, 14 ], "texture": "#stone_knife" },
				"north": { "uv": [ 9, 14, 7, 15 ], "texture": "#stone_knife" },
				"south": { "uv": [ 7, 14, 9, 15 ], "texture": "#stone_knife" },
				"west": { "uv": [ 7, 14, 8, 15 ], "texture": "#stone_knife" },
				"east": { "uv": [ 9, 14, 8, 15 ], "texture": "#stone_knife" }
			}
		},
		{
			"__comment": "stone_knife1",
			"from": [ 5, 2, 7.5 ],
			"to": [ 7, 3, 8.5 ],
			"faces": {
				"down": { "uv": [ 5, 13, 7, 14 ], "texture": "#stone_knife" },
				"up": { "uv": [ 5, 14, 7, 13 ], "texture": "#stone_knife" },
				"north": { "uv": [ 7, 13, 5, 14 ], "texture": "#stone_knife" },
				"south": { "uv": [ 5, 13, 7, 14 ], "texture": "#stone_knife" },
				"west": { "uv": [ 5, 13, 6, 14 ], "texture": "#stone_knife" },
				"east": { "uv": [ 7, 13, 6, 14 ], "texture": "#stone_knife" }
			}
		},
		{
			"__comment": "stone_knife2",
			"from": [ 9, 2, 7.5 ],
			"to": [ 10, 3, 8.5 ],
			"faces": {
				"down": { "uv": [ 9, 13, 10, 14 ], "texture": "#stone_knife" },
				"up": { "uv": [ 9, 14, 10, 13 ], "texture": "#stone_knife" },
				"north": { "uv": [ 10, 13, 9, 14 ], "texture": "#stone_knife" },
				"south": { "uv": [ 9, 13, 10, 14 ], "texture": "#stone_knife" },
				"west": { "uv": [ 9, 13, 10, 14 ], "texture": "#stone_knife" },
				"east": { "uv": [ 10, 13, 9, 14 ], "texture": "#stone_knife" }
			}
		},
		{
			"__comment": "stone_knife3",
			"from": [ 10, 3, 7.5 ],
			"to": [ 11, 4, 8.5 ],
			"faces": {
				"down": { "uv": [ 10, 12, 11, 13 ], "texture": "#stone_knife" },
				"up": { "uv": [ 10, 13, 11, 12 ], "texture": "#stone_knife" },
				"north": { "uv": [ 11, 12, 10, 13 ], "texture": "#stone_knife" },
				"south": { "uv": [ 10, 12, 11, 13 ], "texture": "#stone_knife" },
				"west": { "uv": [ 10, 12, 11, 13 ], "texture": "#stone_knife" },
				"east": { "uv": [ 11, 12, 10, 13 ], "texture": "#stone_knife" }
			}
		},
		{
			"__comment": "stone_knife4",
			"from": [ 11, 4, 7.5 ],
			"to": [ 12, 9, 8.5 ],
			"faces": {
				"down": { "uv": [ 11, 11, 12, 12 ], "texture": "#stone_knife" },
				"up": { "uv": [ 11, 8, 12, 7 ], "texture": "#stone_knife" },
				"north": { "uv": [ 12, 7, 11, 12 ], "texture": "#stone_knife" },
				"south": { "uv": [ 11, 7, 12, 12 ], "texture": "#stone_knife" },
				"west": { "uv": [ 11, 7, 12, 12 ], "texture": "#stone_knife" },
				"east": { "uv": [ 12, 7, 11, 12 ], "texture": "#stone_knife" }
			}
		},
		{
			"__comment": "stone_knife5",
			"from": [ 4, 3, 7.5 ],
			"to": [ 5, 5, 8.5 ],
			"faces": {
				"down": { "uv": [ 4, 12, 5, 13 ], "texture": "#stone_knife" },
				"up": { "uv": [ 4, 12, 5, 11 ], "texture": "#stone_knife" },
				"north": { "uv": [ 5, 11, 4, 13 ], "texture": "#stone_knife" },
				"south": { "uv": [ 4, 11, 5, 13 ], "texture": "#stone_knife" },
				"west": { "uv": [ 4, 11, 5, 13 ], "texture": "#stone_knife" },
				"east": { "uv": [ 5, 11, 4, 13 ], "texture": "#stone_knife" }
			}
		},
		{
			"__comment": "stone_knife6",
			"from": [ 3, 5, 7.5 ],
			"to": [ 4, 8, 8.5 ],
			"faces": {
				"down": { "uv": [ 3, 10, 4, 11 ], "texture": "#stone_knife" },
				"up": { "uv": [ 3, 9, 4, 8 ], "texture": "#stone_knife" },
				"north": { "uv": [ 4, 8, 3, 11 ], "texture": "#stone_knife" },
				"south": { "uv": [ 3, 8, 4, 11 ], "texture": "#stone_knife" },
				"west": { "uv": [ 3, 8, 4, 11 ], "texture": "#stone_knife" },
				"east": { "uv": [ 4, 8, 3, 11 ], "texture": "#stone_knife" }
			}
		},
		{
			"__comment": "stone_knife7",
			"from": [ 4, 8, 7.5 ],
			"to": [ 5, 10, 8.5 ],
			"faces": {
				"down": { "uv": [ 4, 7, 5, 8 ], "texture": "#stone_knife" },
				"up": { "uv": [ 4, 7, 5, 6 ], "texture": "#stone_knife" },
				"north": { "uv": [ 5, 6, 4, 8 ], "texture": "#stone_knife" },
				"south": { "uv": [ 4, 6, 5, 8 ], "texture": "#stone_knife" },
				"west": { "uv": [ 4, 6, 5, 8 ], "texture": "#stone_knife" },
				"east": { "uv": [ 5, 6, 4, 8 ], "texture": "#stone_knife" }
			}
		},
		{
			"__comment": "stone_knife8",
			"from": [ 5, 10, 7.5 ],
			"to": [ 6, 12, 8.5 ],
			"faces": {
				"down": { "uv": [ 5, 5, 6, 6 ], "texture": "#stone_knife" },
				"up": { "uv": [ 5, 5, 6, 4 ], "texture": "#stone_knife" },
				"north": { "uv": [ 6, 4, 5, 6 ], "texture": "#stone_knife" },
				"south": { "uv": [ 5, 4, 6, 6 ], "texture": "#stone_knife" },
				"west": { "uv": [ 5, 4, 6, 6 ], "texture": "#stone_knife" },
				"east": { "uv": [ 6, 4, 5, 6 ], "texture": "#stone_knife" }
			}
		},
		{
			"__comment": "stone_knife9",
			"from": [ 6, 12, 7.5 ],
			"to": [ 7, 13, 8.5 ],
			"faces": {
				"down": { "uv": [ 6, 3, 7, 4 ], "texture": "#stone_knife" },
				"up": { "uv": [ 6, 4, 7, 3 ], "texture": "#stone_knife" },
				"north": { "uv": [ 7, 3, 6, 4 ], "texture": "#stone_knife" },
				"south": { "uv": [ 6, 3, 7, 4 ], "texture": "#stone_knife" },
				"west": { "uv": [ 6, 3, 7, 4 ], "texture": "#stone_knife" },
				"east": { "uv": [ 7, 3, 6, 4 ], "texture": "#stone_knife" }
			}
		},
		{
			"__comment": "stone_knife10",
			"from": [ 7, 13, 7.5 ],
			"to": [ 8, 14, 8.5 ],
			"faces": {
				"down": { "uv": [ 7, 2, 8, 3 ], "texture": "#stone_knife" },
				"up": { "uv": [ 7, 3, 8, 2 ], "texture": "#stone_knife" },
				"north": { "uv": [ 8, 2, 7, 3 ], "texture": "#stone_knife" },
				"south": { "uv": [ 7, 2, 8, 3 ], "texture": "#stone_knife" },
				"west": { "uv": [ 7, 2, 8, 3 ], "texture": "#stone_knife" },
				"east": { "uv": [ 8, 2, 7, 3 ], "texture": "#stone_knife" }
			}
		},
		{
			"__comment": "stone_knife11",
			"from": [ 8, 13, 7.5 ],
			"to": [ 9, 15, 8.5 ],
			"faces": {
				"down": { "uv": [ 8, 2, 9, 3 ], "texture": "#stone_knife" },
				"up": { "uv": [ 8, 2, 9, 1 ], "texture": "#stone_knife" },
				"north": { "uv": [ 9, 1, 8, 3 ], "texture": "#stone_knife" },
				"south": { "uv": [ 8, 1, 9, 3 ], "texture": "#stone_knife" },
				"west": { "uv": [ 8, 1, 9, 3 ], "texture": "#stone_knife" },
				"east": { "uv": [ 9, 1, 8, 3 ], "texture": "#stone_knife" }
			}
		},
		{
			"__comment": "stone_knife12",
			"from": [ 9, 11, 7.5 ],
			"to": [ 10, 13, 8.5 ],
			"faces": {
				"down": { "uv": [ 9, 4, 10, 5 ], "texture": "#stone_knife" },
				"up": { "uv": [ 9, 4, 10, 3 ], "texture": "#stone_knife" },
				"north": { "uv": [ 10, 3, 9, 5 ], "texture": "#stone_knife" },
				"south": { "uv": [ 9, 3, 10, 5 ], "texture": "#stone_knife" },
				"west": { "uv": [ 9, 3, 10, 5 ], "texture": "#stone_knife" },
				"east": { "uv": [ 10, 3, 9, 5 ], "texture": "#stone_knife" }
			}
		},
		{
			"__comment": "stone_knife13",
			"from": [ 10, 9, 7.5 ],
			"to": [ 11, 11, 8.5 ],
			"faces": {
				"down": { "uv": [ 10, 6, 11, 7 ], "texture": "#stone_knife" },
				"up": { "uv": [ 10, 6, 11, 5 ], "texture": "#stone_knife" },
				"north": { "uv": [ 11, 5, 10, 7 ], "texture": "#stone_knife" },
				"south": { "uv": [ 10, 5, 11, 7 ], "texture": "#stone_knife" },
				"west": { "uv": [ 10, 5, 11, 7 ], "texture": "#stone_knife" },
				"east": { "uv": [ 11, 5, 10, 7 ], "texture": "#stone_knife" }
			}
		},
		{
			"__comment": "stone_knife14",
			"from": [ 7, 2, 6.5 ],
			"to": [ 9, 3, 9.5 ],
			"faces": {
				"down": { "uv": [ 7, 13, 9, 14 ], "texture": "#stone_knife" },
				"up": { "uv": [ 7, 14, 9, 13 ], "texture": "#stone_knife" },
				"north": { "uv": [ 9, 13, 7, 14 ], "texture": "#stone_knife" },
				"south": { "uv": [ 7, 13, 9, 14 ], "texture": "#stone_knife" },
				"west": { "uv": [ 7, 13, 8, 14 ], "texture": "#stone_knife" },
				"east": { "uv": [ 9, 13, 8, 14 ], "texture": "#stone_knife" }
			}
		},
		{
			"__comment": "stone_knife15",
			"from": [ 9, 3, 6.5 ],
			"to": [ 10, 4, 9.5 ],
			"faces": {
				"down": { "uv": [ 9, 12, 10, 13 ], "texture": "#stone_knife" },
				"up": { "uv": [ 9, 13, 10, 12 ], "texture": "#stone_knife" },
				"north": { "uv": [ 10, 12, 9, 13 ], "texture": "#stone_knife" },
				"south": { "uv": [ 9, 12, 10, 13 ], "texture": "#stone_knife" },
				"west": { "uv": [ 9, 12, 10, 13 ], "texture": "#stone_knife" },
				"east": { "uv": [ 10, 12, 9, 13 ], "texture": "#stone_knife" }
			}
		},
		{
			"__comment": "stone_knife16",
			"from": [ 5, 3, 6.5 ],
			"to": [ 6, 5, 9.5 ],
			"faces": {
				"down": { "uv": [ 5, 12, 6, 13 ], "texture": "#stone_knife" },
				"up": { "uv": [ 5, 12, 6, 11 ], "texture": "#stone_knife" },
				"north": { "uv": [ 6, 11, 5, 13 ], "texture": "#stone_knife" },
				"south": { "uv": [ 5, 11, 6, 13 ], "texture": "#stone_knife" },
				"west": { "uv": [ 5, 11, 6, 13 ], "texture": "#stone_knife" },
				"east": { "uv": [ 6, 11, 5, 13 ], "texture": "#stone_knife" }
			}
		},
		{
			"__comment": "stone_knife17",
			"from": [ 4, 5, 6.5 ],
			"to": [ 5, 9, 9.5 ],
			"faces": {
				"down": { "uv": [ 4, 10, 5, 11 ], "texture": "#stone_knife" },
				"up": { "uv": [ 4, 8, 5, 7 ], "texture": "#stone_knife" },
				"north": { "uv": [ 5, 7, 4, 11 ], "texture": "#stone_knife" },
				"south": { "uv": [ 4, 7, 5, 11 ], "texture": "#stone_knife" },
				"west": { "uv": [ 4, 7, 5, 11 ], "texture": "#stone_knife" },
				"east": { "uv": [ 5, 7, 4, 11 ], "texture": "#stone_knife" }
			}
		},
		{
			"__comment": "stone_knife18",
			"from": [ 5, 8, 6.5 ],
			"to": [ 6, 11, 9.5 ],
			"faces": {
				"down": { "uv": [ 5, 7, 6, 8 ], "texture": "#stone_knife" },
				"up": { "uv": [ 5, 6, 6, 5 ], "texture": "#stone_knife" },
				"north": { "uv": [ 6, 5, 5, 8 ], "texture": "#stone_knife" },
				"south": { "uv": [ 5, 5, 6, 8 ], "texture": "#stone_knife" },
				"west": { "uv": [ 5, 5, 6, 8 ], "texture": "#stone_knife" },
				"east": { "uv": [ 6, 5, 5, 8 ], "texture": "#stone_knife" }
			}
		},
		{
			"__comment": "stone_knife19",
			"from": [ 6, 10, 6.5 ],
			"to": [ 7, 12, 9.5 ],
			"faces": {
				"down": { "uv": [ 6, 5, 7, 6 ], "texture": "#stone_knife" },
				"up": { "uv": [ 6, 5, 7, 4 ], "texture": "#stone_knife" },
				"north": { "uv": [ 7, 4, 6, 6 ], "texture": "#stone_knife" },
				"south": { "uv": [ 6, 4, 7, 6 ], "texture": "#stone_knife" },
				"west": { "uv": [ 6, 4, 7, 6 ], "texture": "#stone_knife" },
				"east": { "uv": [ 7, 4, 6, 6 ], "texture": "#stone_knife" }
			}
		},
		{
			"__comment": "stone_knife20",
			"from": [ 7, 12, 6.5 ],
			"to": [ 9, 13, 9.5 ],
			"faces": {
				"down": { "uv": [ 7, 3, 9, 4 ], "texture": "#stone_knife" },
				"up": { "uv": [ 7, 4, 9, 3 ], "texture": "#stone_knife" },
				"north": { "uv": [ 9, 3, 7, 4 ], "texture": "#stone_knife" },
				"south": { "uv": [ 7, 3, 9, 4 ], "texture": "#stone_knife" },
				"west": { "uv": [ 7, 3, 8, 4 ], "texture": "#stone_knife" },
				"east": { "uv": [ 9, 3, 8, 4 ], "texture": "#stone_knife" }
			}
		},
		{
			"__comment": "stone_knife21",
			"from": [ 8, 4, 6.5 ],
			"to": [ 9, 5, 9.5 ],
			"faces": {
				"down": { "uv": [ 8, 11, 9, 12 ], "texture": "#stone_knife" },
				"up": { "uv": [ 8, 12, 9, 11 ], "texture": "#stone_knife" },
				"north": { "uv": [ 9, 11, 8, 12 ], "texture": "#stone_knife" },
				"south": { "uv": [ 8, 11, 9, 12 ], "texture": "#stone_knife" },
				"west": { "uv": [ 8, 11, 9, 12 ], "texture": "#stone_knife" },
				"east": { "uv": [ 9, 11, 8, 12 ], "texture": "#stone_knife" }
			}
		},
		{
			"__comment": "stone_knife22",
			"from": [ 9, 9, 6.5 ],
			"to": [ 10, 12, 9.5 ],
			"faces": {
				"down": { "uv": [ 9, 6, 10, 7 ], "texture": "#stone_knife" },
				"up": { "uv": [ 9, 5, 10, 4 ], "texture": "#stone_knife" },
				"north": { "uv": [ 10, 4, 9, 7 ], "texture": "#stone_knife" },
				"south": { "uv": [ 9, 4, 10, 7 ], "texture": "#stone_knife" },
				"west": { "uv": [ 9, 4, 10, 7 ], "texture": "#stone_knife" },
				"east": { "uv": [ 10, 4, 9, 7 ], "texture": "#stone_knife" }
			}
		},
		{
			"__comment": "stone_knife23",
			"from": [ 10, 4, 6.5 ],
			"to": [ 11, 10, 9.5 ],
			"faces": {
				"down": { "uv": [ 10, 11, 11, 12 ], "texture": "#stone_knife" },
				"up": { "uv": [ 10, 7, 11, 6 ], "texture": "#stone_knife" },
				"north": { "uv": [ 11, 6, 10, 12 ], "texture": "#stone_knife" },
				"south": { "uv": [ 10, 6, 11, 12 ], "texture": "#stone_knife" },
				"west": { "uv": [ 10, 6, 11, 12 ], "texture": "#stone_knife" },
				"east": { "uv": [ 11, 6, 10, 12 ], "texture": "#stone_knife" }
			}
		},
		{
			"__comment": "stone_knife24",
			"from": [ 9, 4, 5.5 ],
			"to": [ 10, 10, 10.5 ],
			"faces": {
				"down": { "uv": [ 9, 11, 10, 12 ], "texture": "#stone_knife" },
				"up": { "uv": [ 9, 7, 10, 6 ], "texture": "#stone_knife" },
				"north": { "uv": [ 10, 6, 9, 12 ], "texture": "#stone_knife" },
				"south": { "uv": [ 9, 6, 10, 12 ], "texture": "#stone_knife" },
				"west": { "uv": [ 9, 6, 10, 12 ], "texture": "#stone_knife" },
				"east": { "uv": [ 10, 6, 9, 12 ], "texture": "#stone_knife" }
			}
		},
		{
			"__comment": "stone_knife25",
			"from": [ 6, 3, 5.5 ],
			"to": [ 9, 4, 10.5 ],
			"faces": {
				"down": { "uv": [ 6, 12, 9, 13 ], "texture": "#stone_knife" },
				"up": { "uv": [ 6, 13, 9, 12 ], "texture": "#stone_knife" },
				"north": { "uv": [ 9, 12, 6, 13 ], "texture": "#stone_knife" },
				"south": { "uv": [ 6, 12, 9, 13 ], "texture": "#stone_knife" },
				"west": { "uv": [ 6, 12, 7, 13 ], "texture": "#stone_knife" },
				"east": { "uv": [ 9, 12, 8, 13 ], "texture": "#stone_knife" }
			}
		},
		{
			"__comment": "stone_knife26",
			"from": [ 6, 4, 5.5 ],
			"to": [ 7, 5, 10.5 ],
			"faces": {
				"down": { "uv": [ 6, 11, 7, 12 ], "texture": "#stone_knife" },
				"up": { "uv": [ 6, 12, 7, 11 ], "texture": "#stone_knife" },
				"north": { "uv": [ 7, 11, 6, 12 ], "texture": "#stone_knife" },
				"south": { "uv": [ 6, 11, 7, 12 ], "texture": "#stone_knife" },
				"west": { "uv": [ 6, 11, 7, 12 ], "texture": "#stone_knife" },
				"east": { "uv": [ 7, 11, 6, 12 ], "texture": "#stone_knife" }
			}
		},
		{
			"__comment": "stone_knife27",
			"from": [ 5, 5, 5.5 ],
			"to": [ 6, 8, 10.5 ],
			"faces": {
				"down": { "uv": [ 5, 10, 6, 11 ], "texture": "#stone_knife" },
				"up": { "uv": [ 5, 9, 6, 8 ], "texture": "#stone_knife" },
				"north": { "uv": [ 6, 8, 5, 11 ], "texture": "#stone_knife" },
				"south": { "uv": [ 5, 8, 6, 11 ], "texture": "#stone_knife" },
				"west": { "uv": [ 5, 8, 6, 11 ], "texture": "#stone_knife" },
				"east": { "uv": [ 6, 8, 5, 11 ], "texture": "#stone_knife" }
			}
		},
		{
			"__comment": "stone_knife28",
			"from": [ 6, 5, 5.5 ],
			"to": [ 7, 10, 10.5 ],
			"faces": {
				"down": { "uv": [ 6, 10, 7, 11 ], "texture": "#stone_knife" },
				"up": { "uv": [ 6, 7, 7, 6 ], "texture": "#stone_knife" },
				"north": { "uv": [ 7, 6, 6, 11 ], "texture": "#stone_knife" },
				"south": { "uv": [ 6, 6, 7, 11 ], "texture": "#stone_knife" },
				"west": { "uv": [ 6, 6, 7, 11 ], "texture": "#stone_knife" },
				"east": { "uv": [ 7, 6, 6, 11 ], "texture": "#stone_knife" }
			}
		},
		{
			"__comment": "stone_knife29",
			"from": [ 7, 4, 5.5 ],
			"to": [ 8, 12, 10.5 ],
			"faces": {
				"down": { "uv": [ 7, 11, 8, 12 ], "texture": "#stone_knife" },
				"up": { "uv": [ 7, 5, 8, 4 ], "texture": "#stone_knife" },
				"north": { "uv": [ 8, 4, 7, 12 ], "texture": "#stone_knife" },
				"south": { "uv": [ 7, 4, 8, 12 ], "texture": "#stone_knife" },
				"west": { "uv": [ 7, 4, 8, 12 ], "texture": "#stone_knife" },
				"east": { "uv": [ 8, 4, 7, 12 ], "texture": "#stone_knife" }
			}
		},
		{
			"__comment": "stone_knife30",
			"from": [ 8, 4, 5.5 ],
			"to": [ 9, 11, 10.5 ],
			"faces": {
				"down": { "uv": [ 8, 11, 9, 12 ], "texture": "#stone_knife" },
				"up": { "uv": [ 8, 6, 9, 5 ], "texture": "#stone_knife" },
				"north": { "uv": [ 9, 5, 8, 12 ], "texture": "#stone_knife" },
				"south": { "uv": [ 8, 5, 9, 12 ], "texture": "#stone_knife" },
				"west": { "uv": [ 8, 5, 9, 12 ], "texture": "#stone_knife" },
				"east": { "uv": [ 9, 5, 8, 12 ], "texture": "#stone_knife" }
			}
		},
		{
			"__comment": "stone_knife31",
			"from": [ 8, 11, 6.5 ],
			"to": [ 9, 12, 9.5 ],
			"faces": {
				"down": { "uv": [ 8, 4, 9, 5 ], "texture": "#stone_knife" },
				"up": { "uv": [ 8, 5, 9, 4 ], "texture": "#stone_knife" },
				"north": { "uv": [ 9, 4, 8, 5 ], "texture": "#stone_knife" },
				"south": { "uv": [ 8, 4, 9, 5 ], "texture": "#stone_knife" },
				"west": { "uv": [ 8, 4, 9, 5 ], "texture": "#stone_knife" },
				"east": { "uv": [ 9, 4, 8, 5 ], "texture": "#stone_knife" }
			}
		},
		{
			"__comment": "stone_knife32",
			"from": [ 10, 5, 5.5 ],
			"to": [ 11, 8, 10.5 ],
			"faces": {
				"down": { "uv": [ 10, 10, 11, 11 ], "texture": "#stone_knife" },
				"up": { "uv": [ 10, 9, 11, 8 ], "texture": "#stone_knife" },
				"north": { "uv": [ 11, 8, 10, 11 ], "texture": "#stone_knife" },
				"south": { "uv": [ 10, 8, 11, 11 ], "texture": "#stone_knife" },
				"west": { "uv": [ 10, 8, 11, 11 ], "texture": "#stone_knife" },
				"east": { "uv": [ 11, 8, 10, 11 ], "texture": "#stone_knife" }
			}
		},
		{
			"__comment": "stone_knife33",
			"from": [ 11, 6, 6.5 ],
			"to": [ 12, 8, 9.5 ],
			"faces": {
				"down": { "uv": [ 11, 9, 12, 10 ], "texture": "#stone_knife" },
				"up": { "uv": [ 11, 9, 12, 8 ], "texture": "#stone_knife" },
				"north": { "uv": [ 12, 8, 11, 10 ], "texture": "#stone_knife" },
				"south": { "uv": [ 11, 8, 12, 10 ], "texture": "#stone_knife" },
				"west": { "uv": [ 11, 8, 12, 10 ], "texture": "#stone_knife" },
				"east": { "uv": [ 12, 8, 11, 10 ], "texture": "#stone_knife" }
			}
		}
	],
	"display": {
		"thirdperson_righthand": {
			"rotation":  [ 0, -90, 0 ],
			"translation":  [ 0, 1.5, 1 ],
			"scale":  [ 0.5, 0.5, 0.5 ]
		},
		"thirdperson_lefthand": {
			"rotation":  [ -90, -90, 45 ],
			"translation":  [ -10.5, -1.5, 0 ],
			"scale":  [ 0.5, 0.5, 0.5 ]
		},
		"firstperson_righthand": {
			"rotation":  [ 0, -90, 15 ],
			"translation":  [ 0, 0, -6 ]
		},
		"firstperson_lefthand": {
			"scale":  [ 0.0001, 0.0001, 0.0001 ]
		},
		"head": {
			"scale":  [ 0.0001, 0.0001, 0.0001 ]
		},
		"ground": {
			"rotation":  [ -90, 0, 90 ],
			"scale":  [ 0.5, 0.5, 0.5 ]
		},
		"fixed": {
			"rotation":  [ 0, 180, 0 ]
		}
	}
}