{
	"__comment": "Designed by Optimus0812 with Cubik Studio - https://cubik.studio",
	"textures": {
		"wrench": "dayz/weapon/melee/wrench"
	},
	"elements": [ 	 
		{
			"__comment": "wrench1",
			"from": [ 7, 0, 7 ],
			"to": [ 9, 0.5, 9 ],
			"faces": {
				"down": { "uv": [ 7, 15.5, 9, 16 ], "texture": "#wrench" },
				"up": { "uv": [ 7, 16, 9, 15.5 ], "texture": "#wrench" },
				"north": { "uv": [ 9, 15.5, 7, 16 ], "texture": "#wrench" },
				"south": { "uv": [ 7, 15.5, 9, 16 ], "texture": "#wrench" },
				"west": { "uv": [ 7, 15.5, 7.5, 16 ], "texture": "#wrench" },
				"east": { "uv": [ 9, 15.5, 8.5, 16 ], "texture": "#wrench" }
			}
		},
		{
			"__comment": "wrench2",
			"from": [ 7, 0.5, 7 ],
			"to": [ 7.5, 9, 9 ],
			"faces": {
				"down": { "uv": [ 7, 15, 7.5, 15.5 ], "texture": "#wrench" },
				"up": { "uv": [ 7, 7.5, 7.5, 7 ], "texture": "#wrench" },
				"north": { "uv": [ 7.5, 7, 7, 15.5 ], "texture": "#wrench" },
				"south": { "uv": [ 7, 7, 7.5, 15.5 ], "texture": "#wrench" },
				"west": { "uv": [ 7, 7, 7.5, 15.5 ], "texture": "#wrench" },
				"east": { "uv": [ 7.5, 7, 7, 15.5 ], "texture": "#wrench" }
			}
		},
		{
			"__comment": "wrench3",
			"from": [ 6.5, 9, 7 ],
			"to": [ 7, 10.5, 9 ],
			"faces": {
				"down": { "uv": [ 6.5, 6.5, 7, 7 ], "texture": "#wrench" },
				"up": { "uv": [ 6.5, 6, 7, 5.5 ], "texture": "#wrench" },
				"north": { "uv": [ 7, 5.5, 6.5, 7 ], "texture": "#wrench" },
				"south": { "uv": [ 6.5, 5.5, 7, 7 ], "texture": "#wrench" },
				"west": { "uv": [ 6.5, 5.5, 7, 7 ], "texture": "#wrench" },
				"east": { "uv": [ 7, 5.5, 6.5, 7 ], "texture": "#wrench" }
			}
		},
		{
			"__comment": "wrench4",
			"from": [ 8.5, 0.5, 7 ],
			"to": [ 9, 9.5, 9 ],
			"faces": {
				"down": { "uv": [ 8.5, 15, 9, 15.5 ], "texture": "#wrench" },
				"up": { "uv": [ 8.5, 7, 9, 6.5 ], "texture": "#wrench" },
				"north": { "uv": [ 9, 6.5, 8.5, 15.5 ], "texture": "#wrench" },
				"south": { "uv": [ 8.5, 6.5, 9, 15.5 ], "texture": "#wrench" },
				"west": { "uv": [ 8.5, 6.5, 9, 15.5 ], "texture": "#wrench" },
				"east": { "uv": [ 9, 6.5, 8.5, 15.5 ], "texture": "#wrench" }
			}
		},
		{
			"__comment": "wrench5",
			"from": [ 9, 9.5, 7 ],
			"to": [ 9.5, 10.5, 9 ],
			"faces": {
				"down": { "uv": [ 9, 6, 9.5, 6.5 ], "texture": "#wrench" },
				"up": { "uv": [ 9, 6, 9.5, 5.5 ], "texture": "#wrench" },
				"north": { "uv": [ 9.5, 5.5, 9, 6.5 ], "texture": "#wrench" },
				"south": { "uv": [ 9, 5.5, 9.5, 6.5 ], "texture": "#wrench" },
				"west": { "uv": [ 9, 5.5, 9.5, 6.5 ], "texture": "#wrench" },
				"east": { "uv": [ 9.5, 5.5, 9, 6.5 ], "texture": "#wrench" }
			}
		},
		{
			"__comment": "wrench6",
			"from": [ 9.5, 10.5, 7 ],
			"to": [ 10, 11.5, 9 ],
			"faces": {
				"down": { "uv": [ 9.5, 5, 10, 5.5 ], "texture": "#wrench" },
				"up": { "uv": [ 9.5, 5, 10, 4.5 ], "texture": "#wrench" },
				"north": { "uv": [ 10, 4.5, 9.5, 5.5 ], "texture": "#wrench" },
				"south": { "uv": [ 9.5, 4.5, 10, 5.5 ], "texture": "#wrench" },
				"west": { "uv": [ 9.5, 4.5, 10, 5.5 ], "texture": "#wrench" },
				"east": { "uv": [ 10, 4.5, 9.5, 5.5 ], "texture": "#wrench" }
			}
		},
		{
			"__comment": "wrench7",
			"from": [ 10, 11.5, 7 ],
			"to": [ 10.5, 14.5, 9 ],
			"faces": {
				"down": { "uv": [ 10, 4, 10.5, 4.5 ], "texture": "#wrench" },
				"up": { "uv": [ 10, 2, 10.5, 1.5 ], "texture": "#wrench" },
				"north": { "uv": [ 10.5, 1.5, 10, 4.5 ], "texture": "#wrench" },
				"south": { "uv": [ 10, 1.5, 10.5, 4.5 ], "texture": "#wrench" },
				"west": { "uv": [ 10, 1.5, 10.5, 4.5 ], "texture": "#wrench" },
				"east": { "uv": [ 10.5, 1.5, 10, 4.5 ], "texture": "#wrench" }
			}
		},
		{
			"__comment": "wrench8",
			"from": [ 7.5, 0.5, 7.5 ],
			"to": [ 8.5, 8.5, 8.5 ],
			"faces": {
				"down": { "uv": [ 7.5, 15, 8.5, 15.5 ], "texture": "#wrench" },
				"up": { "uv": [ 7.5, 8, 8.5, 7.5 ], "texture": "#wrench" },
				"north": { "uv": [ 8.5, 7.5, 7.5, 15.5 ], "texture": "#wrench" },
				"south": { "uv": [ 7.5, 7.5, 8.5, 15.5 ], "texture": "#wrench" },
				"west": { "uv": [ 7.5, 7.5, 8, 15.5 ], "texture": "#wrench" },
				"east": { "uv": [ 8.5, 7.5, 8, 15.5 ], "texture": "#wrench" }
			}
		},
		{
			"__comment": "wrench9",
			"from": [ 7.5, 8.5, 7 ],
			"to": [ 8.5, 9, 9 ],
			"faces": {
				"down": { "uv": [ 7.5, 7, 8.5, 7.5 ], "texture": "#wrench" },
				"up": { "uv": [ 7.5, 7.5, 8.5, 7 ], "texture": "#wrench" },
				"north": { "uv": [ 8.5, 7, 7.5, 7.5 ], "texture": "#wrench" },
				"south": { "uv": [ 7.5, 7, 8.5, 7.5 ], "texture": "#wrench" },
				"west": { "uv": [ 7.5, 7, 8, 7.5 ], "texture": "#wrench" },
				"east": { "uv": [ 8.5, 7, 8, 7.5 ], "texture": "#wrench" }
			}
		},
		{
			"__comment": "wrench10",
			"from": [ 7, 9, 7 ],
			"to": [ 8.5, 9.5, 9 ],
			"faces": {
				"down": { "uv": [ 7, 6.5, 8.5, 7 ], "texture": "#wrench" },
				"up": { "uv": [ 7, 7, 8.5, 6.5 ], "texture": "#wrench" },
				"north": { "uv": [ 8.5, 6.5, 7, 7 ], "texture": "#wrench" },
				"south": { "uv": [ 7, 6.5, 8.5, 7 ], "texture": "#wrench" },
				"west": { "uv": [ 7, 6.5, 7.5, 7 ], "texture": "#wrench" },
				"east": { "uv": [ 8.5, 6.5, 8, 7 ], "texture": "#wrench" }
			}
		},
		{
			"__comment": "wrench11",
			"from": [ 7, 9.5, 7 ],
			"to": [ 9, 10.5, 9 ],
			"faces": {
				"down": { "uv": [ 7, 6, 9, 6.5 ], "texture": "#wrench" },
				"up": { "uv": [ 7, 6, 9, 5.5 ], "texture": "#wrench" },
				"north": { "uv": [ 9, 5.5, 7, 6.5 ], "texture": "#wrench" },
				"south": { "uv": [ 7, 5.5, 9, 6.5 ], "texture": "#wrench" },
				"west": { "uv": [ 7, 5.5, 7.5, 6.5 ], "texture": "#wrench" },
				"east": { "uv": [ 9, 5.5, 8.5, 6.5 ], "texture": "#wrench" }
			}
		},
		{
			"__comment": "wrench12",
			"from": [ 6, 10.5, 7 ],
			"to": [ 6.5, 12.5, 9 ],
			"faces": {
				"down": { "uv": [ 6, 5, 6.5, 5.5 ], "texture": "#wrench" },
				"up": { "uv": [ 6, 4, 6.5, 3.5 ], "texture": "#wrench" },
				"north": { "uv": [ 6.5, 3.5, 6, 5.5 ], "texture": "#wrench" },
				"south": { "uv": [ 6, 3.5, 6.5, 5.5 ], "texture": "#wrench" },
				"west": { "uv": [ 6, 3.5, 6.5, 5.5 ], "texture": "#wrench" },
				"east": { "uv": [ 6.5, 3.5, 6, 5.5 ], "texture": "#wrench" }
			}
		},
		{
			"__comment": "wrench13",
			"from": [ 6.5, 10.5, 7 ],
			"to": [ 9.5, 11.5, 9 ],
			"faces": {
				"down": { "uv": [ 6.5, 5, 9.5, 5.5 ], "texture": "#wrench" },
				"up": { "uv": [ 6.5, 5, 9.5, 4.5 ], "texture": "#wrench" },
				"north": { "uv": [ 9.5, 4.5, 6.5, 5.5 ], "texture": "#wrench" },
				"south": { "uv": [ 6.5, 4.5, 9.5, 5.5 ], "texture": "#wrench" },
				"west": { "uv": [ 6.5, 4.5, 7, 5.5 ], "texture": "#wrench" },
				"east": { "uv": [ 9.5, 4.5, 9, 5.5 ], "texture": "#wrench" }
			}
		},
		{
			"__comment": "wrench14",
			"from": [ 6.5, 11.5, 7 ],
			"to": [ 10, 12, 9 ],
			"faces": {
				"down": { "uv": [ 6.5, 4, 10, 4.5 ], "texture": "#wrench" },
				"up": { "uv": [ 6.5, 4.5, 10, 4 ], "texture": "#wrench" },
				"north": { "uv": [ 10, 4, 6.5, 4.5 ], "texture": "#wrench" },
				"south": { "uv": [ 6.5, 4, 10, 4.5 ], "texture": "#wrench" },
				"west": { "uv": [ 6.5, 4, 7, 4.5 ], "texture": "#wrench" },
				"east": { "uv": [ 10, 4, 9.5, 4.5 ], "texture": "#wrench" }
			}
		},
		{
			"__comment": "wrench15",
			"from": [ 9.5, 12, 7 ],
			"to": [ 10, 15.5, 9 ],
			"faces": {
				"down": { "uv": [ 9.5, 3.5, 10, 4 ], "texture": "#wrench" },
				"up": { "uv": [ 9.5, 1, 10, 0.5 ], "texture": "#wrench" },
				"north": { "uv": [ 10, 0.5, 9.5, 4 ], "texture": "#wrench" },
				"south": { "uv": [ 9.5, 0.5, 10, 4 ], "texture": "#wrench" },
				"west": { "uv": [ 9.5, 0.5, 10, 4 ], "texture": "#wrench" },
				"east": { "uv": [ 10, 0.5, 9.5, 4 ], "texture": "#wrench" }
			}
		},
		{
			"__comment": "wrench16",
			"from": [ 7, 12.5, 7 ],
			"to": [ 9.5, 13, 9 ],
			"faces": {
				"down": { "uv": [ 7, 3, 9.5, 3.5 ], "texture": "#wrench" },
				"up": { "uv": [ 7, 3.5, 9.5, 3 ], "texture": "#wrench" },
				"north": { "uv": [ 9.5, 3, 7, 3.5 ], "texture": "#wrench" },
				"south": { "uv": [ 7, 3, 9.5, 3.5 ], "texture": "#wrench" },
				"west": { "uv": [ 7, 3, 7.5, 3.5 ], "texture": "#wrench" },
				"east": { "uv": [ 9.5, 3, 9, 3.5 ], "texture": "#wrench" }
			}
		},
		{
			"__comment": "wrench17",
			"from": [ 6.5, 12, 7 ],
			"to": [ 9.5, 12.5, 9 ],
			"faces": {
				"down": { "uv": [ 6.5, 3.5, 9.5, 4 ], "texture": "#wrench" },
				"up": { "uv": [ 6.5, 4, 9.5, 3.5 ], "texture": "#wrench" },
				"north": { "uv": [ 9.5, 3.5, 6.5, 4 ], "texture": "#wrench" },
				"south": { "uv": [ 6.5, 3.5, 9.5, 4 ], "texture": "#wrench" },
				"west": { "uv": [ 6.5, 3.5, 7, 4 ], "texture": "#wrench" },
				"east": { "uv": [ 9.5, 3.5, 9, 4 ], "texture": "#wrench" }
			}
		},
		{
			"__comment": "wrench18",
			"from": [ 4.5, 11.5, 7.5 ],
			"to": [ 6, 12, 8.5 ],
			"faces": {
				"down": { "uv": [ 4.5, 4, 6, 4.5 ], "texture": "#wrench" },
				"up": { "uv": [ 4.5, 4.5, 6, 4 ], "texture": "#wrench" },
				"north": { "uv": [ 6, 4, 4.5, 4.5 ], "texture": "#wrench" },
				"south": { "uv": [ 4.5, 4, 6, 4.5 ], "texture": "#wrench" },
				"west": { "uv": [ 4.5, 4, 5, 4.5 ], "texture": "#wrench" },
				"east": { "uv": [ 6, 4, 5.5, 4.5 ], "texture": "#wrench" }
			}
		},
		{
			"__comment": "wrench19",
			"from": [ 4.5, 12, 7.5 ],
			"to": [ 5.5, 12.5, 8.5 ],
			"faces": {
				"down": { "uv": [ 4.5, 3.5, 5.5, 4 ], "texture": "#wrench" },
				"up": { "uv": [ 4.5, 4, 5.5, 3.5 ], "texture": "#wrench" },
				"north": { "uv": [ 5.5, 3.5, 4.5, 4 ], "texture": "#wrench" },
				"south": { "uv": [ 4.5, 3.5, 5.5, 4 ], "texture": "#wrench" },
				"west": { "uv": [ 4.5, 3.5, 5, 4 ], "texture": "#wrench" },
				"east": { "uv": [ 5.5, 3.5, 5, 4 ], "texture": "#wrench" }
			}
		},
		{
			"__comment": "wrench20",
			"from": [ 5.5, 12, 7 ],
			"to": [ 6, 12.5, 9 ],
			"faces": {
				"down": { "uv": [ 5.5, 3.5, 6, 4 ], "texture": "#wrench" },
				"up": { "uv": [ 5.5, 4, 6, 3.5 ], "texture": "#wrench" },
				"north": { "uv": [ 6, 3.5, 5.5, 4 ], "texture": "#wrench" },
				"south": { "uv": [ 5.5, 3.5, 6, 4 ], "texture": "#wrench" },
				"west": { "uv": [ 5.5, 3.5, 6, 4 ], "texture": "#wrench" },
				"east": { "uv": [ 6, 3.5, 5.5, 4 ], "texture": "#wrench" }
			}
		},
		{
			"__comment": "wrench21",
			"from": [ 5, 12.5, 7.5 ],
			"to": [ 7, 13, 8.5 ],
			"faces": {
				"down": { "uv": [ 5, 3, 7, 3.5 ], "texture": "#wrench" },
				"up": { "uv": [ 5, 3.5, 7, 3 ], "texture": "#wrench" },
				"north": { "uv": [ 7, 3, 5, 3.5 ], "texture": "#wrench" },
				"south": { "uv": [ 5, 3, 7, 3.5 ], "texture": "#wrench" },
				"west": { "uv": [ 5, 3, 5.5, 3.5 ], "texture": "#wrench" },
				"east": { "uv": [ 7, 3, 6.5, 3.5 ], "texture": "#wrench" }
			}
		},
		{
			"__comment": "wrench22",
			"from": [ 5, 13, 7.5 ],
			"to": [ 5.5, 15, 8.5 ],
			"faces": {
				"down": { "uv": [ 5, 2.5, 5.5, 3 ], "texture": "#wrench" },
				"up": { "uv": [ 5, 1.5, 5.5, 1 ], "texture": "#wrench" },
				"north": { "uv": [ 5.5, 1, 5, 3 ], "texture": "#wrench" },
				"south": { "uv": [ 5, 1, 5.5, 3 ], "texture": "#wrench" },
				"west": { "uv": [ 5, 1, 5.5, 3 ], "texture": "#wrench" },
				"east": { "uv": [ 5.5, 1, 5, 3 ], "texture": "#wrench" }
			}
		},
		{
			"__comment": "wrench23",
			"from": [ 5.5, 13, 7.5 ],
			"to": [ 6, 15.5, 8.5 ],
			"faces": {
				"down": { "uv": [ 5.5, 2.5, 6, 3 ], "texture": "#wrench" },
				"up": { "uv": [ 5.5, 1, 6, 0.5 ], "texture": "#wrench" },
				"north": { "uv": [ 6, 0.5, 5.5, 3 ], "texture": "#wrench" },
				"south": { "uv": [ 5.5, 0.5, 6, 3 ], "texture": "#wrench" },
				"west": { "uv": [ 5.5, 0.5, 6, 3 ], "texture": "#wrench" },
				"east": { "uv": [ 6, 0.5, 5.5, 3 ], "texture": "#wrench" }
			}
		},
		{
			"__comment": "wrench24",
			"from": [ 6, 13, 7.5 ],
			"to": [ 6.5, 14, 8.5 ],
			"faces": {
				"down": { "uv": [ 6, 2.5, 6.5, 3 ], "texture": "#wrench" },
				"up": { "uv": [ 6, 2.5, 6.5, 2 ], "texture": "#wrench" },
				"north": { "uv": [ 6.5, 2, 6, 3 ], "texture": "#wrench" },
				"south": { "uv": [ 6, 2, 6.5, 3 ], "texture": "#wrench" },
				"west": { "uv": [ 6, 2, 6.5, 3 ], "texture": "#wrench" },
				"east": { "uv": [ 6.5, 2, 6, 3 ], "texture": "#wrench" }
			}
		},
		{
			"__comment": "wrench25",
			"from": [ 5.5, 13, 7.5 ],
			"to": [ 6, 15.5, 8.5 ],
			"faces": {
				"down": { "uv": [ 5.5, 2.5, 6, 3 ], "texture": "#wrench" },
				"up": { "uv": [ 5.5, 1, 6, 0.5 ], "texture": "#wrench" },
				"north": { "uv": [ 6, 0.5, 5.5, 3 ], "texture": "#wrench" },
				"south": { "uv": [ 5.5, 0.5, 6, 3 ], "texture": "#wrench" },
				"west": { "uv": [ 5.5, 0.5, 6, 3 ], "texture": "#wrench" },
				"east": { "uv": [ 6, 0.5, 5.5, 3 ], "texture": "#wrench" }
			}
		},
		{
			"__comment": "wrench26",
			"from": [ 9, 13, 7.5 ],
			"to": [ 9.5, 16, 8.5 ],
			"faces": {
				"down": { "uv": [ 9, 2.5, 9.5, 3 ], "texture": "#wrench" },
				"up": { "uv": [ 9, 0.5, 9.5, 0 ], "texture": "#wrench" },
				"north": { "uv": [ 9.5, 0, 9, 3 ], "texture": "#wrench" },
				"south": { "uv": [ 9, 0, 9.5, 3 ], "texture": "#wrench" },
				"west": { "uv": [ 9, 0, 9.5, 3 ], "texture": "#wrench" },
				"east": { "uv": [ 9.5, 0, 9, 3 ], "texture": "#wrench" }
			}
		},
		{
			"__comment": "wrench",
			"from": [ 8.5, 13, 7.5 ],
			"to": [ 9, 13.5, 8.5 ],
			"faces": {
				"down": { "uv": [ 8.5, 2.5, 9, 3 ], "texture": "#wrench" },
				"up": { "uv": [ 8.5, 3, 9, 2.5 ], "texture": "#wrench" },
				"north": { "uv": [ 9, 2.5, 8.5, 3 ], "texture": "#wrench" },
				"south": { "uv": [ 8.5, 2.5, 9, 3 ], "texture": "#wrench" },
				"west": { "uv": [ 8.5, 2.5, 9, 3 ], "texture": "#wrench" },
				"east": { "uv": [ 9, 2.5, 8.5, 3 ], "texture": "#wrench" }
			}
		}
	],
	"display": {
		"thirdperson_righthand": {
			"rotation":  [ 0, -90, 0 ],
			"translation":  [ 0, 0.5, 1 ],
			"scale":  [ 0.5, 0.5, 0.5 ]
		},
		"thirdperson_lefthand": {
			"rotation":  [ -90, -90, 45 ],
			"translation":  [ -10.5, -1.5, 0 ],
			"scale":  [ 0.5, 0.5, 0.5 ]
		},
		"firstperson_righthand": {
			"rotation":  [ 0, -90, -15 ],
			"translation":  [ 0, 0, -6 ]
		},
		"firstperson_lefthand": {
			"scale":  [ 0.0001, 0.0001, 0.0001 ]
		},
		"gui": {
			"rotation":  [ 0, 0, -45 ],
			"translation":  [ -1, -0.75, 0 ]
		},
		"head": {
			"scale":  [ 0.0001, 0.0001, 0.0001 ]
		},
		"ground": {
			"rotation":  [ -90, 0, 90 ],
			"scale":  [ 0.5, 0.5, 0.5 ]
		},
		"fixed": {
			"rotation":  [ 0, 180, 0 ]
		}
	}
}