{
	"__comment": "geune",
	"textures": {
		"2Enr": "2Enr"
	},
	"elements": [ 	 
		{
			"__comment": "Voxels",
			"from": [ 5, 9.375, 3 ],
			"to": [ 5.375, 11.375, 5 ],
			"faces": {
				"down": { "uv": [ 3, 3.375, 5, 4.3125 ], "texture": "#2Enr" },
				"up": { "uv": [ 1, 2.9375, 3, 3.875 ], "texture": "#2Enr" },
				"north": { "uv": [ 1, 2, 3, 2.9375 ], "texture": "#2Enr" },
				"south": { "uv": [ 1, 1.0625, 3, 2 ], "texture": "#2Enr" },
				"west": { "uv": [ 1, 0.125, 3, 1.0625 ], "texture": "#2Enr" },
				"east": { "uv": [ 3, 9.9375, 5, 10.875 ], "texture": "#2Enr" }
			}
		},
		{
			"__comment": "Voxels",
			"from": [ 5.375, 7.375, 4 ],
			"to": [ 6, 9.375, 6 ],
			"faces": {
				"down": { "uv": [ 10, 7.0625, 11, 8 ], "texture": "#2Enr" },
				"up": { "uv": [ 13, 7.0625, 14, 8 ], "texture": "#2Enr" },
				"north": { "uv": [ 15, 13.6875, 16, 14.625 ], "texture": "#2Enr" },
				"south": { "uv": [ 5, 3.4375, 6, 4.375 ], "texture": "#2Enr" },
				"west": { "uv": [ 6, 9.9375, 8, 10.875 ], "texture": "#2Enr" },
				"east": { "uv": [ 3, 2.4375, 5, 3.375 ], "texture": "#2Enr" }
			}
		},
		{
			"__comment": "Voxels",
			"from": [ 5.5, 9.875, 1.5 ],
			"to": [ 6.125, 11.875, 3.375 ],
			"faces": {
				"down": { "uv": [ 9, 4.625, 10, 5.125 ], "texture": "#2Enr" },
				"up": { "uv": [ 15, 5.25, 16, 5.6875 ], "texture": "#2Enr" },
				"north": { "uv": [ 5, 2.5, 6, 3.4375 ], "texture": "#2Enr" },
				"south": { "uv": [ 5, 1.5625, 6, 2.5 ], "texture": "#2Enr" },
				"west": { "uv": [ 5, 0.625, 6, 1.5625 ], "texture": "#2Enr" },
				"east": { "uv": [ 6, 8, 7, 8.9375 ], "texture": "#2Enr" }
			}
		},
		{
			"__comment": "Voxels",
			"from": [ 5.375, 9.375, 5 ],
			"to": [ 6, 11.375, 6 ],
			"faces": {
				"down": { "uv": [ 11, 5.25, 12, 5.6875 ], "texture": "#2Enr" },
				"up": { "uv": [ 9, 2.1875, 10, 2.625 ], "texture": "#2Enr" },
				"north": { "uv": [ 6, 5.1875, 7, 6.125 ], "texture": "#2Enr" },
				"south": { "uv": [ 6, 4.25, 7, 5.1875 ], "texture": "#2Enr" },
				"west": { "uv": [ 6, 3.3125, 7, 4.25 ], "texture": "#2Enr" },
				"east": { "uv": [ 10, 8, 11, 8.9375 ], "texture": "#2Enr" }
			}
		},
		{
			"__comment": "Voxels",
			"from": [ 5.375, 11.375, 3 ],
			"to": [ 6, 12.375, 5 ],
			"faces": {
				"down": { "uv": [ 6, 2.375, 7, 3.3125 ], "texture": "#2Enr" },
				"up": { "uv": [ 6, 1.4375, 7, 2.375 ], "texture": "#2Enr" },
				"north": { "uv": [ 15, 6.625, 16, 7.0625 ], "texture": "#2Enr" },
				"south": { "uv": [ 9, 4.125, 10, 4.625 ], "texture": "#2Enr" },
				"west": { "uv": [ 9, 6.625, 11, 7.0625 ], "texture": "#2Enr" },
				"east": { "uv": [ 14, 9, 16, 9.4375 ], "texture": "#2Enr" }
			}
		},
		{
			"__comment": "Voxels",
			"from": [ 6, 8, 5.5 ],
			"to": [ 11, 12.125, 6.5 ],
			"faces": {
				"down": { "uv": [ 3, 12.6875, 8, 13.1875 ], "texture": "#2Enr" },
				"up": { "uv": [ 8, 13.1875, 13, 13.6875 ], "texture": "#2Enr" },
				"north": { "uv": [ 5, 14.625, 10, 16 ], "texture": "#2Enr" },
				"south": { "uv": [ 0, 14.625, 5, 16 ], "texture": "#2Enr" },
				"west": { "uv": [ 5, 5.75, 6, 7.125 ], "texture": "#2Enr" },
				"east": { "uv": [ 5, 4.375, 6, 5.75 ], "texture": "#2Enr" }
			}
		},
		{
			"__comment": "Voxels",
			"from": [ 7, 7, 5.5 ],
			"to": [ 10, 8, 6.5 ],
			"faces": {
				"down": { "uv": [ 13, 12.25, 16, 12.6875 ], "texture": "#2Enr" },
				"up": { "uv": [ 13, 12.6875, 16, 13.1875 ], "texture": "#2Enr" },
				"north": { "uv": [ 8, 10.375, 11, 10.875 ], "texture": "#2Enr" },
				"south": { "uv": [ 11, 10.375, 14, 10.875 ], "texture": "#2Enr" },
				"west": { "uv": [ 9, 3.625, 10, 4.125 ], "texture": "#2Enr" },
				"east": { "uv": [ 9, 3.125, 10, 3.625 ], "texture": "#2Enr" }
			}
		},
		{
			"__comment": "Voxels",
			"from": [ 7, 9, 6.5 ],
			"to": [ 10, 12, 7.5 ],
			"faces": {
				"down": { "uv": [ 12, 9.4375, 15, 9.9375 ], "texture": "#2Enr" },
				"up": { "uv": [ 13, 11.8125, 16, 12.25 ], "texture": "#2Enr" },
				"north": { "uv": [ 0, 9.5, 3, 10.875 ], "texture": "#2Enr" },
				"south": { "uv": [ 0, 10.875, 3, 12.25 ], "texture": "#2Enr" },
				"west": { "uv": [ 0, 0.125, 1, 1.5625 ], "texture": "#2Enr" },
				"east": { "uv": [ 15, 14.625, 16, 16 ], "texture": "#2Enr" }
			}
		},
		{
			"__comment": "Voxels",
			"from": [ 8, 8, 6.5 ],
			"to": [ 9, 9, 7.125 ],
			"faces": {
				"down": { "uv": [ 9, 2.625, 10, 3.125 ], "texture": "#2Enr" },
				"up": { "uv": [ 15, 10.875, 16, 11.375 ], "texture": "#2Enr" },
				"north": { "uv": [ 5, 0.125, 6, 0.625 ], "texture": "#2Enr" },
				"south": { "uv": [ 14, 6.625, 15, 7.0625 ], "texture": "#2Enr" },
				"west": { "uv": [ 15, 9.4375, 16, 9.9375 ], "texture": "#2Enr" },
				"east": { "uv": [ 13, 6.625, 14, 7.0625 ], "texture": "#2Enr" }
			}
		},
		{
			"__comment": "Voxels",
			"from": [ 10.875, 7.375, 4 ],
			"to": [ 11.625, 12.375, 5 ],
			"faces": {
				"down": { "uv": [ 10, 2.625, 11, 3.0625 ], "texture": "#2Enr" },
				"up": { "uv": [ 6, 0, 7, 0.5 ], "texture": "#2Enr" },
				"north": { "uv": [ 2, 3.9375, 3, 6.25 ], "texture": "#2Enr" },
				"south": { "uv": [ 1, 3.875, 2, 6.25 ], "texture": "#2Enr" },
				"west": { "uv": [ 0, 1.5625, 1, 3.875 ], "texture": "#2Enr" },
				"east": { "uv": [ 0, 3.875, 1, 6.25 ], "texture": "#2Enr" }
			}
		},
		{
			"__comment": "Voxels",
			"from": [ 10.875, 7.375, 5 ],
			"to": [ 11.625, 11.375, 6 ],
			"faces": {
				"down": { "uv": [ 7, 0, 8, 0.5 ], "texture": "#2Enr" },
				"up": { "uv": [ 9, 5.125, 10, 5.625 ], "texture": "#2Enr" },
				"north": { "uv": [ 4, 4.3125, 5, 6.1875 ], "texture": "#2Enr" },
				"south": { "uv": [ 3, 4.3125, 4, 6.1875 ], "texture": "#2Enr" },
				"west": { "uv": [ 4, 6.1875, 5, 8.0625 ], "texture": "#2Enr" },
				"east": { "uv": [ 3, 6.1875, 4, 8.0625 ], "texture": "#2Enr" }
			}
		},
		{
			"__comment": "Voxels",
			"from": [ 10.875, 8.375, 3 ],
			"to": [ 11.625, 12.375, 4 ],
			"faces": {
				"down": { "uv": [ 9, 5.625, 10, 6.125 ], "texture": "#2Enr" },
				"up": { "uv": [ 15, 6.125, 16, 6.625 ], "texture": "#2Enr" },
				"north": { "uv": [ 5, 9, 6, 10.875 ], "texture": "#2Enr" },
				"south": { "uv": [ 4, 8.0625, 5, 9.9375 ], "texture": "#2Enr" },
				"west": { "uv": [ 3, 8.0625, 4, 9.9375 ], "texture": "#2Enr" },
				"east": { "uv": [ 5, 7.125, 6, 9 ], "texture": "#2Enr" }
			}
		},
		{
			"__comment": "Voxels",
			"from": [ 10.75, 9.875, 1.5 ],
			"to": [ 11.5, 11.875, 3.625 ],
			"faces": {
				"down": { "uv": [ 8, 1.625, 9, 2.125 ], "texture": "#2Enr" },
				"up": { "uv": [ 13, 5.6875, 14, 6.125 ], "texture": "#2Enr" },
				"north": { "uv": [ 7, 2.375, 8, 3.3125 ], "texture": "#2Enr" },
				"south": { "uv": [ 11, 7.0625, 12, 8 ], "texture": "#2Enr" },
				"west": { "uv": [ 7, 0.5, 8, 1.4375 ], "texture": "#2Enr" },
				"east": { "uv": [ 7, 6.125, 8, 7.0625 ], "texture": "#2Enr" }
			}
		},
		{
			"__comment": "Voxels",
			"from": [ 11.625, 9.375, 3 ],
			"to": [ 11.876, 11.375, 5 ],
			"faces": {
				"down": { "uv": [ 13, 8, 14, 8.9375 ], "texture": "#2Enr" },
				"up": { "uv": [ 12, 8, 13, 8.9375 ], "texture": "#2Enr" },
				"north": { "uv": [ 8, 8, 9, 8.9375 ], "texture": "#2Enr" },
				"south": { "uv": [ 7, 8, 8, 8.9375 ], "texture": "#2Enr" },
				"west": { "uv": [ 3, 1.5, 5, 2.4375 ], "texture": "#2Enr" },
				"east": { "uv": [ 3, 0.5625, 5, 1.5 ], "texture": "#2Enr" }
			}
		},
		{
			"__comment": "Voxels",
			"from": [ 6, 11.375, 1.625 ],
			"to": [ 11, 12, 3.625 ],
			"faces": {
				"down": { "uv": [ 5, 13.6875, 10, 14.625 ], "texture": "#2Enr" },
				"up": { "uv": [ 0, 13.6875, 5, 14.625 ], "texture": "#2Enr" },
				"north": { "uv": [ 8, 12.25, 13, 12.6875 ], "texture": "#2Enr" },
				"south": { "uv": [ 3, 11.8125, 8, 12.25 ], "texture": "#2Enr" },
				"west": { "uv": [ 8, 9, 10, 9.4375 ], "texture": "#2Enr" },
				"east": { "uv": [ 14, 10.375, 16, 10.875 ], "texture": "#2Enr" }
			}
		},
		{
			"__comment": "Voxels",
			"from": [ 6, 11, 5 ],
			"to": [ 7, 13, 6 ],
			"faces": {
				"down": { "uv": [ 10, 3.0625, 11, 3.5 ], "texture": "#2Enr" },
				"up": { "uv": [ 8, 5.625, 9, 6.125 ], "texture": "#2Enr" },
				"north": { "uv": [ 7, 3.3125, 8, 4.25 ], "texture": "#2Enr" },
				"south": { "uv": [ 15, 8, 16, 8.9375 ], "texture": "#2Enr" },
				"west": { "uv": [ 7, 5.1875, 8, 6.125 ], "texture": "#2Enr" },
				"east": { "uv": [ 7, 4.25, 8, 5.1875 ], "texture": "#2Enr" }
			}
		},
		{
			"__comment": "Voxels",
			"from": [ 6, 12, 2 ],
			"to": [ 11, 13, 3 ],
			"faces": {
				"down": { "uv": [ 8, 12.6875, 13, 13.1875 ], "texture": "#2Enr" },
				"up": { "uv": [ 3, 13.1875, 8, 13.6875 ], "texture": "#2Enr" },
				"north": { "uv": [ 3, 12.25, 8, 12.6875 ], "texture": "#2Enr" },
				"south": { "uv": [ 8, 11.8125, 13, 12.25 ], "texture": "#2Enr" },
				"west": { "uv": [ 13, 5.25, 14, 5.6875 ], "texture": "#2Enr" },
				"east": { "uv": [ 8, 5.125, 9, 5.625 ], "texture": "#2Enr" }
			}
		},
		{
			"__comment": "Voxels",
			"from": [ 6, 12, 3 ],
			"to": [ 7, 13, 5 ],
			"faces": {
				"down": { "uv": [ 8, 7.0625, 9, 8 ], "texture": "#2Enr" },
				"up": { "uv": [ 9, 7.0625, 10, 8 ], "texture": "#2Enr" },
				"north": { "uv": [ 9, 1.75, 10, 2.1875 ], "texture": "#2Enr" },
				"south": { "uv": [ 8, 4.625, 9, 5.125 ], "texture": "#2Enr" },
				"west": { "uv": [ 11, 6.625, 13, 7.0625 ], "texture": "#2Enr" },
				"east": { "uv": [ 14, 9.9375, 16, 10.375 ], "texture": "#2Enr" }
			}
		},
		{
			"__comment": "Voxels",
			"from": [ 6.875, 11, 6 ],
			"to": [ 10.125, 13, 7 ],
			"faces": {
				"down": { "uv": [ 9, 9.4375, 12, 9.9375 ], "texture": "#2Enr" },
				"up": { "uv": [ 12, 11.375, 15, 11.8125 ], "texture": "#2Enr" },
				"north": { "uv": [ 0, 7.1875, 3, 8.125 ], "texture": "#2Enr" },
				"south": { "uv": [ 0, 6.25, 3, 7.1875 ], "texture": "#2Enr" },
				"west": { "uv": [ 9, 8, 10, 8.9375 ], "texture": "#2Enr" },
				"east": { "uv": [ 11, 8, 12, 8.9375 ], "texture": "#2Enr" }
			}
		},
		{
			"__comment": "Voxels",
			"from": [ 7, 12, 5 ],
			"to": [ 11, 13, 6 ],
			"faces": {
				"down": { "uv": [ 7, 10.875, 11, 11.375 ], "texture": "#2Enr" },
				"up": { "uv": [ 8, 11.375, 12, 11.8125 ], "texture": "#2Enr" },
				"north": { "uv": [ 11, 10.875, 15, 11.375 ], "texture": "#2Enr" },
				"south": { "uv": [ 3, 10.875, 7, 11.375 ], "texture": "#2Enr" },
				"west": { "uv": [ 14, 5.25, 15, 5.6875 ], "texture": "#2Enr" },
				"east": { "uv": [ 12, 5.25, 13, 5.6875 ], "texture": "#2Enr" }
			}
		},
		{
			"__comment": "Voxels",
			"from": [ 7, 12.875, 3 ],
			"to": [ 10, 13.5, 6 ],
			"faces": {
				"down": { "uv": [ 0, 12.25, 3, 13.6875 ], "texture": "#2Enr" },
				"up": { "uv": [ 0, 8.125, 3, 9.5 ], "texture": "#2Enr" },
				"north": { "uv": [ 6, 9.4375, 9, 9.9375 ], "texture": "#2Enr" },
				"south": { "uv": [ 8, 9.9375, 11, 10.375 ], "texture": "#2Enr" },
				"west": { "uv": [ 11, 9.9375, 14, 10.375 ], "texture": "#2Enr" },
				"east": { "uv": [ 13, 13.1875, 16, 13.6875 ], "texture": "#2Enr" }
			}
		},
		{
			"__comment": "Voxels",
			"from": [ 10, 11, 5 ],
			"to": [ 11, 12, 6 ],
			"faces": {
				"down": { "uv": [ 9, 0, 10, 0.4375 ], "texture": "#2Enr" },
				"up": { "uv": [ 11, 5.6875, 12, 6.125 ], "texture": "#2Enr" },
				"north": { "uv": [ 12, 5.6875, 13, 6.125 ], "texture": "#2Enr" },
				"south": { "uv": [ 8, 2.625, 9, 3.125 ], "texture": "#2Enr" },
				"west": { "uv": [ 15, 5.6875, 16, 6.125 ], "texture": "#2Enr" },
				"east": { "uv": [ 8, 2.125, 9, 2.625 ], "texture": "#2Enr" }
			}
		},
		{
			"__comment": "Voxels",
			"from": [ 10, 12, 3 ],
			"to": [ 11, 13, 5 ],
			"faces": {
				"down": { "uv": [ 7, 1.4375, 8, 2.375 ], "texture": "#2Enr" },
				"up": { "uv": [ 6, 7.0625, 7, 8 ], "texture": "#2Enr" },
				"north": { "uv": [ 10, 4.8125, 11, 5.25 ], "texture": "#2Enr" },
				"south": { "uv": [ 8, 1.125, 9, 1.625 ], "texture": "#2Enr" },
				"west": { "uv": [ 3, 0.0625, 5, 0.5625 ], "texture": "#2Enr" },
				"east": { "uv": [ 12, 9, 14, 9.4375 ], "texture": "#2Enr" }
			}
		},
		{
			"__comment": "Voxels",
			"from": [ 5.375, 7.375, 4 ],
			"to": [ 6, 10.875, 6.25 ],
			"rotation": { "origin": [ 5.375, 7.375, 4 ], "axis": "x", "angle": -45 },
			"faces": {
				"down": { "uv": [ 10, 2.1875, 11, 2.625 ], "texture": "#2Enr" },
				"up": { "uv": [ 15, 11.375, 16, 11.8125 ], "texture": "#2Enr" },
				"north": { "uv": [ 7, 7.0625, 8, 8 ], "texture": "#2Enr" },
				"south": { "uv": [ 14, 8, 15, 8.9375 ], "texture": "#2Enr" },
				"west": { "uv": [ 6, 0.5, 7, 1.4375 ], "texture": "#2Enr" },
				"east": { "uv": [ 6, 6.125, 7, 7.0625 ], "texture": "#2Enr" }
			}
		},
		{
			"__comment": "Voxels",
			"from": [ 7, 7, 5.75 ],
			"to": [ 8.125, 8.5, 6.375 ],
			"rotation": { "origin": [ 7, 7, 5.75 ], "axis": "z", "angle": 45 },
			"faces": {
				"down": { "uv": [ 8, 0.625, 9, 1.125 ], "texture": "#2Enr" },
				"up": { "uv": [ 8, 0.125, 9, 0.625 ], "texture": "#2Enr" },
				"north": { "uv": [ 9, 6.125, 10, 6.625 ], "texture": "#2Enr" },
				"south": { "uv": [ 9, 0.4375, 10, 0.875 ], "texture": "#2Enr" },
				"west": { "uv": [ 10, 6.125, 11, 6.625 ], "texture": "#2Enr" },
				"east": { "uv": [ 10, 5.6875, 11, 6.125 ], "texture": "#2Enr" }
			}
		},
		{
			"__comment": "Voxels",
			"from": [ 9.875, 6.5, 5.75 ],
			"to": [ 11, 8, 6.375 ],
			"rotation": { "origin": [ 11, 8, 5.75 ], "axis": "z", "angle": -45 },
			"faces": {
				"down": { "uv": [ 12, 6.125, 13, 6.625 ], "texture": "#2Enr", "rotation": 180 },
				"up": { "uv": [ 11, 6.125, 12, 6.625 ], "texture": "#2Enr", "rotation": 180 },
				"north": { "uv": [ 14, 6.625, 13, 6.125 ], "texture": "#2Enr" },
				"south": { "uv": [ 15, 6.125, 14, 5.6875 ], "texture": "#2Enr" },
				"west": { "uv": [ 10, 5.25, 11, 5.6875 ], "texture": "#2Enr", "rotation": 180 },
				"east": { "uv": [ 14, 6.125, 15, 6.625 ], "texture": "#2Enr", "rotation": 180 }
			}
		},
		{
			"__comment": "Voxels",
			"from": [ 6.125, 9.875, 1.249 ],
			"to": [ 10.75, 11.75, 2.5 ],
			"faces": {
				"down": { "uv": [ 15, 15.0625, 10, 14.625 ], "texture": "#2Enr" },
				"up": { "uv": [ 3, 11.375, 8, 11.8125 ], "texture": "#2Enr" },
				"north": { "uv": [ 15, 16, 10, 15.0625 ], "texture": "#2Enr" },
				"south": { "uv": [ 10, 13.6875, 15, 14.625 ], "texture": "#2Enr" },
				"west": { "uv": [ 10, 9, 12, 9.4375 ], "texture": "#2Enr", "rotation": 270 },
				"east": { "uv": [ 6, 8.9375, 8, 9.4375 ], "texture": "#2Enr", "rotation": 90 }
			}
		},
		{
			"__comment": "Voxels",
			"from": [ 10.875, 7.375, 4 ],
			"to": [ 11.5, 10.875, 6.25 ],
			"rotation": { "origin": [ 10.875, 7.375, 4 ], "axis": "x", "angle": -45 },
			"faces": {
				"down": { "uv": [ 10, 4.375, 11, 4.8125 ], "texture": "#2Enr" },
				"up": { "uv": [ 10, 3.9375, 11, 4.375 ], "texture": "#2Enr" },
				"north": { "uv": [ 14, 7.0625, 15, 8 ], "texture": "#2Enr" },
				"south": { "uv": [ 15, 7.0625, 16, 8 ], "texture": "#2Enr" },
				"west": { "uv": [ 8, 6.125, 9, 7.0625 ], "texture": "#2Enr" },
				"east": { "uv": [ 12, 7.0625, 13, 8 ], "texture": "#2Enr" }
			}
		},
		{
			"__comment": "Voxels",
			"from": [ 5.75, 6.25, 3 ],
			"to": [ 6, 8.875, 3.5 ],
			"faces": {
				"down": { "uv": [ 10, 0, 10.375, 0.3125 ], "texture": "#2Enr" },
				"up": { "uv": [ 10.375, 0, 10.8125, 0.3125 ], "texture": "#2Enr" },
				"north": { "uv": [ 10, 0.3125, 10.375, 0.6875 ], "texture": "#2Enr" },
				"south": { "uv": [ 10.375, 0.3125, 10.75, 0.6875 ], "texture": "#2Enr" },
				"west": { "uv": [ 10, 1.8125, 10.75, 2.1875 ], "texture": "#2Enr" },
				"east": { "uv": [ 10, 1.4375, 10.75, 1.8125 ], "texture": "#2Enr" }
			}
		},
		{
			"__comment": "Voxels",
			"from": [ 10.75, 6.875, 3 ],
			"to": [ 11, 8.5, 3.5 ],
			"faces": {
				"down": { "uv": [ 12.1875, 4.9375, 12.5625, 5.25 ], "texture": "#2Enr" },
				"up": { "uv": [ 11.75, 4.9375, 12.1875, 5.25 ], "texture": "#2Enr" },
				"north": { "uv": [ 11, 4.875, 11.375, 5.25 ], "texture": "#2Enr" },
				"south": { "uv": [ 11.375, 4.875, 11.75, 5.25 ], "texture": "#2Enr" },
				"west": { "uv": [ 10, 1.0625, 10.75, 1.4375 ], "texture": "#2Enr" },
				"east": { "uv": [ 10, 0.6875, 10.75, 1.0625 ], "texture": "#2Enr" }
			}
		}
	],
	"display": {
		"thirdperson_righthand": {
			"translation":  [ 0, -1.391, 9.0443 ],
			"scale":  [ 1.7, 1.7, 1.7 ]
		},
		"thirdperson_lefthand": {
			"translation":  [ 0, -1.391, 9.0443 ],
			"scale":  [ 1.7, 1.7, 1.7 ]
		},
		"firstperson_righthand": {
			"rotation":  [ 0, 0, 6 ],
			"translation":  [ 0, -0.695, 7.6521 ]
		},
		"firstperson_lefthand": {
			"rotation":  [ 0, 0, 6 ],
			"translation":  [ 0, -0.695, 7.6521 ]
		},
		"gui": {
			"rotation":  [ 17, -180, 0 ],
			"translation":  [ 0.6982, -1.391, 0.0006 ],
			"scale":  [ 1.7, 1.7, 1.7 ]
		},
		"head": {
			"translation":  [ -1.299, -1.389, 13.214 ],
			"scale":  [ 2.7823, 2.4693, 3.417 ]
		},
		"ground": {
			"translation":  [ 0, 0, 3.4788 ]
		},
		"fixed": {
			"translation":  [ 2.7826, -11.12, 4.1755 ],
			"scale":  [ 3, 3, 3 ]
		}
	}
}