{
	"__comment": "Designed by geune",
	"textures": {
		"3Enr": "blocks/colours/3"
	},
	"elements": [ 	 
		{
			"__comment": "Box14",
			"from": [ 6.375, 17.775, 1.874 ],
			"to": [ 9.75, 21.775, 2.75 ],
			"faces": {
				"down": { "uv": [ 0, 15, 1, 16 ], "texture": "#3Enr" },
				"up": { "uv": [ 0, 14, 1, 15 ], "texture": "#3Enr" },
				"north": { "uv": [ 4, 6.5, 13, 14.5 ], "texture": "#3Enr" },
				"south": { "uv": [ 9, 3, 16, 12.5 ], "texture": "#3Enr" },
				"west": { "uv": [ 6, 5, 13.5, 13 ], "texture": "#3Enr", "rotation": 270 },
				"east": { "uv": [ 2, 5.5, 14, 15 ], "texture": "#3Enr", "rotation": 90 }
			}
		},
		{
			"__comment": "Box14",
			"from": [ 6.3339, 17.775, 1.7297 ],
			"to": [ 6.7099, 21.775, 3.4797 ],
			"rotation": { "origin": [ 6.269113, 17.775, 1.817649 ], "axis": "y", "angle": -22.5 },
			"faces": {
				"down": { "uv": [ 7.5, 7.5, 13, 13.5 ], "texture": "#3Enr", "rotation": 270 },
				"up": { "uv": [ 4.5, 8, 10, 13.5 ], "texture": "#3Enr", "rotation": 90 },
				"north": { "uv": [ 2.5, 7.5, 10.5, 15 ], "texture": "#3Enr" },
				"south": { "uv": [ 6.5, 8.5, 11.5, 14 ], "texture": "#3Enr", "rotation": 180 },
				"west": { "uv": [ 8.5, 8.5, 15, 15 ], "texture": "#3Enr" },
				"east": { "uv": [ 6.5, 8, 13.5, 15.5 ], "texture": "#3Enr" }
			}
		},
		{
			"__comment": "Box14",
			"from": [ 6.5, 18.5, 1.375 ],
			"to": [ 9.625, 21.001, 2.999999 ],
			"faces": {
				"down": { "uv": [ 4.5, 6.5, 10, 12 ], "texture": "#3Enr" },
				"up": { "uv": [ 5, 6, 13, 12 ], "texture": "#3Enr" },
				"north": { "uv": [ 4, 5.5, 13.5, 15 ], "texture": "#3Enr" },
				"south": { "uv": [ 5, 6.5, 12.5, 13.5 ], "texture": "#3Enr" },
				"west": { "uv": [ 5, 6, 10.5, 12 ], "texture": "#3Enr" },
				"east": { "uv": [ 5.5, 5, 12.5, 11.5 ], "texture": "#3Enr" }
			}
		},
		{
			"__comment": "Box14",
			"from": [ 5.625, 18.5, 1.625 ],
			"to": [ 5.875, 21.001, 3.124999 ],
			"rotation": { "origin": [ 5.875, 18.5, 3.125 ], "axis": "y", "angle": -22.5 },
			"faces": {
				"down": { "uv": [ 3.5, 6, 11, 14.5 ], "texture": "#3Enr", "rotation": 180 },
				"up": { "uv": [ 4.5, 6, 11.5, 14 ], "texture": "#3Enr", "rotation": 180 },
				"north": { "uv": [ 4, 5, 12.5, 13 ], "texture": "#3Enr" },
				"south": { "uv": [ 5, 6, 12.5, 13 ], "texture": "#3Enr" },
				"west": { "uv": [ 4.5, 6, 11.5, 13.5 ], "texture": "#3Enr" },
				"east": { "uv": [ 3.5, 4.5, 9.5, 12 ], "texture": "#3Enr" }
			}
		},
		{
			"__comment": "Box21",
			"from": [ 6.375, 19.125, 1.25 ],
			"to": [ 9.75, 20.375, 2.25 ],
			"faces": {
				"down": { "uv": [ 15.40625, 0, 16, 0.5 ], "texture": "#3Enr", "rotation": 90 },
				"up": { "uv": [ 15.8125, 0, 16, 0.5 ], "texture": "#3Enr", "rotation": 90 },
				"north": { "uv": [ 15.5, 0, 16, 0.5 ], "texture": "#3Enr", "rotation": 90 },
				"south": { "uv": [ 11, 12, 11.90625, 13 ], "texture": "#3Enr", "rotation": 90 },
				"west": { "uv": [ 15.5, 0, 16, 0.5 ], "texture": "#3Enr", "rotation": 90 },
				"east": { "uv": [ 15.5, 0, 16, 0.5 ], "texture": "#3Enr", "rotation": 90 }
			}
		},
		{
			"__comment": "Box14",
			"from": [ 6.125, 18.5, 2.625 ],
			"to": [ 10, 22.376, 7.374999 ],
			"faces": {
				"down": { "uv": [ 6, 4.5, 12, 12 ], "texture": "#3Enr" },
				"up": { "uv": [ 7.5, 4.5, 13.5, 11 ], "texture": "#3Enr" },
				"north": { "uv": [ 6.5, 4, 14, 11.5 ], "texture": "#3Enr" },
				"south": { "uv": [ 5, 4.5, 13, 12 ], "texture": "#3Enr" },
				"west": { "uv": [ 5, 6.5, 12.5, 12.5 ], "texture": "#3Enr" },
				"east": { "uv": [ 4, 12, 14, 3.5 ], "texture": "#3Enr" }
			}
		},
		{
			"__comment": "Box14",
			"from": [ 6.25, 17.375, 3.125 ],
			"to": [ 9.875, 22.876, 6.374999 ],
			"faces": {
				"down": { "uv": [ 4, 11, 5, 12 ], "texture": "#3Enr" },
				"up": { "uv": [ 4, 10, 5, 11 ], "texture": "#3Enr" },
				"north": { "uv": [ 4, 9, 5, 10 ], "texture": "#3Enr" },
				"south": { "uv": [ 4, 8, 5, 9 ], "texture": "#3Enr" },
				"west": { "uv": [ 5, 15, 6, 16 ], "texture": "#3Enr" },
				"east": { "uv": [ 5, 14, 6, 15 ], "texture": "#3Enr" }
			}
		},
		{
			"__comment": "Box14",
			"from": [ 9.385, 17.775, 1.9474 ],
			"to": [ 9.886001, 21.775, 3.6974 ],
			"rotation": { "origin": [ 9.434108, 17.775, 2.00851 ], "axis": "y", "angle": 22.5 },
			"faces": {
				"down": { "uv": [ 5, 13, 6, 14 ], "texture": "#3Enr", "rotation": 270 },
				"up": { "uv": [ 5, 6.5, 10.5, 13 ], "texture": "#3Enr", "rotation": 90 },
				"north": { "uv": [ 5, 7.5, 12, 14.5 ], "texture": "#3Enr" },
				"south": { "uv": [ 6, 5, 12.5, 12.5 ], "texture": "#3Enr", "rotation": 180 },
				"west": { "uv": [ 5, 9, 13, 16 ], "texture": "#3Enr" },
				"east": { "uv": [ 5, 8, 14, 16 ], "texture": "#3Enr" }
			}
		},
		{
			"__comment": "Box14",
			"from": [ 10.25, 18.5, 1.5 ],
			"to": [ 10.5, 21.001, 2.999999 ],
			"rotation": { "origin": [ 10.5, 18.5, 3 ], "axis": "y", "angle": 22.5 },
			"faces": {
				"down": { "uv": [ 6, 15, 7, 16 ], "texture": "#3Enr", "rotation": 180 },
				"up": { "uv": [ 4.5, 8, 10.5, 13 ], "texture": "#3Enr", "rotation": 180 },
				"north": { "uv": [ 5, 3.5, 11.5, 10.5 ], "texture": "#3Enr" },
				"south": { "uv": [ 5.5, 6, 13, 13 ], "texture": "#3Enr" },
				"west": { "uv": [ 4, 5.5, 11.5, 12.5 ], "texture": "#3Enr" },
				"east": { "uv": [ 3.5, 5, 11.5, 13.5 ], "texture": "#3Enr" }
			}
		},
		{
			"__comment": "Box21",
			"from": [ 6, 14.5, 2.6249 ],
			"to": [ 6.001, 18.125, 3.2499 ],
			"faces": {
				"down": { "uv": [ 9, 9, 9.90625, 10 ], "texture": "#3Enr", "rotation": 90 },
				"up": { "uv": [ 9, 8, 9.90625, 9 ], "texture": "#3Enr", "rotation": 90 },
				"north": { "uv": [ 9, 12, 9.90625, 13 ], "texture": "#3Enr", "rotation": 180 },
				"south": { "uv": [ 9.90625, 12, 10.8125, 13 ], "texture": "#3Enr" },
				"west": { "uv": [ 15.09375, 0, 16, 1 ], "texture": "#3Enr", "rotation": 180 },
				"east": { "uv": [ 15.09375, 0, 16, 1 ], "texture": "#3Enr" }
			}
		},
		{
			"__comment": "Box21",
			"from": [ 9.875, 16, 2.125 ],
			"to": [ 9.876, 18, 2.75 ],
			"faces": {
				"down": { "uv": [ 9.90625, 9, 10.8125, 10 ], "texture": "#3Enr", "rotation": 90 },
				"up": { "uv": [ 9.90625, 8, 10.8125, 9 ], "texture": "#3Enr", "rotation": 90 },
				"north": { "uv": [ 10.8125, 13, 11.71875, 14 ], "texture": "#3Enr", "rotation": 180 },
				"south": { "uv": [ 13.53125, 12, 14.4375, 13 ], "texture": "#3Enr" },
				"west": { "uv": [ 15.09375, 0, 16, 1 ], "texture": "#3Enr", "rotation": 180 },
				"east": { "uv": [ 15.09375, 0, 16, 1 ], "texture": "#3Enr" }
			}
		},
		{
			"__comment": "Box14",
			"from": [ 5.75, 20.375, 3.125 ],
			"to": [ 6, 22.001, 4.874999 ],
			"faces": {
				"down": { "uv": [ 8, 15, 9, 16 ], "texture": "#3Enr", "rotation": 180 },
				"up": { "uv": [ 9, 15, 10, 16 ], "texture": "#3Enr", "rotation": 180 },
				"north": { "uv": [ 10, 15, 11, 16 ], "texture": "#3Enr" },
				"south": { "uv": [ 11, 15, 12, 16 ], "texture": "#3Enr" },
				"west": { "uv": [ 12, 15, 13, 16 ], "texture": "#3Enr" },
				"east": { "uv": [ 13, 15, 14, 16 ], "texture": "#3Enr" }
			}
		},
		{
			"__comment": "Box21",
			"from": [ 5.625, 21.5, 4.375 ],
			"to": [ 5.875, 21.75, 4.625 ],
			"faces": {
				"down": { "uv": [ 15.625, 0, 16, 0 ], "texture": "#3Enr", "rotation": 90 },
				"up": { "uv": [ 15.53125, 0, 16, 0.5 ], "texture": "#3Enr", "rotation": 90 },
				"north": { "uv": [ 15.9375, 0, 16, 0.5 ], "texture": "#3Enr", "rotation": 90 },
				"south": { "uv": [ 15.8125, 0, 16, 0.5 ], "texture": "#3Enr", "rotation": 90 },
				"west": { "uv": [ 15.8125, 0, 16, 0.5 ], "texture": "#3Enr", "rotation": 90 },
				"east": { "uv": [ 15.3125, 0, 16, 0.5 ], "texture": "#3Enr", "rotation": 90 }
			}
		},
		{
			"__comment": "Box21",
			"from": [ 5.625, 20.875, 3.875 ],
			"to": [ 5.875, 21.125, 4.125 ],
			"faces": {
				"down": { "uv": [ 15.8125, 0, 16, 0.5 ], "texture": "#3Enr", "rotation": 90 },
				"up": { "uv": [ 15.3125, 0, 16, 0.5 ], "texture": "#3Enr", "rotation": 90 },
				"north": { "uv": [ 15.71875, 0, 16, 0.5 ], "texture": "#3Enr", "rotation": 90 },
				"south": { "uv": [ 15.625, 0, 16, 0.5 ], "texture": "#3Enr", "rotation": 90 },
				"west": { "uv": [ 15.4375, 0, 16, 0.5 ], "texture": "#3Enr", "rotation": 90 },
				"east": { "uv": [ 15.71875, 0, 16, 0.5 ], "texture": "#3Enr", "rotation": 90 }
			}
		},
		{
			"__comment": "Box14",
			"from": [ 6, 18.375, 4.5 ],
			"to": [ 10.25, 19.501, 7.749999 ],
			"faces": {
				"down": { "uv": [ 14, 15, 15, 16 ], "texture": "#3Enr" },
				"up": { "uv": [ 15, 15, 16, 16 ], "texture": "#3Enr" },
				"north": { "uv": [ 8, 14, 9, 15 ], "texture": "#3Enr" },
				"south": { "uv": [ 8, 13, 9, 14 ], "texture": "#3Enr" },
				"west": { "uv": [ 8, 12, 9, 13 ], "texture": "#3Enr" },
				"east": { "uv": [ 8, 11, 9, 12 ], "texture": "#3Enr" }
			}
		},
		{
			"__comment": "Box14",
			"from": [ 7, 19.75, 3.75 ],
			"to": [ 9.375, 23.126, 5.999999 ],
			"faces": {
				"down": { "uv": [ 8, 10, 9, 11 ], "texture": "#3Enr" },
				"up": { "uv": [ 8, 9, 9, 10 ], "texture": "#3Enr" },
				"north": { "uv": [ 8, 8, 9, 9 ], "texture": "#3Enr" },
				"south": { "uv": [ 9, 14, 10, 15 ], "texture": "#3Enr" },
				"west": { "uv": [ 10, 14, 11, 15 ], "texture": "#3Enr" },
				"east": { "uv": [ 11, 14, 12, 15 ], "texture": "#3Enr" }
			}
		},
		{
			"__comment": "Box14",
			"from": [ 10.25, 20.374, 3.125 ],
			"to": [ 10.5, 22, 4.874999 ],
			"faces": {
				"down": { "uv": [ 7, 13, 8, 14 ], "texture": "#3Enr" },
				"up": { "uv": [ 7, 12, 8, 13 ], "texture": "#3Enr" },
				"north": { "uv": [ 7, 8, 8, 9 ], "texture": "#3Enr" },
				"south": { "uv": [ 7, 11, 8, 12 ], "texture": "#3Enr" },
				"west": { "uv": [ 7, 10, 8, 11 ], "texture": "#3Enr", "rotation": 180 },
				"east": { "uv": [ 7, 9, 8, 10 ], "texture": "#3Enr", "rotation": 180 }
			}
		},
		{
			"__comment": "Box21",
			"from": [ 10.375, 20.625, 4.375 ],
			"to": [ 10.625, 20.875, 4.625 ],
			"faces": {
				"down": { "uv": [ 15.59375, 0, 16, 0.5 ], "texture": "#3Enr", "rotation": 270 },
				"up": { "uv": [ 15.21875, 0, 16, 0.5 ], "texture": "#3Enr", "rotation": 270 },
				"north": { "uv": [ 15.625, 0, 16, 0.5 ], "texture": "#3Enr", "rotation": 90 },
				"south": { "uv": [ 15.53125, 0, 16, 0.5 ], "texture": "#3Enr", "rotation": 90 },
				"west": { "uv": [ 15.4375, 0, 16, 0.5 ], "texture": "#3Enr", "rotation": 270 },
				"east": { "uv": [ 15.09375, 0, 16, 0.5 ], "texture": "#3Enr", "rotation": 270 }
			}
		},
		{
			"__comment": "Box21",
			"from": [ 10.375, 21.25, 3.875 ],
			"to": [ 10.625, 21.5, 4.125 ],
			"faces": {
				"down": { "uv": [ 15.59375, 0, 16, 0.5 ], "texture": "#3Enr", "rotation": 270 },
				"up": { "uv": [ 15.625, 0, 16, 0.5 ], "texture": "#3Enr", "rotation": 270 },
				"north": { "uv": [ 15.53125, 0, 16, 0.5 ], "texture": "#3Enr", "rotation": 90 },
				"south": { "uv": [ 15.9375, 0, 16, 0.5 ], "texture": "#3Enr", "rotation": 90 },
				"west": { "uv": [ 15.5, 0, 16, 0.5 ], "texture": "#3Enr", "rotation": 270 },
				"east": { "uv": [ 15.90625, 0, 16, 0.5 ], "texture": "#3Enr", "rotation": 270 }
			}
		}
	],
	"display": {
		"thirdperson_righthand": {
			"rotation":  [ 90, 0, 0 ],
			"translation":  [ 1.3912, -2.086, -13.21 ]
		},
		"thirdperson_lefthand": {
			"scale":  [ 0.0001, 0.0001, 0.0001 ]
		},
		"firstperson_righthand": {
			"rotation":  [ 0, 111, 0 ],
			"translation":  [ 0, -6.956, -1.391 ]
		},
		"firstperson_lefthand": {
			"scale":  [ 0.0001, 0.0001, 0.0001 ]
		},
		"gui": {
			"rotation":  [ 0, 180, 0 ],
			"translation":  [ 0, -25.03, -5.565 ],
			"scale":  [ 2.6564, 2.0651, 1.0782 ]
		},
		"head": {
			"translation":  [ 0, -28.18, 11.13 ],
			"scale":  [ 3.826, 2.539, 3.0955 ]
		}
	}
}