{
	"__comment": "Designed by I_m_bin2 with Cubik Studio - https://cubik.studio",
	"textures": {
		"0": "blocks/colours/gray - 6sixth",
		"1": "blocks/colours/gray - 5fifth",
		"2": "blocks/colours/gray - 5fifth",
		"3": "blocks/colours/dfdd",
		"4": "blocks/colours/dfdd",
		"5": "blocks/colours/gray - 7seventh",
		"6": "blocks/colours/gray - 6sixth",
		"7": "blocks/colours/gray - 6sixth",
		"9": "blocks/colours/gray - 7seventh",
		"10": "blocks/colours/white",
		"11": "blocks/colours/gray - 6sixth",
		"particle": "blocks/colours/gray - 3third"
	},
	"elements": [ 	 
		{
			"__comment": "Element",
			"from": [ 7.8, 7.58, 8.15 ],
			"to": [ 10.2, 8.5, 8.45 ],
			"faces": {
				"down": { "uv": [ 2, 11, 3, 12 ], "texture": "#1" },
				"up": { "uv": [ 0, 3, 1, 4 ], "texture": "#1", "rotation": 180 },
				"south": { "uv": [ 3, 14, 10, 13 ], "texture": "#0", "rotation": 90 }
			}
		},
		{
			"__comment": "Element",
			"from": [ 5, 9.224999, 7.8757 ],
			"to": [ 10.2, 9.449999, 8.12422 ],
			"faces": {
				"up": { "uv": [ 0, 0, 16, 16 ], "texture": "#2" },
				"north": { "uv": [ 15, 0, 16, 7 ], "texture": "#11" },
				"south": { "uv": [ 15, 0, 16, 7 ], "texture": "#11" },
				"west": { "uv": [ 0.01, 5, 0.01, 8 ], "texture": "#1" },
				"east": { "uv": [ 0, 0, 1, 2 ], "texture": "#2" }
			}
		},
		{
			"__comment": "Element",
			"from": [ 4.0395, 8.5538, 7.8751 ],
			"to": [ 5.3695, 9.0538, 8.124899 ],
			"rotation": { "origin": [ 4.70447, 8.80377, 8 ], "axis": "z", "angle": 45 },
			"faces": {
				"up": { "uv": [ 0, 0, 9, 16 ], "texture": "#2", "rotation": 180 },
				"north": { "uv": [ 10, 10, 16, 11 ], "texture": "#1", "rotation": 90 },
				"south": { "uv": [ 10, 10, 16, 11 ], "texture": "#1", "rotation": 90 }
			}
		},
		{
			"__comment": "Element",
			"from": [ 12.9, 7.9, 7.5 ],
			"to": [ 14.65, 8.799999, 8.5 ],
			"faces": {
				"down": { "uv": [ 10, 3, 15, 8 ], "texture": "#4" },
				"up": { "uv": [ 8, 1, 9, 2 ], "texture": "#3", "rotation": 180 },
				"north": { "uv": [ 4, 8.25, 5, 9.5 ], "texture": "#3" },
				"south": { "uv": [ 6.25, 8.25, 3.75, 10.44984 ], "texture": "#3" },
				"west": { "uv": [ 4, 6, 5, 7 ], "texture": "#4" },
				"east": { "uv": [ 8, 1, 9, 2 ], "texture": "#3" }
			}
		},
		{
			"__comment": "Element",
			"from": [ 11.6, 8.8, 7.6 ],
			"to": [ 14.65, 9.2, 8.4 ],
			"faces": {
				"up": { "uv": [ 3.3, 9, 5, 10.25 ], "texture": "#3" },
				"north": { "uv": [ 3.55, 8.9, 6.5, 10 ], "texture": "#3", "rotation": 180 },
				"south": { "uv": [ 3.55, 9, 6.5, 10.1 ], "texture": "#3" },
				"west": { "uv": [ 8, 1, 9, 2 ], "texture": "#3" },
				"east": { "uv": [ 8, 1, 9, 2 ], "texture": "#3" }
			}
		},
		{
			"__comment": "Element",
			"from": [ 10.201, 9.38, 7.65 ],
			"to": [ 10.2635, 9.555, 7.849999 ],
			"faces": {
				"down": { "uv": [ 11, 6, 12, 7 ], "texture": "#9" },
				"up": { "uv": [ 0, 6, 16, 7 ], "texture": "#10", "rotation": 90 },
				"north": { "uv": [ 11, 6, 12, 7 ], "texture": "#9" },
				"south": { "uv": [ 11, 6, 12, 7 ], "texture": "#9" },
				"west": { "uv": [ 0, 6, 16, 9 ], "texture": "#10" },
				"east": { "uv": [ 0, 6, 16, 9 ], "texture": "#10" }
			}
		},
		{
			"__comment": "Element",
			"from": [ 14.75, 8.175, 7.9602 ],
			"to": [ 20.125, 8.225, 8.03976 ],
			"faces": {
				"down": { "uv": [ 6, 9, 7, 10 ], "texture": "#1" },
				"up": { "uv": [ 1, 8, 7, 9 ], "texture": "#11", "rotation": 90 },
				"east": { "uv": [ 9, 6, 13, 7 ], "texture": "#2", "rotation": 90 }
			}
		},
		{
			"__comment": "Element",
			"from": [ 19.899, 8.5625, 7.85 ],
			"to": [ 19.999, 9.1, 8.15 ],
			"faces": {
				"down": { "uv": [ 2, 2, 4, 4 ], "texture": "#7" },
				"up": { "uv": [ 2, 2, 4, 4 ], "texture": "#7" },
				"north": { "uv": [ 8, 0, 14, 1 ], "texture": "#11" },
				"south": { "uv": [ 8, 0, 14, 1 ], "texture": "#11" },
				"west": { "uv": [ 7, 4, 13, 5 ], "texture": "#1" },
				"east": { "uv": [ 15, 7, 16, 12 ], "texture": "#11", "rotation": 270 }
			}
		},
		{
			"__comment": "Element",
			"from": [ 7.5, 6.7, 7.699 ],
			"to": [ 9.3, 7.6, 8.301 ],
			"faces": {
				"north": { "uv": [ 0, 3, 2, 13 ], "texture": "#particle", "rotation": 270 },
				"south": { "uv": [ 0, 3, 2, 13 ], "texture": "#particle", "rotation": 90 },
				"west": { "uv": [ 0, 10, 3, 11 ], "texture": "#particle" },
				"east": { "uv": [ 0, 10, 3, 11 ], "texture": "#particle" }
			}
		},
		{
			"__comment": "Element",
			"from": [ 7.46, 4.52, 7.7 ],
			"to": [ 9.12, 6.7075, 8.3 ],
			"rotation": { "origin": [ 7.5, 6.8125, 7.625 ], "axis": "z", "angle": 22.5 },
			"faces": {
				"down": { "uv": [ 0, 0, 1.6875, 0.6000004 ], "texture": "#particle" },
				"north": { "uv": [ 0, 3, 2, 13 ], "texture": "#particle", "rotation": 270 },
				"south": { "uv": [ 0, 3, 2, 13 ], "texture": "#particle", "rotation": 90 },
				"west": { "uv": [ 0, 10, 3, 11 ], "texture": "#particle" },
				"east": { "uv": [ 0, 10, 3, 11 ], "texture": "#particle" }
			}
		},
		{
			"__comment": "Element",
			"from": [ 8.264999, 2.565, 7.699 ],
			"to": [ 10.055, 4.764998, 8.301 ],
			"rotation": { "origin": [ 8.4, 4.8125, 7.625 ], "axis": "z", "angle": 45 },
			"faces": {
				"down": { "uv": [ 0, 3, 6, 13 ], "texture": "#particle", "rotation": 90 },
				"up": { "uv": [ 0, 4, 3, 5 ], "texture": "#particle" },
				"north": { "uv": [ 0, 3, 2, 13 ], "texture": "#particle", "rotation": 270 },
				"south": { "uv": [ 0, 3, 2, 13 ], "texture": "#particle", "rotation": 90 },
				"west": { "uv": [ 0, 8, 3, 9 ], "texture": "#particle" },
				"east": { "uv": [ 0, 3, 3, 5 ], "texture": "#particle" }
			}
		},
		{
			"__comment": "Element",
			"from": [ 4.5625, 5.3375, 7.7 ],
			"to": [ 5.5625, 7.9375, 8.3 ],
			"rotation": { "origin": [ 4.5625, 7.9375, 7.75 ], "axis": "z", "angle": -22.5 },
			"faces": {
				"down": { "uv": [ 8, 1, 10, 3 ], "texture": "#3" },
				"north": { "uv": [ 4, 0.3000002, 7, 3 ], "texture": "#3", "rotation": 270 },
				"south": { "uv": [ 10, 5, 7.3, 8 ], "texture": "#3", "rotation": 90 },
				"west": { "uv": [ 7, 5, 10, 8 ], "texture": "#3", "rotation": 90 },
				"east": { "uv": [ 7.5, 0, 10, 3 ], "texture": "#3" }
			}
		},
		{
			"__comment": "Element",
			"from": [ 2, 8, 7.65 ],
			"to": [ 3.1, 8.8, 8.35 ],
			"rotation": { "origin": [ 1.625, 8.75, 7.6875 ], "axis": "z", "angle": -22.5 },
			"faces": {
				"up": { "uv": [ 9, 5, 10, 8 ], "texture": "#3" },
				"north": { "uv": [ 9, 5, 10, 8 ], "texture": "#3" },
				"south": { "uv": [ 8, 5, 9, 8 ], "texture": "#3" }
			}
		},
		{
			"__comment": "Element",
			"from": [ 0.375, 6.2, 7.601 ],
			"to": [ 4.375, 7.2, 8.399 ],
			"rotation": { "origin": [ 0.375, 7.25, 7.6875 ], "axis": "z", "angle": 22.5 },
			"faces": {
				"down": { "uv": [ 1, 1, 15, 15 ], "texture": "#3" },
				"up": { "uv": [ 1, 1, 15, 15 ], "texture": "#3" },
				"north": { "uv": [ 1, 1, 5, 4.5 ], "texture": "#3" },
				"south": { "uv": [ 6.5, 3.5, 9.5, 6.5 ], "texture": "#3", "rotation": 180 },
				"west": { "uv": [ 8, 1, 10, 3 ], "texture": "#3" }
			}
		},
		{
			"__comment": "Element",
			"from": [ -2.7, 6.3, 7.5 ],
			"to": [ 0.8, 8.574999, 8.5 ],
			"faces": {
				"down": { "uv": [ 7, 1, 10, 3 ], "texture": "#3" },
				"up": { "uv": [ 7, 5, 10, 8 ], "texture": "#3" },
				"north": { "uv": [ 7.25, 5, 10.5, 7.949841 ], "texture": "#3" },
				"south": { "uv": [ 7, 5, 10.25, 8 ], "texture": "#3" },
				"west": { "uv": [ 0, 0, 16, 16 ], "texture": "#2" },
				"east": { "uv": [ 7, 5, 10, 8 ], "texture": "#3" }
			}
		},
		{
			"__comment": "Element",
			"from": [ 0.55, 7.26, 7.6015 ],
			"to": [ 2.05, 8.66, 8.3985 ],
			"faces": {
				"up": { "uv": [ 4, 0.3000002, 6.7, 3 ], "texture": "#3" },
				"north": { "uv": [ 8, 5, 10, 8 ], "texture": "#3" },
				"south": { "uv": [ 8, 5, 10, 8 ], "texture": "#3" },
				"west": { "uv": [ 4, 1, 6, 3 ], "texture": "#3" },
				"east": { "uv": [ 4, 1, 6, 3 ], "texture": "#3" }
			}
		},
		{
			"__comment": "Element",
			"from": [ 4.125, 7.1, 7.6 ],
			"to": [ 5.5, 7.6, 8.4 ],
			"faces": {
				"down": { "uv": [ 11.875, 8.375, 10.5, 7.6875 ], "texture": "#1" },
				"north": { "uv": [ 7, 5.5, 10.5, 6.5 ], "texture": "#3" },
				"south": { "uv": [ 7, 5.75, 10.5, 6.75 ], "texture": "#3", "rotation": 180 },
				"west": { "uv": [ 2, 5, 3, 8 ], "texture": "#0" },
				"east": { "uv": [ 0, 11, 1, 13 ], "texture": "#2" }
			}
		},
		{
			"__comment": "Element",
			"from": [ 14.75, 8.849999, 7.875 ],
			"to": [ 16.25, 9.249999, 8.125 ],
			"faces": {
				"down": { "uv": [ 0.3125, 8.1875, 0, 7.875 ], "texture": "#1" },
				"up": { "uv": [ 9, 2, 10, 13 ], "texture": "#9", "rotation": 180 },
				"north": { "uv": [ 15, 0, 16, 7 ], "texture": "#11" },
				"south": { "uv": [ 15, 0, 16, 7 ], "texture": "#11" }
			}
		},
		{
			"__comment": "Element",
			"from": [ 16.52, 8.88, 7.85 ],
			"to": [ 17.46, 9.18, 8.15 ],
			"rotation": { "origin": [ 16.5625, 9.25, 7.875 ], "axis": "z", "angle": -45 },
			"faces": {
				"down": { "uv": [ 15.99, 4.3125, 15.99, 4 ], "texture": "#1" },
				"up": { "uv": [ 0, 7, 11, 8 ], "texture": "#11", "rotation": 270 },
				"north": { "uv": [ 0, 0, 1, 9 ], "texture": "#11" },
				"south": { "uv": [ 0, 0, 1, 6 ], "texture": "#11" },
				"west": { "uv": [ 4, 0, 4.3125, 0.375 ], "texture": "#2" }
			}
		},
		{
			"__comment": "Element",
			"from": [ 19.05, 8.125, 7.8964 ],
			"to": [ 20, 8.625, 8.1035 ],
			"faces": {
				"down": { "uv": [ 0, 0, 0.69984, 0.5995102 ], "texture": "#1" },
				"up": { "uv": [ 6, 8, 9, 9 ], "texture": "#9", "rotation": 90 },
				"west": { "uv": [ 7, 4, 7.6, 4.6 ], "texture": "#1" },
				"east": { "uv": [ 7, 4, 7.6, 4.6 ], "texture": "#1" }
			}
		},
		{
			"__comment": "Element",
			"from": [ 14, 8, 7.95 ],
			"to": [ 19.5, 8.101, 8.05 ],
			"faces": {
				"down": { "uv": [ 0, 0, 4.2, 0.1000004 ], "texture": "#particle" },
				"up": { "uv": [ 0, 0, 4.2, 0.1000004 ], "texture": "#particle" },
				"north": { "uv": [ 0, 0, 4.2, 0.1000004 ], "texture": "#particle" },
				"south": { "uv": [ 0, 0, 4.2, 0.1000004 ], "texture": "#particle" },
				"east": { "uv": [ 0, 0, 0.1, 0.1000004 ], "texture": "#particle" }
			}
		},
		{
			"__comment": "Element",
			"from": [ 7.8, 8.57, 8.492 ],
			"to": [ 10.3, 8.9, 8.692 ],
			"rotation": { "origin": [ 8, 8, 8 ], "axis": "x", "angle": -22.5 },
			"faces": {
				"down": { "uv": [ 0, 0, 2.5, 0.1999998 ], "texture": "#particle" },
				"up": { "uv": [ 0, 0, 2.5, 0.1999998 ], "texture": "#particle" },
				"south": { "uv": [ 0, 13, 16, 16 ], "texture": "#particle", "rotation": 180 },
				"west": { "uv": [ 0, 0, 0.2, 0.5 ], "texture": "#particle" },
				"east": { "uv": [ 0, 0, 0.2, 0.5 ], "texture": "#particle" }
			}
		},
		{
			"__comment": "Element",
			"from": [ 10, 8.599999, 8.3 ],
			"to": [ 10.1, 8.899999, 8.5 ],
			"faces": {
				"down": { "uv": [ 0, 0, 0.1, 0.5 ], "texture": "#particle" },
				"up": { "uv": [ 0, 0, 0.1, 0.5 ], "texture": "#particle" },
				"south": { "uv": [ 3, 11, 4, 13 ], "texture": "#particle" },
				"west": { "uv": [ 2, 4, 4, 2 ], "texture": "#particle" },
				"east": { "uv": [ 2, 2, 4, 4 ], "texture": "#particle", "rotation": 180 }
			}
		},
		{
			"__comment": "Element",
			"from": [ 7.2, 7.7, 7.549 ],
			"to": [ 7.3, 7.8, 7.65 ],
			"faces": {
				"north": { "uv": [ 2, 11, 4, 13 ], "texture": "#9" }
			}
		},
		{
			"__comment": "Element",
			"from": [ 6.9, 7.75, 7.549 ],
			"to": [ 7, 7.85, 7.65 ],
			"faces": {
				"north": { "uv": [ 2, 11, 4, 13 ], "texture": "#9" }
			}
		},
		{
			"__comment": "Element",
			"from": [ 5.8, 7.65, 7.549 ],
			"to": [ 5.9, 7.75, 7.65 ],
			"faces": {
				"north": { "uv": [ 2, 2, 4, 4 ], "texture": "#9", "rotation": 270 }
			}
		},
		{
			"__comment": "Element",
			"from": [ 5.7, 8, 7.9 ],
			"to": [ 5.8, 8.5, 8.1 ],
			"rotation": { "origin": [ 8, 8, 8 ], "axis": "z", "angle": 22.5 },
			"faces": {
				"down": { "uv": [ 0, 0, 0.1, 0.1999998 ], "texture": "#1" },
				"north": { "uv": [ 0, 0, 0.1, 0.5 ], "texture": "#1" },
				"south": { "uv": [ 0, 0, 0.1, 0.5 ], "texture": "#1" },
				"west": { "uv": [ 0, 0, 0.2, 0.5 ], "texture": "#1" },
				"east": { "uv": [ 0, 0, 0.2, 0.5 ], "texture": "#1" }
			}
		},
		{
			"__comment": "Element",
			"from": [ 5.715, 6.79, 7.8 ],
			"to": [ 6.5, 6.89, 8.199999 ],
			"faces": {
				"down": { "uv": [ 10, 10, 16, 11 ], "texture": "#1", "rotation": 180 },
				"up": { "uv": [ 3, 1, 12, 4 ], "texture": "#9" },
				"north": { "uv": [ 3, 2, 10, 4 ], "texture": "#9", "rotation": 180 },
				"south": { "uv": [ 6, 2, 2, 4 ], "texture": "#9", "rotation": 180 }
			}
		},
		{
			"__comment": "Element",
			"from": [ 6.7, 7, 7.75 ],
			"to": [ 7.5, 7.8, 8.25 ],
			"faces": {
				"down": { "uv": [ 7, 4, 8, 5 ], "texture": "#1" },
				"north": { "uv": [ 0, 0, 5, 5 ], "texture": "#2" },
				"south": { "uv": [ 0, 0, 5, 5 ], "texture": "#2" },
				"west": { "uv": [ 0, 0, 3.4, 5.8 ], "texture": "#2" }
			}
		},
		{
			"__comment": "Element",
			"from": [ 11, 7.9, 7.5 ],
			"to": [ 12.9, 8.799999, 8.5 ],
			"faces": {
				"down": { "uv": [ 3, 10, 10, 15 ], "texture": "#4" },
				"up": { "uv": [ 8, 1, 9, 2 ], "texture": "#3", "rotation": 180 },
				"north": { "uv": [ 4.5, 8.25, 6.84868, 10.5 ], "texture": "#3" },
				"south": { "uv": [ 7, 8.25, 4.5, 10.5 ], "texture": "#3" },
				"west": { "uv": [ 4, 6, 5, 7 ], "texture": "#4" },
				"east": { "uv": [ 8, 1, 9, 2 ], "texture": "#3" }
			}
		},
		{
			"__comment": "Element",
			"from": [ 14.65, 7.9, 7.5 ],
			"to": [ 14.85, 8.799999, 8.5 ],
			"faces": {
				"down": { "uv": [ 10, 10, 14, 11 ], "texture": "#1", "rotation": 180 },
				"up": { "uv": [ 6, 4, 8, 8 ], "texture": "#7", "rotation": 270 },
				"north": { "uv": [ 6, 4, 8, 8 ], "texture": "#7", "rotation": 90 },
				"south": { "uv": [ 6, 4, 8, 8 ], "texture": "#7", "rotation": 270 },
				"west": { "uv": [ 4, 6, 5, 7 ], "texture": "#4" },
				"east": { "uv": [ 11, 10, 15, 13 ], "texture": "#7" }
			}
		},
		{
			"__comment": "Element",
			"from": [ 14.65, 8.8, 7.6 ],
			"to": [ 14.851, 9.2, 8.4 ],
			"faces": {
				"up": { "uv": [ 6, 4, 8, 8 ], "texture": "#7", "rotation": 270 },
				"north": { "uv": [ 6, 4, 8, 8 ], "texture": "#7", "rotation": 90 },
				"south": { "uv": [ 4, 6, 6, 10 ], "texture": "#7", "rotation": 90 },
				"west": { "uv": [ 8, 1, 9, 2 ], "texture": "#3" },
				"east": { "uv": [ 11, 10, 15, 13 ], "texture": "#7" }
			}
		},
		{
			"__comment": "Element",
			"from": [ 14.65, 8.731999, 7.136 ],
			"to": [ 14.85, 9.131999, 7.435998 ],
			"rotation": { "origin": [ 8, 8, 8 ], "axis": "x", "angle": 45 },
			"faces": {
				"up": { "uv": [ 6, 4, 8, 8 ], "texture": "#7", "rotation": 270 },
				"north": { "uv": [ 6, 4, 8, 8 ], "texture": "#7", "rotation": 90 },
				"south": { "uv": [ 6, 4, 8, 8 ], "texture": "#7", "rotation": 270 },
				"west": { "uv": [ 8, 1, 9, 2 ], "texture": "#3" },
				"east": { "uv": [ 11, 10, 15, 13 ], "texture": "#7" }
			}
		},
		{
			"__comment": "Element",
			"from": [ 11.6, 8.731999, 7.136 ],
			"to": [ 14.65, 9.131999, 7.435998 ],
			"rotation": { "origin": [ 8, 8, 8 ], "axis": "x", "angle": 45 },
			"faces": {
				"up": { "uv": [ 3.55, 9, 6.5, 10.25 ], "texture": "#3" },
				"north": { "uv": [ 3.3, 8.9, 5, 10 ], "texture": "#3", "rotation": 180 },
				"south": { "uv": [ 3.3, 9, 5, 10.1 ], "texture": "#3" },
				"west": { "uv": [ 8, 1, 9, 2 ], "texture": "#3" },
				"east": { "uv": [ 8, 1, 9, 2 ], "texture": "#3" }
			}
		},
		{
			"__comment": "Element",
			"from": [ 14.65, 8.731999, 8.566999 ],
			"to": [ 14.85, 9.131999, 8.866999 ],
			"rotation": { "origin": [ 8, 8, 8 ], "axis": "x", "angle": -45 },
			"faces": {
				"up": { "uv": [ 6, 4, 8, 8 ], "texture": "#7", "rotation": 270 },
				"north": { "uv": [ 6, 4, 8, 8 ], "texture": "#7", "rotation": 90 },
				"south": { "uv": [ 6, 4, 8, 8 ], "texture": "#7", "rotation": 270 },
				"west": { "uv": [ 8, 1, 9, 2 ], "texture": "#3" },
				"east": { "uv": [ 11, 10, 15, 13 ], "texture": "#7" }
			}
		},
		{
			"__comment": "Element",
			"from": [ 11.6, 8.731999, 8.566999 ],
			"to": [ 14.65, 9.131999, 8.866999 ],
			"rotation": { "origin": [ 8, 8, 8 ], "axis": "x", "angle": -45 },
			"faces": {
				"up": { "uv": [ 3.55, 9, 6.5, 10.25 ], "texture": "#3" },
				"north": { "uv": [ 3.3, 8.9, 5, 10 ], "texture": "#3", "rotation": 180 },
				"south": { "uv": [ 3.3, 9, 5, 10.1 ], "texture": "#3" },
				"west": { "uv": [ 8, 1, 9, 2 ], "texture": "#3" },
				"east": { "uv": [ 8, 1, 9, 2 ], "texture": "#3" }
			}
		},
		{
			"__comment": "Element",
			"from": [ 11.6, 9.0124, 7.81 ],
			"to": [ 14.65, 9.4124, 8.19 ],
			"faces": {
				"up": { "uv": [ 3.55, 9, 6.5, 10.25 ], "texture": "#3" },
				"north": { "uv": [ 3.3, 8.9, 5, 10 ], "texture": "#3", "rotation": 180 },
				"south": { "uv": [ 3.3, 9, 5, 10.1 ], "texture": "#3" },
				"west": { "uv": [ 8, 1, 9, 2 ], "texture": "#3" },
				"east": { "uv": [ 8, 1, 9, 2 ], "texture": "#3" }
			}
		},
		{
			"__comment": "Element",
			"from": [ 14.65, 9.0124, 7.81 ],
			"to": [ 14.851, 9.4124, 8.19 ],
			"faces": {
				"up": { "uv": [ 6, 4, 8, 8 ], "texture": "#7", "rotation": 270 },
				"north": { "uv": [ 6, 4, 8, 8 ], "texture": "#7", "rotation": 90 },
				"south": { "uv": [ 6, 4, 8, 8 ], "texture": "#7", "rotation": 270 },
				"west": { "uv": [ 8, 1, 9, 2 ], "texture": "#3" },
				"east": { "uv": [ 11, 10, 15, 13 ], "texture": "#7" }
			}
		},
		{
			"__comment": "Element",
			"from": [ 10.65, 6.4, 7.501 ],
			"to": [ 11.65, 6.8, 8.499 ],
			"rotation": { "origin": [ 8, 8, 8 ], "axis": "z", "angle": 22.5 },
			"faces": {
				"down": { "uv": [ 3, 10, 10, 15 ], "texture": "#4" },
				"up": { "uv": [ 8, 1, 9, 2 ], "texture": "#3", "rotation": 180 },
				"north": { "uv": [ 6.05, 8.5, 6.9, 10.5 ], "texture": "#3" },
				"south": { "uv": [ 6.9, 8.5, 6.15, 10.5 ], "texture": "#3" },
				"west": { "uv": [ 4, 6, 5, 7 ], "texture": "#4" },
				"east": { "uv": [ 8, 1, 9, 2 ], "texture": "#3" }
			}
		},
		{
			"__comment": "Element",
			"from": [ 10.9, 7.55, 7.495 ],
			"to": [ 11.05, 8.8001, 8.505 ],
			"faces": {
				"down": { "uv": [ 2, 3, 4, 8 ], "texture": "#0", "rotation": 90 },
				"up": { "uv": [ 13, 9, 16, 12 ], "texture": "#2", "rotation": 180 },
				"north": { "uv": [ 2, 9, 4, 13 ], "texture": "#7", "rotation": 270 },
				"south": { "uv": [ 2, 9, 4, 13 ], "texture": "#7", "rotation": 90 },
				"west": { "uv": [ 4, 6, 5, 7 ], "texture": "#2" },
				"east": { "uv": [ 8, 1, 9, 2 ], "texture": "#3" }
			}
		},
		{
			"__comment": "Element",
			"from": [ 10.2, 8.7, 7.65 ],
			"to": [ 11.5, 9.5, 8.35 ],
			"faces": {
				"up": { "uv": [ 0, 0, 5, 16 ], "texture": "#2" },
				"north": { "uv": [ 3, 13, 13, 14 ], "texture": "#0", "rotation": 90 },
				"south": { "uv": [ 3, 13, 13, 14 ], "texture": "#0", "rotation": 90 },
				"west": { "uv": [ 0.01, 5, 0.01, 8 ], "texture": "#1" },
				"east": { "uv": [ 0, 0, 1, 2 ], "texture": "#2" }
			}
		},
		{
			"__comment": "Element",
			"from": [ 10.75, 8.875, 7.8 ],
			"to": [ 12.5, 9.25, 8.199999 ],
			"faces": {
				"down": { "uv": [ 0.3125, 8.1875, 0, 7.875 ], "texture": "#1" },
				"up": { "uv": [ 10, 5, 11, 8 ], "texture": "#5" },
				"north": { "uv": [ 0, 3, 2, 7 ], "texture": "#0", "rotation": 180 },
				"south": { "uv": [ 0, 6, 8, 7 ], "texture": "#0", "rotation": 90 },
				"east": { "uv": [ 7.8125, 6.75, 8.125, 7.125 ], "texture": "#2" }
			}
		},
		{
			"__comment": "Element",
			"from": [ 10.202, 9.375, 8.15 ],
			"to": [ 10.2645, 9.575, 8.35 ],
			"faces": {
				"down": { "uv": [ 11, 6, 12, 7 ], "texture": "#9" },
				"up": { "uv": [ 5, 6, 11, 7 ], "texture": "#10", "rotation": 90 },
				"north": { "uv": [ 11, 6, 12, 7 ], "texture": "#9" },
				"south": { "uv": [ 11, 6, 12, 7 ], "texture": "#9" },
				"west": { "uv": [ 5, 5, 11, 9 ], "texture": "#10" },
				"east": { "uv": [ 5, 5, 11, 9 ], "texture": "#10" }
			}
		},
		{
			"__comment": "Element",
			"from": [ 11, 8.05, 8.349999 ],
			"to": [ 11.6, 8.25, 8.399999 ],
			"rotation": { "origin": [ 8, 8, 8 ], "axis": "z", "angle": 22.5 },
			"faces": {
				"up": { "uv": [ 0, 0, 5, 16 ], "texture": "#2" },
				"north": { "uv": [ 3, 13, 13, 14 ], "texture": "#0", "rotation": 90 },
				"south": { "uv": [ 12, 6, 14, 13 ], "texture": "#0" },
				"west": { "uv": [ 0.01, 5, 0.01, 8 ], "texture": "#1" },
				"east": { "uv": [ 0, 0, 1, 2 ], "texture": "#2" }
			}
		},
		{
			"__comment": "Element",
			"from": [ 11, 8.22, 8.349999 ],
			"to": [ 11.2, 8.27, 8.449999 ],
			"rotation": { "origin": [ 8, 8, 8 ], "axis": "z", "angle": 22.5 },
			"faces": {
				"up": { "uv": [ 0, 0, 5, 16 ], "texture": "#2" },
				"north": { "uv": [ 3, 13, 13, 14 ], "texture": "#0", "rotation": 90 },
				"south": { "uv": [ 12, 6, 14, 13 ], "texture": "#0" },
				"west": { "uv": [ 0.01, 5, 0.01, 8 ], "texture": "#1" },
				"east": { "uv": [ 0, 0, 1, 2 ], "texture": "#2" }
			}
		},
		{
			"__comment": "Element",
			"from": [ 11.25, 6.7, 7.78 ],
			"to": [ 11.4, 6.85, 8.43 ],
			"rotation": { "origin": [ 8, 8, 8 ], "axis": "z", "angle": 45 },
			"faces": {
				"down": { "uv": [ 0, 0, 2, 1 ], "texture": "#0" },
				"up": { "uv": [ 8, 12, 14, 13 ], "texture": "#6", "rotation": 180 },
				"north": { "uv": [ 3, 13, 13, 14 ], "texture": "#0", "rotation": 90 },
				"south": { "uv": [ 3, 4, 7, 7 ], "texture": "#6", "rotation": 90 },
				"west": { "uv": [ 0.01, 5, 0.01, 8 ], "texture": "#1" },
				"east": { "uv": [ 11, 9, 12, 14 ], "texture": "#5" }
			}
		},
		{
			"__comment": "Element",
			"from": [ 10.75, 7.3, 7.75 ],
			"to": [ 10.85, 7.4, 8.4 ],
			"rotation": { "origin": [ 8, 8, 8 ], "axis": "z", "angle": 45 },
			"faces": {
				"down": { "uv": [ 0, 0, 2, 1 ], "texture": "#0" },
				"up": { "uv": [ 8, 12, 14, 13 ], "texture": "#6", "rotation": 180 },
				"north": { "uv": [ 3, 13, 13, 14 ], "texture": "#0", "rotation": 90 },
				"south": { "uv": [ 5, 0, 10, 5 ], "texture": "#5", "rotation": 90 },
				"west": { "uv": [ 0.01, 5, 0.01, 8 ], "texture": "#1" },
				"east": { "uv": [ 11, 9, 12, 14 ], "texture": "#5" }
			}
		},
		{
			"__comment": "Element",
			"from": [ 10.25, 9.5, 7.8 ],
			"to": [ 11.25, 9.55, 8.199999 ],
			"faces": {
				"up": { "uv": [ 2, 4, 4, 11 ], "texture": "#0" },
				"north": { "uv": [ 3, 13, 13, 14 ], "texture": "#0", "rotation": 90 },
				"south": { "uv": [ 3, 13, 13, 14 ], "texture": "#0", "rotation": 90 },
				"west": { "uv": [ 0.01, 5, 0.01, 8 ], "texture": "#1" },
				"east": { "uv": [ 0, 0, 1, 2 ], "texture": "#2" }
			}
		},
		{
			"__comment": "Element",
			"from": [ 10.25, 9.500999, 7.85 ],
			"to": [ 10.5, 9.550999, 7.95 ],
			"faces": {
				"up": { "uv": [ 13, 1, 14, 11 ], "texture": "#5", "rotation": 90 }
			}
		},
		{
			"__comment": "Element",
			"from": [ 10.5, 9.500999, 7.85 ],
			"to": [ 10.75, 9.550999, 7.95 ],
			"faces": {
				"up": { "uv": [ 13, 1, 14, 11 ], "texture": "#5", "rotation": 90 }
			}
		},
		{
			"__comment": "Element",
			"from": [ 11, 9.500999, 7.85 ],
			"to": [ 11.25, 9.550999, 7.95 ],
			"faces": {
				"up": { "uv": [ 13, 1, 14, 11 ], "texture": "#5", "rotation": 90 }
			}
		},
		{
			"__comment": "Element",
			"from": [ 10.75, 9.500999, 7.85 ],
			"to": [ 11, 9.550999, 7.95 ],
			"faces": {
				"up": { "uv": [ 13, 1, 14, 11 ], "texture": "#5", "rotation": 90 }
			}
		},
		{
			"__comment": "Element",
			"from": [ 10.5, 9.500999, 8.05 ],
			"to": [ 10.75, 9.550999, 8.15 ],
			"faces": {
				"up": { "uv": [ 13, 1, 14, 11 ], "texture": "#5", "rotation": 270 }
			}
		},
		{
			"__comment": "Element",
			"from": [ 10.75, 9.500999, 8.05 ],
			"to": [ 11, 9.550999, 8.15 ],
			"faces": {
				"up": { "uv": [ 13, 1, 14, 11 ], "texture": "#5", "rotation": 270 }
			}
		},
		{
			"__comment": "Element",
			"from": [ 11, 9.500999, 8.05 ],
			"to": [ 11.25, 9.550999, 8.15 ],
			"faces": {
				"up": { "uv": [ 13, 1, 14, 11 ], "texture": "#5", "rotation": 270 }
			}
		},
		{
			"__comment": "Element",
			"from": [ 10.25, 9.500999, 8.05 ],
			"to": [ 10.5, 9.550999, 8.15 ],
			"faces": {
				"up": { "uv": [ 13, 1, 14, 11 ], "texture": "#5", "rotation": 270 }
			}
		},
		{
			"__comment": "Element",
			"from": [ 10.2, 7.58, 7.55 ],
			"to": [ 10.9, 8.98, 8.449999 ],
			"faces": {
				"down": { "uv": [ 2, 11, 3, 12 ], "texture": "#1" },
				"up": { "uv": [ 0, 0, 1, 12 ], "texture": "#2" },
				"north": { "uv": [ 2, 13, 11, 14 ], "texture": "#0", "rotation": 90 },
				"south": { "uv": [ 2, 14, 11, 13 ], "texture": "#0", "rotation": 90 },
				"west": { "uv": [ 0.01, 5, 0.01, 8 ], "texture": "#1" },
				"east": { "uv": [ 0.01, 5, 0.01, 8 ], "texture": "#1" }
			}
		},
		{
			"__comment": "Element",
			"from": [ 9.657, 8.599999, 9.227 ],
			"to": [ 9.757, 8.899999, 9.527 ],
			"rotation": { "origin": [ 8, 8, 8 ], "axis": "y", "angle": 22.5 },
			"faces": {
				"down": { "uv": [ 0, 0, 0.1, 0.5 ], "texture": "#particle" },
				"up": { "uv": [ 0, 0, 0.1, 0.5 ], "texture": "#particle" },
				"south": { "uv": [ 3, 11, 4, 13 ], "texture": "#particle" },
				"west": { "uv": [ 3, 4, 5, 2 ], "texture": "#particle" },
				"east": { "uv": [ 3, 2, 5, 4 ], "texture": "#particle", "rotation": 180 }
			}
		},
		{
			"__comment": "Element",
			"from": [ 5, 8.547999, 8.513 ],
			"to": [ 7.8, 8.947999, 8.713 ],
			"rotation": { "origin": [ 8, 8, 8 ], "axis": "x", "angle": -22.5 },
			"faces": {
				"south": { "uv": [ 10, 3, 12, 12 ], "texture": "#0", "rotation": 180 },
				"west": { "uv": [ 0, 0, 0.2, 0.5 ], "texture": "#1" },
				"east": { "uv": [ 0, 0, 0.2, 0.5 ], "texture": "#1" }
			}
		},
		{
			"__comment": "Element",
			"from": [ 5, 8.547999, 7.286 ],
			"to": [ 10.2, 8.947999, 7.486 ],
			"rotation": { "origin": [ 8, 8, 8 ], "axis": "x", "angle": 22.5 },
			"faces": {
				"north": { "uv": [ 12, 3, 14, 12 ], "texture": "#0" },
				"south": { "uv": [ 10, 3, 12, 12 ], "texture": "#0", "rotation": 180 },
				"west": { "uv": [ 0, 0, 0.2, 0.5 ], "texture": "#1" },
				"east": { "uv": [ 0, 0, 0.2, 0.5 ], "texture": "#1" }
			}
		},
		{
			"__comment": "Element",
			"from": [ 5.5, 7, 7.8 ],
			"to": [ 5.6, 7.9, 8.199999 ],
			"faces": {
				"north": { "uv": [ 2, 2, 6, 4 ], "texture": "#9", "rotation": 90 },
				"south": { "uv": [ 6, 2, 2, 4 ], "texture": "#9", "rotation": 270 },
				"west": { "uv": [ 0, 0, 1.3, 0.3999996 ], "texture": "#1", "rotation": 270 },
				"east": { "uv": [ 3, 1, 12, 4 ], "texture": "#9", "rotation": 270 }
			}
		},
		{
			"__comment": "Element",
			"from": [ 5.528, 8.76, 7.799 ],
			"to": [ 5.628, 9.06, 8.201 ],
			"rotation": { "origin": [ 8, 8, 8 ], "axis": "z", "angle": 45 },
			"faces": {
				"north": { "uv": [ 3, 2, 6, 4 ], "texture": "#9", "rotation": 90 },
				"south": { "uv": [ 6, 2, 2, 4 ], "texture": "#9", "rotation": 270 },
				"west": { "uv": [ 0, 0, 1.3, 0.3999996 ], "texture": "#1", "rotation": 270 },
				"east": { "uv": [ 3, 1, 12, 4 ], "texture": "#9", "rotation": 270 }
			}
		},
		{
			"__comment": "Element",
			"from": [ 6.085, 8.205999, 7.799 ],
			"to": [ 6.485, 8.305999, 8.201 ],
			"rotation": { "origin": [ 8, 8, 8 ], "axis": "z", "angle": 45 },
			"faces": {
				"down": { "uv": [ 2, 1, 10, 2 ], "texture": "#0" },
				"up": { "uv": [ 3, 1, 12, 4 ], "texture": "#9", "rotation": 180 },
				"north": { "uv": [ 3, 2, 7, 4 ], "texture": "#9", "rotation": 180 },
				"south": { "uv": [ 6, 2, 2, 4 ], "texture": "#9", "rotation": 180 }
			}
		},
		{
			"__comment": "Element",
			"from": [ 7, 7.1, 7.749 ],
			"to": [ 7.1, 7.2, 8.250999 ],
			"faces": {
				"north": { "uv": [ 2, 11, 4, 13 ], "texture": "#9" },
				"south": { "uv": [ 2, 11, 4, 13 ], "texture": "#9" }
			}
		},
		{
			"__comment": "Element",
			"from": [ 7.15, 6.7, 7.85 ],
			"to": [ 7.25, 7.4, 8.15 ],
			"faces": {
				"down": { "uv": [ 7, 4, 8, 5 ], "texture": "#1" },
				"north": { "uv": [ 2, 3, 4, 11 ], "texture": "#9" },
				"south": { "uv": [ 2, 3, 4, 10 ], "texture": "#9", "rotation": 180 },
				"west": { "uv": [ 3, 3, 6, 10 ], "texture": "#9", "rotation": 180 },
				"east": { "uv": [ 0, 0, 2, 2 ], "texture": "#2" }
			}
		},
		{
			"__comment": "Element",
			"from": [ 8.4, 7.96, 8.351 ],
			"to": [ 8.54, 8.1, 8.452 ],
			"faces": {
				"north": { "uv": [ 2, 11, 4, 13 ], "texture": "#9" },
				"south": { "uv": [ 10, 1, 13, 4 ], "texture": "#9", "rotation": 180 }
			}
		},
		{
			"__comment": "Element",
			"from": [ 8.8, 7.94, 8.351 ],
			"to": [ 8.95, 8.09, 8.452 ],
			"faces": {
				"north": { "uv": [ 2, 11, 4, 13 ], "texture": "#9" },
				"south": { "uv": [ 1, 2, 4, 5 ], "texture": "#9", "rotation": 270 }
			}
		},
		{
			"__comment": "Element",
			"from": [ 4, 7.58, 8.15 ],
			"to": [ 7.8, 8.78, 8.45 ],
			"faces": {
				"down": { "uv": [ 2, 11, 3, 12 ], "texture": "#1" },
				"up": { "uv": [ 0, 3, 1, 4 ], "texture": "#1", "rotation": 180 },
				"south": { "uv": [ 3, 14, 10, 13 ], "texture": "#0", "rotation": 90 },
				"west": { "uv": [ 0.01, 5, 0.01, 8 ], "texture": "#1" },
				"east": { "uv": [ 0.01, 5, 0.01, 8 ], "texture": "#1" }
			}
		},
		{
			"__comment": "Element",
			"from": [ 7.8, 8.5, 8.22 ],
			"to": [ 10.3, 8.79, 8.42 ],
			"faces": {
				"down": { "uv": [ 0, 0, 2.5, 0.1999998 ], "texture": "#particle" },
				"up": { "uv": [ 0, 0, 2.5, 0.1999998 ], "texture": "#particle" },
				"south": { "uv": [ 13, 0, 16, 16 ], "texture": "#particle", "rotation": 90 },
				"west": { "uv": [ 0, 0, 0.2, 0.5 ], "texture": "#particle" },
				"east": { "uv": [ 0, 0, 0.2, 0.5 ], "texture": "#particle" }
			}
		},
		{
			"__comment": "Element",
			"from": [ 4, 7.58, 7.55 ],
			"to": [ 10.2, 8.78, 8.15 ],
			"faces": {
				"down": { "uv": [ 2, 11, 3, 12 ], "texture": "#1" },
				"up": { "uv": [ 0, 3, 1, 4 ], "texture": "#1", "rotation": 180 },
				"north": { "uv": [ 3, 13, 10, 14 ], "texture": "#0", "rotation": 90 },
				"west": { "uv": [ 0.01, 5, 0.01, 8 ], "texture": "#1" },
				"east": { "uv": [ 0.01, 5, 0.01, 8 ], "texture": "#1" }
			}
		},
		{
			"__comment": "Element",
			"from": [ 17, 8.599999, 7.851 ],
			"to": [ 17.6, 8.974999, 8.149 ],
			"rotation": { "origin": [ 16.5625, 9.25, 7.875 ], "axis": "z", "angle": -22.5 },
			"faces": {
				"down": { "uv": [ 15.99, 4.3125, 15.99, 4 ], "texture": "#1", "rotation": 180 },
				"up": { "uv": [ 0, 7, 11, 8 ], "texture": "#11", "rotation": 270 },
				"north": { "uv": [ 0, 0, 6, 1 ], "texture": "#11" },
				"south": { "uv": [ 0, 0, 5, 1 ], "texture": "#11" },
				"west": { "uv": [ 4, 0, 4.3125, 0.375 ], "texture": "#2", "rotation": 180 }
			}
		},
		{
			"__comment": "Element",
			"from": [ 16.5075, 8.927, 7.825 ],
			"to": [ 16.7875, 9.207, 8.175 ],
			"rotation": { "origin": [ 16.5625, 9.25, 7.899 ], "axis": "z", "angle": -45 },
			"faces": {
				"down": { "uv": [ 15.99, 4.3125, 15.99, 4 ], "texture": "#1" },
				"up": { "uv": [ 4, 9, 13, 10 ], "texture": "#9", "rotation": 90 },
				"north": { "uv": [ 15, 2, 16, 5 ], "texture": "#11" },
				"south": { "uv": [ 0, 1, 1, 4 ], "texture": "#11" },
				"west": { "uv": [ 4, 0, 4.3125, 0.375 ], "texture": "#2" },
				"east": { "uv": [ 6, 6, 9, 9 ], "texture": "#0" }
			}
		},
		{
			"__comment": "Element",
			"from": [ 16.31, 8.5525, 7.851 ],
			"to": [ 16.81, 8.8525, 8.149 ],
			"faces": {
				"up": { "uv": [ 4, 0, 4.3125, 0.375 ], "texture": "#2", "rotation": 90 },
				"north": { "uv": [ 15, 0, 16, 6 ], "texture": "#11", "rotation": 180 },
				"south": { "uv": [ 15, 0, 16, 7 ], "texture": "#11", "rotation": 180 },
				"west": { "uv": [ 15.99, 4.3125, 15.99, 4 ], "texture": "#1", "rotation": 270 },
				"east": { "uv": [ 7.99, 8, 7.99, 8.3125 ], "texture": "#9", "rotation": 270 }
			}
		},
		{
			"__comment": "Element",
			"from": [ 15.3, 9, 7.799 ],
			"to": [ 15.4, 9.1, 8.201 ],
			"faces": {
				"north": { "uv": [ 0.01, 0.01000023, 0.01, 0.01000023 ], "texture": "#0" },
				"south": { "uv": [ 1, 2, 4, 5 ], "texture": "#0", "rotation": 270 }
			}
		},
		{
			"__comment": "Element",
			"from": [ 14.649, 8.5525, 7.95 ],
			"to": [ 15.149, 8.8525, 8.05 ],
			"faces": {
				"north": { "uv": [ 15, 0, 16, 6 ], "texture": "#11", "rotation": 180 },
				"south": { "uv": [ 15, 0, 16, 7 ], "texture": "#11", "rotation": 180 },
				"east": { "uv": [ 0, 0, 4, 2 ], "texture": "#0", "rotation": 270 }
			}
		},
		{
			"__comment": "Element",
			"from": [ 14.45, 8.7, 7.9 ],
			"to": [ 14.95, 9, 8.1 ],
			"faces": {
				"up": { "uv": [ 4, 0, 4.3125, 0.375 ], "texture": "#2", "rotation": 90 },
				"north": { "uv": [ 15, 0, 16, 6 ], "texture": "#11", "rotation": 180 },
				"south": { "uv": [ 15, 0, 16, 7 ], "texture": "#11", "rotation": 180 },
				"west": { "uv": [ 15.99, 4.3125, 15.99, 4 ], "texture": "#1", "rotation": 270 },
				"east": { "uv": [ 0, 0, 4, 2 ], "texture": "#0", "rotation": 270 }
			}
		},
		{
			"__comment": "Element",
			"from": [ 15.55, 9, 7.799 ],
			"to": [ 15.65, 9.1, 8.201 ],
			"faces": {
				"north": { "uv": [ 0.01, 0.01000023, 0.01, 0.01000023 ], "texture": "#0" },
				"south": { "uv": [ 1, 2, 4, 5 ], "texture": "#0", "rotation": 270 }
			}
		},
		{
			"__comment": "Element",
			"from": [ 16.05, 9, 7.799 ],
			"to": [ 16.15, 9.1, 8.201 ],
			"faces": {
				"north": { "uv": [ 0.01, 0.01000023, 0.01, 0.01000023 ], "texture": "#0" },
				"south": { "uv": [ 1, 2, 4, 5 ], "texture": "#0", "rotation": 270 }
			}
		},
		{
			"__comment": "Element",
			"from": [ 15.8, 9, 7.799 ],
			"to": [ 15.9, 9.1, 8.201 ],
			"faces": {
				"north": { "uv": [ 0.01, 0.01000023, 0.01, 0.01000023 ], "texture": "#0" },
				"south": { "uv": [ 1, 2, 4, 5 ], "texture": "#0", "rotation": 270 }
			}
		},
		{
			"__comment": "Element",
			"from": [ 14.75, 8.925, 7.8 ],
			"to": [ 16.25, 9.175, 8.199999 ],
			"faces": {
				"down": { "uv": [ 0.3125, 8.1875, 0, 7.875 ], "texture": "#1" },
				"up": { "uv": [ 2, 8, 14, 9 ], "texture": "#11", "rotation": 270 },
				"north": { "uv": [ 8, 12, 16, 13 ], "texture": "#6", "rotation": 270 },
				"south": { "uv": [ 9, 12, 16, 13 ], "texture": "#6", "rotation": 270 }
			}
		},
		{
			"__comment": "Element",
			"from": [ 18.168, 11.9975, 7.85 ],
			"to": [ 18.318, 13.26, 8.15 ],
			"rotation": { "origin": [ 10, 8, 8 ], "axis": "z", "angle": -22.5 },
			"faces": {
				"down": { "uv": [ 2, 2, 4, 4 ], "texture": "#7" },
				"up": { "uv": [ 2, 2, 4, 4 ], "texture": "#7" },
				"north": { "uv": [ 0, 0, 1, 1 ], "texture": "#11" },
				"south": { "uv": [ 0, 0, 1, 1 ], "texture": "#11" },
				"west": { "uv": [ 0, 9, 3, 14 ], "texture": "#11", "rotation": 180 },
				"east": { "uv": [ 0, 0, 2, 1 ], "texture": "#1" }
			}
		},
		{
			"__comment": "Element",
			"from": [ 19.2, 8.5625, 7.851 ],
			"to": [ 19.9, 8.825, 8.149 ],
			"faces": {
				"up": { "uv": [ 7, 4, 13, 5 ], "texture": "#1", "rotation": 270 },
				"north": { "uv": [ 0, 15, 16, 16 ], "texture": "#11", "rotation": 180 },
				"south": { "uv": [ 0, 15, 16, 16 ], "texture": "#11" }
			}
		},
		{
			"__comment": "Element",
			"from": [ 19.575, 9.4, 7.851 ],
			"to": [ 20, 9.73, 8.149 ],
			"faces": {
				"up": { "uv": [ 0, 0, 1, 11 ], "texture": "#11" },
				"north": { "uv": [ 0, 0, 1, 1 ], "texture": "#11" },
				"south": { "uv": [ 0, 0, 1, 1 ], "texture": "#11" },
				"east": { "uv": [ 6, 0, 8, 14 ], "texture": "#2", "rotation": 270 }
			}
		},
		{
			"__comment": "Element",
			"from": [ 19.4, 9.099999, 7.851 ],
			"to": [ 20, 9.299999, 8.149 ],
			"faces": {
				"down": { "uv": [ 2, 2, 4, 4 ], "texture": "#7" },
				"north": { "uv": [ 0, 0, 14, 1 ], "texture": "#11", "rotation": 90 },
				"south": { "uv": [ 0, 0, 14, 1 ], "texture": "#11", "rotation": 90 },
				"east": { "uv": [ 15, 1, 16, 9 ], "texture": "#11", "rotation": 90 }
			}
		},
		{
			"__comment": "Element",
			"from": [ 19.5, 9.3, 7.851 ],
			"to": [ 20, 9.4, 8.149 ],
			"faces": {
				"north": { "uv": [ 0, 0, 1, 1 ], "texture": "#11" },
				"south": { "uv": [ 0, 0, 1, 1 ], "texture": "#11" },
				"east": { "uv": [ 0, 1, 1, 5 ], "texture": "#11", "rotation": 270 }
			}
		},
		{
			"__comment": "Element",
			"from": [ 19.6, 9.25, 7.8 ],
			"to": [ 19.9, 9.55, 8.199999 ],
			"faces": {
				"down": { "uv": [ 2, 2, 4, 4 ], "texture": "#7", "rotation": 270 },
				"up": { "uv": [ 3, 2, 4, 13 ], "texture": "#9", "rotation": 90 },
				"north": { "uv": [ 3, 3, 8, 8 ], "texture": "#9" },
				"south": { "uv": [ 3, 3, 8, 8 ], "texture": "#9", "rotation": 90 },
				"west": { "uv": [ 0, 0, 1, 1 ], "texture": "#7" },
				"east": { "uv": [ 0, 0, 1, 1 ], "texture": "#7" }
			}
		},
		{
			"__comment": "Element",
			"from": [ 19.601, 9.59, 7.45 ],
			"to": [ 19.999, 9.79, 7.5 ],
			"rotation": { "origin": [ 10, 8, 8 ], "axis": "x", "angle": 22.5 },
			"faces": {
				"down": { "uv": [ 2, 2, 4, 4 ], "texture": "#7" },
				"up": { "uv": [ 2, 2, 4, 4 ], "texture": "#7" },
				"north": { "uv": [ 15, 0, 16, 5 ], "texture": "#11", "rotation": 180 },
				"south": { "uv": [ 15, 0, 16, 7 ], "texture": "#11" },
				"west": { "uv": [ 6, 0, 8, 1 ], "texture": "#11" },
				"east": { "uv": [ 4, 4, 5, 6 ], "texture": "#2" }
			}
		},
		{
			"__comment": "Element",
			"from": [ 19.601, 9.59, 8.5 ],
			"to": [ 19.999, 9.79, 8.55 ],
			"rotation": { "origin": [ 10, 8, 8 ], "axis": "x", "angle": -22.5 },
			"faces": {
				"down": { "uv": [ 2, 2, 4, 4 ], "texture": "#7" },
				"up": { "uv": [ 2, 2, 4, 4 ], "texture": "#7" },
				"north": { "uv": [ 15, 0, 16, 7 ], "texture": "#11" },
				"south": { "uv": [ 15, 0, 16, 5 ], "texture": "#11", "rotation": 180 },
				"west": { "uv": [ 6, 0, 8, 1 ], "texture": "#11" },
				"east": { "uv": [ 4, 4, 5, 5 ], "texture": "#2" }
			}
		},
		{
			"__comment": "Element",
			"from": [ 19.6, 9.844999, 7.777 ],
			"to": [ 20, 9.994999, 7.827 ],
			"faces": {
				"down": { "uv": [ 2, 2, 4, 4 ], "texture": "#7" },
				"up": { "uv": [ 2, 2, 4, 4 ], "texture": "#7" },
				"north": { "uv": [ 9, 0, 12, 1 ], "texture": "#11", "rotation": 90 },
				"south": { "uv": [ 10, 10, 16, 11 ], "texture": "#1", "rotation": 270 },
				"west": { "uv": [ 9, 0, 12, 1 ], "texture": "#11", "rotation": 90 },
				"east": { "uv": [ 4, 4, 5, 5 ], "texture": "#2" }
			}
		},
		{
			"__comment": "Element",
			"from": [ 19.6, 9.844999, 8.172999 ],
			"to": [ 20, 9.994999, 8.222999 ],
			"faces": {
				"down": { "uv": [ 2, 2, 4, 4 ], "texture": "#7" },
				"up": { "uv": [ 2, 2, 4, 4 ], "texture": "#7" },
				"north": { "uv": [ 10, 10, 16, 11 ], "texture": "#1", "rotation": 270 },
				"south": { "uv": [ 9, 0, 12, 1 ], "texture": "#11", "rotation": 90 },
				"west": { "uv": [ 9, 0, 12, 1 ], "texture": "#11", "rotation": 90 },
				"east": { "uv": [ 4, 4, 5, 5 ], "texture": "#2" }
			}
		},
		{
			"__comment": "Element",
			"from": [ 19.599, 9.254, 6.432 ],
			"to": [ 20.001, 9.354, 6.481998 ],
			"rotation": { "origin": [ 10, 8, 8 ], "axis": "x", "angle": 45 },
			"faces": {
				"down": { "uv": [ 2, 2, 4, 4 ], "texture": "#7" },
				"up": { "uv": [ 4, 3, 6, 5 ], "texture": "#9" },
				"north": { "uv": [ 6, 9, 7, 13 ], "texture": "#9" },
				"south": { "uv": [ 0, 0, 1, 1 ], "texture": "#0" },
				"west": { "uv": [ 7, 4, 11, 5 ], "texture": "#11", "rotation": 270 },
				"east": { "uv": [ 8, 9, 9, 13 ], "texture": "#9" }
			}
		},
		{
			"__comment": "Element",
			"from": [ 19.599, 9.254, 9.52 ],
			"to": [ 20.001, 9.354, 9.569998 ],
			"rotation": { "origin": [ 10, 8, 8 ], "axis": "x", "angle": -45 },
			"faces": {
				"down": { "uv": [ 2, 2, 4, 4 ], "texture": "#7" },
				"up": { "uv": [ 4, 3, 6, 5 ], "texture": "#9", "rotation": 180 },
				"north": { "uv": [ 0, 0, 1, 1 ], "texture": "#0" },
				"south": { "uv": [ 7, 9, 8, 13 ], "texture": "#9" },
				"west": { "uv": [ 7, 4, 11, 5 ], "texture": "#11", "rotation": 270 },
				"east": { "uv": [ 7, 9, 8, 13 ], "texture": "#9" }
			}
		},
		{
			"__comment": "Element",
			"from": [ 19.85, 9.7, 7.985 ],
			"to": [ 19.95, 9.9, 8.014999 ],
			"faces": {
				"down": { "uv": [ 2, 2, 4, 4 ], "texture": "#10" },
				"up": { "uv": [ 0, 13, 7, 16 ], "texture": "#10" },
				"north": { "uv": [ 0, 0, 1, 4 ], "texture": "#10", "rotation": 270 },
				"south": { "uv": [ 0, 0, 1, 1 ], "texture": "#10" },
				"west": { "uv": [ 0, 0, 1, 4 ], "texture": "#10" },
				"east": { "uv": [ 0, 0, 4, 2 ], "texture": "#10" }
			}
		},
		{
			"__comment": "Element",
			"from": [ 16.5, 7.913, 7.735 ],
			"to": [ 16.7, 8.112999, 8.035 ],
			"rotation": { "origin": [ 9, 8, 8 ], "axis": "x", "angle": 45 },
			"faces": {
				"down": { "uv": [ 0, 0, 0.7, 0.6000004 ], "texture": "#1" },
				"up": { "uv": [ 0, 1, 16, 3 ], "texture": "#11", "rotation": 270 },
				"north": { "uv": [ 15, 0, 16, 7 ], "texture": "#11" },
				"south": { "uv": [ 15, 0, 16, 7 ], "texture": "#11" },
				"west": { "uv": [ 0, 0, 0.6, 0.8000002 ], "texture": "#1" },
				"east": { "uv": [ 4, 1, 4.6, 1.8 ], "texture": "#1" }
			}
		},
		{
			"__comment": "Element",
			"from": [ 16.5, 7.913, 7.965 ],
			"to": [ 16.7, 8.112999, 8.264999 ],
			"rotation": { "origin": [ 9, 8, 8 ], "axis": "x", "angle": -45 },
			"faces": {
				"down": { "uv": [ 0, 0, 0.7, 0.6000004 ], "texture": "#1" },
				"up": { "uv": [ 0, 1, 16, 3 ], "texture": "#11", "rotation": 270 },
				"north": { "uv": [ 15, 0, 16, 7 ], "texture": "#11" },
				"south": { "uv": [ 15, 0, 16, 7 ], "texture": "#11" },
				"west": { "uv": [ 0, 0, 0.6, 0.8000002 ], "texture": "#1" },
				"east": { "uv": [ 4, 1, 4.6, 1.8 ], "texture": "#1" }
			}
		},
		{
			"__comment": "Element",
			"from": [ 16.5, 7.914, 7.965 ],
			"to": [ 16.7, 8.114, 8.035 ],
			"faces": {
				"down": { "uv": [ 0, 0, 0.7, 0.6000004 ], "texture": "#1" },
				"up": { "uv": [ 0, 1, 16, 3 ], "texture": "#11", "rotation": 270 },
				"north": { "uv": [ 15, 0, 16, 7 ], "texture": "#11" },
				"south": { "uv": [ 15, 0, 16, 7 ], "texture": "#11" },
				"west": { "uv": [ 0, 0, 0.6, 0.8000002 ], "texture": "#1" },
				"east": { "uv": [ 4, 1, 4.6, 1.8 ], "texture": "#1" }
			}
		},
		{
			"__comment": "Element",
			"from": [ 19.5, 7.913, 7.735 ],
			"to": [ 19.7, 8.112999, 8.035 ],
			"rotation": { "origin": [ 12, 8, 8 ], "axis": "x", "angle": 45 },
			"faces": {
				"down": { "uv": [ 0, 0, 0.7, 0.6000004 ], "texture": "#1" },
				"up": { "uv": [ 0, 1, 16, 3 ], "texture": "#11", "rotation": 270 },
				"north": { "uv": [ 15, 0, 16, 7 ], "texture": "#11" },
				"south": { "uv": [ 15, 0, 16, 7 ], "texture": "#11" },
				"west": { "uv": [ 0, 0, 0.6, 0.8000002 ], "texture": "#1" },
				"east": { "uv": [ 4, 1, 4.6, 1.8 ], "texture": "#1" }
			}
		},
		{
			"__comment": "Element",
			"from": [ 19.5, 7.914, 7.965 ],
			"to": [ 19.7, 8.114, 8.035 ],
			"faces": {
				"down": { "uv": [ 0, 0, 0.7, 0.6000004 ], "texture": "#1" },
				"up": { "uv": [ 0, 1, 16, 3 ], "texture": "#11", "rotation": 270 },
				"north": { "uv": [ 15, 0, 16, 7 ], "texture": "#11" },
				"south": { "uv": [ 15, 0, 16, 7 ], "texture": "#11" },
				"west": { "uv": [ 0, 0, 0.6, 0.8000002 ], "texture": "#1" },
				"east": { "uv": [ 4, 1, 4.6, 1.8 ], "texture": "#1" }
			}
		},
		{
			"__comment": "Element",
			"from": [ 19.5, 7.913, 7.965 ],
			"to": [ 19.7, 8.112999, 8.264999 ],
			"rotation": { "origin": [ 12, 8, 8 ], "axis": "x", "angle": -45 },
			"faces": {
				"down": { "uv": [ 0, 0, 0.7, 0.6000004 ], "texture": "#1" },
				"up": { "uv": [ 0, 1, 16, 3 ], "texture": "#11", "rotation": 270 },
				"north": { "uv": [ 15, 0, 16, 7 ], "texture": "#11" },
				"south": { "uv": [ 15, 0, 16, 7 ], "texture": "#11" },
				"west": { "uv": [ 0, 0, 0.6, 0.8000002 ], "texture": "#1" },
				"east": { "uv": [ 4, 1, 4.6, 1.8 ], "texture": "#1" }
			}
		},
		{
			"__comment": "Element",
			"from": [ 14.75, 8.175, 7.9602 ],
			"to": [ 20.125, 8.225, 8.03976 ],
			"rotation": { "origin": [ 17.45, 8.375, 8 ], "axis": "x", "angle": 22.5 },
			"faces": {
				"down": { "uv": [ 6, 9, 7, 10 ], "texture": "#1" },
				"up": { "uv": [ 6, 7, 11, 8 ], "texture": "#11", "rotation": 90 },
				"east": { "uv": [ 9, 6, 13, 7 ], "texture": "#2", "rotation": 90 }
			}
		},
		{
			"__comment": "Element",
			"from": [ 14.75, 8.175, 7.9602 ],
			"to": [ 20.125, 8.225, 8.03976 ],
			"rotation": { "origin": [ 17.45, 8.375, 8 ], "axis": "x", "angle": 45 },
			"faces": {
				"down": { "uv": [ 10, 10, 14, 11 ], "texture": "#1", "rotation": 270 },
				"up": { "uv": [ 1, 7, 9, 8 ], "texture": "#11", "rotation": 90 },
				"east": { "uv": [ 9, 6, 13, 7 ], "texture": "#2", "rotation": 90 }
			}
		},
		{
			"__comment": "Element",
			"from": [ 14.75, 8.175, 7.9602 ],
			"to": [ 20.125, 8.225, 8.03976 ],
			"rotation": { "origin": [ 17.45, 8.375, 8 ], "axis": "x", "angle": -22.5 },
			"faces": {
				"down": { "uv": [ 12, 10, 16, 11 ], "texture": "#1" },
				"up": { "uv": [ 6, 7, 11, 8 ], "texture": "#11", "rotation": 270 },
				"east": { "uv": [ 9, 6, 13, 7 ], "texture": "#2", "rotation": 90 }
			}
		},
		{
			"__comment": "Element",
			"from": [ 14.75, 8.175, 7.9602 ],
			"to": [ 20.125, 8.225, 8.03976 ],
			"rotation": { "origin": [ 17.45, 8.375, 8 ], "axis": "x", "angle": -45 },
			"faces": {
				"down": { "uv": [ 15, 2, 16, 6 ], "texture": "#11" },
				"up": { "uv": [ 1, 7, 9, 8 ], "texture": "#11", "rotation": 90 },
				"east": { "uv": [ 9, 6, 13, 7 ], "texture": "#2", "rotation": 90 }
			}
		},
		{
			"__comment": "Element",
			"from": [ 14.75, 8.335199, 7.8 ],
			"to": [ 20.125, 8.414759, 7.849998 ],
			"rotation": { "origin": [ 17.45, 8.375, 8 ], "axis": "x", "angle": 22.5 },
			"faces": {
				"north": { "uv": [ 4, 1, 8, 2 ], "texture": "#11", "rotation": 270 },
				"south": { "uv": [ 15, 0, 16, 7 ], "texture": "#11", "rotation": 180 },
				"east": { "uv": [ 9, 6, 13, 7 ], "texture": "#2", "rotation": 180 }
			}
		},
		{
			"__comment": "Element",
			"from": [ 14.75, 8.335199, 7.8 ],
			"to": [ 20.125, 8.414759, 7.849998 ],
			"faces": {
				"north": { "uv": [ 9, 0, 12, 1 ], "texture": "#11", "rotation": 90 },
				"south": { "uv": [ 9, 7, 15, 8 ], "texture": "#11", "rotation": 270 },
				"east": { "uv": [ 9, 6, 13, 7 ], "texture": "#2", "rotation": 180 }
			}
		},
		{
			"__comment": "Element",
			"from": [ 14.75, 8.335199, 7.8 ],
			"to": [ 20.125, 8.414759, 7.849998 ],
			"rotation": { "origin": [ 17.45, 8.375, 8 ], "axis": "x", "angle": -22.5 },
			"faces": {
				"north": { "uv": [ 15, 0, 16, 4 ], "texture": "#11" },
				"south": { "uv": [ 6, 7, 11, 8 ], "texture": "#11", "rotation": 90 },
				"east": { "uv": [ 9, 6, 13, 7 ], "texture": "#2", "rotation": 180 }
			}
		},
		{
			"__comment": "Element",
			"from": [ 14.75, 8.335199, 8.15 ],
			"to": [ 20.125, 8.414759, 8.2 ],
			"rotation": { "origin": [ 17.45, 8.375, 8 ], "axis": "x", "angle": 22.5 },
			"faces": {
				"down": { "uv": [ 8, 7, 9, 8 ], "texture": "#11", "rotation": 180 },
				"north": { "uv": [ 7, 7, 11, 8 ], "texture": "#11", "rotation": 90 },
				"south": { "uv": [ 9, 0, 13, 1 ], "texture": "#11", "rotation": 90 },
				"east": { "uv": [ 9, 6, 13, 7 ], "texture": "#2", "rotation": 180 }
			}
		},
		{
			"__comment": "Element",
			"from": [ 14.75, 8.335199, 8.15 ],
			"to": [ 20.125, 8.414759, 8.2 ],
			"rotation": { "origin": [ 17.45, 8.375, 8 ], "axis": "x", "angle": -22.5 },
			"faces": {
				"north": { "uv": [ 8, 0, 14, 1 ], "texture": "#11", "rotation": 270 },
				"south": { "uv": [ 11, 8, 14, 9 ], "texture": "#11", "rotation": 90 },
				"east": { "uv": [ 9, 6, 13, 7 ], "texture": "#2", "rotation": 180 }
			}
		},
		{
			"__comment": "Element",
			"from": [ 14.75, 8.335199, 8.15 ],
			"to": [ 20.125, 8.414759, 8.2 ],
			"faces": {
				"north": { "uv": [ 2, 1, 6, 2 ], "texture": "#11", "rotation": 90 },
				"south": { "uv": [ 4, 1, 6, 2 ], "texture": "#11", "rotation": 270 },
				"east": { "uv": [ 9, 6, 13, 7 ], "texture": "#2", "rotation": 180 }
			}
		},
		{
			"__comment": "Element",
			"from": [ 14.75, 8.525, 7.9602 ],
			"to": [ 20.125, 8.575, 8.03976 ],
			"rotation": { "origin": [ 17.45, 8.375, 8 ], "axis": "x", "angle": 45 },
			"faces": {
				"down": { "uv": [ 15, 2, 16, 8 ], "texture": "#11" },
				"up": { "uv": [ 6, 9, 7, 12 ], "texture": "#9" },
				"east": { "uv": [ 9, 6, 13, 7 ], "texture": "#2", "rotation": 90 }
			}
		},
		{
			"__comment": "Element",
			"from": [ 14.75, 8.525, 7.9602 ],
			"to": [ 20.125, 8.575, 8.03976 ],
			"rotation": { "origin": [ 17.45, 8.375, 8 ], "axis": "x", "angle": 22.5 },
			"faces": {
				"down": { "uv": [ 6, 9, 7, 10 ], "texture": "#1" },
				"up": { "uv": [ 8, 9, 9, 13 ], "texture": "#11", "rotation": 180 },
				"east": { "uv": [ 9, 6, 13, 7 ], "texture": "#2", "rotation": 90 }
			}
		},
		{
			"__comment": "Element",
			"from": [ 14.75, 8.525, 7.9602 ],
			"to": [ 20.125, 8.575, 8.03976 ],
			"faces": {
				"down": { "uv": [ 6, 9, 7, 10 ], "texture": "#1" },
				"up": { "uv": [ 7, 11, 11, 12 ], "texture": "#11", "rotation": 270 },
				"east": { "uv": [ 9, 6, 13, 7 ], "texture": "#2", "rotation": 90 }
			}
		},
		{
			"__comment": "Element",
			"from": [ 14.75, 8.525, 7.9602 ],
			"to": [ 20.125, 8.575, 8.03976 ],
			"rotation": { "origin": [ 17.45, 8.375, 8 ], "axis": "x", "angle": -22.5 },
			"faces": {
				"down": { "uv": [ 6, 9, 7, 10 ], "texture": "#1" },
				"up": { "uv": [ 6, 9, 7, 10 ], "texture": "#9", "rotation": 180 },
				"east": { "uv": [ 9, 6, 13, 7 ], "texture": "#2", "rotation": 90 }
			}
		},
		{
			"__comment": "Element",
			"from": [ 14.75, 8.525, 7.9602 ],
			"to": [ 20.125, 8.575, 8.03976 ],
			"rotation": { "origin": [ 17.45, 8.375, 8 ], "axis": "x", "angle": -45 },
			"faces": {
				"down": { "uv": [ 10, 10, 16, 11 ], "texture": "#1", "rotation": 270 },
				"up": { "uv": [ 8, 8, 13, 9 ], "texture": "#11", "rotation": 270 },
				"east": { "uv": [ 9, 6, 13, 7 ], "texture": "#2", "rotation": 90 }
			}
		},
		{
			"__comment": "Element",
			"from": [ 20.2, 8.335199, 7.8 ],
			"to": [ 20.3125, 8.414759, 7.849998 ],
			"faces": {
				"north": { "uv": [ 9, 0, 12, 1 ], "texture": "#11", "rotation": 90 },
				"south": { "uv": [ 9, 7, 15, 8 ], "texture": "#11", "rotation": 270 },
				"west": { "uv": [ 0.01, 0.01000023, 0.01, 0.01000023 ], "texture": "#2", "rotation": 270 },
				"east": { "uv": [ 9, 6, 13, 7 ], "texture": "#2", "rotation": 180 }
			}
		},
		{
			"__comment": "Element",
			"from": [ 20.2, 8.335199, 7.8 ],
			"to": [ 20.3125, 8.414759, 7.849998 ],
			"rotation": { "origin": [ 22.9, 8.375, 8 ], "axis": "x", "angle": -22.5 },
			"faces": {
				"north": { "uv": [ 15, 0, 16, 4 ], "texture": "#11" },
				"south": { "uv": [ 6, 7, 11, 8 ], "texture": "#11", "rotation": 90 },
				"west": { "uv": [ 0.01, 0.01000023, 0.01, 0.01000023 ], "texture": "#2", "rotation": 270 },
				"east": { "uv": [ 9, 6, 13, 7 ], "texture": "#2", "rotation": 180 }
			}
		},
		{
			"__comment": "Element",
			"from": [ 20.2, 8.175, 7.9602 ],
			"to": [ 20.3125, 8.225, 8.03976 ],
			"rotation": { "origin": [ 22.9, 8.375, 8 ], "axis": "x", "angle": 45 },
			"faces": {
				"down": { "uv": [ 10, 10, 14, 11 ], "texture": "#1", "rotation": 270 },
				"up": { "uv": [ 1, 7, 9, 8 ], "texture": "#11", "rotation": 90 },
				"west": { "uv": [ 0.01, 0.01000023, 0.01, 0.01000023 ], "texture": "#2" },
				"east": { "uv": [ 9, 6, 13, 7 ], "texture": "#2", "rotation": 90 }
			}
		},
		{
			"__comment": "Element",
			"from": [ 20.2, 8.175, 7.9602 ],
			"to": [ 20.3125, 8.225, 8.03976 ],
			"rotation": { "origin": [ 22.9, 8.375, 8 ], "axis": "x", "angle": 22.5 },
			"faces": {
				"down": { "uv": [ 6, 9, 7, 10 ], "texture": "#1" },
				"up": { "uv": [ 6, 7, 11, 8 ], "texture": "#11", "rotation": 90 },
				"west": { "uv": [ 0.01, 0.01000023, 0.01, 0.01000023 ], "texture": "#2" },
				"east": { "uv": [ 9, 6, 13, 7 ], "texture": "#2", "rotation": 90 }
			}
		},
		{
			"__comment": "Element",
			"from": [ 20.2, 8.175, 7.9602 ],
			"to": [ 20.3125, 8.225, 8.03976 ],
			"faces": {
				"down": { "uv": [ 6, 9, 7, 10 ], "texture": "#1" },
				"up": { "uv": [ 1, 8, 7, 9 ], "texture": "#11", "rotation": 90 },
				"west": { "uv": [ 0.01, 0.01000023, 0.01, 0.01000023 ], "texture": "#2" },
				"east": { "uv": [ 9, 6, 13, 7 ], "texture": "#2", "rotation": 90 }
			}
		},
		{
			"__comment": "Element",
			"from": [ 20.2, 8.175, 7.9602 ],
			"to": [ 20.3125, 8.225, 8.03976 ],
			"rotation": { "origin": [ 22.9, 8.375, 8 ], "axis": "x", "angle": -22.5 },
			"faces": {
				"down": { "uv": [ 12, 10, 16, 11 ], "texture": "#1" },
				"up": { "uv": [ 6, 7, 11, 8 ], "texture": "#11", "rotation": 270 },
				"west": { "uv": [ 0.01, 0.01000023, 0.01, 0.01000023 ], "texture": "#2" },
				"east": { "uv": [ 9, 6, 13, 7 ], "texture": "#2", "rotation": 90 }
			}
		},
		{
			"__comment": "Element",
			"from": [ 20.2, 8.175, 7.9602 ],
			"to": [ 20.3125, 8.225, 8.03976 ],
			"rotation": { "origin": [ 22.9, 8.375, 8 ], "axis": "x", "angle": -45 },
			"faces": {
				"down": { "uv": [ 15, 2, 16, 6 ], "texture": "#11" },
				"up": { "uv": [ 1, 7, 9, 8 ], "texture": "#11", "rotation": 90 },
				"west": { "uv": [ 0.01, 0.01000023, 0.01, 0.01000023 ], "texture": "#2" },
				"east": { "uv": [ 9, 6, 13, 7 ], "texture": "#2", "rotation": 90 }
			}
		},
		{
			"__comment": "Element",
			"from": [ 20.2, 8.335199, 8.15 ],
			"to": [ 20.3125, 8.414759, 8.2 ],
			"faces": {
				"north": { "uv": [ 2, 1, 6, 2 ], "texture": "#11", "rotation": 90 },
				"south": { "uv": [ 4, 1, 6, 2 ], "texture": "#11", "rotation": 270 },
				"west": { "uv": [ 0.01, 0.01000023, 0.01, 0.01000023 ], "texture": "#2", "rotation": 270 },
				"east": { "uv": [ 9, 6, 13, 7 ], "texture": "#2", "rotation": 180 }
			}
		},
		{
			"__comment": "Element",
			"from": [ 20.2, 8.335199, 8.15 ],
			"to": [ 20.3125, 8.414759, 8.2 ],
			"rotation": { "origin": [ 22.9, 8.375, 8 ], "axis": "x", "angle": 22.5 },
			"faces": {
				"north": { "uv": [ 7, 7, 11, 8 ], "texture": "#11", "rotation": 90 },
				"south": { "uv": [ 9, 0, 13, 1 ], "texture": "#11", "rotation": 90 },
				"west": { "uv": [ 0.01, 0.01000023, 0.01, 0.01000023 ], "texture": "#2", "rotation": 270 },
				"east": { "uv": [ 9, 6, 13, 7 ], "texture": "#2", "rotation": 180 }
			}
		},
		{
			"__comment": "Element",
			"from": [ 20.2, 8.335199, 8.15 ],
			"to": [ 20.3125, 8.414759, 8.2 ],
			"rotation": { "origin": [ 22.9, 8.375, 8 ], "axis": "x", "angle": -22.5 },
			"faces": {
				"north": { "uv": [ 8, 0, 14, 1 ], "texture": "#11", "rotation": 270 },
				"south": { "uv": [ 11, 8, 14, 9 ], "texture": "#11", "rotation": 90 },
				"west": { "uv": [ 0.01, 0.01000023, 0.01, 0.01000023 ], "texture": "#2", "rotation": 270 },
				"east": { "uv": [ 9, 6, 13, 7 ], "texture": "#2", "rotation": 180 }
			}
		},
		{
			"__comment": "Element",
			"from": [ 20.2, 8.525, 7.9602 ],
			"to": [ 20.3125, 8.575, 8.03976 ],
			"rotation": { "origin": [ 22.9, 8.375, 8 ], "axis": "x", "angle": 22.5 },
			"faces": {
				"down": { "uv": [ 6, 9, 7, 10 ], "texture": "#1" },
				"up": { "uv": [ 8, 9, 9, 13 ], "texture": "#11", "rotation": 180 },
				"west": { "uv": [ 0.01, 0.01000023, 0.01, 0.01000023 ], "texture": "#2" },
				"east": { "uv": [ 9, 6, 13, 7 ], "texture": "#2", "rotation": 90 }
			}
		},
		{
			"__comment": "Element",
			"from": [ 20.2, 8.525, 7.9602 ],
			"to": [ 20.3125, 8.575, 8.03976 ],
			"rotation": { "origin": [ 22.9, 8.375, 8 ], "axis": "x", "angle": 45 },
			"faces": {
				"down": { "uv": [ 15, 2, 16, 8 ], "texture": "#11" },
				"up": { "uv": [ 6, 9, 7, 12 ], "texture": "#9" },
				"west": { "uv": [ 0.01, 0.01000023, 0.01, 0.01000023 ], "texture": "#2" },
				"east": { "uv": [ 9, 6, 13, 7 ], "texture": "#2", "rotation": 90 }
			}
		},
		{
			"__comment": "Element",
			"from": [ 20.2, 8.525, 7.9602 ],
			"to": [ 20.3125, 8.575, 8.03976 ],
			"faces": {
				"down": { "uv": [ 6, 9, 7, 10 ], "texture": "#1" },
				"up": { "uv": [ 7, 11, 11, 12 ], "texture": "#11", "rotation": 270 },
				"west": { "uv": [ 0.01, 0.01000023, 0.01, 0.01000023 ], "texture": "#2" },
				"east": { "uv": [ 9, 6, 13, 7 ], "texture": "#2", "rotation": 90 }
			}
		},
		{
			"__comment": "Element",
			"from": [ 20.2, 8.525, 7.9602 ],
			"to": [ 20.3125, 8.575, 8.03976 ],
			"rotation": { "origin": [ 22.9, 8.375, 8 ], "axis": "x", "angle": -45 },
			"faces": {
				"down": { "uv": [ 10, 10, 16, 11 ], "texture": "#1", "rotation": 270 },
				"up": { "uv": [ 8, 8, 13, 9 ], "texture": "#11", "rotation": 270 },
				"west": { "uv": [ 0.01, 0.01000023, 0.01, 0.01000023 ], "texture": "#2" },
				"east": { "uv": [ 9, 6, 13, 7 ], "texture": "#2", "rotation": 90 }
			}
		},
		{
			"__comment": "Element",
			"from": [ 20.2, 8.525, 7.9602 ],
			"to": [ 20.3125, 8.575, 8.03976 ],
			"rotation": { "origin": [ 22.9, 8.375, 8 ], "axis": "x", "angle": -22.5 },
			"faces": {
				"down": { "uv": [ 6, 9, 7, 10 ], "texture": "#1" },
				"up": { "uv": [ 6, 9, 7, 10 ], "texture": "#9", "rotation": 180 },
				"west": { "uv": [ 0.01, 0.01000023, 0.01, 0.01000023 ], "texture": "#2" },
				"east": { "uv": [ 9, 6, 13, 7 ], "texture": "#2", "rotation": 90 }
			}
		},
		{
			"__comment": "Element",
			"from": [ 20.2, 8.335199, 7.8 ],
			"to": [ 20.3125, 8.414759, 7.849998 ],
			"rotation": { "origin": [ 22.9, 8.375, 8 ], "axis": "x", "angle": 22.5 },
			"faces": {
				"north": { "uv": [ 4, 1, 8, 2 ], "texture": "#11", "rotation": 270 },
				"south": { "uv": [ 15, 0, 16, 7 ], "texture": "#11", "rotation": 180 },
				"west": { "uv": [ 0.01, 0.01000023, 0.01, 0.01000023 ], "texture": "#2", "rotation": 270 },
				"east": { "uv": [ 9, 6, 13, 7 ], "texture": "#2", "rotation": 180 }
			}
		},
		{
			"__comment": "Element",
			"from": [ 20.125, 8.2, 7.9652 ],
			"to": [ 20.19375, 8.225, 8.034821 ],
			"faces": {
				"down": { "uv": [ 0, 8, 7, 9 ], "texture": "#11" },
				"up": { "uv": [ 0, 8, 7, 9 ], "texture": "#11" },
				"north": { "uv": [ 8, 7, 9, 8 ], "texture": "#11" },
				"south": { "uv": [ 8, 7, 9, 8 ], "texture": "#11" },
				"west": { "uv": [ 0.01, 0.01000023, 0.01, 0.01000023 ], "texture": "#2" },
				"east": { "uv": [ 9, 6, 13, 7 ], "texture": "#2", "rotation": 90 }
			}
		},
		{
			"__comment": "Element",
			"from": [ 20.125, 8.2, 7.9652 ],
			"to": [ 20.19375, 8.225, 8.034821 ],
			"rotation": { "origin": [ 20.18125, 8.375, 8 ], "axis": "x", "angle": 22.5 },
			"faces": {
				"down": { "uv": [ 0, 8, 7, 9 ], "texture": "#11" },
				"up": { "uv": [ 0, 8, 7, 9 ], "texture": "#11" },
				"north": { "uv": [ 8, 7, 9, 8 ], "texture": "#11" },
				"south": { "uv": [ 8, 7, 9, 8 ], "texture": "#11" },
				"west": { "uv": [ 0.01, 0.01000023, 0.01, 0.01000023 ], "texture": "#2" },
				"east": { "uv": [ 9, 6, 13, 7 ], "texture": "#2", "rotation": 90 }
			}
		},
		{
			"__comment": "Element",
			"from": [ 20.125, 8.2, 7.9652 ],
			"to": [ 20.19375, 8.225, 8.034821 ],
			"rotation": { "origin": [ 20.18125, 8.375, 8 ], "axis": "x", "angle": 45 },
			"faces": {
				"down": { "uv": [ 0, 8, 7, 9 ], "texture": "#11" },
				"up": { "uv": [ 0, 8, 7, 9 ], "texture": "#11" },
				"north": { "uv": [ 8, 7, 9, 8 ], "texture": "#11" },
				"south": { "uv": [ 8, 7, 9, 8 ], "texture": "#11" },
				"west": { "uv": [ 0.01, 0.01000023, 0.01, 0.01000023 ], "texture": "#2" },
				"east": { "uv": [ 9, 6, 13, 7 ], "texture": "#2", "rotation": 90 }
			}
		},
		{
			"__comment": "Element",
			"from": [ 20.125, 8.2, 7.9652 ],
			"to": [ 20.19375, 8.225, 8.034821 ],
			"rotation": { "origin": [ 20.18125, 8.375, 8 ], "axis": "x", "angle": -22.5 },
			"faces": {
				"down": { "uv": [ 0, 8, 7, 9 ], "texture": "#11" },
				"up": { "uv": [ 0, 8, 7, 9 ], "texture": "#11" },
				"north": { "uv": [ 8, 7, 9, 8 ], "texture": "#11" },
				"south": { "uv": [ 8, 7, 9, 8 ], "texture": "#11" },
				"west": { "uv": [ 0.01, 0.01000023, 0.01, 0.01000023 ], "texture": "#2" },
				"east": { "uv": [ 9, 6, 13, 7 ], "texture": "#2", "rotation": 90 }
			}
		},
		{
			"__comment": "Element",
			"from": [ 20.125, 8.2, 7.9652 ],
			"to": [ 20.19375, 8.225, 8.034821 ],
			"rotation": { "origin": [ 20.18125, 8.375, 8 ], "axis": "x", "angle": -45 },
			"faces": {
				"down": { "uv": [ 0, 8, 7, 9 ], "texture": "#11" },
				"up": { "uv": [ 0, 8, 7, 9 ], "texture": "#11" },
				"north": { "uv": [ 8, 7, 9, 8 ], "texture": "#11" },
				"south": { "uv": [ 8, 7, 9, 8 ], "texture": "#11" },
				"west": { "uv": [ 0.01, 0.01000023, 0.01, 0.01000023 ], "texture": "#2" },
				"east": { "uv": [ 9, 6, 13, 7 ], "texture": "#2", "rotation": 90 }
			}
		},
		{
			"__comment": "Element",
			"from": [ 20.125, 8.340199, 7.825 ],
			"to": [ 20.19375, 8.40982, 7.85 ],
			"rotation": { "origin": [ 20.18125, 8.375, 8 ], "axis": "x", "angle": 22.5 },
			"faces": {
				"down": { "uv": [ 8, 7, 9, 8 ], "texture": "#11", "rotation": 180 },
				"up": { "uv": [ 8, 7, 9, 8 ], "texture": "#11" },
				"north": { "uv": [ 0, 8, 7, 9 ], "texture": "#11", "rotation": 180 },
				"south": { "uv": [ 0, 8, 7, 9 ], "texture": "#11" },
				"west": { "uv": [ 0.01, 0.01000023, 0.01, 0.01000023 ], "texture": "#2", "rotation": 270 },
				"east": { "uv": [ 9, 6, 13, 7 ], "texture": "#2", "rotation": 180 }
			}
		},
		{
			"__comment": "Element",
			"from": [ 20.125, 8.340199, 7.825 ],
			"to": [ 20.19375, 8.40982, 7.85 ],
			"faces": {
				"down": { "uv": [ 8, 7, 9, 8 ], "texture": "#11", "rotation": 180 },
				"up": { "uv": [ 8, 7, 9, 8 ], "texture": "#11" },
				"north": { "uv": [ 0, 8, 7, 9 ], "texture": "#11", "rotation": 180 },
				"south": { "uv": [ 0, 8, 7, 9 ], "texture": "#11" },
				"west": { "uv": [ 0.01, 0.01000023, 0.01, 0.01000023 ], "texture": "#2", "rotation": 270 },
				"east": { "uv": [ 9, 6, 13, 7 ], "texture": "#2", "rotation": 180 }
			}
		},
		{
			"__comment": "Element",
			"from": [ 20.125, 8.340199, 7.825 ],
			"to": [ 20.19375, 8.40982, 7.85 ],
			"rotation": { "origin": [ 20.18125, 8.375, 8 ], "axis": "x", "angle": -22.5 },
			"faces": {
				"down": { "uv": [ 8, 7, 9, 8 ], "texture": "#11", "rotation": 180 },
				"up": { "uv": [ 8, 7, 9, 8 ], "texture": "#11" },
				"north": { "uv": [ 0, 8, 7, 9 ], "texture": "#11", "rotation": 180 },
				"south": { "uv": [ 0, 8, 7, 9 ], "texture": "#11" },
				"west": { "uv": [ 0.01, 0.01000023, 0.01, 0.01000023 ], "texture": "#2", "rotation": 270 },
				"east": { "uv": [ 9, 6, 13, 7 ], "texture": "#2", "rotation": 180 }
			}
		},
		{
			"__comment": "Element",
			"from": [ 20.125, 8.340199, 8.15 ],
			"to": [ 20.19375, 8.40982, 8.175 ],
			"faces": {
				"down": { "uv": [ 8, 7, 9, 8 ], "texture": "#11", "rotation": 180 },
				"up": { "uv": [ 8, 7, 9, 8 ], "texture": "#11" },
				"north": { "uv": [ 0, 8, 7, 9 ], "texture": "#11", "rotation": 180 },
				"south": { "uv": [ 0, 8, 7, 9 ], "texture": "#11" },
				"west": { "uv": [ 0.01, 0.01000023, 0.01, 0.01000023 ], "texture": "#2", "rotation": 270 },
				"east": { "uv": [ 9, 6, 13, 7 ], "texture": "#2", "rotation": 180 }
			}
		},
		{
			"__comment": "Element",
			"from": [ 20.125, 8.340199, 8.15 ],
			"to": [ 20.19375, 8.40982, 8.175 ],
			"rotation": { "origin": [ 20.18125, 8.375, 8 ], "axis": "x", "angle": -22.5 },
			"faces": {
				"down": { "uv": [ 8, 7, 9, 8 ], "texture": "#11", "rotation": 180 },
				"up": { "uv": [ 8, 7, 9, 8 ], "texture": "#11" },
				"north": { "uv": [ 0, 8, 7, 9 ], "texture": "#11", "rotation": 180 },
				"south": { "uv": [ 0, 8, 7, 9 ], "texture": "#11" },
				"west": { "uv": [ 0.01, 0.01000023, 0.01, 0.01000023 ], "texture": "#2", "rotation": 270 },
				"east": { "uv": [ 9, 6, 13, 7 ], "texture": "#2", "rotation": 180 }
			}
		},
		{
			"__comment": "Element",
			"from": [ 20.125, 8.340199, 8.15 ],
			"to": [ 20.19375, 8.40982, 8.175 ],
			"rotation": { "origin": [ 20.18125, 8.375, 8 ], "axis": "x", "angle": 22.5 },
			"faces": {
				"down": { "uv": [ 8, 7, 9, 8 ], "texture": "#11", "rotation": 180 },
				"up": { "uv": [ 8, 7, 9, 8 ], "texture": "#11" },
				"north": { "uv": [ 0, 8, 7, 9 ], "texture": "#11", "rotation": 180 },
				"south": { "uv": [ 0, 8, 7, 9 ], "texture": "#11" },
				"west": { "uv": [ 0.01, 0.01000023, 0.01, 0.01000023 ], "texture": "#2", "rotation": 270 },
				"east": { "uv": [ 9, 6, 13, 7 ], "texture": "#2", "rotation": 180 }
			}
		},
		{
			"__comment": "Element",
			"from": [ 20.125, 8.525, 7.9652 ],
			"to": [ 20.19375, 8.55, 8.034821 ],
			"rotation": { "origin": [ 20.18125, 8.375, 8 ], "axis": "x", "angle": 45 },
			"faces": {
				"down": { "uv": [ 0, 8, 7, 9 ], "texture": "#11" },
				"up": { "uv": [ 0, 8, 7, 9 ], "texture": "#11" },
				"north": { "uv": [ 8, 7, 9, 8 ], "texture": "#11" },
				"south": { "uv": [ 8, 7, 9, 8 ], "texture": "#11" },
				"west": { "uv": [ 0.01, 0.01000023, 0.01, 0.01000023 ], "texture": "#2" },
				"east": { "uv": [ 9, 6, 13, 7 ], "texture": "#2", "rotation": 90 }
			}
		},
		{
			"__comment": "Element",
			"from": [ 20.125, 8.525, 7.9652 ],
			"to": [ 20.19375, 8.55, 8.034821 ],
			"rotation": { "origin": [ 20.18125, 8.375, 8 ], "axis": "x", "angle": 22.5 },
			"faces": {
				"down": { "uv": [ 0, 8, 7, 9 ], "texture": "#11" },
				"up": { "uv": [ 0, 8, 7, 9 ], "texture": "#11" },
				"north": { "uv": [ 8, 7, 9, 8 ], "texture": "#11" },
				"south": { "uv": [ 8, 7, 9, 8 ], "texture": "#11" },
				"west": { "uv": [ 0.01, 0.01000023, 0.01, 0.01000023 ], "texture": "#2" },
				"east": { "uv": [ 9, 6, 13, 7 ], "texture": "#2", "rotation": 90 }
			}
		},
		{
			"__comment": "Element",
			"from": [ 20.125, 8.525, 7.9652 ],
			"to": [ 20.19375, 8.55, 8.034821 ],
			"faces": {
				"down": { "uv": [ 0, 8, 7, 9 ], "texture": "#11" },
				"up": { "uv": [ 0, 8, 7, 9 ], "texture": "#11" },
				"north": { "uv": [ 8, 7, 9, 8 ], "texture": "#11" },
				"south": { "uv": [ 8, 7, 9, 8 ], "texture": "#11" },
				"west": { "uv": [ 0.01, 0.01000023, 0.01, 0.01000023 ], "texture": "#2" },
				"east": { "uv": [ 9, 6, 13, 7 ], "texture": "#2", "rotation": 90 }
			}
		},
		{
			"__comment": "Element",
			"from": [ 20.125, 8.525, 7.9652 ],
			"to": [ 20.19375, 8.55, 8.034821 ],
			"rotation": { "origin": [ 20.18125, 8.375, 8 ], "axis": "x", "angle": -22.5 },
			"faces": {
				"down": { "uv": [ 0, 8, 7, 9 ], "texture": "#11" },
				"up": { "uv": [ 0, 8, 7, 9 ], "texture": "#11" },
				"north": { "uv": [ 8, 7, 9, 8 ], "texture": "#11" },
				"south": { "uv": [ 8, 7, 9, 8 ], "texture": "#11" },
				"west": { "uv": [ 0.01, 0.01000023, 0.01, 0.01000023 ], "texture": "#2" },
				"east": { "uv": [ 9, 6, 13, 7 ], "texture": "#2", "rotation": 90 }
			}
		},
		{
			"__comment": "Element",
			"from": [ 20.125, 8.525, 7.9652 ],
			"to": [ 20.19375, 8.55, 8.034821 ],
			"rotation": { "origin": [ 20.18125, 8.375, 8 ], "axis": "x", "angle": -45 },
			"faces": {
				"down": { "uv": [ 0, 8, 7, 9 ], "texture": "#11" },
				"up": { "uv": [ 0, 8, 7, 9 ], "texture": "#11" },
				"north": { "uv": [ 8, 7, 9, 8 ], "texture": "#11" },
				"south": { "uv": [ 8, 7, 9, 8 ], "texture": "#11" },
				"west": { "uv": [ 0.01, 0.01000023, 0.01, 0.01000023 ], "texture": "#2" },
				"east": { "uv": [ 9, 6, 13, 7 ], "texture": "#2", "rotation": 90 }
			}
		},
		{
			"__comment": "Element",
			"from": [ 19.05, 8.125, 7.8964 ],
			"to": [ 20, 8.625, 8.1035 ],
			"rotation": { "origin": [ 19.55, 8.375, 8 ], "axis": "x", "angle": 45 },
			"faces": {
				"down": { "uv": [ 11, 10, 16, 11 ], "texture": "#1", "rotation": 270 },
				"up": { "uv": [ 15, 0, 16, 7 ], "texture": "#11", "rotation": 180 },
				"west": { "uv": [ 7, 4, 7.6, 4.6 ], "texture": "#1" },
				"east": { "uv": [ 7, 4, 7.6, 4.6 ], "texture": "#1" }
			}
		},
		{
			"__comment": "Element",
			"from": [ 19.05, 8.125, 7.8964 ],
			"to": [ 20, 8.625, 8.1035 ],
			"rotation": { "origin": [ 19.55, 8.375, 8 ], "axis": "x", "angle": -45 },
			"faces": {
				"down": { "uv": [ 11, 10, 16, 11 ], "texture": "#1", "rotation": 90 },
				"up": { "uv": [ 15, 0, 16, 7 ], "texture": "#11" },
				"west": { "uv": [ 7, 4, 7.6, 4.6 ], "texture": "#1" },
				"east": { "uv": [ 7, 4, 7.6, 4.6 ], "texture": "#1" }
			}
		},
		{
			"__comment": "Element",
			"from": [ 19.05, 8.271399, 7.75 ],
			"to": [ 20, 8.4785, 8.25 ],
			"faces": {
				"north": { "uv": [ 15, 0, 16, 7 ], "texture": "#11" },
				"south": { "uv": [ 15, 0, 16, 7 ], "texture": "#11" },
				"west": { "uv": [ 7, 4, 7.6, 4.6 ], "texture": "#1", "rotation": 270 },
				"east": { "uv": [ 7, 4, 7.6, 4.6 ], "texture": "#1", "rotation": 90 }
			}
		},
		{
			"__comment": "Element",
			"from": [ 16.3, 8.125, 7.8964 ],
			"to": [ 17.425, 8.625, 8.1035 ],
			"rotation": { "origin": [ 16.75, 8.375, 8 ], "axis": "x", "angle": -45 },
			"faces": {
				"down": { "uv": [ 11, 10, 16, 11 ], "texture": "#1", "rotation": 90 },
				"up": { "uv": [ 15, 0, 16, 7 ], "texture": "#11" },
				"west": { "uv": [ 7, 4, 7.6, 4.6 ], "texture": "#1" },
				"east": { "uv": [ 7, 4, 7.6, 4.6 ], "texture": "#1" }
			}
		},
		{
			"__comment": "Element",
			"from": [ 16.3, 8.271399, 7.75 ],
			"to": [ 17.425, 8.4785, 8.25 ],
			"faces": {
				"north": { "uv": [ 15, 0, 16, 7 ], "texture": "#11" },
				"south": { "uv": [ 15, 0, 16, 7 ], "texture": "#11" },
				"west": { "uv": [ 7, 4, 7.6, 4.6 ], "texture": "#1", "rotation": 270 },
				"east": { "uv": [ 7, 4, 7.6, 4.6 ], "texture": "#1", "rotation": 90 }
			}
		},
		{
			"__comment": "Element",
			"from": [ 16.3, 8.125, 7.8964 ],
			"to": [ 17.425, 8.625, 8.1035 ],
			"rotation": { "origin": [ 16.75, 8.375, 8 ], "axis": "x", "angle": 45 },
			"faces": {
				"down": { "uv": [ 11, 10, 16, 11 ], "texture": "#1", "rotation": 270 },
				"up": { "uv": [ 15, 0, 16, 7 ], "texture": "#11", "rotation": 180 },
				"west": { "uv": [ 7, 4, 7.6, 4.6 ], "texture": "#1" },
				"east": { "uv": [ 7, 4, 7.6, 4.6 ], "texture": "#1" }
			}
		},
		{
			"__comment": "Element",
			"from": [ 16.3, 8.125, 7.8964 ],
			"to": [ 17.425, 8.625, 8.1035 ],
			"faces": {
				"down": { "uv": [ 0, 0, 0.69984, 0.5995102 ], "texture": "#1" },
				"up": { "uv": [ 1, 7, 8, 8 ], "texture": "#11", "rotation": 90 },
				"west": { "uv": [ 7, 4, 7.6, 4.6 ], "texture": "#1" },
				"east": { "uv": [ 7, 4, 7.6, 4.6 ], "texture": "#1" }
			}
		},
		{
			"__comment": "Element",
			"from": [ 14.8, 8.125, 7.8964 ],
			"to": [ 15.15, 8.625, 8.1035 ],
			"faces": {
				"down": { "uv": [ 0, 0, 0.69984, 0.5995102 ], "texture": "#1" },
				"up": { "uv": [ 3, 15, 10, 16 ], "texture": "#11", "rotation": 90 },
				"east": { "uv": [ 7, 4, 7.6, 4.6 ], "texture": "#1" }
			}
		},
		{
			"__comment": "Element",
			"from": [ 14.8, 8.125, 7.8964 ],
			"to": [ 15.15, 8.625, 8.1035 ],
			"rotation": { "origin": [ 15.25, 8.375, 8 ], "axis": "x", "angle": -45 },
			"faces": {
				"down": { "uv": [ 11, 10, 16, 11 ], "texture": "#1", "rotation": 90 },
				"up": { "uv": [ 15, 0, 16, 7 ], "texture": "#11" },
				"east": { "uv": [ 7, 4, 7.6, 4.6 ], "texture": "#1" }
			}
		},
		{
			"__comment": "Element",
			"from": [ 14.8, 8.271399, 7.75 ],
			"to": [ 15.15, 8.4785, 8.25 ],
			"faces": {
				"north": { "uv": [ 15, 0, 16, 7 ], "texture": "#11" },
				"south": { "uv": [ 15, 0, 16, 7 ], "texture": "#11" },
				"east": { "uv": [ 7, 4, 7.6, 4.6 ], "texture": "#1", "rotation": 90 }
			}
		},
		{
			"__comment": "Element",
			"from": [ 14.8, 8.125, 7.8964 ],
			"to": [ 15.15, 8.625, 8.1035 ],
			"rotation": { "origin": [ 15.25, 8.375, 8 ], "axis": "x", "angle": 45 },
			"faces": {
				"down": { "uv": [ 11, 10, 16, 11 ], "texture": "#1", "rotation": 270 },
				"up": { "uv": [ 15, 0, 16, 7 ], "texture": "#11", "rotation": 180 },
				"east": { "uv": [ 7, 4, 7.6, 4.6 ], "texture": "#1" }
			}
		},
		{
			"__comment": "Element",
			"from": [ 16.15, 8.9464, 7.75 ],
			"to": [ 16.5, 9.1535, 8.25 ],
			"faces": {
				"down": { "uv": [ 15, 7, 16, 0 ], "texture": "#11" },
				"up": { "uv": [ 15, 0, 16, 7 ], "texture": "#11" },
				"north": { "uv": [ 15, 5, 16, 7 ], "texture": "#11" },
				"south": { "uv": [ 15, 5, 16, 7 ], "texture": "#11" },
				"west": { "uv": [ 7, 4, 7.6, 4.6 ], "texture": "#1", "rotation": 270 },
				"east": { "uv": [ 7, 4, 7.6, 4.6 ], "texture": "#1", "rotation": 90 }
			}
		},
		{
			"__comment": "Element",
			"from": [ 14.8, 8.8, 7.8964 ],
			"to": [ 15.15, 9.3, 8.1035 ],
			"faces": {
				"down": { "uv": [ 0, 0, 0.69984, 0.5995102 ], "texture": "#1" },
				"up": { "uv": [ 3, 15, 10, 16 ], "texture": "#11", "rotation": 90 },
				"east": { "uv": [ 7, 4, 7.6, 4.6 ], "texture": "#1" }
			}
		},
		{
			"__comment": "Element",
			"from": [ 16.15, 8.8, 7.8964 ],
			"to": [ 16.5, 9.3, 8.1035 ],
			"rotation": { "origin": [ 16.6, 9.05, 8 ], "axis": "x", "angle": -45 },
			"faces": {
				"down": { "uv": [ 11, 10, 16, 11 ], "texture": "#1", "rotation": 90 },
				"up": { "uv": [ 15, 8, 16, 15 ], "texture": "#11", "rotation": 180 },
				"north": { "uv": [ 15, 7, 16, 0 ], "texture": "#11", "rotation": 180 },
				"south": { "uv": [ 15, 0, 16, 7 ], "texture": "#11" },
				"west": { "uv": [ 7, 4, 7.6, 4.6 ], "texture": "#1" },
				"east": { "uv": [ 7, 4, 7.6, 4.6 ], "texture": "#1" }
			}
		},
		{
			"__comment": "Element",
			"from": [ 16.15, 8.8, 7.8964 ],
			"to": [ 16.5, 9.3, 8.1035 ],
			"rotation": { "origin": [ 16.6, 9.05, 8 ], "axis": "x", "angle": 45 },
			"faces": {
				"down": { "uv": [ 11, 10, 16, 11 ], "texture": "#1", "rotation": 270 },
				"up": { "uv": [ 15, 8, 16, 13 ], "texture": "#11" },
				"north": { "uv": [ 15, 7, 16, 0 ], "texture": "#11", "rotation": 180 },
				"south": { "uv": [ 15, 0, 16, 7 ], "texture": "#11" },
				"west": { "uv": [ 7, 4, 7.6, 4.6 ], "texture": "#1" },
				"east": { "uv": [ 7, 4, 7.6, 4.6 ], "texture": "#1" }
			}
		},
		{
			"__comment": "Element",
			"from": [ 14.8, 8.9464, 7.75 ],
			"to": [ 15.15, 9.1535, 8.25 ],
			"faces": {
				"north": { "uv": [ 15, 5, 16, 7 ], "texture": "#11" },
				"south": { "uv": [ 15, 5, 16, 7 ], "texture": "#11" },
				"east": { "uv": [ 7, 4, 7.6, 4.6 ], "texture": "#1", "rotation": 90 }
			}
		},
		{
			"__comment": "Element",
			"from": [ 14.8, 8.8, 7.8964 ],
			"to": [ 15.15, 9.3, 8.1035 ],
			"rotation": { "origin": [ 15.25, 9.05, 8 ], "axis": "x", "angle": -45 },
			"faces": {
				"down": { "uv": [ 11, 10, 16, 11 ], "texture": "#1", "rotation": 90 },
				"up": { "uv": [ 15, 0, 16, 7 ], "texture": "#11", "rotation": 180 },
				"east": { "uv": [ 7, 4, 7.6, 4.6 ], "texture": "#1" }
			}
		},
		{
			"__comment": "Element",
			"from": [ 16.15, 8.8, 7.8964 ],
			"to": [ 16.5, 9.3, 8.1035 ],
			"faces": {
				"down": { "uv": [ 0, 0, 0.69984, 0.5995102 ], "texture": "#1" },
				"up": { "uv": [ 0, 8, 7, 9 ], "texture": "#11", "rotation": 90 },
				"north": { "uv": [ 15, 7, 16, 0 ], "texture": "#11", "rotation": 180 },
				"south": { "uv": [ 15, 0, 16, 7 ], "texture": "#11" },
				"west": { "uv": [ 7, 4, 7.6, 4.6 ], "texture": "#1" },
				"east": { "uv": [ 1, 8, 6.59868, 8.59951 ], "texture": "#11" }
			}
		},
		{
			"__comment": "Element",
			"from": [ 14.8, 8.8, 7.8964 ],
			"to": [ 15.15, 9.3, 8.1035 ],
			"rotation": { "origin": [ 15.25, 9.05, 8 ], "axis": "x", "angle": 45 },
			"faces": {
				"down": { "uv": [ 11, 10, 16, 11 ], "texture": "#1", "rotation": 270 },
				"up": { "uv": [ 15, 0, 16, 7 ], "texture": "#11" },
				"east": { "uv": [ 7, 4, 7.6, 4.6 ], "texture": "#1" }
			}
		},
		{
			"__comment": "Element",
			"from": [ -2.699, 8.15, 7.4625 ],
			"to": [ 0.8010001, 8.55, 7.7125 ],
			"rotation": { "origin": [ -0.95, 8.3125, 8 ], "axis": "x", "angle": 45 },
			"faces": {
				"down": { "uv": [ 7, 1, 10, 3 ], "texture": "#3" },
				"up": { "uv": [ 7, 5, 10, 8 ], "texture": "#3" },
				"north": { "uv": [ 7.25, 5, 10.5, 6.449841 ], "texture": "#3" },
				"south": { "uv": [ 7, 5, 10.25, 8 ], "texture": "#3" },
				"west": { "uv": [ 0, 0, 1, 1 ], "texture": "#2" },
				"east": { "uv": [ 8.25, 5.5, 9, 6.25 ], "texture": "#3" }
			}
		},
		{
			"__comment": "Element",
			"from": [ -2.699, 8.15, 8.287499 ],
			"to": [ 0.8010001, 8.55, 8.537499 ],
			"rotation": { "origin": [ -0.95, 8.3125, 8 ], "axis": "x", "angle": -45 },
			"faces": {
				"down": { "uv": [ 7, 3, 10, 1 ], "texture": "#3" },
				"up": { "uv": [ 7, 8, 10, 5 ], "texture": "#3" },
				"north": { "uv": [ 10.25, 5, 7, 8 ], "texture": "#3" },
				"south": { "uv": [ 10.5, 5, 7.25, 6.699841 ], "texture": "#3" },
				"west": { "uv": [ 1, 0, 0, 1 ], "texture": "#2" },
				"east": { "uv": [ 9.5, 5.75, 8.25, 6.75 ], "texture": "#3" }
			}
		},
		{
			"__comment": "Element",
			"from": [ -2.701, 8.5562, 7.7875 ],
			"to": [ 0.799, 8.862451, 8.2125 ],
			"faces": {
				"down": { "uv": [ 7, 1, 10, 3 ], "texture": "#3" },
				"up": { "uv": [ 7, 5, 10.25, 6.25 ], "texture": "#3" },
				"north": { "uv": [ 7.25, 5, 10.5, 7.949841 ], "texture": "#3" },
				"south": { "uv": [ 7, 5, 10.25, 8 ], "texture": "#3" },
				"west": { "uv": [ 0, 0, 5, 4 ], "texture": "#2" },
				"east": { "uv": [ 8.25, 6, 9.75, 7.25 ], "texture": "#3" }
			}
		},
		{
			"__comment": "Element",
			"from": [ 5, 9.224999, 7.8757 ],
			"to": [ 10.2, 9.449999, 8.12422 ],
			"rotation": { "origin": [ 7.6, 9.15, 8 ], "axis": "x", "angle": 45 },
			"faces": {
				"up": { "uv": [ 0, 0, 16, 16 ], "texture": "#2" },
				"north": { "uv": [ 15, 0, 16, 7 ], "texture": "#11" },
				"south": { "uv": [ 15, 0, 16, 7 ], "texture": "#11" },
				"west": { "uv": [ 0.01, 5, 0.01, 8 ], "texture": "#1" },
				"east": { "uv": [ 0, 0, 1, 2 ], "texture": "#2" }
			}
		},
		{
			"__comment": "Element",
			"from": [ 5, 9.224999, 7.8757 ],
			"to": [ 10.2, 9.449999, 8.12422 ],
			"rotation": { "origin": [ 7.6, 9.15, 8 ], "axis": "x", "angle": -45 },
			"faces": {
				"up": { "uv": [ 0, 0, 16, 16 ], "texture": "#2" },
				"north": { "uv": [ 15, 0, 16, 7 ], "texture": "#11" },
				"south": { "uv": [ 15, 0, 16, 7 ], "texture": "#11" },
				"west": { "uv": [ 0.01, 5, 0.01, 8 ], "texture": "#1" },
				"east": { "uv": [ 0, 0, 1, 2 ], "texture": "#2" }
			}
		},
		{
			"__comment": "Element",
			"from": [ 5, 9.0257, 7.7 ],
			"to": [ 10.2, 9.27422, 8.3 ],
			"faces": {
				"down": { "uv": [ 15, 0, 16, 7 ], "texture": "#11" },
				"up": { "uv": [ 15, 0, 16, 7 ], "texture": "#11", "rotation": 180 },
				"north": { "uv": [ 15.99, 0, 15.99, 9 ], "texture": "#11" },
				"south": { "uv": [ 15, 0, 16, 9 ], "texture": "#11" },
				"west": { "uv": [ 0.01, 5, 0.01, 8 ], "texture": "#1", "rotation": 90 },
				"east": { "uv": [ 0, 0, 1, 2 ], "texture": "#2", "rotation": 270 }
			}
		},
		{
			"__comment": "Element",
			"from": [ 4.5795, 8.0138, 7.701 ],
			"to": [ 5.0795, 9.3438, 8.299 ],
			"rotation": { "origin": [ 4.70447, 8.80377, 7.8259 ], "axis": "z", "angle": -45 },
			"faces": {
				"north": { "uv": [ 10, 10, 16, 11 ], "texture": "#1", "rotation": 180 },
				"south": { "uv": [ 10, 10, 16, 11 ], "texture": "#1" },
				"west": { "uv": [ 0, 0, 9, 16 ], "texture": "#2", "rotation": 270 }
			}
		},
		{
			"__comment": "Box173",
			"from": [ 7.75, 8.375, 7.53 ],
			"to": [ 8.75, 8.575, 7.73 ],
			"faces": {
				"down": { "uv": [ 7.75, 8.27, 8.75, 8.469999 ], "texture": "#9" },
				"up": { "uv": [ 7.75, 7.530001, 8.75, 7.73 ], "texture": "#9" },
				"north": { "uv": [ 7.25, 7.425, 8.25, 7.625 ], "texture": "#9" },
				"south": { "uv": [ 7.75, 7.425, 8.75, 7.625 ], "texture": "#9" },
				"west": { "uv": [ 7.53, 7.425, 7.73, 7.625 ], "texture": "#9" },
				"east": { "uv": [ 8.27, 7.425, 8.469999, 7.625 ], "texture": "#9" }
			}
		},
		{
			"__comment": "Box173",
			"from": [ 6.75, 8.375, 7.53 ],
			"to": [ 7.75, 8.575, 7.73 ],
			"faces": {
				"down": { "uv": [ 6.75, 8.425, 7.75, 8.625 ], "texture": "#9" },
				"up": { "uv": [ 6.75, 7.375, 7.75, 7.575 ], "texture": "#9" },
				"north": { "uv": [ 8.25, 7.425, 9.25, 7.625 ], "texture": "#9" },
				"south": { "uv": [ 6.75, 7.425, 7.75, 7.625 ], "texture": "#9" },
				"west": { "uv": [ 7.375, 7.425, 7.575, 7.625 ], "texture": "#9" },
				"east": { "uv": [ 8.425, 7.425, 8.625, 7.625 ], "texture": "#9" }
			}
		},
		{
			"__comment": "Box173",
			"from": [ 7, 8.25, 7.53 ],
			"to": [ 7.32, 8.45, 7.73 ],
			"rotation": { "origin": [ 7, 8.25, 7.53 ], "axis": "z", "angle": 22.5 },
			"faces": {
				"down": { "uv": [ 7, 8.425, 7.2, 8.625 ], "texture": "#9" },
				"up": { "uv": [ 7, 7.375, 7.2, 7.575 ], "texture": "#9" },
				"north": { "uv": [ 8.8, 7.425, 9, 7.625 ], "texture": "#9" },
				"south": { "uv": [ 7, 7.425, 7.2, 7.625 ], "texture": "#9" },
				"west": { "uv": [ 7.375, 7.425, 7.575, 7.625 ], "texture": "#9" },
				"east": { "uv": [ 8.425, 7.425, 8.625, 7.625 ], "texture": "#9" }
			}
		},
		{
			"__comment": "Box173",
			"from": [ 6.8, 8.25, 7.53 ],
			"to": [ 7, 8.45, 7.73 ],
			"faces": {
				"down": { "uv": [ 7.575, 7.625, 7.375, 7.425 ], "texture": "#9", "rotation": 90 },
				"up": { "uv": [ 8.425, 7.425, 8.625, 7.625 ], "texture": "#9", "rotation": 270 },
				"north": { "uv": [ 9, 7.625, 8.8, 7.425 ], "texture": "#9", "rotation": 270 },
				"south": { "uv": [ 7.2, 7.625, 7, 7.425 ], "texture": "#9", "rotation": 90 },
				"west": { "uv": [ 7.2, 7.575, 7, 7.375 ], "texture": "#9", "rotation": 90 },
				"east": { "uv": [ 7, 8.425, 7.2, 8.625 ], "texture": "#9", "rotation": 270 }
			}
		},
		{
			"__comment": "Box173",
			"from": [ 6.675, 8.25, 7.53 ],
			"to": [ 6.875, 8.57, 7.73 ],
			"faces": {
				"down": { "uv": [ 7.575, 7.625, 7.375, 7.425 ], "texture": "#9", "rotation": 90 },
				"up": { "uv": [ 8.425, 7.425, 8.625, 7.625 ], "texture": "#9", "rotation": 270 },
				"north": { "uv": [ 9, 7.625, 8.8, 7.425 ], "texture": "#9", "rotation": 270 },
				"south": { "uv": [ 7.2, 7.625, 7, 7.425 ], "texture": "#9", "rotation": 90 },
				"west": { "uv": [ 7.2, 7.575, 7, 7.375 ], "texture": "#9", "rotation": 90 },
				"east": { "uv": [ 7, 8.425, 7.2, 8.625 ], "texture": "#9", "rotation": 270 }
			}
		}
	],
	"display": {
		"thirdperson_righthand": {
			"rotation":  [ 0, 90, 0 ],
			"translation":  [ -0.5, 0.5, -1.5 ]
		},
		"thirdperson_lefthand": {
			"rotation":  [ 0, -90, -170 ],
			"translation":  [ -2, -4.5, 7 ],
			"scale":  [ 0.0001, 0.0001, 0.0001 ]
		},
		"firstperson_righthand": {
			"rotation":  [ 0, 90, 0 ],
			"translation":  [ -1, 3, -1.25 ],
			"scale":  [ 0.0001, 0.0001, 0.0001 ]
		},
		"firstperson_lefthand": {
			"rotation":  [ 0, -90, 1 ],
			"translation":  [ -9, 6.7, 5.7608 ],
			"scale":  [ 1, 1, 0.8608 ]
		},
		"gui": {
			"rotation":  [ 0, -180, -45 ],
			"translation":  [ -1.2, 0, 0 ]
		},
		"head": {
			"scale":  [ 2, 2, 2 ]
		},
		"ground": {
			"translation":  [ 0, 1.5, 0 ]
		},
		"fixed": {
			"translation":  [ 0, 3, -2 ],
			"scale":  [ -2, 2, -2 ]
		}
	}
}