{
	"__comment": "Designed by I_m_bin2 with Cubik Studio - https://cubik.studio",
	"textures": {
		"0": "blocks/colours/gray - 7seventh",
		"1": "blocks/colours/gray - 5fifth",
		"2": "blocks/colours/gray - 5fifth",
		"3": "blocks/colours/gray - 7seventh",
		"4": "blocks/colours/black",
		"5": "blocks/colours/gray - 7seventh",
		"6": "blocks/colours/gray - 6sixth",
		"7": "blocks/colours/gray - 6sixth",
		"9": "blocks/colours/gray - 7seventh",
		"10": "blocks/colours/green2",
		"11": "blocks/colours/gray - 6sixth",
		"particle": "blocks/colours/gray - 3third"
	},
	"elements": [ 	 
		{
			"__comment": "Box178",
			"from": [ 4.5, 1.5, -2 ],
			"to": [ 11.5, 3.5, -1.5 ],
			"faces": {
				"down": { "uv": [ 4.5, 1.5, 11.5, 2 ], "texture": "#0" },
				"up": { "uv": [ 4.5, 14, 11.5, 14.5 ], "texture": "#0" },
				"north": { "uv": [ 4.5, 12.5, 11.5, 14.5 ], "texture": "#0" },
				"south": { "uv": [ 4.5, 12.5, 11.5, 14.5 ], "texture": "#0" },
				"west": { "uv": [ 14, 12.5, 14.5, 14.5 ], "texture": "#0" },
				"east": { "uv": [ 1.5, 12.5, 2, 14.5 ], "texture": "#0" }
			}
		},
		{
			"__comment": "Box178",
			"from": [ 4.5, 4.5, -2 ],
			"to": [ 11.5, 6, -1.5 ],
			"faces": {
				"down": { "uv": [ 4.5, 1.5, 11.5, 2 ], "texture": "#0" },
				"up": { "uv": [ 4.5, 14, 11.5, 14.5 ], "texture": "#0" },
				"north": { "uv": [ 4.5, 10, 11.5, 11.5 ], "texture": "#0" },
				"south": { "uv": [ 4.5, 10, 11.5, 11.5 ], "texture": "#0" },
				"west": { "uv": [ 14, 10, 14.5, 11.5 ], "texture": "#0" },
				"east": { "uv": [ 1.5, 10, 2, 11.5 ], "texture": "#0" }
			}
		},
		{
			"__comment": "Box178",
			"from": [ 6.5, 3, -2 ],
			"to": [ 7, 3.5, -1.5 ],
			"rotation": { "origin": [ 6.5, 3.5, -2 ], "axis": "z", "angle": 22.5 },
			"faces": {
				"down": { "uv": [ 1.5, 12, 2, 12.5 ], "texture": "#0", "rotation": 90 },
				"up": { "uv": [ 14.5, 12.5, 14, 12 ], "texture": "#0", "rotation": 270 },
				"north": { "uv": [ 9, 12.5, 8.5, 12 ], "texture": "#0", "rotation": 90 },
				"south": { "uv": [ 7.5, 12.5, 7, 12 ], "texture": "#0", "rotation": 270 },
				"west": { "uv": [ 7.5, 2, 7, 1.5 ], "texture": "#0", "rotation": 270 },
				"east": { "uv": [ 7, 14, 7.5, 14.5 ], "texture": "#0", "rotation": 90 }
			}
		},
		{
			"__comment": "Box178",
			"from": [ 6.75, 3, -2 ],
			"to": [ 7.25, 3.5, -1.5 ],
			"rotation": { "origin": [ 6.75, 3.5, -2 ], "axis": "z", "angle": 45 },
			"faces": {
				"down": { "uv": [ 1.5, 12, 2, 12.5 ], "texture": "#0", "rotation": 90 },
				"up": { "uv": [ 14.5, 12.5, 14, 12 ], "texture": "#0", "rotation": 270 },
				"north": { "uv": [ 9, 12.5, 8.5, 12 ], "texture": "#0", "rotation": 90 },
				"south": { "uv": [ 7.5, 12.5, 7, 12 ], "texture": "#0", "rotation": 270 },
				"west": { "uv": [ 7.5, 2, 7, 1.5 ], "texture": "#0", "rotation": 270 },
				"east": { "uv": [ 7, 14, 7.5, 14.5 ], "texture": "#0", "rotation": 90 }
			}
		},
		{
			"__comment": "Box178",
			"from": [ 5.25, 3, -2 ],
			"to": [ 5.75, 3.5, -1.5 ],
			"faces": {
				"down": { "uv": [ 1.5, 12, 2, 12.5 ], "texture": "#0", "rotation": 90 },
				"up": { "uv": [ 14.5, 12.5, 14, 12 ], "texture": "#0", "rotation": 270 },
				"north": { "uv": [ 9, 12.5, 8.5, 12 ], "texture": "#0", "rotation": 90 },
				"south": { "uv": [ 7.5, 12.5, 7, 12 ], "texture": "#0", "rotation": 270 },
				"west": { "uv": [ 7.5, 2, 7, 1.5 ], "texture": "#0", "rotation": 270 },
				"east": { "uv": [ 7, 14, 7.5, 14.5 ], "texture": "#0", "rotation": 90 }
			}
		},
		{
			"__comment": "Box178",
			"from": [ 7.125, 3.75, -2 ],
			"to": [ 7.625, 4.75, -1.5 ],
			"faces": {
				"down": { "uv": [ 7, 1.5, 7.5, 2 ], "texture": "#0" },
				"up": { "uv": [ 7, 14, 7.5, 14.5 ], "texture": "#0" },
				"north": { "uv": [ 8.5, 12, 9, 12.5 ], "texture": "#0" },
				"south": { "uv": [ 7, 12, 7.5, 12.5 ], "texture": "#0" },
				"west": { "uv": [ 14, 12, 14.5, 12.5 ], "texture": "#0" },
				"east": { "uv": [ 1.5, 12, 2, 12.5 ], "texture": "#0" }
			}
		},
		{
			"__comment": "Box178",
			"from": [ 4.7402, 3.0759, -2 ],
			"to": [ 5.2402, 3.5759, -1.5 ],
			"rotation": { "origin": [ 5.25, 3.5, -2 ], "axis": "z", "angle": -45 },
			"faces": {
				"down": { "uv": [ 1.5, 12, 2, 12.5 ], "texture": "#0", "rotation": 90 },
				"up": { "uv": [ 14.5, 12.5, 14, 12 ], "texture": "#0", "rotation": 270 },
				"north": { "uv": [ 9, 12.5, 8.5, 12 ], "texture": "#0", "rotation": 90 },
				"south": { "uv": [ 7.5, 12.5, 7, 12 ], "texture": "#0", "rotation": 270 },
				"west": { "uv": [ 7.5, 2, 7, 1.5 ], "texture": "#0", "rotation": 270 },
				"east": { "uv": [ 7, 14, 7.5, 14.5 ], "texture": "#0", "rotation": 90 }
			}
		},
		{
			"__comment": "Box178",
			"from": [ 7, 3.625, -2 ],
			"to": [ 7.5, 4.125, -1.5 ],
			"rotation": { "origin": [ 7, 3.625, -2 ], "axis": "z", "angle": -22.5 },
			"faces": {
				"down": { "uv": [ 7, 1.5, 7.5, 2 ], "texture": "#0" },
				"up": { "uv": [ 7, 14, 7.5, 14.5 ], "texture": "#0" },
				"north": { "uv": [ 8.5, 12, 9, 12.5 ], "texture": "#0" },
				"south": { "uv": [ 7, 12, 7.5, 12.5 ], "texture": "#0" },
				"west": { "uv": [ 14, 12, 14.5, 12.5 ], "texture": "#0" },
				"east": { "uv": [ 1.5, 12, 2, 12.5 ], "texture": "#0" }
			}
		},
		{
			"__comment": "Box178",
			"from": [ 4.9848, 3.0884, -2 ],
			"to": [ 5.4848, 3.5884, -1.5 ],
			"rotation": { "origin": [ 5.25, 3.5, -2 ], "axis": "z", "angle": -22.5 },
			"faces": {
				"down": { "uv": [ 1.5, 12, 2, 12.5 ], "texture": "#0", "rotation": 90 },
				"up": { "uv": [ 14.5, 12.5, 14, 12 ], "texture": "#0", "rotation": 270 },
				"north": { "uv": [ 9, 12.5, 8.5, 12 ], "texture": "#0", "rotation": 90 },
				"south": { "uv": [ 7.5, 12.5, 7, 12 ], "texture": "#0", "rotation": 270 },
				"west": { "uv": [ 7.5, 2, 7, 1.5 ], "texture": "#0", "rotation": 270 },
				"east": { "uv": [ 7, 14, 7.5, 14.5 ], "texture": "#0", "rotation": 90 }
			}
		},
		{
			"__comment": "Box178",
			"from": [ 4.625, 3.75, -2 ],
			"to": [ 5.125, 4.75, -1.5 ],
			"faces": {
				"down": { "uv": [ 7, 1.5, 7.5, 2 ], "texture": "#0" },
				"up": { "uv": [ 7, 14, 7.5, 14.5 ], "texture": "#0" },
				"north": { "uv": [ 8.5, 12, 9, 12.5 ], "texture": "#0" },
				"south": { "uv": [ 7, 12, 7.5, 12.5 ], "texture": "#0" },
				"west": { "uv": [ 14, 12, 14.5, 12.5 ], "texture": "#0" },
				"east": { "uv": [ 1.5, 12, 2, 12.5 ], "texture": "#0" }
			}
		},
		{
			"__comment": "Box178",
			"from": [ 8.6152, 3.0759, -2 ],
			"to": [ 9.1152, 3.5759, -1.5 ],
			"rotation": { "origin": [ 9.125, 3.5, -2 ], "axis": "z", "angle": -45 },
			"faces": {
				"down": { "uv": [ 1.5, 12, 2, 12.5 ], "texture": "#0", "rotation": 90 },
				"up": { "uv": [ 14.5, 12.5, 14, 12 ], "texture": "#0", "rotation": 270 },
				"north": { "uv": [ 9, 12.5, 8.5, 12 ], "texture": "#0", "rotation": 90 },
				"south": { "uv": [ 7.5, 12.5, 7, 12 ], "texture": "#0", "rotation": 270 },
				"west": { "uv": [ 7.5, 2, 7, 1.5 ], "texture": "#0", "rotation": 270 },
				"east": { "uv": [ 7, 14, 7.5, 14.5 ], "texture": "#0", "rotation": 90 }
			}
		},
		{
			"__comment": "Box178",
			"from": [ 8.859799, 3.0884, -2 ],
			"to": [ 9.359799, 3.5884, -1.5 ],
			"rotation": { "origin": [ 9.125, 3.5, -2 ], "axis": "z", "angle": -22.5 },
			"faces": {
				"down": { "uv": [ 1.5, 12, 2, 12.5 ], "texture": "#0", "rotation": 90 },
				"up": { "uv": [ 14.5, 12.5, 14, 12 ], "texture": "#0", "rotation": 270 },
				"north": { "uv": [ 9, 12.5, 8.5, 12 ], "texture": "#0", "rotation": 90 },
				"south": { "uv": [ 7.5, 12.5, 7, 12 ], "texture": "#0", "rotation": 270 },
				"west": { "uv": [ 7.5, 2, 7, 1.5 ], "texture": "#0", "rotation": 270 },
				"east": { "uv": [ 7, 14, 7.5, 14.5 ], "texture": "#0", "rotation": 90 }
			}
		},
		{
			"__comment": "Box178",
			"from": [ 10.375, 3, -2 ],
			"to": [ 10.875, 3.5, -1.5 ],
			"rotation": { "origin": [ 10.375, 3.5, -2 ], "axis": "z", "angle": 22.5 },
			"faces": {
				"down": { "uv": [ 1.5, 12, 2, 12.5 ], "texture": "#0", "rotation": 90 },
				"up": { "uv": [ 14.5, 12.5, 14, 12 ], "texture": "#0", "rotation": 270 },
				"north": { "uv": [ 9, 12.5, 8.5, 12 ], "texture": "#0", "rotation": 90 },
				"south": { "uv": [ 7.5, 12.5, 7, 12 ], "texture": "#0", "rotation": 270 },
				"west": { "uv": [ 7.5, 2, 7, 1.5 ], "texture": "#0", "rotation": 270 },
				"east": { "uv": [ 7, 14, 7.5, 14.5 ], "texture": "#0", "rotation": 90 }
			}
		},
		{
			"__comment": "Box178",
			"from": [ 10.625, 3, -2 ],
			"to": [ 11.125, 3.5, -1.5 ],
			"rotation": { "origin": [ 10.625, 3.5, -2 ], "axis": "z", "angle": 45 },
			"faces": {
				"down": { "uv": [ 1.5, 12, 2, 12.5 ], "texture": "#0", "rotation": 90 },
				"up": { "uv": [ 14.5, 12.5, 14, 12 ], "texture": "#0", "rotation": 270 },
				"north": { "uv": [ 9, 12.5, 8.5, 12 ], "texture": "#0", "rotation": 90 },
				"south": { "uv": [ 7.5, 12.5, 7, 12 ], "texture": "#0", "rotation": 270 },
				"west": { "uv": [ 7.5, 2, 7, 1.5 ], "texture": "#0", "rotation": 270 },
				"east": { "uv": [ 7, 14, 7.5, 14.5 ], "texture": "#0", "rotation": 90 }
			}
		},
		{
			"__comment": "Box178",
			"from": [ 10.875, 3.625, -2 ],
			"to": [ 11.375, 4.125, -1.5 ],
			"rotation": { "origin": [ 10.875, 3.625, -2 ], "axis": "z", "angle": -22.5 },
			"faces": {
				"down": { "uv": [ 7, 1.5, 7.5, 2 ], "texture": "#0" },
				"up": { "uv": [ 7, 14, 7.5, 14.5 ], "texture": "#0" },
				"north": { "uv": [ 8.5, 12, 9, 12.5 ], "texture": "#0" },
				"south": { "uv": [ 7, 12, 7.5, 12.5 ], "texture": "#0" },
				"west": { "uv": [ 14, 12, 14.5, 12.5 ], "texture": "#0" },
				"east": { "uv": [ 1.5, 12, 2, 12.5 ], "texture": "#0" }
			}
		},
		{
			"__comment": "Box178",
			"from": [ 11, 3.75, -2 ],
			"to": [ 11.5, 4.75, -1.5 ],
			"faces": {
				"down": { "uv": [ 7, 1.5, 7.5, 2 ], "texture": "#0" },
				"up": { "uv": [ 7, 14, 7.5, 14.5 ], "texture": "#0" },
				"north": { "uv": [ 8.5, 12, 9, 12.5 ], "texture": "#0" },
				"south": { "uv": [ 7, 12, 7.5, 12.5 ], "texture": "#0" },
				"west": { "uv": [ 14, 12, 14.5, 12.5 ], "texture": "#0" },
				"east": { "uv": [ 1.5, 12, 2, 12.5 ], "texture": "#0" }
			}
		},
		{
			"__comment": "Box178",
			"from": [ 8.5, 3.75, -2 ],
			"to": [ 9, 4.75, -1.5 ],
			"faces": {
				"down": { "uv": [ 7, 1.5, 7.5, 2 ], "texture": "#0" },
				"up": { "uv": [ 7, 14, 7.5, 14.5 ], "texture": "#0" },
				"north": { "uv": [ 8.5, 12, 9, 12.5 ], "texture": "#0" },
				"south": { "uv": [ 7, 12, 7.5, 12.5 ], "texture": "#0" },
				"west": { "uv": [ 14, 12, 14.5, 12.5 ], "texture": "#0" },
				"east": { "uv": [ 1.5, 12, 2, 12.5 ], "texture": "#0" }
			}
		},
		{
			"__comment": "Box178",
			"from": [ 9.125, 4.625, -2 ],
			"to": [ 9.625, 5.125, -1.5 ],
			"rotation": { "origin": [ 9.625, 4.625, -2 ], "axis": "z", "angle": 22.5 },
			"faces": {
				"down": { "uv": [ 14.5, 12.5, 14, 12 ], "texture": "#0", "rotation": 90 },
				"up": { "uv": [ 1.5, 12, 2, 12.5 ], "texture": "#0", "rotation": 270 },
				"north": { "uv": [ 8.5, 12, 9, 12.5 ], "texture": "#0", "rotation": 90 },
				"south": { "uv": [ 7, 12, 7.5, 12.5 ], "texture": "#0", "rotation": 270 },
				"west": { "uv": [ 7, 14, 7.5, 14.5 ], "texture": "#0", "rotation": 270 },
				"east": { "uv": [ 7.5, 2, 7, 1.5 ], "texture": "#0", "rotation": 90 }
			}
		},
		{
			"__comment": "Box178",
			"from": [ 8.9482, 3.9482, -2 ],
			"to": [ 9.4482, 4.4482, -1.5 ],
			"rotation": { "origin": [ 9.625, 4.625, -2 ], "axis": "z", "angle": -45 },
			"faces": {
				"down": { "uv": [ 7, 14, 7.5, 14.5 ], "texture": "#0", "rotation": 180 },
				"up": { "uv": [ 7, 1.5, 7.5, 2 ], "texture": "#0", "rotation": 180 },
				"north": { "uv": [ 8.5, 12, 9, 12.5 ], "texture": "#0", "rotation": 180 },
				"south": { "uv": [ 7, 12, 7.5, 12.5 ], "texture": "#0", "rotation": 180 },
				"west": { "uv": [ 2, 12.5, 1.5, 12 ], "texture": "#0" },
				"east": { "uv": [ 14.5, 12.5, 14, 12 ], "texture": "#0" }
			}
		},
		{
			"__comment": "Box178",
			"from": [ 8.710899, 3.8182, -2 ],
			"to": [ 9.210899, 4.3182, -1.5 ],
			"rotation": { "origin": [ 9.625, 4.625, -2 ], "axis": "z", "angle": -22.5 },
			"faces": {
				"down": { "uv": [ 7, 14, 7.5, 14.5 ], "texture": "#0", "rotation": 180 },
				"up": { "uv": [ 7, 1.5, 7.5, 2 ], "texture": "#0", "rotation": 180 },
				"north": { "uv": [ 9, 12.5, 8.5, 12 ], "texture": "#0" },
				"south": { "uv": [ 7.5, 12.5, 7, 12 ], "texture": "#0" },
				"west": { "uv": [ 1.5, 12, 2, 12.5 ], "texture": "#0", "rotation": 180 },
				"east": { "uv": [ 14, 12, 14.5, 12.5 ], "texture": "#0", "rotation": 180 }
			}
		},
		{
			"__comment": "Box178",
			"from": [ 4.8359, 3.8182, -2 ],
			"to": [ 5.3359, 4.3182, -1.5 ],
			"rotation": { "origin": [ 5.75, 4.625, -2 ], "axis": "z", "angle": -22.5 },
			"faces": {
				"down": { "uv": [ 7, 14, 7.5, 14.5 ], "texture": "#0", "rotation": 180 },
				"up": { "uv": [ 7, 1.5, 7.5, 2 ], "texture": "#0", "rotation": 180 },
				"north": { "uv": [ 9, 12.5, 8.5, 12 ], "texture": "#0" },
				"south": { "uv": [ 7.5, 12.5, 7, 12 ], "texture": "#0" },
				"west": { "uv": [ 1.5, 12, 2, 12.5 ], "texture": "#0", "rotation": 180 },
				"east": { "uv": [ 14, 12, 14.5, 12.5 ], "texture": "#0", "rotation": 180 }
			}
		},
		{
			"__comment": "Box178",
			"from": [ 5.0732, 3.9482, -2 ],
			"to": [ 5.5732, 4.4482, -1.5 ],
			"rotation": { "origin": [ 5.75, 4.625, -2 ], "axis": "z", "angle": -45 },
			"faces": {
				"down": { "uv": [ 7, 14, 7.5, 14.5 ], "texture": "#0", "rotation": 180 },
				"up": { "uv": [ 7, 1.5, 7.5, 2 ], "texture": "#0", "rotation": 180 },
				"north": { "uv": [ 8.5, 12, 9, 12.5 ], "texture": "#0", "rotation": 180 },
				"south": { "uv": [ 7, 12, 7.5, 12.5 ], "texture": "#0", "rotation": 180 },
				"west": { "uv": [ 2, 12.5, 1.5, 12 ], "texture": "#0" },
				"east": { "uv": [ 14.5, 12.5, 14, 12 ], "texture": "#0" }
			}
		},
		{
			"__comment": "Box178",
			"from": [ 5.25, 4.625, -2 ],
			"to": [ 5.75, 5.125, -1.5 ],
			"rotation": { "origin": [ 5.75, 4.625, -2 ], "axis": "z", "angle": 22.5 },
			"faces": {
				"down": { "uv": [ 14.5, 12.5, 14, 12 ], "texture": "#0", "rotation": 90 },
				"up": { "uv": [ 1.5, 12, 2, 12.5 ], "texture": "#0", "rotation": 270 },
				"north": { "uv": [ 8.5, 12, 9, 12.5 ], "texture": "#0", "rotation": 90 },
				"south": { "uv": [ 7, 12, 7.5, 12.5 ], "texture": "#0", "rotation": 270 },
				"west": { "uv": [ 7, 14, 7.5, 14.5 ], "texture": "#0", "rotation": 270 },
				"east": { "uv": [ 7.5, 2, 7, 1.5 ], "texture": "#0", "rotation": 90 }
			}
		},
		{
			"__comment": "Box178",
			"from": [ 6.4482, 4.0518, -2 ],
			"to": [ 6.9482, 4.5518, -1.5 ],
			"rotation": { "origin": [ 7.125, 3.875, -2 ], "axis": "z", "angle": -45 },
			"faces": {
				"down": { "uv": [ 14.5, 12.5, 14, 12 ], "texture": "#0", "rotation": 90 },
				"up": { "uv": [ 1.5, 12, 2, 12.5 ], "texture": "#0", "rotation": 270 },
				"north": { "uv": [ 9, 12.5, 8.5, 12 ], "texture": "#0", "rotation": 270 },
				"south": { "uv": [ 7.5, 12.5, 7, 12 ], "texture": "#0", "rotation": 90 },
				"west": { "uv": [ 7.5, 14.5, 7, 14 ], "texture": "#0", "rotation": 90 },
				"east": { "uv": [ 7, 1.5, 7.5, 2 ], "texture": "#0", "rotation": 270 }
			}
		},
		{
			"__comment": "Box178",
			"from": [ 6.3182, 4.2891, -2 ],
			"to": [ 6.8182, 4.7891, -1.5 ],
			"rotation": { "origin": [ 7.125, 3.875, -2 ], "axis": "z", "angle": -22.5 },
			"faces": {
				"down": { "uv": [ 14, 12, 14.5, 12.5 ], "texture": "#0", "rotation": 270 },
				"up": { "uv": [ 2, 12.5, 1.5, 12 ], "texture": "#0", "rotation": 90 },
				"north": { "uv": [ 8.5, 12, 9, 12.5 ], "texture": "#0", "rotation": 90 },
				"south": { "uv": [ 7, 12, 7.5, 12.5 ], "texture": "#0", "rotation": 270 },
				"west": { "uv": [ 7.5, 14.5, 7, 14 ], "texture": "#0", "rotation": 90 },
				"east": { "uv": [ 7, 1.5, 7.5, 2 ], "texture": "#0", "rotation": 270 }
			}
		},
		{
			"__comment": "Box178",
			"from": [ 7.125, 3.875, -2 ],
			"to": [ 7.625, 4.375, -1.5 ],
			"rotation": { "origin": [ 7.125, 3.875, -2 ], "axis": "z", "angle": 22.5 },
			"faces": {
				"down": { "uv": [ 7.5, 2, 7, 1.5 ], "texture": "#0", "rotation": 180 },
				"up": { "uv": [ 7.5, 14.5, 7, 14 ], "texture": "#0", "rotation": 180 },
				"north": { "uv": [ 9, 12.5, 8.5, 12 ], "texture": "#0", "rotation": 180 },
				"south": { "uv": [ 7.5, 12.5, 7, 12 ], "texture": "#0", "rotation": 180 },
				"west": { "uv": [ 14, 12, 14.5, 12.5 ], "texture": "#0" },
				"east": { "uv": [ 1.5, 12, 2, 12.5 ], "texture": "#0" }
			}
		},
		{
			"__comment": "Box178",
			"from": [ 10.4482, 4.0518, -2 ],
			"to": [ 10.9482, 4.5518, -1.5 ],
			"rotation": { "origin": [ 11.125, 3.875, -2 ], "axis": "z", "angle": -45 },
			"faces": {
				"down": { "uv": [ 14.5, 12.5, 14, 12 ], "texture": "#0", "rotation": 90 },
				"up": { "uv": [ 1.5, 12, 2, 12.5 ], "texture": "#0", "rotation": 270 },
				"north": { "uv": [ 9, 12.5, 8.5, 12 ], "texture": "#0", "rotation": 270 },
				"south": { "uv": [ 7.5, 12.5, 7, 12 ], "texture": "#0", "rotation": 90 },
				"west": { "uv": [ 7.5, 14.5, 7, 14 ], "texture": "#0", "rotation": 90 },
				"east": { "uv": [ 7, 1.5, 7.5, 2 ], "texture": "#0", "rotation": 270 }
			}
		},
		{
			"__comment": "Box178",
			"from": [ 10.3182, 4.2891, -2 ],
			"to": [ 10.8182, 4.7891, -1.5 ],
			"rotation": { "origin": [ 11.125, 3.875, -2 ], "axis": "z", "angle": -22.5 },
			"faces": {
				"down": { "uv": [ 14, 12, 14.5, 12.5 ], "texture": "#0", "rotation": 270 },
				"up": { "uv": [ 2, 12.5, 1.5, 12 ], "texture": "#0", "rotation": 90 },
				"north": { "uv": [ 8.5, 12, 9, 12.5 ], "texture": "#0", "rotation": 90 },
				"south": { "uv": [ 7, 12, 7.5, 12.5 ], "texture": "#0", "rotation": 270 },
				"west": { "uv": [ 7.5, 14.5, 7, 14 ], "texture": "#0", "rotation": 90 },
				"east": { "uv": [ 7, 1.5, 7.5, 2 ], "texture": "#0", "rotation": 270 }
			}
		},
		{
			"__comment": "Box178",
			"from": [ 11.125, 3.875, -2 ],
			"to": [ 11.625, 4.375, -1.5 ],
			"rotation": { "origin": [ 11.125, 3.875, -2 ], "axis": "z", "angle": 22.5 },
			"faces": {
				"down": { "uv": [ 7.5, 2, 7, 1.5 ], "texture": "#0", "rotation": 180 },
				"up": { "uv": [ 7.5, 14.5, 7, 14 ], "texture": "#0", "rotation": 180 },
				"north": { "uv": [ 9, 12.5, 8.5, 12 ], "texture": "#0", "rotation": 180 },
				"south": { "uv": [ 7.5, 12.5, 7, 12 ], "texture": "#0", "rotation": 180 },
				"west": { "uv": [ 14, 12, 14.5, 12.5 ], "texture": "#0" },
				"east": { "uv": [ 1.5, 12, 2, 12.5 ], "texture": "#0" }
			}
		},
		{
			"__comment": "Box178",
			"from": [ 4.5, 4.75, -2 ],
			"to": [ 11.5, 6.25, -1.5 ],
			"faces": {
				"down": { "uv": [ 4.5, 1.5, 11.5, 2 ], "texture": "#0" },
				"up": { "uv": [ 4.5, 14, 11.5, 14.5 ], "texture": "#0" },
				"north": { "uv": [ 4.5, 9.75, 11.5, 11.25 ], "texture": "#0" },
				"south": { "uv": [ 4.5, 9.75, 11.5, 11.25 ], "texture": "#0" },
				"west": { "uv": [ 14, 9.75, 14.5, 11.25 ], "texture": "#0" },
				"east": { "uv": [ 1.5, 9.75, 2, 11.25 ], "texture": "#0" }
			}
		},
		{
			"__comment": "Box178",
			"from": [ 7.375, 3.375, -2 ],
			"to": [ 8.375, 4.875, -1.5 ],
			"faces": {
				"down": { "uv": [ 7.375, 1.5, 8.375, 2 ], "texture": "#0" },
				"up": { "uv": [ 7.375, 14, 8.375, 14.5 ], "texture": "#0" },
				"north": { "uv": [ 7.625, 11.125, 8.625, 12.625 ], "texture": "#0" },
				"south": { "uv": [ 7.375, 11.125, 8.375, 12.625 ], "texture": "#0" },
				"west": { "uv": [ 14, 11.125, 14.5, 12.625 ], "texture": "#0" },
				"east": { "uv": [ 1.5, 11.125, 2, 12.625 ], "texture": "#0" }
			}
		},
		{
			"__comment": "Box178",
			"from": [ 7.875, 3.375, -2 ],
			"to": [ 8.875, 4.875, -1.5 ],
			"faces": {
				"down": { "uv": [ 7.875, 1.5, 8.875, 2 ], "texture": "#0" },
				"up": { "uv": [ 7.875, 14, 8.875, 14.5 ], "texture": "#0" },
				"north": { "uv": [ 7.125, 11.125, 8.125, 12.625 ], "texture": "#0" },
				"south": { "uv": [ 7.875, 11.125, 8.875, 12.625 ], "texture": "#0" },
				"west": { "uv": [ 14, 11.125, 14.5, 12.625 ], "texture": "#0" },
				"east": { "uv": [ 1.5, 11.125, 2, 12.625 ], "texture": "#0" }
			}
		},
		{
			"__comment": "Box178",
			"from": [ 11, 3.375, -2 ],
			"to": [ 11.5, 4.875, -1.5 ],
			"faces": {
				"down": { "uv": [ 11, 1.5, 11.5, 2 ], "texture": "#0" },
				"up": { "uv": [ 11, 14, 11.5, 14.5 ], "texture": "#0" },
				"north": { "uv": [ 4.5, 11.125, 5, 12.625 ], "texture": "#0" },
				"south": { "uv": [ 11, 11.125, 11.5, 12.625 ], "texture": "#0" },
				"west": { "uv": [ 14, 11.125, 14.5, 12.625 ], "texture": "#0" },
				"east": { "uv": [ 1.5, 11.125, 2, 12.625 ], "texture": "#0" }
			}
		},
		{
			"__comment": "Box178",
			"from": [ 4.5, 3.375, -2 ],
			"to": [ 5, 4.875, -1.5 ],
			"faces": {
				"down": { "uv": [ 4.5, 1.5, 5, 2 ], "texture": "#0" },
				"up": { "uv": [ 4.5, 14, 5, 14.5 ], "texture": "#0" },
				"north": { "uv": [ 11, 11.125, 11.5, 12.625 ], "texture": "#0" },
				"south": { "uv": [ 4.5, 11.125, 5, 12.625 ], "texture": "#0" },
				"west": { "uv": [ 14, 11.125, 14.5, 12.625 ], "texture": "#0" },
				"east": { "uv": [ 1.5, 11.125, 2, 12.625 ], "texture": "#0" }
			}
		},
		{
			"__comment": "Box178",
			"from": [ 4.5, 1.5, -2 ],
			"to": [ 5, 2, -1.5 ],
			"faces": {
				"down": { "uv": [ 4.5, 1.5, 5, 2 ], "texture": "#0" },
				"up": { "uv": [ 4.5, 14, 5, 14.5 ], "texture": "#0" },
				"north": { "uv": [ 11, 14, 11.5, 14.5 ], "texture": "#0" },
				"south": { "uv": [ 4.5, 14, 5, 14.5 ], "texture": "#0" },
				"west": { "uv": [ 14, 14, 14.5, 14.5 ], "texture": "#0" },
				"east": { "uv": [ 1.5, 14, 2, 14.5 ], "texture": "#0" }
			}
		},
		{
			"__comment": "Box178",
			"from": [ 10.9949, 1.3705, -2 ],
			"to": [ 11.4949, 1.8705, -1.5 ],
			"faces": {
				"down": { "uv": [ 14.5, 14.5, 14, 14 ], "texture": "#0", "rotation": 90 },
				"up": { "uv": [ 1.5, 14, 2, 14.5 ], "texture": "#0", "rotation": 270 },
				"north": { "uv": [ 11.5, 14.5, 11, 14 ], "texture": "#0", "rotation": 270 },
				"south": { "uv": [ 5, 14.5, 4.5, 14 ], "texture": "#0", "rotation": 90 },
				"west": { "uv": [ 5, 14.5, 4.5, 14 ], "texture": "#0", "rotation": 90 },
				"east": { "uv": [ 4.5, 1.5, 5, 2 ], "texture": "#0", "rotation": 270 }
			}
		},
		{
			"__comment": "Box178",
			"from": [ 10.6413, 1.0169, -2 ],
			"to": [ 11.1413, 1.5169, -1.5 ],
			"rotation": { "origin": [ 10.95, 0.555, -2 ], "axis": "z", "angle": -22.5 },
			"faces": {
				"down": { "uv": [ 14.5, 14.5, 14, 14 ], "texture": "#0", "rotation": 90 },
				"up": { "uv": [ 1.5, 14, 2, 14.5 ], "texture": "#0", "rotation": 270 },
				"north": { "uv": [ 11.5, 14.5, 11, 14 ], "texture": "#0", "rotation": 270 },
				"south": { "uv": [ 5, 14.5, 4.5, 14 ], "texture": "#0", "rotation": 90 },
				"west": { "uv": [ 5, 14.5, 4.5, 14 ], "texture": "#0", "rotation": 90 },
				"east": { "uv": [ 4.5, 1.5, 5, 2 ], "texture": "#0", "rotation": 270 }
			}
		},
		{
			"__comment": "Box178",
			"from": [ 10.95, 0.555, -2 ],
			"to": [ 11.45, 1.055, -1.5 ],
			"rotation": { "origin": [ 10.95, 0.555, -2 ], "axis": "z", "angle": 45 },
			"faces": {
				"down": { "uv": [ 4.5, 1.5, 5, 2 ], "texture": "#0" },
				"up": { "uv": [ 4.5, 14, 5, 14.5 ], "texture": "#0" },
				"north": { "uv": [ 11, 14, 11.5, 14.5 ], "texture": "#0" },
				"south": { "uv": [ 4.5, 14, 5, 14.5 ], "texture": "#0" },
				"west": { "uv": [ 14, 14, 14.5, 14.5 ], "texture": "#0" },
				"east": { "uv": [ 1.5, 14, 2, 14.5 ], "texture": "#0" }
			}
		},
		{
			"__comment": "Box178",
			"from": [ 9.9881, 0.3637, -2 ],
			"to": [ 10.4881, 0.8637, -1.5 ],
			"faces": {
				"down": { "uv": [ 14.5, 14.5, 14, 14 ], "texture": "#0", "rotation": 90 },
				"up": { "uv": [ 1.5, 14, 2, 14.5 ], "texture": "#0", "rotation": 270 },
				"north": { "uv": [ 11.5, 14.5, 11, 14 ], "texture": "#0", "rotation": 270 },
				"south": { "uv": [ 5, 14.5, 4.5, 14 ], "texture": "#0", "rotation": 90 },
				"west": { "uv": [ 5, 14.5, 4.5, 14 ], "texture": "#0", "rotation": 90 },
				"east": { "uv": [ 4.5, 1.5, 5, 2 ], "texture": "#0", "rotation": 270 }
			}
		},
		{
			"__comment": "Box178",
			"from": [ 10.45, 0.555, -2 ],
			"to": [ 10.95, 1.055, -1.5 ],
			"rotation": { "origin": [ 10.95, 0.555, -2 ], "axis": "z", "angle": 22.5 },
			"faces": {
				"down": { "uv": [ 4.5, 1.5, 5, 2 ], "texture": "#0" },
				"up": { "uv": [ 4.5, 14, 5, 14.5 ], "texture": "#0" },
				"north": { "uv": [ 11, 14, 11.5, 14.5 ], "texture": "#0" },
				"south": { "uv": [ 4.5, 14, 5, 14.5 ], "texture": "#0" },
				"west": { "uv": [ 14, 14, 14.5, 14.5 ], "texture": "#0" },
				"east": { "uv": [ 1.5, 14, 2, 14.5 ], "texture": "#0" }
			}
		},
		{
			"__comment": "Box178",
			"from": [ 4.5, 1.375, -2 ],
			"to": [ 5, 1.875, -1.5 ],
			"faces": {
				"down": { "uv": [ 5, 2, 4.5, 1.5 ], "texture": "#0", "rotation": 180 },
				"up": { "uv": [ 5, 14.5, 4.5, 14 ], "texture": "#0", "rotation": 180 },
				"north": { "uv": [ 11.5, 14.5, 11, 14 ], "texture": "#0", "rotation": 180 },
				"south": { "uv": [ 5, 14.5, 4.5, 14 ], "texture": "#0", "rotation": 180 },
				"west": { "uv": [ 14, 14, 14.5, 14.5 ], "texture": "#0" },
				"east": { "uv": [ 1.5, 14, 2, 14.5 ], "texture": "#0" }
			}
		},
		{
			"__comment": "Box178",
			"from": [ 4.5, 0.875, -2 ],
			"to": [ 5, 1.375, -1.5 ],
			"rotation": { "origin": [ 4.5, 1.375, -2 ], "axis": "z", "angle": 22.5 },
			"faces": {
				"down": { "uv": [ 2, 14.5, 1.5, 14 ], "texture": "#0", "rotation": 270 },
				"up": { "uv": [ 14, 14, 14.5, 14.5 ], "texture": "#0", "rotation": 90 },
				"north": { "uv": [ 11, 14, 11.5, 14.5 ], "texture": "#0", "rotation": 270 },
				"south": { "uv": [ 4.5, 14, 5, 14.5 ], "texture": "#0", "rotation": 90 },
				"west": { "uv": [ 5, 2, 4.5, 1.5 ], "texture": "#0", "rotation": 270 },
				"east": { "uv": [ 4.5, 14, 5, 14.5 ], "texture": "#0", "rotation": 90 }
			}
		},
		{
			"__comment": "Box178",
			"from": [ 4.9619, 1.1837, -2 ],
			"to": [ 5.4619, 1.6837, -1.5 ],
			"rotation": { "origin": [ 4.5, 1.375, -2 ], "axis": "z", "angle": -45 },
			"faces": {
				"down": { "uv": [ 4.5, 1.5, 5, 2 ], "texture": "#0" },
				"up": { "uv": [ 4.5, 14, 5, 14.5 ], "texture": "#0" },
				"north": { "uv": [ 11, 14, 11.5, 14.5 ], "texture": "#0" },
				"south": { "uv": [ 4.5, 14, 5, 14.5 ], "texture": "#0" },
				"west": { "uv": [ 14, 14, 14.5, 14.5 ], "texture": "#0" },
				"east": { "uv": [ 1.5, 14, 2, 14.5 ], "texture": "#0" }
			}
		},
		{
			"__comment": "Box178",
			"from": [ 5.3155, 0.8301, -2 ],
			"to": [ 5.8155, 1.3301, -1.5 ],
			"rotation": { "origin": [ 4.5, 1.375, -2 ], "axis": "z", "angle": -22.5 },
			"faces": {
				"down": { "uv": [ 4.5, 1.5, 5, 2 ], "texture": "#0" },
				"up": { "uv": [ 4.5, 14, 5, 14.5 ], "texture": "#0" },
				"north": { "uv": [ 11, 14, 11.5, 14.5 ], "texture": "#0" },
				"south": { "uv": [ 4.5, 14, 5, 14.5 ], "texture": "#0" },
				"west": { "uv": [ 14, 14, 14.5, 14.5 ], "texture": "#0" },
				"east": { "uv": [ 1.5, 14, 2, 14.5 ], "texture": "#0" }
			}
		},
		{
			"__comment": "Box178",
			"from": [ 5.5068, 0.3682, -2 ],
			"to": [ 9.5068, 0.8682, -1.5 ],
			"faces": {
				"down": { "uv": [ 4.5, 1.5, 5, 2 ], "texture": "#0" },
				"up": { "uv": [ 4.5, 14, 5, 14.5 ], "texture": "#0" },
				"north": { "uv": [ 11, 14, 11.5, 14.5 ], "texture": "#0" },
				"south": { "uv": [ 4.5, 14, 5, 14.5 ], "texture": "#0" },
				"west": { "uv": [ 14, 14, 14.5, 14.5 ], "texture": "#0" },
				"east": { "uv": [ 1.5, 14, 2, 14.5 ], "texture": "#0" }
			}
		},
		{
			"__comment": "Box178",
			"from": [ 6.1318, 0.3682, -2 ],
			"to": [ 10.1318, 0.8682, -1.5 ],
			"faces": {
				"down": { "uv": [ 4.5, 1.5, 5, 2 ], "texture": "#0" },
				"up": { "uv": [ 4.5, 14, 5, 14.5 ], "texture": "#0" },
				"north": { "uv": [ 11, 14, 11.5, 14.5 ], "texture": "#0" },
				"south": { "uv": [ 4.5, 14, 5, 14.5 ], "texture": "#0" },
				"west": { "uv": [ 14, 14, 14.5, 14.5 ], "texture": "#0" },
				"east": { "uv": [ 1.5, 14, 2, 14.5 ], "texture": "#0" }
			}
		},
		{
			"__comment": "Box178",
			"from": [ 5.3844, 0.9932, -2 ],
			"to": [ 10.8844, 1.4932, -1.5 ],
			"faces": {
				"down": { "uv": [ 4.5, 1.5, 5, 2 ], "texture": "#0" },
				"up": { "uv": [ 4.5, 14, 5, 14.5 ], "texture": "#0" },
				"north": { "uv": [ 11, 14, 11.5, 14.5 ], "texture": "#0" },
				"south": { "uv": [ 4.5, 14, 5, 14.5 ], "texture": "#0" },
				"west": { "uv": [ 14, 14, 14.5, 14.5 ], "texture": "#0" },
				"east": { "uv": [ 1.5, 14, 2, 14.5 ], "texture": "#0" }
			}
		},
		{
			"__comment": "Box178",
			"from": [ 4.8844, 0.9932, -2 ],
			"to": [ 10.3844, 1.4932, -1.5 ],
			"faces": {
				"down": { "uv": [ 4.5, 1.5, 5, 2 ], "texture": "#0" },
				"up": { "uv": [ 4.5, 14, 5, 14.5 ], "texture": "#0" },
				"north": { "uv": [ 11, 14, 11.5, 14.5 ], "texture": "#0" },
				"south": { "uv": [ 4.5, 14, 5, 14.5 ], "texture": "#0" },
				"west": { "uv": [ 14, 14, 14.5, 14.5 ], "texture": "#0" },
				"east": { "uv": [ 1.5, 14, 2, 14.5 ], "texture": "#0" }
			}
		},
		{
			"__comment": "Box178",
			"from": [ 5.2594, 0.7432, -2 ],
			"to": [ 10.7594, 1.2432, -1.5 ],
			"faces": {
				"down": { "uv": [ 4.5, 1.5, 5, 2 ], "texture": "#0" },
				"up": { "uv": [ 4.5, 14, 5, 14.5 ], "texture": "#0" },
				"north": { "uv": [ 11, 14, 11.5, 14.5 ], "texture": "#0" },
				"south": { "uv": [ 4.5, 14, 5, 14.5 ], "texture": "#0" },
				"west": { "uv": [ 14, 14, 14.5, 14.5 ], "texture": "#0" },
				"east": { "uv": [ 1.5, 14, 2, 14.5 ], "texture": "#0" }
			}
		},
		{
			"__comment": "Box178",
			"from": [ 5.7594, 1.1182, -2 ],
			"to": [ 11.2594, 1.6182, -1.5 ],
			"faces": {
				"down": { "uv": [ 4.5, 1.5, 5, 2 ], "texture": "#0" },
				"up": { "uv": [ 4.5, 14, 5, 14.5 ], "texture": "#0" },
				"north": { "uv": [ 11, 14, 11.5, 14.5 ], "texture": "#0" },
				"south": { "uv": [ 4.5, 14, 5, 14.5 ], "texture": "#0" },
				"west": { "uv": [ 14, 14, 14.5, 14.5 ], "texture": "#0" },
				"east": { "uv": [ 1.5, 14, 2, 14.5 ], "texture": "#0" }
			}
		},
		{
			"__comment": "Box178",
			"from": [ 4.5051, 5.6845, -2 ],
			"to": [ 5.0051, 6.1845, -1.5 ],
			"faces": {
				"down": { "uv": [ 1.5, 14, 2, 14.5 ], "texture": "#0", "rotation": 90 },
				"up": { "uv": [ 14.5, 14.5, 14, 14 ], "texture": "#0", "rotation": 270 },
				"north": { "uv": [ 11, 14, 11.5, 14.5 ], "texture": "#0", "rotation": 270 },
				"south": { "uv": [ 4.5, 14, 5, 14.5 ], "texture": "#0", "rotation": 90 },
				"west": { "uv": [ 4.5, 1.5, 5, 2 ], "texture": "#0", "rotation": 90 },
				"east": { "uv": [ 5, 14.5, 4.5, 14 ], "texture": "#0", "rotation": 270 }
			}
		},
		{
			"__comment": "Box178",
			"from": [ 4.8587, 6.0381, -2 ],
			"to": [ 5.3587, 6.5381, -1.5 ],
			"rotation": { "origin": [ 5.05, 7, -2 ], "axis": "z", "angle": -22.5 },
			"faces": {
				"down": { "uv": [ 1.5, 14, 2, 14.5 ], "texture": "#0", "rotation": 90 },
				"up": { "uv": [ 14.5, 14.5, 14, 14 ], "texture": "#0", "rotation": 270 },
				"north": { "uv": [ 11, 14, 11.5, 14.5 ], "texture": "#0", "rotation": 270 },
				"south": { "uv": [ 4.5, 14, 5, 14.5 ], "texture": "#0", "rotation": 90 },
				"west": { "uv": [ 4.5, 1.5, 5, 2 ], "texture": "#0", "rotation": 90 },
				"east": { "uv": [ 5, 14.5, 4.5, 14 ], "texture": "#0", "rotation": 270 }
			}
		},
		{
			"__comment": "Box178",
			"from": [ 5.05, 6.5, -2 ],
			"to": [ 5.55, 7, -1.5 ],
			"rotation": { "origin": [ 5.05, 7, -2 ], "axis": "z", "angle": -45 },
			"faces": {
				"down": { "uv": [ 1.5, 14, 2, 14.5 ], "texture": "#0", "rotation": 90 },
				"up": { "uv": [ 14.5, 14.5, 14, 14 ], "texture": "#0", "rotation": 270 },
				"north": { "uv": [ 11.5, 14.5, 11, 14 ], "texture": "#0", "rotation": 90 },
				"south": { "uv": [ 5, 14.5, 4.5, 14 ], "texture": "#0", "rotation": 270 },
				"west": { "uv": [ 5, 2, 4.5, 1.5 ], "texture": "#0", "rotation": 270 },
				"east": { "uv": [ 4.5, 14, 5, 14.5 ], "texture": "#0", "rotation": 90 }
			}
		},
		{
			"__comment": "Box178",
			"from": [ 5.5119, 6.6913, -2 ],
			"to": [ 6.0119, 7.1913, -1.5 ],
			"faces": {
				"down": { "uv": [ 1.5, 14, 2, 14.5 ], "texture": "#0", "rotation": 90 },
				"up": { "uv": [ 14.5, 14.5, 14, 14 ], "texture": "#0", "rotation": 270 },
				"north": { "uv": [ 11, 14, 11.5, 14.5 ], "texture": "#0", "rotation": 270 },
				"south": { "uv": [ 4.5, 14, 5, 14.5 ], "texture": "#0", "rotation": 90 },
				"west": { "uv": [ 4.5, 1.5, 5, 2 ], "texture": "#0", "rotation": 90 },
				"east": { "uv": [ 5, 14.5, 4.5, 14 ], "texture": "#0", "rotation": 270 }
			}
		},
		{
			"__comment": "Box178",
			"from": [ 5.05, 6.5, -2 ],
			"to": [ 5.55, 7, -1.5 ],
			"rotation": { "origin": [ 5.05, 7, -2 ], "axis": "z", "angle": 22.5 },
			"faces": {
				"down": { "uv": [ 4.5, 14, 5, 14.5 ], "texture": "#0", "rotation": 180 },
				"up": { "uv": [ 4.5, 1.5, 5, 2 ], "texture": "#0", "rotation": 180 },
				"north": { "uv": [ 11.5, 14.5, 11, 14 ], "texture": "#0" },
				"south": { "uv": [ 5, 14.5, 4.5, 14 ], "texture": "#0" },
				"west": { "uv": [ 1.5, 14, 2, 14.5 ], "texture": "#0", "rotation": 180 },
				"east": { "uv": [ 14, 14, 14.5, 14.5 ], "texture": "#0", "rotation": 180 }
			}
		},
		{
			"__comment": "Box178",
			"from": [ 11, 5.68, -2 ],
			"to": [ 11.5, 6.18, -1.5 ],
			"faces": {
				"down": { "uv": [ 5, 14.5, 4.5, 14 ], "texture": "#0" },
				"up": { "uv": [ 5, 2, 4.5, 1.5 ], "texture": "#0" },
				"north": { "uv": [ 11, 14, 11.5, 14.5 ], "texture": "#0", "rotation": 180 },
				"south": { "uv": [ 4.5, 14, 5, 14.5 ], "texture": "#0", "rotation": 180 },
				"west": { "uv": [ 1.5, 14, 2, 14.5 ], "texture": "#0", "rotation": 180 },
				"east": { "uv": [ 14, 14, 14.5, 14.5 ], "texture": "#0", "rotation": 180 }
			}
		},
		{
			"__comment": "Box178",
			"from": [ 10.1952, 3.7741, -2 ],
			"to": [ 10.6952, 4.2741, -1.5 ],
			"rotation": { "origin": [ 5.05, 7, -2 ], "axis": "z", "angle": 22.5 },
			"faces": {
				"down": { "uv": [ 14, 14, 14.5, 14.5 ], "texture": "#0", "rotation": 270 },
				"up": { "uv": [ 2, 14.5, 1.5, 14 ], "texture": "#0", "rotation": 90 },
				"north": { "uv": [ 11.5, 14.5, 11, 14 ], "texture": "#0", "rotation": 270 },
				"south": { "uv": [ 5, 14.5, 4.5, 14 ], "texture": "#0", "rotation": 90 },
				"west": { "uv": [ 4.5, 14, 5, 14.5 ], "texture": "#0", "rotation": 270 },
				"east": { "uv": [ 5, 2, 4.5, 1.5 ], "texture": "#0", "rotation": 90 }
			}
		},
		{
			"__comment": "Box178",
			"from": [ 9.2287, 10.6723, -2 ],
			"to": [ 9.7287, 11.1723, -1.5 ],
			"rotation": { "origin": [ 5.05, 7, -2 ], "axis": "z", "angle": -45 },
			"faces": {
				"down": { "uv": [ 4.5, 14, 5, 14.5 ], "texture": "#0", "rotation": 180 },
				"up": { "uv": [ 4.5, 1.5, 5, 2 ], "texture": "#0", "rotation": 180 },
				"north": { "uv": [ 11.5, 14.5, 11, 14 ], "texture": "#0" },
				"south": { "uv": [ 5, 14.5, 4.5, 14 ], "texture": "#0" },
				"west": { "uv": [ 1.5, 14, 2, 14.5 ], "texture": "#0", "rotation": 180 },
				"east": { "uv": [ 14, 14, 14.5, 14.5 ], "texture": "#0", "rotation": 180 }
			}
		},
		{
			"__comment": "Box178",
			"from": [ 10.0074, 8.7556, -2 ],
			"to": [ 10.5074, 9.2556, -1.5 ],
			"rotation": { "origin": [ 5.05, 7, -2 ], "axis": "z", "angle": -22.5 },
			"faces": {
				"down": { "uv": [ 4.5, 14, 5, 14.5 ], "texture": "#0", "rotation": 180 },
				"up": { "uv": [ 4.5, 1.5, 5, 2 ], "texture": "#0", "rotation": 180 },
				"north": { "uv": [ 11.5, 14.5, 11, 14 ], "texture": "#0" },
				"south": { "uv": [ 5, 14.5, 4.5, 14 ], "texture": "#0" },
				"west": { "uv": [ 1.5, 14, 2, 14.5 ], "texture": "#0", "rotation": 180 },
				"east": { "uv": [ 14, 14, 14.5, 14.5 ], "texture": "#0", "rotation": 180 }
			}
		},
		{
			"__comment": "Box178",
			"from": [ 6.4932, 6.6868, -2 ],
			"to": [ 10.4932, 7.1868, -1.5 ],
			"faces": {
				"down": { "uv": [ 4.5, 14, 5, 14.5 ], "texture": "#0", "rotation": 180 },
				"up": { "uv": [ 4.5, 1.5, 5, 2 ], "texture": "#0", "rotation": 180 },
				"north": { "uv": [ 11.5, 14.5, 11, 14 ], "texture": "#0" },
				"south": { "uv": [ 5, 14.5, 4.5, 14 ], "texture": "#0" },
				"west": { "uv": [ 1.5, 14, 2, 14.5 ], "texture": "#0", "rotation": 180 },
				"east": { "uv": [ 14, 14, 14.5, 14.5 ], "texture": "#0", "rotation": 180 }
			}
		},
		{
			"__comment": "Box178",
			"from": [ 5.8682, 6.6868, -2 ],
			"to": [ 9.8682, 7.1868, -1.5 ],
			"faces": {
				"down": { "uv": [ 4.5, 14, 5, 14.5 ], "texture": "#0", "rotation": 180 },
				"up": { "uv": [ 4.5, 1.5, 5, 2 ], "texture": "#0", "rotation": 180 },
				"north": { "uv": [ 11.5, 14.5, 11, 14 ], "texture": "#0" },
				"south": { "uv": [ 5, 14.5, 4.5, 14 ], "texture": "#0" },
				"west": { "uv": [ 1.5, 14, 2, 14.5 ], "texture": "#0", "rotation": 180 },
				"east": { "uv": [ 14, 14, 14.5, 14.5 ], "texture": "#0", "rotation": 180 }
			}
		},
		{
			"__comment": "Box178",
			"from": [ 11, 5.555, -2 ],
			"to": [ 11.5, 6.055, -1.5 ],
			"faces": {
				"down": { "uv": [ 4.5, 14, 5, 14.5 ], "texture": "#0", "rotation": 180 },
				"up": { "uv": [ 4.5, 1.5, 5, 2 ], "texture": "#0", "rotation": 180 },
				"north": { "uv": [ 11.5, 14.5, 11, 14 ], "texture": "#0" },
				"south": { "uv": [ 5, 14.5, 4.5, 14 ], "texture": "#0" },
				"west": { "uv": [ 1.5, 14, 2, 14.5 ], "texture": "#0", "rotation": 180 },
				"east": { "uv": [ 14, 14, 14.5, 14.5 ], "texture": "#0", "rotation": 180 }
			}
		},
		{
			"__comment": "Box178",
			"from": [ 5.2406, 6.3118, -2 ],
			"to": [ 10.7406, 6.8118, -1.5 ],
			"faces": {
				"down": { "uv": [ 4.5, 14, 5, 14.5 ], "texture": "#0", "rotation": 180 },
				"up": { "uv": [ 4.5, 1.5, 5, 2 ], "texture": "#0", "rotation": 180 },
				"north": { "uv": [ 11.5, 14.5, 11, 14 ], "texture": "#0" },
				"south": { "uv": [ 5, 14.5, 4.5, 14 ], "texture": "#0" },
				"west": { "uv": [ 1.5, 14, 2, 14.5 ], "texture": "#0", "rotation": 180 },
				"east": { "uv": [ 14, 14, 14.5, 14.5 ], "texture": "#0", "rotation": 180 }
			}
		},
		{
			"__comment": "Box178",
			"from": [ 5.1156, 6.0618, -2 ],
			"to": [ 10.6156, 6.5618, -1.5 ],
			"faces": {
				"down": { "uv": [ 4.5, 14, 5, 14.5 ], "texture": "#0", "rotation": 180 },
				"up": { "uv": [ 4.5, 1.5, 5, 2 ], "texture": "#0", "rotation": 180 },
				"north": { "uv": [ 11.5, 14.5, 11, 14 ], "texture": "#0" },
				"south": { "uv": [ 5, 14.5, 4.5, 14 ], "texture": "#0" },
				"west": { "uv": [ 1.5, 14, 2, 14.5 ], "texture": "#0", "rotation": 180 },
				"east": { "uv": [ 14, 14, 14.5, 14.5 ], "texture": "#0", "rotation": 180 }
			}
		},
		{
			"__comment": "Box178",
			"from": [ 5.6156, 6.0618, -2 ],
			"to": [ 11.1156, 6.5618, -1.5 ],
			"faces": {
				"down": { "uv": [ 4.5, 14, 5, 14.5 ], "texture": "#0", "rotation": 180 },
				"up": { "uv": [ 4.5, 1.5, 5, 2 ], "texture": "#0", "rotation": 180 },
				"north": { "uv": [ 11.5, 14.5, 11, 14 ], "texture": "#0" },
				"south": { "uv": [ 5, 14.5, 4.5, 14 ], "texture": "#0" },
				"west": { "uv": [ 1.5, 14, 2, 14.5 ], "texture": "#0", "rotation": 180 },
				"east": { "uv": [ 14, 14, 14.5, 14.5 ], "texture": "#0", "rotation": 180 }
			}
		},
		{
			"__comment": "Box178",
			"from": [ 4.7406, 5.9368, -2 ],
			"to": [ 10.2406, 6.4368, -1.5 ],
			"faces": {
				"down": { "uv": [ 4.5, 14, 5, 14.5 ], "texture": "#0", "rotation": 180 },
				"up": { "uv": [ 4.5, 1.5, 5, 2 ], "texture": "#0", "rotation": 180 },
				"north": { "uv": [ 11.5, 14.5, 11, 14 ], "texture": "#0" },
				"south": { "uv": [ 5, 14.5, 4.5, 14 ], "texture": "#0" },
				"west": { "uv": [ 1.5, 14, 2, 14.5 ], "texture": "#0", "rotation": 180 },
				"east": { "uv": [ 14, 14, 14.5, 14.5 ], "texture": "#0", "rotation": 180 }
			}
		},
		{
			"__comment": "Box178",
			"from": [ 4.7949, 1.5655, -2 ],
			"to": [ 5.2949, 2.0655, -1.5 ],
			"rotation": { "origin": [ 4.75, 0.75, -2 ], "axis": "z", "angle": -22.5 },
			"faces": {
				"down": { "uv": [ 14.5, 14.5, 14, 14 ], "texture": "#0", "rotation": 90 },
				"up": { "uv": [ 1.5, 14, 2, 14.5 ], "texture": "#0", "rotation": 270 },
				"north": { "uv": [ 11.5, 14.5, 11, 14 ], "texture": "#0", "rotation": 270 },
				"south": { "uv": [ 5, 14.5, 4.5, 14 ], "texture": "#0", "rotation": 90 },
				"west": { "uv": [ 5, 14.5, 4.5, 14 ], "texture": "#0", "rotation": 90 },
				"east": { "uv": [ 4.5, 1.5, 5, 2 ], "texture": "#0", "rotation": 270 }
			}
		},
		{
			"__comment": "Box73",
			"from": [ 7.5, 7, -1.625 ],
			"to": [ 8.5, 7.5, 5.375 ],
			"faces": {
				"down": { "uv": [ 7.5, 10.625, 8.5, 16 ], "texture": "#0" },
				"up": { "uv": [ 7.5, 0, 8.5, 5.375 ], "texture": "#0" },
				"north": { "uv": [ 7.5, 8.5, 8.5, 9 ], "texture": "#0" },
				"south": { "uv": [ 7.5, 8.5, 8.5, 9 ], "texture": "#0" },
				"west": { "uv": [ 0, 8.5, 5.375, 9 ], "texture": "#0" },
				"east": { "uv": [ 10.625, 8.5, 16, 9 ], "texture": "#0" }
			}
		},
		{
			"__comment": "Box73",
			"from": [ 11.25, 3.5, -1.625 ],
			"to": [ 11.75, 4.5, 5.375 ],
			"faces": {
				"down": { "uv": [ 10, 9, 16, 9.5 ], "texture": "#0", "rotation": 90 },
				"up": { "uv": [ 6, 9.5, 0, 9 ], "texture": "#0", "rotation": 270 },
				"north": { "uv": [ 4, 9, 5, 9.5 ], "texture": "#0", "rotation": 270 },
				"south": { "uv": [ 11, 9, 12, 9.5 ], "texture": "#0", "rotation": 90 },
				"west": { "uv": [ 11, 10, 12, 16 ], "texture": "#0", "rotation": 90 },
				"east": { "uv": [ 12, 6, 11, 0 ], "texture": "#0", "rotation": 270 }
			}
		},
		{
			"__comment": "Box73",
			"from": [ 4.25, 3.5, -1.5 ],
			"to": [ 4.75, 4.5, 5.5 ],
			"faces": {
				"down": { "uv": [ 10, 9, 16, 9.5 ], "texture": "#0", "rotation": 90 },
				"up": { "uv": [ 6, 9.5, 0, 9 ], "texture": "#0", "rotation": 270 },
				"north": { "uv": [ 4, 9, 5, 9.5 ], "texture": "#0", "rotation": 270 },
				"south": { "uv": [ 11, 9, 12, 9.5 ], "texture": "#0", "rotation": 90 },
				"west": { "uv": [ 11, 10, 12, 16 ], "texture": "#0", "rotation": 90 },
				"east": { "uv": [ 12, 6, 11, 0 ], "texture": "#0", "rotation": 270 }
			}
		},
		{
			"__comment": "Box73",
			"from": [ 4.4433, 3.5, 5.3232 ],
			"to": [ 11.4433, 4.5, 5.8232 ],
			"faces": {
				"down": { "uv": [ 10, 9, 16, 9.5 ], "texture": "#0" },
				"up": { "uv": [ 6, 9.5, 0, 9 ], "texture": "#0" },
				"north": { "uv": [ 11, 10, 12, 16 ], "texture": "#0", "rotation": 90 },
				"south": { "uv": [ 12, 6, 11, 0 ], "texture": "#0", "rotation": 270 },
				"west": { "uv": [ 11, 9, 12, 9.5 ], "texture": "#0", "rotation": 90 },
				"east": { "uv": [ 4, 9, 5, 9.5 ], "texture": "#0", "rotation": 270 }
			}
		},
		{
			"__comment": "Box73",
			"from": [ 7.5, 3.7842, 5.375 ],
			"to": [ 8.5, 7.2842, 5.875 ],
			"faces": {
				"down": { "uv": [ 12, 9.5, 11, 9 ], "texture": "#0", "rotation": 180 },
				"up": { "uv": [ 4, 9, 5, 9.5 ], "texture": "#0", "rotation": 180 },
				"north": { "uv": [ 11, 10, 12, 16 ], "texture": "#0", "rotation": 180 },
				"south": { "uv": [ 12, 6, 11, 0 ], "texture": "#0", "rotation": 180 },
				"west": { "uv": [ 6, 9.5, 0, 9 ], "texture": "#0", "rotation": 270 },
				"east": { "uv": [ 16, 9.5, 10, 9 ], "texture": "#0", "rotation": 90 }
			}
		}
	],
	"display": {
		"thirdperson_righthand": {
			"rotation":  [ 0, 90, 0 ],
			"translation":  [ -0.5, 0.5, -1.5 ]
		},
		"thirdperson_lefthand": {
			"rotation":  [ 0, -90, -170 ],
			"translation":  [ -2, -4.5, 7 ],
			"scale":  [ 0.0001, 0.0001, 0.0001 ]
		},
		"firstperson_righthand": {
			"rotation":  [ 0, 90, 0 ],
			"translation":  [ -1, 3, -1.25 ],
			"scale":  [ 0.0001, 0.0001, 0.0001 ]
		},
		"firstperson_lefthand": {
			"rotation":  [ 0, -91, 0 ],
			"translation":  [ -11.91, 5.8369, 3.6739 ]
		},
		"gui": {
			"rotation":  [ 0, -180, -45 ],
			"translation":  [ -1.2, 0, 0 ]
		},
		"head": {
			"translation":  [ 0, 8.3478, 11.825 ],
			"scale":  [ 2, 2, 2 ]
		},
		"ground": {
			"translation":  [ 0, 1.5, 0 ]
		},
		"fixed": {
			"translation":  [ 0, 3, -2 ],
			"scale":  [ -2, 2, -2 ]
		}
	}
}