{
	"__comment": "Designed by I_m_bin2 with Cubik Studio - https://cubik.studio",
	"textures": {
		"2": "just/1",
		"3": "just/2",
		"4": "just/3",
		"5": "colors/gray_darkest",
		"8": "colors/sightgreen",
		"11": "colors/gray_dark",
		"particle": "colors/gray_darker"
	},
	"elements": [ 	 
		{
			"__comment": "Box872",
			"from": [ 0, 0, 0 ],
			"to": [ 0.5, 1, 16 ],
			"faces": {
				"down": { "uv": [ 0, 0, 0.5, 16 ], "texture": "#2" },
				"up": { "uv": [ 0, 0, 0.5, 16 ], "texture": "#2" },
				"north": { "uv": [ 15.5, 15, 16, 16 ], "texture": "#2" },
				"south": { "uv": [ 0, 15, 0.5, 16 ], "texture": "#2" },
				"west": { "uv": [ 0, 15, 16, 16 ], "texture": "#2" },
				"east": { "uv": [ 0, 15, 16, 16 ], "texture": "#2" }
			}
		},
		{
			"__comment": "Box872",
			"from": [ 0, 0, 0 ],
			"to": [ 16, 1, 0.5 ],
			"faces": {
				"down": { "uv": [ 0, 15.5, 16, 16 ], "texture": "#2" },
				"up": { "uv": [ 0, 0, 16, 0.5 ], "texture": "#2" },
				"north": { "uv": [ 0, 15, 16, 16 ], "texture": "#2" },
				"south": { "uv": [ 0, 15, 16, 16 ], "texture": "#2" },
				"west": { "uv": [ 0, 15, 0.5, 16 ], "texture": "#2" },
				"east": { "uv": [ 15.5, 15, 16, 16 ], "texture": "#2" }
			}
		},
		{
			"__comment": "Box872",
			"from": [ 15.5, 0, 0 ],
			"to": [ 16, 1, 16 ],
			"faces": {
				"down": { "uv": [ 15.5, 0, 16, 16 ], "texture": "#2" },
				"up": { "uv": [ 15.5, 0, 16, 16 ], "texture": "#2" },
				"north": { "uv": [ 0, 15, 0.5, 16 ], "texture": "#2" },
				"south": { "uv": [ 15.5, 15, 16, 16 ], "texture": "#2" },
				"west": { "uv": [ 0, 15, 16, 16 ], "texture": "#2" },
				"east": { "uv": [ 0, 15, 16, 16 ], "texture": "#2" }
			}
		},
		{
			"__comment": "Box872",
			"from": [ 0, 0, 15.5 ],
			"to": [ 16, 1, 16 ],
			"faces": {
				"down": { "uv": [ 0, 0, 16, 0.5 ], "texture": "#2" },
				"up": { "uv": [ 0, 15.5, 16, 16 ], "texture": "#2" },
				"north": { "uv": [ 0, 15, 16, 16 ], "texture": "#2" },
				"south": { "uv": [ 0, 15, 16, 16 ], "texture": "#2" },
				"west": { "uv": [ 15.5, 15, 16, 16 ], "texture": "#2" },
				"east": { "uv": [ 0, 15, 0.5, 16 ], "texture": "#2" }
			}
		},
		{
			"__comment": "Box872",
			"from": [ 0.25, 0, 0.375 ],
			"to": [ 15.75, 0.5, 15.875 ],
			"faces": {
				"down": { "uv": [ 0.25, 0.125, 15.75, 15.625 ], "texture": "#4" },
				"up": { "uv": [ 0.25, 0.375, 15.75, 15.875 ], "texture": "#4" },
				"north": { "uv": [ 0.25, 15.5, 15.75, 16 ], "texture": "#4" },
				"south": { "uv": [ 0.25, 15.5, 15.75, 16 ], "texture": "#4" },
				"west": { "uv": [ 0.375, 15.5, 15.875, 16 ], "texture": "#4" },
				"east": { "uv": [ 0.125, 15.5, 15.625, 16 ], "texture": "#4" }
			}
		},
		{
			"__comment": "Box872",
			"from": [ 0.25, 0.5, 0 ],
			"to": [ 15.75, 1.01, 15.5 ],
			"rotation": { "origin": [ 0.25, 0.5, 0 ], "axis": "x", "angle": -22.5 },
			"faces": {
				"down": { "uv": [ 6, 3, 12.5, 6 ], "texture": "#3" },
				"up": { "uv": [ 0.5, 1, 15.5, 16 ], "texture": "#3" },
				"north": { "uv": [ 0, 15.5, 3, 15 ], "texture": "#3" },
				"south": { "uv": [ 9.5, 14, 12, 12.5 ], "texture": "#3" },
				"west": { "uv": [ 6, 4, 8, 2.5 ], "texture": "#3" },
				"east": { "uv": [ 0, 15.5, 16, 16 ], "texture": "#3" }
			}
		},
		{
			"__comment": "Box872",
			"from": [ 0, 0, -0.25 ],
			"to": [ 0.5, 1, 15.75 ],
			"rotation": { "origin": [ 0.25, 0.5, 0 ], "axis": "x", "angle": -22.5 },
			"faces": {
				"down": { "uv": [ 0, 0, 0.5, 15.5 ], "texture": "#2" },
				"up": { "uv": [ 0, 0.5, 0.5, 16 ], "texture": "#2" },
				"north": { "uv": [ 15.5, 12, 16, 13 ], "texture": "#2" },
				"south": { "uv": [ 0, 12, 0.5, 13 ], "texture": "#2" },
				"west": { "uv": [ 0.5, 12, 16, 13 ], "texture": "#2" },
				"east": { "uv": [ 0, 12, 15.5, 13 ], "texture": "#2" }
			}
		},
		{
			"__comment": "Box872",
			"from": [ 0, 0, -0.25 ],
			"to": [ 16, 1, 0.25 ],
			"rotation": { "origin": [ 0.25, 0.5, 0 ], "axis": "x", "angle": -22.5 },
			"faces": {
				"down": { "uv": [ 0, 15.5, 16, 16 ], "texture": "#2" },
				"up": { "uv": [ 0, 0, 16, 0.5 ], "texture": "#2" },
				"north": { "uv": [ 0, 15, 16, 16 ], "texture": "#2" },
				"south": { "uv": [ 0, 15, 16, 16 ], "texture": "#2" },
				"west": { "uv": [ 0, 15, 0.5, 16 ], "texture": "#2" },
				"east": { "uv": [ 15.5, 15, 16, 16 ], "texture": "#2" }
			}
		},
		{
			"__comment": "Box872",
			"from": [ 0, 0, 15.25 ],
			"to": [ 16, 1, 15.75 ],
			"rotation": { "origin": [ 0.25, 0.5, 0 ], "axis": "x", "angle": -22.5 },
			"faces": {
				"down": { "uv": [ 0, 3.5, 15, 4 ], "texture": "#2" },
				"up": { "uv": [ 0, 12, 15, 12.5 ], "texture": "#2" },
				"north": { "uv": [ 1, 11.5, 16, 12.5 ], "texture": "#2" },
				"south": { "uv": [ 0, 11.5, 15, 12.5 ], "texture": "#2" },
				"west": { "uv": [ 12, 11.5, 12.5, 12.5 ], "texture": "#2" },
				"east": { "uv": [ 3.5, 11.5, 4, 12.5 ], "texture": "#2" }
			}
		},
		{
			"__comment": "Box872",
			"from": [ 15.5, 0, -0.25 ],
			"to": [ 16, 1, 15.75 ],
			"rotation": { "origin": [ 0.25, 0.5, 0 ], "axis": "x", "angle": -22.5 },
			"faces": {
				"down": { "uv": [ 15.5, 0, 16, 16 ], "texture": "#2" },
				"up": { "uv": [ 15.5, 0, 16, 16 ], "texture": "#2" },
				"north": { "uv": [ 0, 15, 0.5, 16 ], "texture": "#2" },
				"south": { "uv": [ 15.5, 15, 16, 16 ], "texture": "#2" },
				"west": { "uv": [ 0, 15, 16, 16 ], "texture": "#2" },
				"east": { "uv": [ 0, 15, 16, 16 ], "texture": "#2" }
			}
		}
	],
	"display": {
		"thirdperson_righthand": {
			"rotation":  [ 0, 180, 0 ],
			"translation":  [ 0, -2, -2.25 ],
			"scale":  [ 0.55, 0.55, 0.55 ]
		},
		"thirdperson_lefthand": {
			"rotation":  [ 0, 180, 0 ],
			"translation":  [ 0, -2, -2.25 ],
			"scale":  [ 0.0001, 0.0001, 0.0001 ]
		},
		"firstperson_righthand": {
			"rotation":  [ 0, 180, 0 ],
			"translation":  [ -1, -5.25, -2 ],
			"scale":  [ 0.0001, 0.0001, 0.0001 ]
		},
		"firstperson_lefthand": {
			"rotation":  [ 0, -171, 0 ],
			"translation":  [ -19.43, -4.282, -8.946 ],
			"scale":  [ 1.25, 1.25, 1.2 ]
		},
		"gui": {
			"rotation":  [ 92, -47, 90 ],
			"translation":  [ 1.25, -1.25, 0 ],
			"scale":  [ 0.425, 0.425, 0.425 ]
		},
		"ground": {
			"rotation":  [ 0, 0, 90 ],
			"translation":  [ 0.25, 0, 0 ],
			"scale":  [ 0.15, 0.15, 0.15 ]
		},
		"fixed": {
			"rotation":  [ 0, 30, 0 ],
			"translation":  [ 0, 66.955, 0 ],
			"scale":  [ 1.9, 2, 1.9 ]
		}
	}
}