{
	"__comment": "Designed by I_m_bin2 with Cubik Studio - https://cubik.studio",
	"textures": {
		"particle": "blocks/e_particle",
		"texture": "colors/first2"
	},
	"elements": [ 	 
		{
			"__comment": "Box1",
			"from": [ -2, 5, 6 ],
			"to": [ 18.5, 17, 10 ],
			"faces": {
				"down": { "uv": [ 0, 3.5, 4, 5.5 ], "texture": "#texture" },
				"up": { "uv": [ 0, 3, 5, 5.5 ], "texture": "#texture" },
				"north": { "uv": [ 0, 8.499999, 12, 16 ], "texture": "#texture" },
				"south": { "uv": [ 0, 8.5, 12, 16 ], "texture": "#texture" },
				"west": { "uv": [ 11.5, 7.499999, 16, 16 ], "texture": "#texture" },
				"east": { "uv": [ 12, 7.5, 16, 16 ], "texture": "#texture" }
			}
		},
		{
			"__comment": "Box2",
			"from": [ -2, 17, 6 ],
			"to": [ 18.5, 18.5, 10 ],
			"faces": {
				"down": { "uv": [ 0, 3.5, 2, 5 ], "texture": "#texture" },
				"up": { "uv": [ 1.5, 9.000001, 3, 10.5 ], "texture": "#texture" },
				"north": { "uv": [ 0, 8, 12, 9 ], "texture": "#texture" },
				"south": { "uv": [ 0, 8, 12, 9 ], "texture": "#texture" },
				"west": { "uv": [ 12, 7.5, 16, 8.5 ], "texture": "#texture" },
				"east": { "uv": [ 12, 7.5, 16, 9 ], "texture": "#texture" }
			}
		},
		{
			"__comment": "Box2",
			"from": [ 12, 18.5, 6 ],
			"to": [ 18.5, 20, 9.98 ],
			"faces": {
				"down": { "uv": [ 0, 3.5, 2, 5 ], "texture": "#texture" },
				"up": { "uv": [ 1, 9.5, 4.5, 11 ], "texture": "#texture" },
				"north": { "uv": [ 0, 8, 12, 9 ], "texture": "#texture" },
				"south": { "uv": [ 8, 13, 12, 15 ], "texture": "#texture" },
				"west": { "uv": [ 12, 7.5, 16, 8.5 ], "texture": "#texture" },
				"east": { "uv": [ 12, 7.5, 16, 9 ], "texture": "#texture" }
			}
		},
		{
			"__comment": "Box2",
			"from": [ 12.0417, 17.4167, 6.09 ],
			"to": [ 14.0417, 19.9167, 10.06 ],
			"rotation": { "origin": [ 12.125, 20, 6.09 ], "axis": "z", "angle": -45 },
			"faces": {
				"down": { "uv": [ 12, 7.5, 16, 9 ], "texture": "#texture", "rotation": 90 },
				"up": { "uv": [ 2.5, 10.5, 1, 9.499998 ], "texture": "#texture", "rotation": 270 },
				"north": { "uv": [ 12, 9, 0, 8 ], "texture": "#texture", "rotation": 90 },
				"south": { "uv": [ 9, 11, 11, 10 ], "texture": "#texture", "rotation": 270 },
				"west": { "uv": [ 3, 11, 1, 9.5 ], "texture": "#texture", "rotation": 270 },
				"east": { "uv": [ 0, 3.5, 3.5, 5.5 ], "texture": "#texture", "rotation": 90 }
			}
		},
		{
			"__comment": "Box2",
			"from": [ 4.5417, 17.4167, 6.09 ],
			"to": [ 7.5417, 19.9167, 10.06 ],
			"rotation": { "origin": [ 4.625, 20, 6.09 ], "axis": "z", "angle": -45 },
			"faces": {
				"down": { "uv": [ 12, 7.5, 16, 9 ], "texture": "#texture", "rotation": 90 },
				"up": { "uv": [ 3, 11, 1, 10 ], "texture": "#texture", "rotation": 270 },
				"north": { "uv": [ 12, 9, 0, 8 ], "texture": "#texture", "rotation": 90 },
				"south": { "uv": [ 9.5, 9, 11.5, 10.5 ], "texture": "#texture", "rotation": 270 },
				"west": { "uv": [ 2, 5, 0, 3.5 ], "texture": "#texture", "rotation": 270 },
				"east": { "uv": [ 0, 3.5, 3.5, 5.5 ], "texture": "#texture", "rotation": 90 }
			}
		},
		{
			"__comment": "Box2",
			"from": [ -2, 18.5, 6 ],
			"to": [ 4.5, 20, 9.98 ],
			"faces": {
				"down": { "uv": [ 0, 3.5, 2, 5 ], "texture": "#texture" },
				"up": { "uv": [ 1.5, 9.5, 3.5, 11 ], "texture": "#texture" },
				"north": { "uv": [ 0, 8, 12, 9 ], "texture": "#texture" },
				"south": { "uv": [ 0.5, 10, 4.5, 11.5 ], "texture": "#texture" },
				"west": { "uv": [ 12, 7.5, 16, 8.5 ], "texture": "#texture" },
				"east": { "uv": [ 12, 7.5, 16, 9 ], "texture": "#texture" }
			}
		},
		{
			"__comment": "Box8",
			"from": [ -2, 19.125, 7 ],
			"to": [ -1, 23.125, 8.5 ],
			"rotation": { "origin": [ -2, 19.125, 7 ], "axis": "z", "angle": -22.5 },
			"faces": {
				"down": { "uv": [ 14, 7.5, 15, 9 ], "texture": "#texture" },
				"up": { "uv": [ 14, 7, 15, 8.5 ], "texture": "#texture" },
				"north": { "uv": [ 1, 8, 2, 12 ], "texture": "#texture" },
				"south": { "uv": [ 9, 13.5, 10, 14.5 ], "texture": "#texture" },
				"west": { "uv": [ 13, 7.5, 14.5, 16 ], "texture": "#texture" },
				"east": { "uv": [ 6.5, 3.5, 8, 5.5 ], "texture": "#texture" }
			}
		},
		{
			"__comment": "Box8",
			"from": [ -0.5, 21.875, 7 ],
			"to": [ 3.5, 22.875, 8.5 ],
			"faces": {
				"down": { "uv": [ 7.5, 8, 9, 12 ], "texture": "#texture", "rotation": 90 },
				"up": { "uv": [ 14.5, 15.5, 13, 7.5 ], "texture": "#texture", "rotation": 270 },
				"north": { "uv": [ 2, 12, 1, 8 ], "texture": "#texture", "rotation": 90 },
				"south": { "uv": [ 9, 14.5, 8, 13.5 ], "texture": "#texture", "rotation": 270 },
				"west": { "uv": [ 15, 9, 14, 7.5 ], "texture": "#texture", "rotation": 270 },
				"east": { "uv": [ 14, 7, 15, 8.5 ], "texture": "#texture", "rotation": 90 }
			}
		},
		{
			"__comment": "Box8",
			"from": [ 1.5, 21.875, 7 ],
			"to": [ 5.5, 22.875, 8.5 ],
			"faces": {
				"down": { "uv": [ 7.5, 8, 9, 12 ], "texture": "#texture", "rotation": 90 },
				"up": { "uv": [ 14.5, 11.5, 13, 7.5 ], "texture": "#texture", "rotation": 270 },
				"north": { "uv": [ 2, 12, 1, 8 ], "texture": "#texture", "rotation": 90 },
				"south": { "uv": [ 9.5, 14.5, 8, 13.5 ], "texture": "#texture", "rotation": 270 },
				"west": { "uv": [ 15, 9, 14, 7.5 ], "texture": "#texture", "rotation": 270 },
				"east": { "uv": [ 14, 7, 15, 8.5 ], "texture": "#texture", "rotation": 90 }
			}
		},
		{
			"__comment": "Box8",
			"from": [ 5.5, 21.625, 7 ],
			"to": [ 9.5, 22.625, 8.5 ],
			"faces": {
				"down": { "uv": [ 7.5, 8, 9, 12 ], "texture": "#texture", "rotation": 90 },
				"up": { "uv": [ 14.5, 11.5, 13, 7.5 ], "texture": "#texture", "rotation": 270 },
				"north": { "uv": [ 2, 12, 1, 8 ], "texture": "#texture", "rotation": 90 },
				"south": { "uv": [ 10, 14.5, 9, 13 ], "texture": "#texture", "rotation": 270 },
				"west": { "uv": [ 15, 9, 14, 7.5 ], "texture": "#texture", "rotation": 270 },
				"east": { "uv": [ 14, 7, 15, 8.5 ], "texture": "#texture", "rotation": 90 }
			}
		},
		{
			"__comment": "Box8",
			"from": [ 8, 21.625, 7 ],
			"to": [ 12, 22.625, 8.5 ],
			"faces": {
				"down": { "uv": [ 7.5, 8, 9, 12 ], "texture": "#texture", "rotation": 90 },
				"up": { "uv": [ 14.5, 12, 13, 8 ], "texture": "#texture", "rotation": 270 },
				"north": { "uv": [ 2, 12, 1, 8 ], "texture": "#texture", "rotation": 90 },
				"south": { "uv": [ 15, 12, 14, 8 ], "texture": "#texture", "rotation": 270 },
				"west": { "uv": [ 15, 9, 14, 7.5 ], "texture": "#texture", "rotation": 270 },
				"east": { "uv": [ 14, 7, 15, 8.5 ], "texture": "#texture", "rotation": 90 }
			}
		},
		{
			"__comment": "Box8",
			"from": [ 9.5, 21.625, 7 ],
			"to": [ 13.5, 22.625, 8.5 ],
			"faces": {
				"down": { "uv": [ 7.5, 8, 9, 12 ], "texture": "#texture", "rotation": 90 },
				"up": { "uv": [ 14.5, 12, 13, 8 ], "texture": "#texture", "rotation": 270 },
				"north": { "uv": [ 2, 12, 1, 8 ], "texture": "#texture", "rotation": 90 },
				"south": { "uv": [ 15, 12, 14, 8 ], "texture": "#texture", "rotation": 270 },
				"west": { "uv": [ 15, 9, 14, 7.5 ], "texture": "#texture", "rotation": 270 },
				"east": { "uv": [ 14, 7, 15, 8.5 ], "texture": "#texture", "rotation": 90 }
			}
		},
		{
			"__comment": "Box8",
			"from": [ 11.625, 21.875, 7 ],
			"to": [ 15.625, 22.875, 8.5 ],
			"faces": {
				"down": { "uv": [ 7.5, 8, 9, 12 ], "texture": "#texture", "rotation": 90 },
				"up": { "uv": [ 14.5, 12, 13, 8 ], "texture": "#texture", "rotation": 270 },
				"north": { "uv": [ 2, 12, 1, 8 ], "texture": "#texture", "rotation": 90 },
				"south": { "uv": [ 15, 12, 14, 8 ], "texture": "#texture", "rotation": 270 },
				"west": { "uv": [ 15, 9, 14, 7.5 ], "texture": "#texture", "rotation": 270 },
				"east": { "uv": [ 14, 7, 15, 8.5 ], "texture": "#texture", "rotation": 90 }
			}
		},
		{
			"__comment": "Box16",
			"from": [ 17.5, 19.125, 7 ],
			"to": [ 18.5, 23.125, 8.5 ],
			"rotation": { "origin": [ 18.5, 19.125, 7 ], "axis": "z", "angle": 22.5 },
			"faces": {
				"down": { "uv": [ 14, 2, 13, 1 ], "texture": "#texture", "rotation": 90 },
				"up": { "uv": [ 13.5, 1, 14.5, 2 ], "texture": "#texture", "rotation": 270 },
				"north": { "uv": [ 13.5, 12, 12.5, 11 ], "texture": "#texture", "rotation": 270 },
				"south": { "uv": [ 6.5, 5, 5.5, 4 ], "texture": "#texture", "rotation": 90 },
				"west": { "uv": [ 3.5, 15, 2.5, 14 ], "texture": "#texture", "rotation": 90 },
				"east": { "uv": [ 13, 7.5, 15, 13.5 ], "texture": "#texture", "rotation": 270 }
			}
		},
		{
			"__comment": "Box8",
			"from": [ 13, 21.875, 7 ],
			"to": [ 17, 22.875, 8.5 ],
			"faces": {
				"down": { "uv": [ 7.5, 8, 9, 12 ], "texture": "#texture", "rotation": 90 },
				"up": { "uv": [ 14.5, 12, 13, 8 ], "texture": "#texture", "rotation": 270 },
				"north": { "uv": [ 2, 12, 1, 8 ], "texture": "#texture", "rotation": 90 },
				"south": { "uv": [ 15, 12, 14, 8 ], "texture": "#texture", "rotation": 270 },
				"west": { "uv": [ 15, 9, 14, 7.5 ], "texture": "#texture", "rotation": 270 },
				"east": { "uv": [ 14, 7, 15, 8.5 ], "texture": "#texture", "rotation": 90 }
			}
		},
		{
			"__comment": "Box8",
			"from": [ -0.5, 21.875, 7.375 ],
			"to": [ 3.5, 22.875, 8.875 ],
			"faces": {
				"down": { "uv": [ 7.5, 8, 9, 12 ], "texture": "#texture", "rotation": 90 },
				"up": { "uv": [ 14.5, 15.5, 13, 7.5 ], "texture": "#texture", "rotation": 270 },
				"north": { "uv": [ 2, 12, 1, 8 ], "texture": "#texture", "rotation": 90 },
				"south": { "uv": [ 9, 14.5, 8, 13.5 ], "texture": "#texture", "rotation": 270 },
				"west": { "uv": [ 15, 9, 14, 7.5 ], "texture": "#texture", "rotation": 270 },
				"east": { "uv": [ 14, 7, 15, 8.5 ], "texture": "#texture", "rotation": 90 }
			}
		},
		{
			"__comment": "Box8",
			"from": [ 1.5, 21.875, 7.375 ],
			"to": [ 5.5, 22.875, 8.875 ],
			"faces": {
				"down": { "uv": [ 7.5, 8, 9, 12 ], "texture": "#texture", "rotation": 90 },
				"up": { "uv": [ 14.5, 11.5, 13, 7.5 ], "texture": "#texture", "rotation": 270 },
				"north": { "uv": [ 2, 12, 1, 8 ], "texture": "#texture", "rotation": 90 },
				"south": { "uv": [ 9.5, 14.5, 8, 13.5 ], "texture": "#texture", "rotation": 270 },
				"west": { "uv": [ 15, 9, 14, 7.5 ], "texture": "#texture", "rotation": 270 },
				"east": { "uv": [ 14, 7, 15, 8.5 ], "texture": "#texture", "rotation": 90 }
			}
		},
		{
			"__comment": "Box8",
			"from": [ 5.5, 21.625, 7.375 ],
			"to": [ 9.5, 22.625, 8.875 ],
			"faces": {
				"down": { "uv": [ 7.5, 8, 9, 12 ], "texture": "#texture", "rotation": 90 },
				"up": { "uv": [ 14.5, 11.5, 13, 7.5 ], "texture": "#texture", "rotation": 270 },
				"north": { "uv": [ 2, 12, 1, 8 ], "texture": "#texture", "rotation": 90 },
				"south": { "uv": [ 10, 14.5, 9, 13 ], "texture": "#texture", "rotation": 270 },
				"west": { "uv": [ 15, 9, 14, 7.5 ], "texture": "#texture", "rotation": 270 },
				"east": { "uv": [ 14, 7, 15, 8.5 ], "texture": "#texture", "rotation": 90 }
			}
		},
		{
			"__comment": "Box8",
			"from": [ 8, 21.625, 7.375 ],
			"to": [ 12, 22.625, 8.875 ],
			"faces": {
				"down": { "uv": [ 7.5, 8, 9, 12 ], "texture": "#texture", "rotation": 90 },
				"up": { "uv": [ 14.5, 12, 13, 8 ], "texture": "#texture", "rotation": 270 },
				"north": { "uv": [ 2, 12, 1, 8 ], "texture": "#texture", "rotation": 90 },
				"south": { "uv": [ 15, 12, 14, 8 ], "texture": "#texture", "rotation": 270 },
				"west": { "uv": [ 15, 9, 14, 7.5 ], "texture": "#texture", "rotation": 270 },
				"east": { "uv": [ 14, 7, 15, 8.5 ], "texture": "#texture", "rotation": 90 }
			}
		},
		{
			"__comment": "Box8",
			"from": [ 9.5, 21.625, 7.375 ],
			"to": [ 13.5, 22.625, 8.875 ],
			"faces": {
				"down": { "uv": [ 7.5, 8, 9, 12 ], "texture": "#texture", "rotation": 90 },
				"up": { "uv": [ 14.5, 12, 13, 8 ], "texture": "#texture", "rotation": 270 },
				"north": { "uv": [ 2, 12, 1, 8 ], "texture": "#texture", "rotation": 90 },
				"south": { "uv": [ 15, 12, 14, 8 ], "texture": "#texture", "rotation": 270 },
				"west": { "uv": [ 15, 9, 14, 7.5 ], "texture": "#texture", "rotation": 270 },
				"east": { "uv": [ 14, 7, 15, 8.5 ], "texture": "#texture", "rotation": 90 }
			}
		},
		{
			"__comment": "Box8",
			"from": [ 11.625, 21.875, 7.375 ],
			"to": [ 15.625, 22.875, 8.875 ],
			"faces": {
				"down": { "uv": [ 7.5, 8, 9, 12 ], "texture": "#texture", "rotation": 90 },
				"up": { "uv": [ 14.5, 12, 13, 8 ], "texture": "#texture", "rotation": 270 },
				"north": { "uv": [ 2, 12, 1, 8 ], "texture": "#texture", "rotation": 90 },
				"south": { "uv": [ 15, 12, 14, 8 ], "texture": "#texture", "rotation": 270 },
				"west": { "uv": [ 15, 9, 14, 7.5 ], "texture": "#texture", "rotation": 270 },
				"east": { "uv": [ 14, 7, 15, 8.5 ], "texture": "#texture", "rotation": 90 }
			}
		},
		{
			"__comment": "Box8",
			"from": [ 13, 21.875, 7.375 ],
			"to": [ 17, 22.875, 8.875 ],
			"faces": {
				"down": { "uv": [ 7.5, 8, 9, 12 ], "texture": "#texture", "rotation": 90 },
				"up": { "uv": [ 14.5, 12, 13, 8 ], "texture": "#texture", "rotation": 270 },
				"north": { "uv": [ 2, 12, 1, 8 ], "texture": "#texture", "rotation": 90 },
				"south": { "uv": [ 15, 12, 14, 8 ], "texture": "#texture", "rotation": 270 },
				"west": { "uv": [ 15, 9, 14, 7.5 ], "texture": "#texture", "rotation": 270 },
				"east": { "uv": [ 14, 7, 15, 8.5 ], "texture": "#texture", "rotation": 90 }
			}
		},
		{
			"__comment": "Box16",
			"from": [ 17.5, 19.125, 7.375 ],
			"to": [ 18.5, 23.125, 8.875 ],
			"rotation": { "origin": [ 18.5, 19.125, 7.375 ], "axis": "z", "angle": 22.5 },
			"faces": {
				"down": { "uv": [ 14, 2, 13, 1 ], "texture": "#texture", "rotation": 90 },
				"up": { "uv": [ 13.5, 1, 14.5, 2 ], "texture": "#texture", "rotation": 270 },
				"north": { "uv": [ 13.5, 12, 12.5, 11 ], "texture": "#texture", "rotation": 270 },
				"south": { "uv": [ 6.5, 5, 5.5, 4 ], "texture": "#texture", "rotation": 90 },
				"west": { "uv": [ 3.5, 15, 2.5, 14 ], "texture": "#texture", "rotation": 90 },
				"east": { "uv": [ 13, 7.5, 15, 13.5 ], "texture": "#texture", "rotation": 270 }
			}
		},
		{
			"__comment": "Box8",
			"from": [ -2, 19.125, 7.375 ],
			"to": [ -1, 23.125, 8.875 ],
			"rotation": { "origin": [ -2, 19.125, 7.375 ], "axis": "z", "angle": -22.5 },
			"faces": {
				"down": { "uv": [ 14, 7.5, 15, 9 ], "texture": "#texture" },
				"up": { "uv": [ 14, 7, 15, 8.5 ], "texture": "#texture" },
				"north": { "uv": [ 1, 8, 2, 12 ], "texture": "#texture" },
				"south": { "uv": [ 9, 13.5, 10, 14.5 ], "texture": "#texture" },
				"west": { "uv": [ 13, 7.5, 14.5, 16 ], "texture": "#texture" },
				"east": { "uv": [ 6.5, 3.5, 8, 5.5 ], "texture": "#texture" }
			}
		},
		{
			"__comment": "Box8",
			"from": [ -0.75, 18, 7 ],
			"to": [ 5.25, 22, 8.5 ],
			"faces": {
				"down": { "uv": [ 7.5, 8, 9, 12 ], "texture": "#texture", "rotation": 90 },
				"up": { "uv": [ 14.5, 11.5, 13, 7.5 ], "texture": "#texture", "rotation": 270 },
				"north": { "uv": [ 2, 12, 1, 8 ], "texture": "#texture", "rotation": 90 },
				"south": { "uv": [ 9.5, 14.5, 8, 13.5 ], "texture": "#texture", "rotation": 270 },
				"west": { "uv": [ 15, 9, 14, 7.5 ], "texture": "#texture", "rotation": 270 },
				"east": { "uv": [ 14, 7, 15, 8.5 ], "texture": "#texture", "rotation": 90 }
			}
		},
		{
			"__comment": "Box8",
			"from": [ -1.25, 18.75, 7.375 ],
			"to": [ 4.75, 20.25, 8.875 ],
			"faces": {
				"down": { "uv": [ 7.5, 8, 9, 12 ], "texture": "#texture", "rotation": 90 },
				"up": { "uv": [ 14.5, 11.5, 13, 7.5 ], "texture": "#texture", "rotation": 270 },
				"north": { "uv": [ 2, 12, 1, 8 ], "texture": "#texture", "rotation": 90 },
				"south": { "uv": [ 9.5, 14.5, 8, 13.5 ], "texture": "#texture", "rotation": 270 },
				"west": { "uv": [ 15, 9, 14, 7.5 ], "texture": "#texture", "rotation": 270 },
				"east": { "uv": [ 14, 7, 15, 8.5 ], "texture": "#texture", "rotation": 90 }
			}
		},
		{
			"__comment": "Box8",
			"from": [ 11.625, 17.125, 7 ],
			"to": [ 17.625, 21.125, 8.5 ],
			"faces": {
				"down": { "uv": [ 7.5, 8, 9, 12 ], "texture": "#texture", "rotation": 90 },
				"up": { "uv": [ 14.5, 11.5, 13, 7.5 ], "texture": "#texture", "rotation": 270 },
				"north": { "uv": [ 2, 12, 1, 8 ], "texture": "#texture", "rotation": 90 },
				"south": { "uv": [ 9.5, 14.5, 8, 13.5 ], "texture": "#texture", "rotation": 270 },
				"west": { "uv": [ 15, 9, 14, 7.5 ], "texture": "#texture", "rotation": 270 },
				"east": { "uv": [ 14, 7, 15, 8.5 ], "texture": "#texture", "rotation": 90 }
			}
		},
		{
			"__comment": "Box8",
			"from": [ 11.625, 21, 7 ],
			"to": [ 17.125, 22, 8.5 ],
			"faces": {
				"down": { "uv": [ 7.5, 8, 9, 12 ], "texture": "#texture", "rotation": 90 },
				"up": { "uv": [ 14.5, 11.5, 13, 7.5 ], "texture": "#texture", "rotation": 270 },
				"north": { "uv": [ 2, 12, 1, 8 ], "texture": "#texture", "rotation": 90 },
				"south": { "uv": [ 9.5, 14.5, 8, 13.5 ], "texture": "#texture", "rotation": 270 },
				"west": { "uv": [ 15, 9, 14, 7.5 ], "texture": "#texture", "rotation": 270 },
				"east": { "uv": [ 14, 7, 15, 8.5 ], "texture": "#texture", "rotation": 90 }
			}
		},
		{
			"__comment": "Box8",
			"from": [ 11.5, 17.125, 7.375 ],
			"to": [ 17.5, 21.125, 8.875 ],
			"faces": {
				"down": { "uv": [ 7.5, 8, 9, 12 ], "texture": "#texture", "rotation": 90 },
				"up": { "uv": [ 14.5, 11.5, 13, 7.5 ], "texture": "#texture", "rotation": 270 },
				"north": { "uv": [ 2, 12, 1, 8 ], "texture": "#texture", "rotation": 90 },
				"south": { "uv": [ 9.5, 14.5, 8, 13.5 ], "texture": "#texture", "rotation": 270 },
				"west": { "uv": [ 15, 9, 14, 7.5 ], "texture": "#texture", "rotation": 270 },
				"east": { "uv": [ 14, 7, 15, 8.5 ], "texture": "#texture", "rotation": 90 }
			}
		},
		{
			"__comment": "Box8",
			"from": [ 11.5, 21, 7.375 ],
			"to": [ 17, 22, 8.875 ],
			"faces": {
				"down": { "uv": [ 7.5, 8, 9, 12 ], "texture": "#texture", "rotation": 90 },
				"up": { "uv": [ 14.5, 11.5, 13, 7.5 ], "texture": "#texture", "rotation": 270 },
				"north": { "uv": [ 2, 12, 1, 8 ], "texture": "#texture", "rotation": 90 },
				"south": { "uv": [ 9.5, 14.5, 8, 13.5 ], "texture": "#texture", "rotation": 270 },
				"west": { "uv": [ 15, 9, 14, 7.5 ], "texture": "#texture", "rotation": 270 },
				"east": { "uv": [ 14, 7, 15, 8.5 ], "texture": "#texture", "rotation": 90 }
			}
		},
		{
			"__comment": "Box8",
			"from": [ -0.75, 18, 7.375 ],
			"to": [ 5.25, 22, 8.875 ],
			"faces": {
				"down": { "uv": [ 7.5, 8, 9, 12 ], "texture": "#texture", "rotation": 90 },
				"up": { "uv": [ 14.5, 11.5, 13, 7.5 ], "texture": "#texture", "rotation": 270 },
				"north": { "uv": [ 2, 12, 1, 8 ], "texture": "#texture", "rotation": 90 },
				"south": { "uv": [ 9.5, 14.5, 8, 13.5 ], "texture": "#texture", "rotation": 270 },
				"west": { "uv": [ 15, 9, 14, 7.5 ], "texture": "#texture", "rotation": 270 },
				"east": { "uv": [ 14, 7, 15, 8.5 ], "texture": "#texture", "rotation": 90 }
			}
		},
		{
			"__comment": "Box8",
			"from": [ 5.125, 21.625, 7.5 ],
			"to": [ 9.125, 22.625, 9 ],
			"faces": {
				"down": { "uv": [ 7.5, 8, 9, 12 ], "texture": "#texture", "rotation": 90 },
				"up": { "uv": [ 14.5, 11.5, 13, 7.5 ], "texture": "#texture", "rotation": 270 },
				"north": { "uv": [ 2, 12, 1, 8 ], "texture": "#texture", "rotation": 90 },
				"south": { "uv": [ 10, 14.5, 9, 13 ], "texture": "#texture", "rotation": 270 },
				"west": { "uv": [ 15, 9, 14, 7.5 ], "texture": "#texture", "rotation": 270 },
				"east": { "uv": [ 14, 7, 15, 8.5 ], "texture": "#texture", "rotation": 90 }
			}
		},
		{
			"__comment": "Box8",
			"from": [ 5.5, 22.375, 7.5 ],
			"to": [ 6, 22.875, 9 ],
			"rotation": { "origin": [ 5.5, 22.875, 7.5 ], "axis": "z", "angle": -45 },
			"faces": {
				"down": { "uv": [ 7.5, 8, 9, 12 ], "texture": "#texture", "rotation": 90 },
				"up": { "uv": [ 14.5, 11.5, 13, 7.5 ], "texture": "#texture", "rotation": 270 },
				"north": { "uv": [ 2, 12, 1, 8 ], "texture": "#texture", "rotation": 90 },
				"south": { "uv": [ 9.5, 14.5, 8, 13.5 ], "texture": "#texture", "rotation": 270 },
				"west": { "uv": [ 15, 9, 14, 7.5 ], "texture": "#texture", "rotation": 270 },
				"east": { "uv": [ 14, 7, 15, 8.5 ], "texture": "#texture", "rotation": 90 }
			}
		},
		{
			"__comment": "Box8",
			"from": [ 11.625, 22.375, 7.5 ],
			"to": [ 12.125, 22.875, 9 ],
			"rotation": { "origin": [ 11.625, 22.875, 7.5 ], "axis": "z", "angle": -45 },
			"faces": {
				"down": { "uv": [ 7.5, 8, 9, 12 ], "texture": "#texture", "rotation": 90 },
				"up": { "uv": [ 14.5, 11.5, 13, 7.5 ], "texture": "#texture", "rotation": 270 },
				"north": { "uv": [ 2, 12, 1, 8 ], "texture": "#texture", "rotation": 90 },
				"south": { "uv": [ 9.5, 14.5, 8, 13.5 ], "texture": "#texture", "rotation": 270 },
				"west": { "uv": [ 15, 9, 14, 7.5 ], "texture": "#texture", "rotation": 270 },
				"east": { "uv": [ 14, 7, 15, 8.5 ], "texture": "#texture", "rotation": 90 }
			}
		}
	],
	"display": {
		"thirdperson_righthand": {
			"rotation":  [ 0, 89, 89 ],
			"translation":  [ 0, 0, -4.869 ],
			"scale":  [ 0.5, 0.5, 0.5 ]
		},
		"thirdperson_lefthand": {
			"scale":  [ 0.0001, 0.0001, 0.0001 ]
		},
		"firstperson_righthand": {
			"rotation":  [ -9, 0, -3 ],
			"translation":  [ 0, 0, -3.478 ],
			"scale":  [ 0.6, 0.6, -0.717 ]
		},
		"firstperson_lefthand": {
			"scale":  [ 0.0001, 0.0001, 0.0001 ]
		},
		"gui": {
			"rotation":  [ 0, -45, 0 ],
			"translation":  [ 0, -2.782, 0 ],
			"scale":  [ 0.6, 0.6, -0.6 ]
		},
		"ground": {
			"scale":  [ 0.5, 0.5, 0.5 ]
		}
	}
}