{
	"__comment": "Designed by Optimus0812 with Cubik Studio - https://cubik.studio",
	"textures": {
		"gasoline_canister": "dayz/equipment/container/gasoline_canister"
	},
	"elements": [ 	 
		{
			"__comment": "gasoline_canister1",
			"from": [ 6, 0, 3 ],
			"to": [ 9, 0.5, 13 ],
			"faces": {
				"down": { "uv": [ 3, 15.5, 13, 16 ], "texture": "#gasoline_canister", "rotation": 270 },
				"up": { "uv": [ 3, 16, 13, 15.5 ], "texture": "#gasoline_canister", "rotation": 90 },
				"north": { "uv": [ 3, 15.5, 3.5, 16 ], "texture": "#gasoline_canister" },
				"south": { "uv": [ 13, 15.5, 12.5, 16 ], "texture": "#gasoline_canister" },
				"west": { "uv": [ 3, 15.5, 13, 16 ], "texture": "#gasoline_canister" },
				"east": { "uv": [ 13, 15.5, 3, 16 ], "texture": "#gasoline_canister" }
			}
		},
		{
			"__comment": "gasoline_canister2",
			"from": [ 6, 0.5, 2.5 ],
			"to": [ 9, 1, 3 ],
			"faces": {
				"down": { "uv": [ 2.5, 15, 3, 15.5 ], "texture": "#gasoline_canister", "rotation": 270 },
				"up": { "uv": [ 2.5, 15.5, 3, 15 ], "texture": "#gasoline_canister", "rotation": 90 },
				"north": { "uv": [ 2.5, 15, 3, 15.5 ], "texture": "#gasoline_canister" },
				"south": { "uv": [ 3, 15, 2.5, 15.5 ], "texture": "#gasoline_canister" },
				"west": { "uv": [ 2.5, 15, 3, 15.5 ], "texture": "#gasoline_canister" },
				"east": { "uv": [ 3, 15, 2.5, 15.5 ], "texture": "#gasoline_canister" }
			}
		},
		{
			"__comment": "gasoline_canister3",
			"from": [ 6, 0.5, 13 ],
			"to": [ 9, 1, 13.5 ],
			"faces": {
				"down": { "uv": [ 13, 15, 13.5, 15.5 ], "texture": "#gasoline_canister", "rotation": 270 },
				"up": { "uv": [ 13, 15.5, 13.5, 15 ], "texture": "#gasoline_canister", "rotation": 90 },
				"north": { "uv": [ 13, 15, 13.5, 15.5 ], "texture": "#gasoline_canister" },
				"south": { "uv": [ 13.5, 15, 13, 15.5 ], "texture": "#gasoline_canister" },
				"west": { "uv": [ 13, 15, 13.5, 15.5 ], "texture": "#gasoline_canister" },
				"east": { "uv": [ 13.5, 15, 13, 15.5 ], "texture": "#gasoline_canister" }
			}
		},
		{
			"__comment": "gasoline_canister4",
			"from": [ 6, 1, 13.5 ],
			"to": [ 9, 14.5, 14 ],
			"faces": {
				"down": { "uv": [ 13.5, 14.5, 14, 15 ], "texture": "#gasoline_canister", "rotation": 270 },
				"up": { "uv": [ 13.5, 2, 14, 1.5 ], "texture": "#gasoline_canister", "rotation": 90 },
				"north": { "uv": [ 13.5, 1.5, 14, 15 ], "texture": "#gasoline_canister" },
				"south": { "uv": [ 14, 1.5, 13.5, 15 ], "texture": "#gasoline_canister" },
				"west": { "uv": [ 13.5, 1.5, 14, 15 ], "texture": "#gasoline_canister" },
				"east": { "uv": [ 14, 1.5, 13.5, 15 ], "texture": "#gasoline_canister" }
			}
		},
		{
			"__comment": "gasoline_canister5",
			"from": [ 6, 1, 2 ],
			"to": [ 9, 12, 2.5 ],
			"faces": {
				"down": { "uv": [ 2, 14.5, 2.5, 15 ], "texture": "#gasoline_canister", "rotation": 270 },
				"up": { "uv": [ 2, 4.5, 2.5, 4 ], "texture": "#gasoline_canister", "rotation": 90 },
				"north": { "uv": [ 2, 4, 2.5, 15 ], "texture": "#gasoline_canister" },
				"south": { "uv": [ 2.5, 4, 2, 15 ], "texture": "#gasoline_canister" },
				"west": { "uv": [ 2, 4, 2.5, 15 ], "texture": "#gasoline_canister" },
				"east": { "uv": [ 2.5, 4, 2, 15 ], "texture": "#gasoline_canister" }
			}
		},
		{
			"__comment": "gasoline_canister6",
			"from": [ 6, 12, 2.5 ],
			"to": [ 9, 13, 3 ],
			"faces": {
				"down": { "uv": [ 2.5, 3.5, 3, 4 ], "texture": "#gasoline_canister", "rotation": 270 },
				"up": { "uv": [ 2.5, 3.5, 3, 3 ], "texture": "#gasoline_canister", "rotation": 90 },
				"north": { "uv": [ 2.5, 3, 3, 4 ], "texture": "#gasoline_canister" },
				"south": { "uv": [ 3, 3, 2.5, 4 ], "texture": "#gasoline_canister" },
				"west": { "uv": [ 2.5, 3, 3, 4 ], "texture": "#gasoline_canister" },
				"east": { "uv": [ 3, 3, 2.5, 4 ], "texture": "#gasoline_canister" }
			}
		},
		{
			"__comment": "gasoline_canister7",
			"from": [ 6, 13, 3 ],
			"to": [ 9, 13.5, 4 ],
			"faces": {
				"down": { "uv": [ 3, 2.5, 4, 3 ], "texture": "#gasoline_canister", "rotation": 270 },
				"up": { "uv": [ 3, 3, 4, 2.5 ], "texture": "#gasoline_canister", "rotation": 90 },
				"north": { "uv": [ 3, 2.5, 3.5, 3 ], "texture": "#gasoline_canister" },
				"south": { "uv": [ 4, 2.5, 3.5, 3 ], "texture": "#gasoline_canister" },
				"west": { "uv": [ 3, 2.5, 4, 3 ], "texture": "#gasoline_canister" },
				"east": { "uv": [ 4, 2.5, 3, 3 ], "texture": "#gasoline_canister" }
			}
		},
		{
			"__comment": "gasoline_canister8",
			"from": [ 6, 13.5, 4 ],
			"to": [ 9, 14, 7 ],
			"faces": {
				"down": { "uv": [ 4, 2, 7, 2.5 ], "texture": "#gasoline_canister", "rotation": 270 },
				"up": { "uv": [ 4, 2.5, 7, 2 ], "texture": "#gasoline_canister", "rotation": 90 },
				"north": { "uv": [ 4, 2, 4.5, 2.5 ], "texture": "#gasoline_canister" },
				"south": { "uv": [ 7, 2, 6.5, 2.5 ], "texture": "#gasoline_canister" },
				"west": { "uv": [ 4, 2, 7, 2.5 ], "texture": "#gasoline_canister" },
				"east": { "uv": [ 7, 2, 4, 2.5 ], "texture": "#gasoline_canister" }
			}
		},
		{
			"__comment": "gasoline_canister9",
			"from": [ 6, 14, 7 ],
			"to": [ 9, 14.5, 10 ],
			"faces": {
				"down": { "uv": [ 7, 1.5, 10, 2 ], "texture": "#gasoline_canister", "rotation": 270 },
				"up": { "uv": [ 7, 2, 10, 1.5 ], "texture": "#gasoline_canister", "rotation": 90 },
				"north": { "uv": [ 7, 1.5, 7.5, 2 ], "texture": "#gasoline_canister" },
				"south": { "uv": [ 10, 1.5, 9.5, 2 ], "texture": "#gasoline_canister" },
				"west": { "uv": [ 7, 1.5, 10, 2 ], "texture": "#gasoline_canister" },
				"east": { "uv": [ 10, 1.5, 7, 2 ], "texture": "#gasoline_canister" }
			}
		},
		{
			"__comment": "gasoline_canister10",
			"from": [ 6, 14.5, 10 ],
			"to": [ 9, 15, 10.5 ],
			"faces": {
				"down": { "uv": [ 10, 1, 10.5, 1.5 ], "texture": "#gasoline_canister", "rotation": 270 },
				"up": { "uv": [ 10, 1.5, 10.5, 1 ], "texture": "#gasoline_canister", "rotation": 90 },
				"north": { "uv": [ 10, 1, 10.5, 1.5 ], "texture": "#gasoline_canister" },
				"south": { "uv": [ 10.5, 1, 10, 1.5 ], "texture": "#gasoline_canister" },
				"west": { "uv": [ 10, 1, 10.5, 1.5 ], "texture": "#gasoline_canister" },
				"east": { "uv": [ 10.5, 1, 10, 1.5 ], "texture": "#gasoline_canister" }
			}
		},
		{
			"__comment": "gasoline_canister11",
			"from": [ 6, 15, 10.5 ],
			"to": [ 9, 15.5, 11 ],
			"faces": {
				"down": { "uv": [ 10.5, 0.5, 11, 1 ], "texture": "#gasoline_canister", "rotation": 270 },
				"up": { "uv": [ 10.5, 1, 11, 0.5 ], "texture": "#gasoline_canister", "rotation": 90 },
				"north": { "uv": [ 10.5, 0.5, 11, 1 ], "texture": "#gasoline_canister" },
				"south": { "uv": [ 11, 0.5, 10.5, 1 ], "texture": "#gasoline_canister" },
				"west": { "uv": [ 10.5, 0.5, 11, 1 ], "texture": "#gasoline_canister" },
				"east": { "uv": [ 11, 0.5, 10.5, 1 ], "texture": "#gasoline_canister" }
			}
		},
		{
			"__comment": "gasoline_canister12",
			"from": [ 6, 15.5, 11 ],
			"to": [ 9, 16, 13 ],
			"faces": {
				"down": { "uv": [ 11, 0, 13, 0.5 ], "texture": "#gasoline_canister", "rotation": 270 },
				"up": { "uv": [ 11, 0.5, 13, 0 ], "texture": "#gasoline_canister", "rotation": 90 },
				"north": { "uv": [ 11, 0, 11.5, 0.5 ], "texture": "#gasoline_canister" },
				"south": { "uv": [ 13, 0, 12.5, 0.5 ], "texture": "#gasoline_canister" },
				"west": { "uv": [ 11, 0, 13, 0.5 ], "texture": "#gasoline_canister" },
				"east": { "uv": [ 13, 0, 11, 0.5 ], "texture": "#gasoline_canister" }
			}
		},
		{
			"__comment": "gasoline_canister13",
			"from": [ 6, 14.5, 13 ],
			"to": [ 9, 15.5, 13.5 ],
			"faces": {
				"down": { "uv": [ 13, 1, 13.5, 1.5 ], "texture": "#gasoline_canister", "rotation": 270 },
				"up": { "uv": [ 13, 1, 13.5, 0.5 ], "texture": "#gasoline_canister", "rotation": 90 },
				"north": { "uv": [ 13, 0.5, 13.5, 1.5 ], "texture": "#gasoline_canister" },
				"south": { "uv": [ 13.5, 0.5, 13, 1.5 ], "texture": "#gasoline_canister" },
				"west": { "uv": [ 13, 0.5, 13.5, 1.5 ], "texture": "#gasoline_canister" },
				"east": { "uv": [ 13.5, 0.5, 13, 1.5 ], "texture": "#gasoline_canister" }
			}
		},
		{
			"__comment": "gasoline_canister14",
			"from": [ 6, 2.5, 3 ],
			"to": [ 9, 3, 4 ],
			"faces": {
				"down": { "uv": [ 3, 13, 4, 13.5 ], "texture": "#gasoline_canister", "rotation": 270 },
				"up": { "uv": [ 3, 13.5, 4, 13 ], "texture": "#gasoline_canister", "rotation": 90 },
				"north": { "uv": [ 3, 13, 3.5, 13.5 ], "texture": "#gasoline_canister" },
				"south": { "uv": [ 4, 13, 3.5, 13.5 ], "texture": "#gasoline_canister" },
				"west": { "uv": [ 3, 13, 4, 13.5 ], "texture": "#gasoline_canister" },
				"east": { "uv": [ 4, 13, 3, 13.5 ], "texture": "#gasoline_canister" }
			}
		},
		{
			"__comment": "gasoline_canister15",
			"from": [ 6, 3, 3.5 ],
			"to": [ 9, 3.5, 4.5 ],
			"faces": {
				"down": { "uv": [ 3.5, 12.5, 4.5, 13 ], "texture": "#gasoline_canister", "rotation": 270 },
				"up": { "uv": [ 3.5, 13, 4.5, 12.5 ], "texture": "#gasoline_canister", "rotation": 90 },
				"north": { "uv": [ 3.5, 12.5, 4, 13 ], "texture": "#gasoline_canister" },
				"south": { "uv": [ 4.5, 12.5, 4, 13 ], "texture": "#gasoline_canister" },
				"west": { "uv": [ 3.5, 12.5, 4.5, 13 ], "texture": "#gasoline_canister" },
				"east": { "uv": [ 4.5, 12.5, 3.5, 13 ], "texture": "#gasoline_canister" }
			}
		},
		{
			"__comment": "gasoline_canister16",
			"from": [ 6, 3.5, 4 ],
			"to": [ 9, 4, 5 ],
			"faces": {
				"down": { "uv": [ 4, 12, 5, 12.5 ], "texture": "#gasoline_canister", "rotation": 270 },
				"up": { "uv": [ 4, 12.5, 5, 12 ], "texture": "#gasoline_canister", "rotation": 90 },
				"north": { "uv": [ 4, 12, 4.5, 12.5 ], "texture": "#gasoline_canister" },
				"south": { "uv": [ 5, 12, 4.5, 12.5 ], "texture": "#gasoline_canister" },
				"west": { "uv": [ 4, 12, 5, 12.5 ], "texture": "#gasoline_canister" },
				"east": { "uv": [ 5, 12, 4, 12.5 ], "texture": "#gasoline_canister" }
			}
		},
		{
			"__comment": "gasoline_canister17",
			"from": [ 6, 4, 4.5 ],
			"to": [ 9, 4.5, 5.5 ],
			"faces": {
				"down": { "uv": [ 4.5, 11.5, 5.5, 12 ], "texture": "#gasoline_canister", "rotation": 270 },
				"up": { "uv": [ 4.5, 12, 5.5, 11.5 ], "texture": "#gasoline_canister", "rotation": 90 },
				"north": { "uv": [ 4.5, 11.5, 5, 12 ], "texture": "#gasoline_canister" },
				"south": { "uv": [ 5.5, 11.5, 5, 12 ], "texture": "#gasoline_canister" },
				"west": { "uv": [ 4.5, 11.5, 5.5, 12 ], "texture": "#gasoline_canister" },
				"east": { "uv": [ 5.5, 11.5, 4.5, 12 ], "texture": "#gasoline_canister" }
			}
		},
		{
			"__comment": "gasoline_canister18",
			"from": [ 6, 4.5, 5 ],
			"to": [ 9, 5, 6.5 ],
			"faces": {
				"down": { "uv": [ 5, 11, 6.5, 11.5 ], "texture": "#gasoline_canister", "rotation": 270 },
				"up": { "uv": [ 5, 11.5, 6.5, 11 ], "texture": "#gasoline_canister", "rotation": 90 },
				"north": { "uv": [ 5, 11, 5.5, 11.5 ], "texture": "#gasoline_canister" },
				"south": { "uv": [ 6.5, 11, 6, 11.5 ], "texture": "#gasoline_canister" },
				"west": { "uv": [ 5, 11, 6.5, 11.5 ], "texture": "#gasoline_canister" },
				"east": { "uv": [ 6.5, 11, 5, 11.5 ], "texture": "#gasoline_canister" }
			}
		},
		{
			"__comment": "gasoline_canister19",
			"from": [ 6, 5, 5.5 ],
			"to": [ 9, 5.5, 10.5 ],
			"faces": {
				"down": { "uv": [ 5.5, 10.5, 10.5, 11 ], "texture": "#gasoline_canister", "rotation": 270 },
				"up": { "uv": [ 5.5, 11, 10.5, 10.5 ], "texture": "#gasoline_canister", "rotation": 90 },
				"north": { "uv": [ 5.5, 10.5, 6, 11 ], "texture": "#gasoline_canister" },
				"south": { "uv": [ 10.5, 10.5, 10, 11 ], "texture": "#gasoline_canister" },
				"west": { "uv": [ 5.5, 10.5, 10.5, 11 ], "texture": "#gasoline_canister" },
				"east": { "uv": [ 10.5, 10.5, 5.5, 11 ], "texture": "#gasoline_canister" }
			}
		},
		{
			"__comment": "gasoline_canister20",
			"from": [ 6, 4.5, 10 ],
			"to": [ 9, 5, 11 ],
			"faces": {
				"down": { "uv": [ 10, 11, 11, 11.5 ], "texture": "#gasoline_canister", "rotation": 270 },
				"up": { "uv": [ 10, 11.5, 11, 11 ], "texture": "#gasoline_canister", "rotation": 90 },
				"north": { "uv": [ 10, 11, 10.5, 11.5 ], "texture": "#gasoline_canister" },
				"south": { "uv": [ 11, 11, 10.5, 11.5 ], "texture": "#gasoline_canister" },
				"west": { "uv": [ 10, 11, 11, 11.5 ], "texture": "#gasoline_canister" },
				"east": { "uv": [ 11, 11, 10, 11.5 ], "texture": "#gasoline_canister" }
			}
		},
		{
			"__comment": "gasoline_canister21",
			"from": [ 6, 4, 10.5 ],
			"to": [ 9, 4.5, 11.5 ],
			"faces": {
				"down": { "uv": [ 10.5, 11.5, 11.5, 12 ], "texture": "#gasoline_canister", "rotation": 270 },
				"up": { "uv": [ 10.5, 12, 11.5, 11.5 ], "texture": "#gasoline_canister", "rotation": 90 },
				"north": { "uv": [ 10.5, 11.5, 11, 12 ], "texture": "#gasoline_canister" },
				"south": { "uv": [ 11.5, 11.5, 11, 12 ], "texture": "#gasoline_canister" },
				"west": { "uv": [ 10.5, 11.5, 11.5, 12 ], "texture": "#gasoline_canister" },
				"east": { "uv": [ 11.5, 11.5, 10.5, 12 ], "texture": "#gasoline_canister" }
			}
		},
		{
			"__comment": "gasoline_canister22",
			"from": [ 6, 3.5, 11 ],
			"to": [ 9, 4, 12 ],
			"faces": {
				"down": { "uv": [ 11, 12, 12, 12.5 ], "texture": "#gasoline_canister", "rotation": 270 },
				"up": { "uv": [ 11, 12.5, 12, 12 ], "texture": "#gasoline_canister", "rotation": 90 },
				"north": { "uv": [ 11, 12, 11.5, 12.5 ], "texture": "#gasoline_canister" },
				"south": { "uv": [ 12, 12, 11.5, 12.5 ], "texture": "#gasoline_canister" },
				"west": { "uv": [ 11, 12, 12, 12.5 ], "texture": "#gasoline_canister" },
				"east": { "uv": [ 12, 12, 11, 12.5 ], "texture": "#gasoline_canister" }
			}
		},
		{
			"__comment": "gasoline_canister23",
			"from": [ 6, 3, 11.5 ],
			"to": [ 9, 3.5, 12.5 ],
			"faces": {
				"down": { "uv": [ 11.5, 12.5, 12.5, 13 ], "texture": "#gasoline_canister", "rotation": 270 },
				"up": { "uv": [ 11.5, 13, 12.5, 12.5 ], "texture": "#gasoline_canister", "rotation": 90 },
				"north": { "uv": [ 11.5, 12.5, 12, 13 ], "texture": "#gasoline_canister" },
				"south": { "uv": [ 12.5, 12.5, 12, 13 ], "texture": "#gasoline_canister" },
				"west": { "uv": [ 11.5, 12.5, 12.5, 13 ], "texture": "#gasoline_canister" },
				"east": { "uv": [ 12.5, 12.5, 11.5, 13 ], "texture": "#gasoline_canister" }
			}
		},
		{
			"__comment": "gasoline_canister24",
			"from": [ 6, 2.5, 12 ],
			"to": [ 9, 3, 13 ],
			"faces": {
				"down": { "uv": [ 12, 13, 13, 13.5 ], "texture": "#gasoline_canister", "rotation": 270 },
				"up": { "uv": [ 12, 13.5, 13, 13 ], "texture": "#gasoline_canister", "rotation": 90 },
				"north": { "uv": [ 12, 13, 12.5, 13.5 ], "texture": "#gasoline_canister" },
				"south": { "uv": [ 13, 13, 12.5, 13.5 ], "texture": "#gasoline_canister" },
				"west": { "uv": [ 12, 13, 13, 13.5 ], "texture": "#gasoline_canister" },
				"east": { "uv": [ 13, 13, 12, 13.5 ], "texture": "#gasoline_canister" }
			}
		},
		{
			"__comment": "gasoline_canister25",
			"from": [ 6, 5.5, 6 ],
			"to": [ 9, 10.5, 6.5 ],
			"faces": {
				"down": { "uv": [ 6, 10, 6.5, 10.5 ], "texture": "#gasoline_canister", "rotation": 270 },
				"up": { "uv": [ 6, 6, 6.5, 5.5 ], "texture": "#gasoline_canister", "rotation": 90 },
				"north": { "uv": [ 6, 5.5, 6.5, 10.5 ], "texture": "#gasoline_canister" },
				"south": { "uv": [ 6.5, 5.5, 6, 10.5 ], "texture": "#gasoline_canister" },
				"west": { "uv": [ 6, 5.5, 6.5, 10.5 ], "texture": "#gasoline_canister" },
				"east": { "uv": [ 6.5, 5.5, 6, 10.5 ], "texture": "#gasoline_canister" }
			}
		},
		{
			"__comment": "gasoline_canister26",
			"from": [ 6, 9.5, 5.5 ],
			"to": [ 9, 10.5, 6 ],
			"faces": {
				"down": { "uv": [ 5.5, 6, 6, 6.5 ], "texture": "#gasoline_canister", "rotation": 270 },
				"up": { "uv": [ 5.5, 6, 6, 5.5 ], "texture": "#gasoline_canister", "rotation": 90 },
				"north": { "uv": [ 5.5, 5.5, 6, 6.5 ], "texture": "#gasoline_canister" },
				"south": { "uv": [ 6, 5.5, 5.5, 6.5 ], "texture": "#gasoline_canister" },
				"west": { "uv": [ 5.5, 5.5, 6, 6.5 ], "texture": "#gasoline_canister" },
				"east": { "uv": [ 6, 5.5, 5.5, 6.5 ], "texture": "#gasoline_canister" }
			}
		},
		{
			"__comment": "gasoline_canister27",
			"from": [ 6, 10, 5 ],
			"to": [ 9, 11, 5.5 ],
			"faces": {
				"down": { "uv": [ 5, 5.5, 5.5, 6 ], "texture": "#gasoline_canister", "rotation": 270 },
				"up": { "uv": [ 5, 5.5, 5.5, 5 ], "texture": "#gasoline_canister", "rotation": 90 },
				"north": { "uv": [ 5, 5, 5.5, 6 ], "texture": "#gasoline_canister" },
				"south": { "uv": [ 5.5, 5, 5, 6 ], "texture": "#gasoline_canister" },
				"west": { "uv": [ 5, 5, 5.5, 6 ], "texture": "#gasoline_canister" },
				"east": { "uv": [ 5.5, 5, 5, 6 ], "texture": "#gasoline_canister" }
			}
		},
		{
			"__comment": "gasoline_canister28",
			"from": [ 6, 10.5, 4.5 ],
			"to": [ 9, 11, 5 ],
			"faces": {
				"down": { "uv": [ 4.5, 5, 5, 5.5 ], "texture": "#gasoline_canister", "rotation": 270 },
				"up": { "uv": [ 4.5, 5.5, 5, 5 ], "texture": "#gasoline_canister", "rotation": 90 },
				"north": { "uv": [ 4.5, 5, 5, 5.5 ], "texture": "#gasoline_canister" },
				"south": { "uv": [ 5, 5, 4.5, 5.5 ], "texture": "#gasoline_canister" },
				"west": { "uv": [ 4.5, 5, 5, 5.5 ], "texture": "#gasoline_canister" },
				"east": { "uv": [ 5, 5, 4.5, 5.5 ], "texture": "#gasoline_canister" }
			}
		},
		{
			"__comment": "gasoline_canister29",
			"from": [ 6, 11, 4 ],
			"to": [ 9, 11.5, 4.5 ],
			"faces": {
				"down": { "uv": [ 4, 4.5, 4.5, 5 ], "texture": "#gasoline_canister", "rotation": 270 },
				"up": { "uv": [ 4, 5, 4.5, 4.5 ], "texture": "#gasoline_canister", "rotation": 90 },
				"north": { "uv": [ 4, 4.5, 4.5, 5 ], "texture": "#gasoline_canister" },
				"south": { "uv": [ 4.5, 4.5, 4, 5 ], "texture": "#gasoline_canister" },
				"west": { "uv": [ 4, 4.5, 4.5, 5 ], "texture": "#gasoline_canister" },
				"east": { "uv": [ 4.5, 4.5, 4, 5 ], "texture": "#gasoline_canister" }
			}
		},
		{
			"__comment": "gasoline_canister30",
			"from": [ 6, 9.5, 6.5 ],
			"to": [ 9, 10, 9.5 ],
			"faces": {
				"down": { "uv": [ 6.5, 6, 9.5, 6.5 ], "texture": "#gasoline_canister", "rotation": 270 },
				"up": { "uv": [ 6.5, 6.5, 9.5, 6 ], "texture": "#gasoline_canister", "rotation": 90 },
				"north": { "uv": [ 6.5, 6, 7, 6.5 ], "texture": "#gasoline_canister" },
				"south": { "uv": [ 9.5, 6, 9, 6.5 ], "texture": "#gasoline_canister" },
				"west": { "uv": [ 6.5, 6, 9.5, 6.5 ], "texture": "#gasoline_canister" },
				"east": { "uv": [ 9.5, 6, 6.5, 6.5 ], "texture": "#gasoline_canister" }
			}
		},
		{
			"__comment": "gasoline_canister31",
			"from": [ 6, 5.5, 9.5 ],
			"to": [ 9, 10.5, 10 ],
			"faces": {
				"down": { "uv": [ 9.5, 10, 10, 10.5 ], "texture": "#gasoline_canister", "rotation": 270 },
				"up": { "uv": [ 9.5, 6, 10, 5.5 ], "texture": "#gasoline_canister", "rotation": 90 },
				"north": { "uv": [ 9.5, 5.5, 10, 10.5 ], "texture": "#gasoline_canister" },
				"south": { "uv": [ 10, 5.5, 9.5, 10.5 ], "texture": "#gasoline_canister" },
				"west": { "uv": [ 9.5, 5.5, 10, 10.5 ], "texture": "#gasoline_canister" },
				"east": { "uv": [ 10, 5.5, 9.5, 10.5 ], "texture": "#gasoline_canister" }
			}
		},
		{
			"__comment": "gasoline_canister32",
			"from": [ 6, 9.5, 10 ],
			"to": [ 9, 11, 10.5 ],
			"faces": {
				"down": { "uv": [ 10, 6, 10.5, 6.5 ], "texture": "#gasoline_canister", "rotation": 270 },
				"up": { "uv": [ 10, 5.5, 10.5, 5 ], "texture": "#gasoline_canister", "rotation": 90 },
				"north": { "uv": [ 10, 5, 10.5, 6.5 ], "texture": "#gasoline_canister" },
				"south": { "uv": [ 10.5, 5, 10, 6.5 ], "texture": "#gasoline_canister" },
				"west": { "uv": [ 10, 5, 10.5, 6.5 ], "texture": "#gasoline_canister" },
				"east": { "uv": [ 10.5, 5, 10, 6.5 ], "texture": "#gasoline_canister" }
			}
		},
		{
			"__comment": "gasoline_canister33",
			"from": [ 6, 10.5, 10.5 ],
			"to": [ 9, 11.5, 11 ],
			"faces": {
				"down": { "uv": [ 10.5, 5, 11, 5.5 ], "texture": "#gasoline_canister", "rotation": 270 },
				"up": { "uv": [ 10.5, 5, 11, 4.5 ], "texture": "#gasoline_canister", "rotation": 90 },
				"north": { "uv": [ 10.5, 4.5, 11, 5.5 ], "texture": "#gasoline_canister" },
				"south": { "uv": [ 11, 4.5, 10.5, 5.5 ], "texture": "#gasoline_canister" },
				"west": { "uv": [ 10.5, 4.5, 11, 5.5 ], "texture": "#gasoline_canister" },
				"east": { "uv": [ 11, 4.5, 10.5, 5.5 ], "texture": "#gasoline_canister" }
			}
		},
		{
			"__comment": "gasoline_canister34",
			"from": [ 6, 11, 11 ],
			"to": [ 9, 12, 11.5 ],
			"faces": {
				"down": { "uv": [ 11, 4.5, 11.5, 5 ], "texture": "#gasoline_canister", "rotation": 270 },
				"up": { "uv": [ 11, 4.5, 11.5, 4 ], "texture": "#gasoline_canister", "rotation": 90 },
				"north": { "uv": [ 11, 4, 11.5, 5 ], "texture": "#gasoline_canister" },
				"south": { "uv": [ 11.5, 4, 11, 5 ], "texture": "#gasoline_canister" },
				"west": { "uv": [ 11, 4, 11.5, 5 ], "texture": "#gasoline_canister" },
				"east": { "uv": [ 11.5, 4, 11, 5 ], "texture": "#gasoline_canister" }
			}
		},
		{
			"__comment": "gasoline_canister35",
			"from": [ 6, 11.5, 11.5 ],
			"to": [ 9, 12.5, 12 ],
			"faces": {
				"down": { "uv": [ 11.5, 4, 12, 4.5 ], "texture": "#gasoline_canister", "rotation": 270 },
				"up": { "uv": [ 11.5, 4, 12, 3.5 ], "texture": "#gasoline_canister", "rotation": 90 },
				"north": { "uv": [ 11.5, 3.5, 12, 4.5 ], "texture": "#gasoline_canister" },
				"south": { "uv": [ 12, 3.5, 11.5, 4.5 ], "texture": "#gasoline_canister" },
				"west": { "uv": [ 11.5, 3.5, 12, 4.5 ], "texture": "#gasoline_canister" },
				"east": { "uv": [ 12, 3.5, 11.5, 4.5 ], "texture": "#gasoline_canister" }
			}
		},
		{
			"__comment": "gasoline_canister36",
			"from": [ 6, 12, 12 ],
			"to": [ 9, 13, 12.5 ],
			"faces": {
				"down": { "uv": [ 12, 3.5, 12.5, 4 ], "texture": "#gasoline_canister", "rotation": 270 },
				"up": { "uv": [ 12, 3.5, 12.5, 3 ], "texture": "#gasoline_canister", "rotation": 90 },
				"north": { "uv": [ 12, 3, 12.5, 4 ], "texture": "#gasoline_canister" },
				"south": { "uv": [ 12.5, 3, 12, 4 ], "texture": "#gasoline_canister" },
				"west": { "uv": [ 12, 3, 12.5, 4 ], "texture": "#gasoline_canister" },
				"east": { "uv": [ 12.5, 3, 12, 4 ], "texture": "#gasoline_canister" }
			}
		},
		{
			"__comment": "gasoline_canister37",
			"from": [ 6, 12.5, 12.5 ],
			"to": [ 9, 13, 13 ],
			"faces": {
				"down": { "uv": [ 12.5, 3, 13, 3.5 ], "texture": "#gasoline_canister", "rotation": 270 },
				"up": { "uv": [ 12.5, 3.5, 13, 3 ], "texture": "#gasoline_canister", "rotation": 90 },
				"north": { "uv": [ 12.5, 3, 13, 3.5 ], "texture": "#gasoline_canister" },
				"south": { "uv": [ 13, 3, 12.5, 3.5 ], "texture": "#gasoline_canister" },
				"west": { "uv": [ 12.5, 3, 13, 3.5 ], "texture": "#gasoline_canister" },
				"east": { "uv": [ 13, 3, 12.5, 3.5 ], "texture": "#gasoline_canister" }
			}
		},
		{
			"__comment": "gasoline_canister38",
			"from": [ 5.5, 0.5, 3 ],
			"to": [ 9.5, 1, 13 ],
			"faces": {
				"down": { "uv": [ 3, 15, 13, 15.5 ], "texture": "#gasoline_canister", "rotation": 270 },
				"up": { "uv": [ 3, 15.5, 13, 15 ], "texture": "#gasoline_canister", "rotation": 90 },
				"north": { "uv": [ 3, 15, 3.5, 15.5 ], "texture": "#gasoline_canister" },
				"south": { "uv": [ 13, 15, 12.5, 15.5 ], "texture": "#gasoline_canister" },
				"west": { "uv": [ 3, 15, 13, 15.5 ], "texture": "#gasoline_canister" },
				"east": { "uv": [ 13, 15, 3, 15.5 ], "texture": "#gasoline_canister" }
			}
		},
		{
			"__comment": "gasoline_canister39",
			"from": [ 5.5, 1, 2.5 ],
			"to": [ 9.5, 1.5, 13.5 ],
			"faces": {
				"down": { "uv": [ 2.5, 14.5, 13.5, 15 ], "texture": "#gasoline_canister", "rotation": 270 },
				"up": { "uv": [ 2.5, 15, 13.5, 14.5 ], "texture": "#gasoline_canister", "rotation": 90 },
				"north": { "uv": [ 2.5, 14.5, 3, 15 ], "texture": "#gasoline_canister" },
				"south": { "uv": [ 13.5, 14.5, 13, 15 ], "texture": "#gasoline_canister" },
				"west": { "uv": [ 2.5, 14.5, 13.5, 15 ], "texture": "#gasoline_canister" },
				"east": { "uv": [ 13.5, 14.5, 2.5, 15 ], "texture": "#gasoline_canister" }
			}
		},
		{
			"__comment": "gasoline_canister40",
			"from": [ 5.5, 1.5, 2.5 ],
			"to": [ 9.5, 2.5, 13.5 ],
			"faces": {
				"down": { "uv": [ 2.5, 14, 13.5, 14.5 ], "texture": "#gasoline_canister", "rotation": 270 },
				"up": { "uv": [ 2.5, 14, 13.5, 13.5 ], "texture": "#gasoline_canister", "rotation": 90 },
				"north": { "uv": [ 2.5, 13.5, 3, 14.5 ], "texture": "#gasoline_canister" },
				"south": { "uv": [ 13.5, 13.5, 13, 14.5 ], "texture": "#gasoline_canister" },
				"west": { "uv": [ 2.5, 13.5, 13.5, 14.5 ], "texture": "#gasoline_canister" },
				"east": { "uv": [ 13.5, 13.5, 2.5, 14.5 ], "texture": "#gasoline_canister" }
			}
		},
		{
			"__comment": "gasoline_canister41",
			"from": [ 5.5, 2.5, 4 ],
			"to": [ 9.5, 3, 12 ],
			"faces": {
				"down": { "uv": [ 4, 13, 12, 13.5 ], "texture": "#gasoline_canister", "rotation": 270 },
				"up": { "uv": [ 4, 13.5, 12, 13 ], "texture": "#gasoline_canister", "rotation": 90 },
				"north": { "uv": [ 4, 13, 4.5, 13.5 ], "texture": "#gasoline_canister" },
				"south": { "uv": [ 12, 13, 11.5, 13.5 ], "texture": "#gasoline_canister" },
				"west": { "uv": [ 4, 13, 12, 13.5 ], "texture": "#gasoline_canister" },
				"east": { "uv": [ 12, 13, 4, 13.5 ], "texture": "#gasoline_canister" }
			}
		},
		{
			"__comment": "gasoline_canister42",
			"from": [ 5.5, 3, 4.5 ],
			"to": [ 9.5, 3.5, 11.5 ],
			"faces": {
				"down": { "uv": [ 4.5, 12.5, 11.5, 13 ], "texture": "#gasoline_canister", "rotation": 270 },
				"up": { "uv": [ 4.5, 13, 11.5, 12.5 ], "texture": "#gasoline_canister", "rotation": 90 },
				"north": { "uv": [ 4.5, 12.5, 5, 13 ], "texture": "#gasoline_canister" },
				"south": { "uv": [ 11.5, 12.5, 11, 13 ], "texture": "#gasoline_canister" },
				"west": { "uv": [ 4.5, 12.5, 11.5, 13 ], "texture": "#gasoline_canister" },
				"east": { "uv": [ 11.5, 12.5, 4.5, 13 ], "texture": "#gasoline_canister" }
			}
		},
		{
			"__comment": "gasoline_canister43",
			"from": [ 5.5, 3.5, 5 ],
			"to": [ 9.5, 4, 11 ],
			"faces": {
				"down": { "uv": [ 5, 12, 11, 12.5 ], "texture": "#gasoline_canister", "rotation": 270 },
				"up": { "uv": [ 5, 12.5, 11, 12 ], "texture": "#gasoline_canister", "rotation": 90 },
				"north": { "uv": [ 5, 12, 5.5, 12.5 ], "texture": "#gasoline_canister" },
				"south": { "uv": [ 11, 12, 10.5, 12.5 ], "texture": "#gasoline_canister" },
				"west": { "uv": [ 5, 12, 11, 12.5 ], "texture": "#gasoline_canister" },
				"east": { "uv": [ 11, 12, 5, 12.5 ], "texture": "#gasoline_canister" }
			}
		},
		{
			"__comment": "gasoline_canister44",
			"from": [ 5.5, 4, 5.5 ],
			"to": [ 9.5, 4.5, 10.5 ],
			"faces": {
				"down": { "uv": [ 5.5, 11.5, 10.5, 12 ], "texture": "#gasoline_canister", "rotation": 270 },
				"up": { "uv": [ 5.5, 12, 10.5, 11.5 ], "texture": "#gasoline_canister", "rotation": 90 },
				"north": { "uv": [ 5.5, 11.5, 6, 12 ], "texture": "#gasoline_canister" },
				"south": { "uv": [ 10.5, 11.5, 10, 12 ], "texture": "#gasoline_canister" },
				"west": { "uv": [ 5.5, 11.5, 10.5, 12 ], "texture": "#gasoline_canister" },
				"east": { "uv": [ 10.5, 11.5, 5.5, 12 ], "texture": "#gasoline_canister" }
			}
		},
		{
			"__comment": "gasoline_canister45",
			"from": [ 5.5, 4.5, 6.5 ],
			"to": [ 9.5, 5, 10 ],
			"faces": {
				"down": { "uv": [ 6.5, 11, 10, 11.5 ], "texture": "#gasoline_canister", "rotation": 270 },
				"up": { "uv": [ 6.5, 11.5, 10, 11 ], "texture": "#gasoline_canister", "rotation": 90 },
				"north": { "uv": [ 6.5, 11, 7, 11.5 ], "texture": "#gasoline_canister" },
				"south": { "uv": [ 10, 11, 9.5, 11.5 ], "texture": "#gasoline_canister" },
				"west": { "uv": [ 6.5, 11, 10, 11.5 ], "texture": "#gasoline_canister" },
				"east": { "uv": [ 10, 11, 6.5, 11.5 ], "texture": "#gasoline_canister" }
			}
		},
		{
			"__comment": "gasoline_canister46",
			"from": [ 5.5, 5.5, 6.5 ],
			"to": [ 9.5, 9.5, 9.5 ],
			"faces": {
				"down": { "uv": [ 6.5, 10, 9.5, 10.5 ], "texture": "#gasoline_canister", "rotation": 270 },
				"up": { "uv": [ 6.5, 7, 9.5, 6.5 ], "texture": "#gasoline_canister", "rotation": 90 },
				"north": { "uv": [ 6.5, 6.5, 7, 10.5 ], "texture": "#gasoline_canister" },
				"south": { "uv": [ 9.5, 6.5, 9, 10.5 ], "texture": "#gasoline_canister" },
				"west": { "uv": [ 6.5, 6.5, 9.5, 10.5 ], "texture": "#gasoline_canister" },
				"east": { "uv": [ 9.5, 6.5, 6.5, 10.5 ], "texture": "#gasoline_canister" }
			}
		},
		{
			"__comment": "gasoline_canister47",
			"from": [ 5.5, 10, 6.5 ],
			"to": [ 9.5, 10.5, 9.5 ],
			"faces": {
				"down": { "uv": [ 6.5, 5.5, 9.5, 6 ], "texture": "#gasoline_canister", "rotation": 270 },
				"up": { "uv": [ 6.5, 6, 9.5, 5.5 ], "texture": "#gasoline_canister", "rotation": 90 },
				"north": { "uv": [ 6.5, 5.5, 7, 6 ], "texture": "#gasoline_canister" },
				"south": { "uv": [ 9.5, 5.5, 9, 6 ], "texture": "#gasoline_canister" },
				"west": { "uv": [ 6.5, 5.5, 9.5, 6 ], "texture": "#gasoline_canister" },
				"east": { "uv": [ 9.5, 5.5, 6.5, 6 ], "texture": "#gasoline_canister" }
			}
		},
		{
			"__comment": "gasoline_canister48",
			"from": [ 5.5, 10.5, 5.5 ],
			"to": [ 9.5, 11, 10 ],
			"faces": {
				"down": { "uv": [ 5.5, 5, 10, 5.5 ], "texture": "#gasoline_canister", "rotation": 270 },
				"up": { "uv": [ 5.5, 5.5, 10, 5 ], "texture": "#gasoline_canister", "rotation": 90 },
				"north": { "uv": [ 5.5, 5, 6, 5.5 ], "texture": "#gasoline_canister" },
				"south": { "uv": [ 10, 5, 9.5, 5.5 ], "texture": "#gasoline_canister" },
				"west": { "uv": [ 5.5, 5, 10, 5.5 ], "texture": "#gasoline_canister" },
				"east": { "uv": [ 10, 5, 5.5, 5.5 ], "texture": "#gasoline_canister" }
			}
		},
		{
			"__comment": "gasoline_canister49",
			"from": [ 5.5, 11, 4.5 ],
			"to": [ 9.5, 11.5, 10.5 ],
			"faces": {
				"down": { "uv": [ 4.5, 4.5, 10.5, 5 ], "texture": "#gasoline_canister", "rotation": 270 },
				"up": { "uv": [ 4.5, 5, 10.5, 4.5 ], "texture": "#gasoline_canister", "rotation": 90 },
				"north": { "uv": [ 4.5, 4.5, 5, 5 ], "texture": "#gasoline_canister" },
				"south": { "uv": [ 10.5, 4.5, 10, 5 ], "texture": "#gasoline_canister" },
				"west": { "uv": [ 4.5, 4.5, 10.5, 5 ], "texture": "#gasoline_canister" },
				"east": { "uv": [ 10.5, 4.5, 4.5, 5 ], "texture": "#gasoline_canister" }
			}
		},
		{
			"__comment": "gasoline_canister50",
			"from": [ 5.5, 11.5, 2.5 ],
			"to": [ 9.5, 12, 11 ],
			"faces": {
				"down": { "uv": [ 2.5, 4, 11, 4.5 ], "texture": "#gasoline_canister", "rotation": 270 },
				"up": { "uv": [ 2.5, 4.5, 11, 4 ], "texture": "#gasoline_canister", "rotation": 90 },
				"north": { "uv": [ 2.5, 4, 3, 4.5 ], "texture": "#gasoline_canister" },
				"south": { "uv": [ 11, 4, 10.5, 4.5 ], "texture": "#gasoline_canister" },
				"west": { "uv": [ 2.5, 4, 11, 4.5 ], "texture": "#gasoline_canister" },
				"east": { "uv": [ 11, 4, 2.5, 4.5 ], "texture": "#gasoline_canister" }
			}
		},
		{
			"__comment": "gasoline_canister51",
			"from": [ 5.5, 12, 3 ],
			"to": [ 9.5, 12.5, 11.5 ],
			"faces": {
				"down": { "uv": [ 3, 3.5, 11.5, 4 ], "texture": "#gasoline_canister", "rotation": 270 },
				"up": { "uv": [ 3, 4, 11.5, 3.5 ], "texture": "#gasoline_canister", "rotation": 90 },
				"north": { "uv": [ 3, 3.5, 3.5, 4 ], "texture": "#gasoline_canister" },
				"south": { "uv": [ 11.5, 3.5, 11, 4 ], "texture": "#gasoline_canister" },
				"west": { "uv": [ 3, 3.5, 11.5, 4 ], "texture": "#gasoline_canister" },
				"east": { "uv": [ 11.5, 3.5, 3, 4 ], "texture": "#gasoline_canister" }
			}
		},
		{
			"__comment": "gasoline_canister52",
			"from": [ 5.5, 12.5, 3 ],
			"to": [ 9.5, 13, 12 ],
			"faces": {
				"down": { "uv": [ 3, 3, 12, 3.5 ], "texture": "#gasoline_canister", "rotation": 270 },
				"up": { "uv": [ 3, 3.5, 12, 3 ], "texture": "#gasoline_canister", "rotation": 90 },
				"north": { "uv": [ 3, 3, 3.5, 3.5 ], "texture": "#gasoline_canister" },
				"south": { "uv": [ 12, 3, 11.5, 3.5 ], "texture": "#gasoline_canister" },
				"west": { "uv": [ 3, 3, 12, 3.5 ], "texture": "#gasoline_canister" },
				"east": { "uv": [ 12, 3, 3, 3.5 ], "texture": "#gasoline_canister" }
			}
		},
		{
			"__comment": "gasoline_canister53",
			"from": [ 5.5, 13, 4 ],
			"to": [ 9.5, 13.5, 13.5 ],
			"faces": {
				"down": { "uv": [ 4, 2.5, 13.5, 3 ], "texture": "#gasoline_canister", "rotation": 270 },
				"up": { "uv": [ 4, 3, 13.5, 2.5 ], "texture": "#gasoline_canister", "rotation": 90 },
				"north": { "uv": [ 4, 2.5, 4.5, 3 ], "texture": "#gasoline_canister" },
				"south": { "uv": [ 13.5, 2.5, 13, 3 ], "texture": "#gasoline_canister" },
				"west": { "uv": [ 4, 2.5, 13.5, 3 ], "texture": "#gasoline_canister" },
				"east": { "uv": [ 13.5, 2.5, 4, 3 ], "texture": "#gasoline_canister" }
			}
		},
		{
			"__comment": "gasoline_canister54",
			"from": [ 5.5, 13.5, 7 ],
			"to": [ 9.5, 14, 13.5 ],
			"faces": {
				"down": { "uv": [ 7, 2, 13.5, 2.5 ], "texture": "#gasoline_canister", "rotation": 270 },
				"up": { "uv": [ 7, 2.5, 13.5, 2 ], "texture": "#gasoline_canister", "rotation": 90 },
				"north": { "uv": [ 7, 2, 7.5, 2.5 ], "texture": "#gasoline_canister" },
				"south": { "uv": [ 13.5, 2, 13, 2.5 ], "texture": "#gasoline_canister" },
				"west": { "uv": [ 7, 2, 13.5, 2.5 ], "texture": "#gasoline_canister" },
				"east": { "uv": [ 13.5, 2, 7, 2.5 ], "texture": "#gasoline_canister" }
			}
		},
		{
			"__comment": "gasoline_canister55",
			"from": [ 5.5, 14, 10 ],
			"to": [ 9.5, 14.5, 13.5 ],
			"faces": {
				"down": { "uv": [ 10, 1.5, 13.5, 2 ], "texture": "#gasoline_canister", "rotation": 270 },
				"up": { "uv": [ 10, 2, 13.5, 1.5 ], "texture": "#gasoline_canister", "rotation": 90 },
				"north": { "uv": [ 10, 1.5, 10.5, 2 ], "texture": "#gasoline_canister" },
				"south": { "uv": [ 13.5, 1.5, 13, 2 ], "texture": "#gasoline_canister" },
				"west": { "uv": [ 10, 1.5, 13.5, 2 ], "texture": "#gasoline_canister" },
				"east": { "uv": [ 13.5, 1.5, 10, 2 ], "texture": "#gasoline_canister" }
			}
		},
		{
			"__comment": "gasoline_canister56",
			"from": [ 5.5, 14.5, 10.5 ],
			"to": [ 9.5, 15, 13 ],
			"faces": {
				"down": { "uv": [ 10.5, 1, 13, 1.5 ], "texture": "#gasoline_canister", "rotation": 270 },
				"up": { "uv": [ 10.5, 1.5, 13, 1 ], "texture": "#gasoline_canister", "rotation": 90 },
				"north": { "uv": [ 10.5, 1, 11, 1.5 ], "texture": "#gasoline_canister" },
				"south": { "uv": [ 13, 1, 12.5, 1.5 ], "texture": "#gasoline_canister" },
				"west": { "uv": [ 10.5, 1, 13, 1.5 ], "texture": "#gasoline_canister" },
				"east": { "uv": [ 13, 1, 10.5, 1.5 ], "texture": "#gasoline_canister" }
			}
		},
		{
			"__comment": "gasoline_canister57",
			"from": [ 5.5, 15, 11 ],
			"to": [ 9.5, 15.5, 13 ],
			"faces": {
				"down": { "uv": [ 11, 0.5, 13, 1 ], "texture": "#gasoline_canister", "rotation": 270 },
				"up": { "uv": [ 11, 1, 13, 0.5 ], "texture": "#gasoline_canister", "rotation": 90 },
				"north": { "uv": [ 11, 0.5, 11.5, 1 ], "texture": "#gasoline_canister" },
				"south": { "uv": [ 13, 0.5, 12.5, 1 ], "texture": "#gasoline_canister" },
				"west": { "uv": [ 11, 0.5, 13, 1 ], "texture": "#gasoline_canister" },
				"east": { "uv": [ 13, 0.5, 11, 1 ], "texture": "#gasoline_canister" }
			}
		},
		{
			"__comment": "gasoline_canister58",
			"from": [ 5.5, 2.5, 2.5 ],
			"to": [ 9.5, 11.5, 3 ],
			"faces": {
				"down": { "uv": [ 2.5, 13, 3, 13.5 ], "texture": "#gasoline_canister", "rotation": 270 },
				"up": { "uv": [ 2.5, 5, 3, 4.5 ], "texture": "#gasoline_canister", "rotation": 90 },
				"north": { "uv": [ 2.5, 4.5, 3, 13.5 ], "texture": "#gasoline_canister" },
				"south": { "uv": [ 3, 4.5, 2.5, 13.5 ], "texture": "#gasoline_canister" },
				"west": { "uv": [ 2.5, 4.5, 3, 13.5 ], "texture": "#gasoline_canister" },
				"east": { "uv": [ 3, 4.5, 2.5, 13.5 ], "texture": "#gasoline_canister" }
			}
		},
		{
			"__comment": "gasoline_canister59",
			"from": [ 5.5, 3, 3 ],
			"to": [ 9.5, 11.5, 3.5 ],
			"faces": {
				"down": { "uv": [ 3, 12.5, 3.5, 13 ], "texture": "#gasoline_canister", "rotation": 270 },
				"up": { "uv": [ 3, 5, 3.5, 4.5 ], "texture": "#gasoline_canister", "rotation": 90 },
				"north": { "uv": [ 3, 4.5, 3.5, 13 ], "texture": "#gasoline_canister" },
				"south": { "uv": [ 3.5, 4.5, 3, 13 ], "texture": "#gasoline_canister" },
				"west": { "uv": [ 3, 4.5, 3.5, 13 ], "texture": "#gasoline_canister" },
				"east": { "uv": [ 3.5, 4.5, 3, 13 ], "texture": "#gasoline_canister" }
			}
		},
		{
			"__comment": "gasoline_canister60",
			"from": [ 5.5, 3.5, 3.5 ],
			"to": [ 9.5, 11.5, 4 ],
			"faces": {
				"down": { "uv": [ 3.5, 12, 4, 12.5 ], "texture": "#gasoline_canister", "rotation": 270 },
				"up": { "uv": [ 3.5, 5, 4, 4.5 ], "texture": "#gasoline_canister", "rotation": 90 },
				"north": { "uv": [ 3.5, 4.5, 4, 12.5 ], "texture": "#gasoline_canister" },
				"south": { "uv": [ 4, 4.5, 3.5, 12.5 ], "texture": "#gasoline_canister" },
				"west": { "uv": [ 3.5, 4.5, 4, 12.5 ], "texture": "#gasoline_canister" },
				"east": { "uv": [ 4, 4.5, 3.5, 12.5 ], "texture": "#gasoline_canister" }
			}
		},
		{
			"__comment": "gasoline_canister61",
			"from": [ 5.5, 4, 4 ],
			"to": [ 9.5, 11, 4.5 ],
			"faces": {
				"down": { "uv": [ 4, 11.5, 4.5, 12 ], "texture": "#gasoline_canister", "rotation": 270 },
				"up": { "uv": [ 4, 5.5, 4.5, 5 ], "texture": "#gasoline_canister", "rotation": 90 },
				"north": { "uv": [ 4, 5, 4.5, 12 ], "texture": "#gasoline_canister" },
				"south": { "uv": [ 4.5, 5, 4, 12 ], "texture": "#gasoline_canister" },
				"west": { "uv": [ 4, 5, 4.5, 12 ], "texture": "#gasoline_canister" },
				"east": { "uv": [ 4.5, 5, 4, 12 ], "texture": "#gasoline_canister" }
			}
		},
		{
			"__comment": "gasoline_canister62",
			"from": [ 5.5, 4.5, 4.5 ],
			"to": [ 9.5, 10.5, 5 ],
			"faces": {
				"down": { "uv": [ 4.5, 11, 5, 11.5 ], "texture": "#gasoline_canister", "rotation": 270 },
				"up": { "uv": [ 4.5, 6, 5, 5.5 ], "texture": "#gasoline_canister", "rotation": 90 },
				"north": { "uv": [ 4.5, 5.5, 5, 11.5 ], "texture": "#gasoline_canister" },
				"south": { "uv": [ 5, 5.5, 4.5, 11.5 ], "texture": "#gasoline_canister" },
				"west": { "uv": [ 4.5, 5.5, 5, 11.5 ], "texture": "#gasoline_canister" },
				"east": { "uv": [ 5, 5.5, 4.5, 11.5 ], "texture": "#gasoline_canister" }
			}
		},
		{
			"__comment": "gasoline_canister63",
			"from": [ 5.5, 5, 5 ],
			"to": [ 9.5, 10, 5.5 ],
			"faces": {
				"down": { "uv": [ 5, 10.5, 5.5, 11 ], "texture": "#gasoline_canister", "rotation": 270 },
				"up": { "uv": [ 5, 6.5, 5.5, 6 ], "texture": "#gasoline_canister", "rotation": 90 },
				"north": { "uv": [ 5, 6, 5.5, 11 ], "texture": "#gasoline_canister" },
				"south": { "uv": [ 5.5, 6, 5, 11 ], "texture": "#gasoline_canister" },
				"west": { "uv": [ 5, 6, 5.5, 11 ], "texture": "#gasoline_canister" },
				"east": { "uv": [ 5.5, 6, 5, 11 ], "texture": "#gasoline_canister" }
			}
		},
		{
			"__comment": "gasoline_canister64",
			"from": [ 5.5, 5.5, 5.5 ],
			"to": [ 9.5, 9.5, 6 ],
			"faces": {
				"down": { "uv": [ 5.5, 10, 6, 10.5 ], "texture": "#gasoline_canister", "rotation": 270 },
				"up": { "uv": [ 5.5, 7, 6, 6.5 ], "texture": "#gasoline_canister", "rotation": 90 },
				"north": { "uv": [ 5.5, 6.5, 6, 10.5 ], "texture": "#gasoline_canister" },
				"south": { "uv": [ 6, 6.5, 5.5, 10.5 ], "texture": "#gasoline_canister" },
				"west": { "uv": [ 5.5, 6.5, 6, 10.5 ], "texture": "#gasoline_canister" },
				"east": { "uv": [ 6, 6.5, 5.5, 10.5 ], "texture": "#gasoline_canister" }
			}
		},
		{
			"__comment": "gasoline_canister65",
			"from": [ 5.5, 5.5, 10 ],
			"to": [ 9.5, 9.5, 10.5 ],
			"faces": {
				"down": { "uv": [ 10, 10, 10.5, 10.5 ], "texture": "#gasoline_canister", "rotation": 270 },
				"up": { "uv": [ 10, 7, 10.5, 6.5 ], "texture": "#gasoline_canister", "rotation": 90 },
				"north": { "uv": [ 10, 6.5, 10.5, 10.5 ], "texture": "#gasoline_canister" },
				"south": { "uv": [ 10.5, 6.5, 10, 10.5 ], "texture": "#gasoline_canister" },
				"west": { "uv": [ 10, 6.5, 10.5, 10.5 ], "texture": "#gasoline_canister" },
				"east": { "uv": [ 10.5, 6.5, 10, 10.5 ], "texture": "#gasoline_canister" }
			}
		},
		{
			"__comment": "gasoline_canister66",
			"from": [ 5.5, 5, 10.5 ],
			"to": [ 9.5, 10.5, 11 ],
			"faces": {
				"down": { "uv": [ 10.5, 10.5, 11, 11 ], "texture": "#gasoline_canister", "rotation": 270 },
				"up": { "uv": [ 10.5, 6, 11, 5.5 ], "texture": "#gasoline_canister", "rotation": 90 },
				"north": { "uv": [ 10.5, 5.5, 11, 11 ], "texture": "#gasoline_canister" },
				"south": { "uv": [ 11, 5.5, 10.5, 11 ], "texture": "#gasoline_canister" },
				"west": { "uv": [ 10.5, 5.5, 11, 11 ], "texture": "#gasoline_canister" },
				"east": { "uv": [ 11, 5.5, 10.5, 11 ], "texture": "#gasoline_canister" }
			}
		},
		{
			"__comment": "gasoline_canister67",
			"from": [ 5.5, 4.5, 11 ],
			"to": [ 9.5, 11, 11.5 ],
			"faces": {
				"down": { "uv": [ 11, 11, 11.5, 11.5 ], "texture": "#gasoline_canister", "rotation": 270 },
				"up": { "uv": [ 11, 5.5, 11.5, 5 ], "texture": "#gasoline_canister", "rotation": 90 },
				"north": { "uv": [ 11, 5, 11.5, 11.5 ], "texture": "#gasoline_canister" },
				"south": { "uv": [ 11.5, 5, 11, 11.5 ], "texture": "#gasoline_canister" },
				"west": { "uv": [ 11, 5, 11.5, 11.5 ], "texture": "#gasoline_canister" },
				"east": { "uv": [ 11.5, 5, 11, 11.5 ], "texture": "#gasoline_canister" }
			}
		},
		{
			"__comment": "gasoline_canister68",
			"from": [ 5.5, 4, 11.5 ],
			"to": [ 9.5, 11.5, 12 ],
			"faces": {
				"down": { "uv": [ 11.5, 11.5, 12, 12 ], "texture": "#gasoline_canister", "rotation": 270 },
				"up": { "uv": [ 11.5, 5, 12, 4.5 ], "texture": "#gasoline_canister", "rotation": 90 },
				"north": { "uv": [ 11.5, 4.5, 12, 12 ], "texture": "#gasoline_canister" },
				"south": { "uv": [ 12, 4.5, 11.5, 12 ], "texture": "#gasoline_canister" },
				"west": { "uv": [ 11.5, 4.5, 12, 12 ], "texture": "#gasoline_canister" },
				"east": { "uv": [ 12, 4.5, 11.5, 12 ], "texture": "#gasoline_canister" }
			}
		},
		{
			"__comment": "gasoline_canister69",
			"from": [ 5.5, 3.5, 12 ],
			"to": [ 9.5, 12, 12.5 ],
			"faces": {
				"down": { "uv": [ 12, 12, 12.5, 12.5 ], "texture": "#gasoline_canister", "rotation": 270 },
				"up": { "uv": [ 12, 4.5, 12.5, 4 ], "texture": "#gasoline_canister", "rotation": 90 },
				"north": { "uv": [ 12, 4, 12.5, 12.5 ], "texture": "#gasoline_canister" },
				"south": { "uv": [ 12.5, 4, 12, 12.5 ], "texture": "#gasoline_canister" },
				"west": { "uv": [ 12, 4, 12.5, 12.5 ], "texture": "#gasoline_canister" },
				"east": { "uv": [ 12.5, 4, 12, 12.5 ], "texture": "#gasoline_canister" }
			}
		},
		{
			"__comment": "gasoline_canister70",
			"from": [ 5.5, 3, 12.5 ],
			"to": [ 9.5, 12.5, 13 ],
			"faces": {
				"down": { "uv": [ 12.5, 12.5, 13, 13 ], "texture": "#gasoline_canister", "rotation": 270 },
				"up": { "uv": [ 12.5, 4, 13, 3.5 ], "texture": "#gasoline_canister", "rotation": 90 },
				"north": { "uv": [ 12.5, 3.5, 13, 13 ], "texture": "#gasoline_canister" },
				"south": { "uv": [ 13, 3.5, 12.5, 13 ], "texture": "#gasoline_canister" },
				"west": { "uv": [ 12.5, 3.5, 13, 13 ], "texture": "#gasoline_canister" },
				"east": { "uv": [ 13, 3.5, 12.5, 13 ], "texture": "#gasoline_canister" }
			}
		},
		{
			"__comment": "gasoline_canister71",
			"from": [ 5.5, 2.5, 13 ],
			"to": [ 9.5, 13, 13.5 ],
			"faces": {
				"down": { "uv": [ 13, 13, 13.5, 13.5 ], "texture": "#gasoline_canister", "rotation": 270 },
				"up": { "uv": [ 13, 3.5, 13.5, 3 ], "texture": "#gasoline_canister", "rotation": 90 },
				"north": { "uv": [ 13, 3, 13.5, 13.5 ], "texture": "#gasoline_canister" },
				"south": { "uv": [ 13.5, 3, 13, 13.5 ], "texture": "#gasoline_canister" },
				"west": { "uv": [ 13, 3, 13.5, 13.5 ], "texture": "#gasoline_canister" },
				"east": { "uv": [ 13.5, 3, 13, 13.5 ], "texture": "#gasoline_canister" }
			}
		},
		{
			"__comment": "gasoline_canister72",
			"from": [ 6.5, 13, 2.5 ],
			"to": [ 8.5, 14.5, 3 ],
			"faces": {
				"down": { "uv": [ 2.5, 2.5, 3, 3 ], "texture": "#gasoline_canister", "rotation": 270 },
				"up": { "uv": [ 2.5, 2, 3, 1.5 ], "texture": "#gasoline_canister", "rotation": 90 },
				"north": { "uv": [ 2.5, 1.5, 3, 3 ], "texture": "#gasoline_canister" },
				"south": { "uv": [ 3, 1.5, 2.5, 3 ], "texture": "#gasoline_canister" },
				"west": { "uv": [ 2.5, 1.5, 3, 3 ], "texture": "#gasoline_canister" },
				"east": { "uv": [ 3, 1.5, 2.5, 3 ], "texture": "#gasoline_canister" }
			}
		},
		{
			"__comment": "gasoline_canister73",
			"from": [ 7, 13.5, 3.5 ],
			"to": [ 8, 14.5, 4 ],
			"faces": {
				"down": { "uv": [ 3.5, 2, 4, 2.5 ], "texture": "#gasoline_canister", "rotation": 270 },
				"up": { "uv": [ 3.5, 2, 4, 1.5 ], "texture": "#gasoline_canister", "rotation": 90 },
				"north": { "uv": [ 3.5, 1.5, 4, 2.5 ], "texture": "#gasoline_canister" },
				"south": { "uv": [ 4, 1.5, 3.5, 2.5 ], "texture": "#gasoline_canister" },
				"west": { "uv": [ 3.5, 1.5, 4, 2.5 ], "texture": "#gasoline_canister" },
				"east": { "uv": [ 4, 1.5, 3.5, 2.5 ], "texture": "#gasoline_canister" }
			}
		},
		{
			"__comment": "gasoline_canister74",
			"from": [ 7, 14.5, 3 ],
			"to": [ 8, 15, 3.5 ],
			"faces": {
				"down": { "uv": [ 3, 1, 3.5, 1.5 ], "texture": "#gasoline_canister", "rotation": 270 },
				"up": { "uv": [ 3, 1.5, 3.5, 1 ], "texture": "#gasoline_canister", "rotation": 90 },
				"north": { "uv": [ 3, 1, 3.5, 1.5 ], "texture": "#gasoline_canister" },
				"south": { "uv": [ 3.5, 1, 3, 1.5 ], "texture": "#gasoline_canister" },
				"west": { "uv": [ 3, 1, 3.5, 1.5 ], "texture": "#gasoline_canister" },
				"east": { "uv": [ 3.5, 1, 3, 1.5 ], "texture": "#gasoline_canister" }
			}
		},
		{
			"__comment": "gasoline_canister75",
			"from": [ 7, 13.5, 2 ],
			"to": [ 8, 14, 2.5 ],
			"faces": {
				"down": { "uv": [ 2, 2, 2.5, 2.5 ], "texture": "#gasoline_canister", "rotation": 270 },
				"up": { "uv": [ 2, 2.5, 2.5, 2 ], "texture": "#gasoline_canister", "rotation": 90 },
				"north": { "uv": [ 2, 2, 2.5, 2.5 ], "texture": "#gasoline_canister" },
				"south": { "uv": [ 2.5, 2, 2, 2.5 ], "texture": "#gasoline_canister" },
				"west": { "uv": [ 2, 2, 2.5, 2.5 ], "texture": "#gasoline_canister" },
				"east": { "uv": [ 2.5, 2, 2, 2.5 ], "texture": "#gasoline_canister" }
			}
		},
		{
			"__comment": "gasoline_canister76",
			"from": [ 6.5, 13.5, 3 ],
			"to": [ 8.5, 14.5, 3.5 ],
			"faces": {
				"down": { "uv": [ 3, 2, 3.5, 2.5 ], "texture": "#gasoline_canister", "rotation": 270 },
				"up": { "uv": [ 3, 2, 3.5, 1.5 ], "texture": "#gasoline_canister", "rotation": 90 },
				"north": { "uv": [ 3, 1.5, 3.5, 2.5 ], "texture": "#gasoline_canister" },
				"south": { "uv": [ 3.5, 1.5, 3, 2.5 ], "texture": "#gasoline_canister" },
				"west": { "uv": [ 3, 1.5, 3.5, 2.5 ], "texture": "#gasoline_canister" },
				"east": { "uv": [ 3.5, 1.5, 3, 2.5 ], "texture": "#gasoline_canister" }
			}
		},
		{
			"__comment": "gasoline_canister77",
			"from": [ 6.5, 14.5, 2.5 ],
			"to": [ 8.5, 15, 3 ],
			"faces": {
				"down": { "uv": [ 2.5, 1, 3, 1.5 ], "texture": "#gasoline_canister", "rotation": 270 },
				"up": { "uv": [ 2.5, 1.5, 3, 1 ], "texture": "#gasoline_canister", "rotation": 90 },
				"north": { "uv": [ 2.5, 1, 3, 1.5 ], "texture": "#gasoline_canister" },
				"south": { "uv": [ 3, 1, 2.5, 1.5 ], "texture": "#gasoline_canister" },
				"west": { "uv": [ 2.5, 1, 3, 1.5 ], "texture": "#gasoline_canister" },
				"east": { "uv": [ 3, 1, 2.5, 1.5 ], "texture": "#gasoline_canister" }
			}
		},
		{
			"__comment": "gasoline_canister78",
			"from": [ 6.5, 14, 2 ],
			"to": [ 8.5, 14.5, 2.5 ],
			"faces": {
				"down": { "uv": [ 2, 1.5, 2.5, 2 ], "texture": "#gasoline_canister", "rotation": 270 },
				"up": { "uv": [ 2, 2, 2.5, 1.5 ], "texture": "#gasoline_canister", "rotation": 90 },
				"north": { "uv": [ 2, 1.5, 2.5, 2 ], "texture": "#gasoline_canister" },
				"south": { "uv": [ 2.5, 1.5, 2, 2 ], "texture": "#gasoline_canister" },
				"west": { "uv": [ 2, 1.5, 2.5, 2 ], "texture": "#gasoline_canister" },
				"east": { "uv": [ 2.5, 1.5, 2, 2 ], "texture": "#gasoline_canister" }
			}
		},
		{
			"__comment": "gasoline_canister79",
			"from": [ 6, 15.5, 6 ],
			"to": [ 7, 16, 11 ],
			"faces": {
				"down": { "uv": [ 6, 0, 11, 0.5 ], "texture": "#gasoline_canister", "rotation": 270 },
				"up": { "uv": [ 6, 0.5, 11, 0 ], "texture": "#gasoline_canister", "rotation": 90 },
				"north": { "uv": [ 6, 0, 6.5, 0.5 ], "texture": "#gasoline_canister" },
				"south": { "uv": [ 11, 0, 10.5, 0.5 ], "texture": "#gasoline_canister" },
				"west": { "uv": [ 6, 0, 11, 0.5 ], "texture": "#gasoline_canister" },
				"east": { "uv": [ 11, 0, 6, 0.5 ], "texture": "#gasoline_canister" }
			}
		},
		{
			"__comment": "gasoline_canister80",
			"from": [ 6, 15, 5.5 ],
			"to": [ 7, 15.5, 10.5 ],
			"faces": {
				"down": { "uv": [ 5.5, 0.5, 10.5, 1 ], "texture": "#gasoline_canister", "rotation": 270 },
				"up": { "uv": [ 5.5, 1, 10.5, 0.5 ], "texture": "#gasoline_canister", "rotation": 90 },
				"north": { "uv": [ 5.5, 0.5, 6, 1 ], "texture": "#gasoline_canister" },
				"south": { "uv": [ 10.5, 0.5, 10, 1 ], "texture": "#gasoline_canister" },
				"west": { "uv": [ 5.5, 0.5, 10.5, 1 ], "texture": "#gasoline_canister" },
				"east": { "uv": [ 10.5, 0.5, 5.5, 1 ], "texture": "#gasoline_canister" }
			}
		},
		{
			"__comment": "gasoline_canister81",
			"from": [ 6, 14.5, 5 ],
			"to": [ 7, 15, 6.5 ],
			"faces": {
				"down": { "uv": [ 5, 1, 6.5, 1.5 ], "texture": "#gasoline_canister", "rotation": 270 },
				"up": { "uv": [ 5, 1.5, 6.5, 1 ], "texture": "#gasoline_canister", "rotation": 90 },
				"north": { "uv": [ 5, 1, 5.5, 1.5 ], "texture": "#gasoline_canister" },
				"south": { "uv": [ 6.5, 1, 6, 1.5 ], "texture": "#gasoline_canister" },
				"west": { "uv": [ 5, 1, 6.5, 1.5 ], "texture": "#gasoline_canister" },
				"east": { "uv": [ 6.5, 1, 5, 1.5 ], "texture": "#gasoline_canister" }
			}
		},
		{
			"__comment": "gasoline_canister82",
			"from": [ 6, 14, 4.5 ],
			"to": [ 7, 14.5, 6 ],
			"faces": {
				"down": { "uv": [ 4.5, 1.5, 6, 2 ], "texture": "#gasoline_canister", "rotation": 270 },
				"up": { "uv": [ 4.5, 2, 6, 1.5 ], "texture": "#gasoline_canister", "rotation": 90 },
				"north": { "uv": [ 4.5, 1.5, 5, 2 ], "texture": "#gasoline_canister" },
				"south": { "uv": [ 6, 1.5, 5.5, 2 ], "texture": "#gasoline_canister" },
				"west": { "uv": [ 4.5, 1.5, 6, 2 ], "texture": "#gasoline_canister" },
				"east": { "uv": [ 6, 1.5, 4.5, 2 ], "texture": "#gasoline_canister" }
			}
		},
		{
			"__comment": "gasoline_canister",
			"from": [ 8, 14, 4.5 ],
			"to": [ 9, 14.5, 6 ],
			"faces": {
				"down": { "uv": [ 4.5, 1.5, 6, 2 ], "texture": "#gasoline_canister", "rotation": 270 },
				"up": { "uv": [ 4.5, 2, 6, 1.5 ], "texture": "#gasoline_canister", "rotation": 90 },
				"north": { "uv": [ 4.5, 1.5, 5, 2 ], "texture": "#gasoline_canister" },
				"south": { "uv": [ 6, 1.5, 5.5, 2 ], "texture": "#gasoline_canister" },
				"west": { "uv": [ 4.5, 1.5, 6, 2 ], "texture": "#gasoline_canister" },
				"east": { "uv": [ 6, 1.5, 4.5, 2 ], "texture": "#gasoline_canister" }
			}
		},
		{
			"__comment": "fishing_rod",
			"from": [ 8, 14.5, 5 ],
			"to": [ 9, 15, 6.5 ],
			"faces": {
				"down": { "uv": [ 5, 1, 6.5, 1.5 ], "texture": "#gasoline_canister", "rotation": 270 },
				"up": { "uv": [ 5, 1.5, 6.5, 1 ], "texture": "#gasoline_canister", "rotation": 90 },
				"north": { "uv": [ 5, 1, 5.5, 1.5 ], "texture": "#gasoline_canister" },
				"south": { "uv": [ 6.5, 1, 6, 1.5 ], "texture": "#gasoline_canister" },
				"west": { "uv": [ 5, 1, 6.5, 1.5 ], "texture": "#gasoline_canister" },
				"east": { "uv": [ 6.5, 1, 5, 1.5 ], "texture": "#gasoline_canister" }
			}
		},
		{
			"__comment": "fishing_rod",
			"from": [ 8, 15, 5.5 ],
			"to": [ 9, 15.5, 10.5 ],
			"faces": {
				"down": { "uv": [ 5.5, 0.5, 10.5, 1 ], "texture": "#gasoline_canister", "rotation": 270 },
				"up": { "uv": [ 5.5, 1, 10.5, 0.5 ], "texture": "#gasoline_canister", "rotation": 90 },
				"north": { "uv": [ 5.5, 0.5, 6, 1 ], "texture": "#gasoline_canister" },
				"south": { "uv": [ 10.5, 0.5, 10, 1 ], "texture": "#gasoline_canister" },
				"west": { "uv": [ 5.5, 0.5, 10.5, 1 ], "texture": "#gasoline_canister" },
				"east": { "uv": [ 10.5, 0.5, 5.5, 1 ], "texture": "#gasoline_canister" }
			}
		},
		{
			"__comment": "fishing_rod",
			"from": [ 8, 15.5, 6 ],
			"to": [ 9, 16, 11 ],
			"faces": {
				"down": { "uv": [ 6, 0, 11, 0.5 ], "texture": "#gasoline_canister", "rotation": 270 },
				"up": { "uv": [ 6, 0.5, 11, 0 ], "texture": "#gasoline_canister", "rotation": 90 },
				"north": { "uv": [ 6, 0, 6.5, 0.5 ], "texture": "#gasoline_canister" },
				"south": { "uv": [ 11, 0, 10.5, 0.5 ], "texture": "#gasoline_canister" },
				"west": { "uv": [ 6, 0, 11, 0.5 ], "texture": "#gasoline_canister" },
				"east": { "uv": [ 11, 0, 6, 0.5 ], "texture": "#gasoline_canister" }
			}
		}
	],
	"display": {
		"thirdperson_righthand": {
			"rotation":  [ 90, 0, 0 ],
			"translation":  [ 0, -1.5, -4.85 ],
			"scale":  [ 0.75, 0.75, 0.75 ]
		},
		"thirdperson_lefthand": {
			"rotation":  [ 90, 0, 0 ],
			"translation":  [ 0, -1.5, -4.85 ],
			"scale":  [ 0.75, 0.75, 0.75 ]
		},
		"firstperson_righthand": {
			"translation":  [ 1.13, 3.2, 1.13 ],
			"scale":  [ 0.68, 0.68, 0.68 ]
		},
		"firstperson_lefthand": {
			"translation":  [ 1.13, 3.2, 1.13 ],
			"scale":  [ 0.68, 0.68, 0.68 ]
		},
		"gui": {
			"rotation":  [ 30, 135, 0 ],
			"scale":  [ 0.625, 0.625, 0.625 ]
		},
		"head": {
			"scale":  [ 0.0001, 0.0001, 0.0001 ]
		},
		"ground": {
			"rotation":  [ 0, 0, 90 ],
			"scale":  [ 0.75, 0.75, 0.75 ]
		},
		"fixed": {
			"rotation":  [ 0, -90, 0 ],
			"scale":  [ 1.5, 1.5, 1.5 ]
		}
	}
}