{
	"__comment": "Designed by Optimus0812 with Cubik Studio - https://cubik.studio",
	"textures": {
		"texture": "dayz/food/canned_tactical_bacon"
	},
	"elements": [ 	 
		{
			"__comment": "textrure",
			"from": [ 2, 1, 2 ],
			"to": [ 14, 15, 14 ],
			"faces": {
				"down": { "uv": [ 0, 2, 6, 8 ], "texture": "#texture" },
				"up": { "uv": [ 0, 2, 6, 8 ], "texture": "#texture" },
				"north": { "uv": [ 0, 8.5, 6, 15.5 ], "texture": "#texture" },
				"south": { "uv": [ 0, 8.5, 6, 15.5 ], "texture": "#texture" },
				"west": { "uv": [ 0, 8.5, 6, 15.5 ], "texture": "#texture" },
				"east": { "uv": [ 0, 8.5, 6, 15.5 ], "texture": "#texture" }
			}
		},
		{
			"__comment": "textrure",
			"from": [ 2, 15, 2 ],
			"to": [ 3, 16, 14 ],
			"faces": {
				"down": { "uv": [ 0, 8, 0.5, 2 ], "texture": "#texture" },
				"up": { "uv": [ 0, 2, 0.5, 8 ], "texture": "#texture" },
				"north": { "uv": [ 0.5, 2.5, 0, 2 ], "texture": "#texture" },
				"south": { "uv": [ 0, 7.5, 0.5, 8 ], "texture": "#texture" },
				"west": { "uv": [ 0, 2, 0.5, 8 ], "texture": "#texture", "rotation": 270 },
				"east": { "uv": [ 0.5, 2, 0, 8 ], "texture": "#texture", "rotation": 90 }
			}
		},
		{
			"__comment": "textrure",
			"from": [ 13, 15, 2 ],
			"to": [ 14, 16, 14 ],
			"faces": {
				"down": { "uv": [ 5.5, 8, 6, 2 ], "texture": "#texture" },
				"up": { "uv": [ 5.5, 2, 6, 8 ], "texture": "#texture" },
				"north": { "uv": [ 6, 2.5, 5.5, 2 ], "texture": "#texture" },
				"south": { "uv": [ 5.5, 7.5, 6, 8 ], "texture": "#texture" },
				"west": { "uv": [ 5.5, 2, 6, 8 ], "texture": "#texture", "rotation": 270 },
				"east": { "uv": [ 6, 2, 5.5, 8 ], "texture": "#texture", "rotation": 90 }
			}
		},
		{
			"__comment": "textrure",
			"from": [ 13, 0, 2 ],
			"to": [ 14, 1, 14 ],
			"faces": {
				"down": { "uv": [ 5.5, 8, 6, 2 ], "texture": "#texture" },
				"up": { "uv": [ 5.5, 2, 6, 8 ], "texture": "#texture" },
				"north": { "uv": [ 6, 2.5, 5.5, 2 ], "texture": "#texture" },
				"south": { "uv": [ 5.5, 7.5, 6, 8 ], "texture": "#texture" },
				"west": { "uv": [ 5.5, 2, 6, 8 ], "texture": "#texture", "rotation": 270 },
				"east": { "uv": [ 6, 2, 5.5, 8 ], "texture": "#texture", "rotation": 90 }
			}
		},
		{
			"__comment": "textrure",
			"from": [ 2, 0, 2 ],
			"to": [ 3, 1, 14 ],
			"faces": {
				"down": { "uv": [ 0, 8, 0.5, 2 ], "texture": "#texture" },
				"up": { "uv": [ 0, 2, 0.5, 8 ], "texture": "#texture" },
				"north": { "uv": [ 0.5, 2.5, 0, 2 ], "texture": "#texture" },
				"south": { "uv": [ 0, 7.5, 0.5, 8 ], "texture": "#texture" },
				"west": { "uv": [ 0, 2, 0.5, 8 ], "texture": "#texture", "rotation": 270 },
				"east": { "uv": [ 0.5, 2, 0, 8 ], "texture": "#texture", "rotation": 90 }
			}
		},
		{
			"__comment": "textrure",
			"from": [ 3, 15, 2 ],
			"to": [ 13, 16, 3 ],
			"faces": {
				"down": { "uv": [ 0.5, 2.5, 5.5, 2 ], "texture": "#texture" },
				"up": { "uv": [ 0.5, 2, 5.5, 2.5 ], "texture": "#texture" },
				"north": { "uv": [ 5.5, 2.5, 0.5, 2 ], "texture": "#texture" },
				"south": { "uv": [ 0.5, 2, 5.5, 2.5 ], "texture": "#texture" },
				"west": { "uv": [ 0.5, 2, 1, 2.5 ], "texture": "#texture", "rotation": 270 },
				"east": { "uv": [ 5.5, 2, 5, 2.5 ], "texture": "#texture", "rotation": 90 }
			}
		},
		{
			"__comment": "textrure",
			"from": [ 3, 15, 13 ],
			"to": [ 13, 16, 14 ],
			"faces": {
				"down": { "uv": [ 0.5, 8, 5.5, 7.5 ], "texture": "#texture" },
				"up": { "uv": [ 0.5, 7.5, 5.5, 8 ], "texture": "#texture" },
				"north": { "uv": [ 5.5, 8, 0.5, 7.5 ], "texture": "#texture" },
				"south": { "uv": [ 0.5, 7.5, 5.5, 8 ], "texture": "#texture" },
				"west": { "uv": [ 0.5, 7.5, 1, 8 ], "texture": "#texture", "rotation": 270 },
				"east": { "uv": [ 5.5, 7.5, 5, 8 ], "texture": "#texture", "rotation": 90 }
			}
		},
		{
			"__comment": "textrure",
			"from": [ 3, 0, 13 ],
			"to": [ 13, 1, 14 ],
			"faces": {
				"down": { "uv": [ 0.5, 8, 5.5, 7.5 ], "texture": "#texture" },
				"up": { "uv": [ 0.5, 7.5, 5.5, 8 ], "texture": "#texture" },
				"north": { "uv": [ 5.5, 8, 0.5, 7.5 ], "texture": "#texture" },
				"south": { "uv": [ 0.5, 7.5, 5.5, 8 ], "texture": "#texture" },
				"west": { "uv": [ 0.5, 7.5, 1, 8 ], "texture": "#texture", "rotation": 270 },
				"east": { "uv": [ 5.5, 7.5, 5, 8 ], "texture": "#texture", "rotation": 90 }
			}
		},
		{
			"__comment": "textrure",
			"from": [ 3, 0, 2 ],
			"to": [ 13, 1, 3 ],
			"faces": {
				"down": { "uv": [ 0.5, 2.5, 5.5, 2 ], "texture": "#texture" },
				"up": { "uv": [ 0.5, 2, 5.5, 2.5 ], "texture": "#texture" },
				"north": { "uv": [ 5.5, 2.5, 0.5, 2 ], "texture": "#texture" },
				"south": { "uv": [ 0.5, 2, 5.5, 2.5 ], "texture": "#texture" },
				"west": { "uv": [ 0.5, 2, 1, 2.5 ], "texture": "#texture", "rotation": 270 },
				"east": { "uv": [ 5.5, 2, 5, 2.5 ], "texture": "#texture", "rotation": 90 }
			}
		}
	],
	"display": {
		"thirdperson_righthand": {
			"rotation":  [ 75, 45, 0 ],
			"translation":  [ 0, 2, 0 ],
			"scale":  [ 0.25, 0.25, 0.25 ]
		},
		"thirdperson_lefthand": {
			"rotation":  [ 75, 45, 0 ],
			"translation":  [ 0, 2, 0 ],
			"scale":  [ 0.25, 0.25, 0.25 ]
		},
		"firstperson_righthand": {
			"rotation":  [ 0, 45, 0 ],
			"scale":  [ 0.5, 0.5, 0.5 ]
		},
		"firstperson_lefthand": {
			"rotation":  [ 0, 45, 0 ],
			"scale":  [ 0.5, 0.5, 0.5 ]
		},
		"gui": {
			"rotation":  [ 30, 225, 0 ],
			"scale":  [ 0.625, 0.625, 0.625 ]
		},
		"head": {
			"scale":  [ 0.0001, 0.0001, 0.0001 ]
		},
		"ground": {
			"translation":  [ 0, 2, 0 ],
			"scale":  [ 0.25, 0.25, 0.25 ]
		},
		"fixed": {
			"scale":  [ 0.5, 0.5, 0.5 ]
		}
	}
}