{
	"__comment": "Model generated using MrCrayfish's Model Creator (http://mrcrayfish.com/modelcreator/)",
	"textures": {
		"particle": "blocks/e_particle",
		"texture": "blocks/e_texture",
		"0": "blocks/colours/101688e901b293691a03f0de88bfc9359bd2477d-1559447235",
		"1": "blocks/colours/dullgray",
		"2": "blocks/colours/darkgray",
		"3": "blocks/colours/dullblack",
		"4": "blocks/colours/red",
		"5": "blocks/colours/darkgray",
		"-1": "items/e_texture"
	},
	"elements": [ 	 
		{
			"__comment": "Box387",
			"from": [ -2, 0, -2 ],
			"to": [ -1, 1, -1 ],
			"faces": {
				"down": { "uv": [ 14, 1, 15, 2 ], "texture": "#texture" },
				"up": { "uv": [ 14, 14, 15, 15 ], "texture": "#texture" },
				"north": { "uv": [ 1, 15, 2, 16 ], "texture": "#texture" },
				"south": { "uv": [ 14, 15, 15, 16 ], "texture": "#texture" },
				"west": { "uv": [ 14, 15, 15, 16 ], "texture": "#texture" },
				"east": { "uv": [ 1, 15, 2, 16 ], "texture": "#texture" }
			}
		}
	],
	"display": {
		"thirdperson_righthand": {
			"rotation":  [ 0, -90, 0 ],
			"translation":  [ -6.26, 3.4772, -4.174 ],
			"scale":  [ -0.668, 0.6173, 0.6869 ]
		},
		"thirdperson_lefthand": {
			"scale":  [ 0.0001, 0.0001, 0.0001 ]
		},
		"firstperson_righthand": {
			"scale":  [ 0.0001, 0.0001, 0.0001 ]
		},
		"firstperson_lefthand": {
			"rotation":  [ 0, -90, 0 ],
			"translation":  [ -18.2, 10.8, -1.367 ]
		},
		"gui": {
			"rotation":  [ 0, 0, 49 ],
			"translation":  [ -6.253, -0.694, 0 ],
			"scale":  [ -0.651, 0.826, 1 ]
		}
	}
}