{
	"__comment": "Designed by Optimus0812 with Cubik Studio - https://cubik.studio",
	"textures": {
		"supply_box": "dayz/equipment/container/supply_box"
	},
	"elements": [ 	 
		{
			"__comment": "supply_box1",
			"from": [ 0, 4.5, 4 ],
			"to": [ 16, 8.5, 12 ],
			"faces": {
				"down": { "uv": [ 4, 0, 12, 4 ], "texture": "#supply_box" },
				"up": { "uv": [ 4, 0, 12, 4 ], "texture": "#supply_box" },
				"north": { "uv": [ 4, 5.25, 12, 7.25 ], "texture": "#supply_box" },
				"south": { "uv": [ 4, 5.25, 12, 7.25 ], "texture": "#supply_box" },
				"west": { "uv": [ 0, 5.25, 4, 7.25 ], "texture": "#supply_box" },
				"east": { "uv": [ 12, 5.25, 16, 7.25 ], "texture": "#supply_box" }
			}
		},
		{
			"__comment": "supply_box2",
			"from": [ 0, 9, 4 ],
			"to": [ 16, 11, 12 ],
			"faces": {
				"down": { "uv": [ 4, 0, 12, 4 ], "texture": "#supply_box" },
				"up": { "uv": [ 4, 0, 12, 4 ], "texture": "#supply_box" },
				"north": { "uv": [ 4, 4, 12, 5 ], "texture": "#supply_box" },
				"south": { "uv": [ 4, 4, 12, 5 ], "texture": "#supply_box" },
				"west": { "uv": [ 0, 4, 4, 5 ], "texture": "#supply_box" },
				"east": { "uv": [ 12, 4, 16, 5 ], "texture": "#supply_box" }
			}
		},
		{
			"__comment": "supply_box3",
			"from": [ 0.5, 8.5, 4.5 ],
			"to": [ 15.5, 9, 11.5 ],
			"faces": {
				"down": { "uv": [ 4.25, 0.25, 11.75, 3.75 ], "texture": "#supply_box" },
				"up": { "uv": [ 4.25, 0.25, 11.75, 3.75 ], "texture": "#supply_box" },
				"north": { "uv": [ 4.25, 5, 11.75, 5.25 ], "texture": "#supply_box" },
				"south": { "uv": [ 4.25, 5, 11.75, 5.25 ], "texture": "#supply_box" },
				"west": { "uv": [ 0.25, 5, 3.75, 5.25 ], "texture": "#supply_box" },
				"east": { "uv": [ 12.25, 5, 15.75, 5.25 ], "texture": "#supply_box" }
			}
		},
		{
			"__comment": "supply_box4",
			"from": [ 2.5, 11, 4 ],
			"to": [ 4.5, 11.5, 12 ],
			"faces": {
				"down": { "uv": [ 5.25, 4, 6.25, 0 ], "texture": "#supply_box" },
				"up": { "uv": [ 5.25, 0, 6.25, 4 ], "texture": "#supply_box" },
				"north": { "uv": [ 6.25, 0.25, 5.25, 0 ], "texture": "#supply_box" },
				"south": { "uv": [ 5.25, 3.75, 6.25, 4 ], "texture": "#supply_box" },
				"west": { "uv": [ 5.25, 0, 5.5, 4 ], "texture": "#supply_box", "rotation": 270 },
				"east": { "uv": [ 6.25, 0, 6, 4 ], "texture": "#supply_box", "rotation": 90 }
			}
		},
		{
			"__comment": "supply_box5",
			"from": [ 11.5, 11, 4 ],
			"to": [ 13.5, 11.5, 12 ],
			"faces": {
				"down": { "uv": [ 9.75, 4, 10.75, 0 ], "texture": "#supply_box" },
				"up": { "uv": [ 9.75, 0, 10.75, 4 ], "texture": "#supply_box" },
				"north": { "uv": [ 10.75, 0.25, 9.75, 0 ], "texture": "#supply_box" },
				"south": { "uv": [ 9.75, 3.75, 10.75, 4 ], "texture": "#supply_box" },
				"west": { "uv": [ 9.75, 0, 10, 4 ], "texture": "#supply_box", "rotation": 270 },
				"east": { "uv": [ 10.75, 0, 10.5, 4 ], "texture": "#supply_box", "rotation": 90 }
			}
		},
		{
			"__comment": "supply_box6",
			"from": [ 11.5, 9, 12 ],
			"to": [ 13.5, 11.5, 12.5 ],
			"faces": {
				"down": { "uv": [ 9.75, 4.75, 10.75, 5 ], "texture": "#supply_box" },
				"up": { "uv": [ 9.75, 4, 10.75, 3.75 ], "texture": "#supply_box" },
				"north": { "uv": [ 10.75, 3.75, 9.75, 5 ], "texture": "#supply_box" },
				"south": { "uv": [ 9.75, 3.75, 10.75, 5 ], "texture": "#supply_box" },
				"west": { "uv": [ 9.75, 3.75, 10, 5 ], "texture": "#supply_box" },
				"east": { "uv": [ 10.75, 3.75, 10.5, 5 ], "texture": "#supply_box" }
			}
		},
		{
			"__comment": "supply_box7",
			"from": [ 2.5, 9, 12 ],
			"to": [ 4.5, 11.5, 12.5 ],
			"faces": {
				"down": { "uv": [ 5.25, 4.75, 6.25, 5 ], "texture": "#supply_box" },
				"up": { "uv": [ 5.25, 4, 6.25, 3.75 ], "texture": "#supply_box" },
				"north": { "uv": [ 6.25, 3.75, 5.25, 5 ], "texture": "#supply_box" },
				"south": { "uv": [ 5.25, 3.75, 6.25, 5 ], "texture": "#supply_box" },
				"west": { "uv": [ 5.25, 3.75, 5.5, 5 ], "texture": "#supply_box" },
				"east": { "uv": [ 6.25, 3.75, 6, 5 ], "texture": "#supply_box" }
			}
		},
		{
			"__comment": "supply_box8",
			"from": [ 2.5, 9, 3.5 ],
			"to": [ 4.5, 11.5, 4 ],
			"faces": {
				"down": { "uv": [ 5.25, 4.75, 6.25, 5 ], "texture": "#supply_box" },
				"up": { "uv": [ 5.25, 4, 6.25, 3.75 ], "texture": "#supply_box" },
				"north": { "uv": [ 6.25, 3.75, 5.25, 5 ], "texture": "#supply_box" },
				"south": { "uv": [ 5.25, 3.75, 6.25, 5 ], "texture": "#supply_box" },
				"west": { "uv": [ 5.25, 3.75, 5.5, 5 ], "texture": "#supply_box" },
				"east": { "uv": [ 6.25, 3.75, 6, 5 ], "texture": "#supply_box" }
			}
		},
		{
			"__comment": "supply_box9",
			"from": [ 11.5, 9, 3.5 ],
			"to": [ 13.5, 11.5, 4 ],
			"faces": {
				"down": { "uv": [ 9.75, 4.75, 10.75, 5 ], "texture": "#supply_box" },
				"up": { "uv": [ 9.75, 4, 10.75, 3.75 ], "texture": "#supply_box" },
				"north": { "uv": [ 10.75, 3.75, 9.75, 5 ], "texture": "#supply_box" },
				"south": { "uv": [ 9.75, 3.75, 10.75, 5 ], "texture": "#supply_box" },
				"west": { "uv": [ 9.75, 3.75, 10, 5 ], "texture": "#supply_box" },
				"east": { "uv": [ 10.75, 3.75, 10.5, 5 ], "texture": "#supply_box" }
			}
		},
		{
			"__comment": "supply_box10",
			"from": [ 2.5, 4.5, 12 ],
			"to": [ 4.5, 8.5, 12.5 ],
			"faces": {
				"down": { "uv": [ 5.25, 7, 6.25, 7.25 ], "texture": "#supply_box" },
				"up": { "uv": [ 5.25, 5.5, 6.25, 5.25 ], "texture": "#supply_box" },
				"north": { "uv": [ 6.25, 5.25, 5.25, 7.25 ], "texture": "#supply_box" },
				"south": { "uv": [ 5.25, 5.25, 6.25, 7.25 ], "texture": "#supply_box" },
				"west": { "uv": [ 5.25, 5.25, 5.5, 7.25 ], "texture": "#supply_box" },
				"east": { "uv": [ 6.25, 5.25, 6, 7.25 ], "texture": "#supply_box" }
			}
		},
		{
			"__comment": "supply_box11",
			"from": [ 11.5, 4.5, 12 ],
			"to": [ 13.5, 8.5, 12.5 ],
			"faces": {
				"down": { "uv": [ 9.75, 7, 10.75, 7.25 ], "texture": "#supply_box" },
				"up": { "uv": [ 9.75, 5.5, 10.75, 5.25 ], "texture": "#supply_box" },
				"north": { "uv": [ 10.75, 5.25, 9.75, 7.25 ], "texture": "#supply_box" },
				"south": { "uv": [ 9.75, 5.25, 10.75, 7.25 ], "texture": "#supply_box" },
				"west": { "uv": [ 9.75, 5.25, 10, 7.25 ], "texture": "#supply_box" },
				"east": { "uv": [ 10.75, 5.25, 10.5, 7.25 ], "texture": "#supply_box" }
			}
		},
		{
			"__comment": "supply_box12",
			"from": [ 2.5, 4.5, 3.5 ],
			"to": [ 4.5, 8.5, 4 ],
			"faces": {
				"down": { "uv": [ 5.25, 7, 6.25, 7.25 ], "texture": "#supply_box" },
				"up": { "uv": [ 5.25, 5.5, 6.25, 5.25 ], "texture": "#supply_box" },
				"north": { "uv": [ 6.25, 5.25, 5.25, 7.25 ], "texture": "#supply_box" },
				"south": { "uv": [ 5.25, 5.25, 6.25, 7.25 ], "texture": "#supply_box" },
				"west": { "uv": [ 5.25, 5.25, 5.5, 7.25 ], "texture": "#supply_box" },
				"east": { "uv": [ 6.25, 5.25, 6, 7.25 ], "texture": "#supply_box" }
			}
		},
		{
			"__comment": "supply_box",
			"from": [ 11.5, 4.5, 3.5 ],
			"to": [ 13.5, 8.5, 4 ],
			"faces": {
				"down": { "uv": [ 9.75, 7, 10.75, 7.25 ], "texture": "#supply_box" },
				"up": { "uv": [ 9.75, 5.5, 10.75, 5.25 ], "texture": "#supply_box" },
				"north": { "uv": [ 10.75, 5.25, 9.75, 7.25 ], "texture": "#supply_box" },
				"south": { "uv": [ 9.75, 5.25, 10.75, 7.25 ], "texture": "#supply_box" },
				"west": { "uv": [ 9.75, 5.25, 10, 7.25 ], "texture": "#supply_box" },
				"east": { "uv": [ 10.75, 5.25, 10.5, 7.25 ], "texture": "#supply_box" }
			}
		},
		{
			"__comment": "supply_box4",
			"from": [ 2.5, 4, 4 ],
			"to": [ 4.5, 4.5, 12 ],
			"faces": {
				"down": { "uv": [ 5.25, 4, 6.25, 0 ], "texture": "#supply_box" },
				"up": { "uv": [ 5.25, 0, 6.25, 4 ], "texture": "#supply_box" },
				"north": { "uv": [ 6.25, 0.25, 5.25, 0 ], "texture": "#supply_box" },
				"south": { "uv": [ 5.25, 3.75, 6.25, 4 ], "texture": "#supply_box" },
				"west": { "uv": [ 5.25, 0, 5.5, 4 ], "texture": "#supply_box", "rotation": 270 },
				"east": { "uv": [ 6.25, 0, 6, 4 ], "texture": "#supply_box", "rotation": 90 }
			}
		},
		{
			"__comment": "supply_box5",
			"from": [ 11.5, 4, 4 ],
			"to": [ 13.5, 4.5, 12 ],
			"faces": {
				"down": { "uv": [ 9.75, 4, 10.75, 0 ], "texture": "#supply_box" },
				"up": { "uv": [ 9.75, 0, 10.75, 4 ], "texture": "#supply_box" },
				"north": { "uv": [ 10.75, 0.25, 9.75, 0 ], "texture": "#supply_box" },
				"south": { "uv": [ 9.75, 3.75, 10.75, 4 ], "texture": "#supply_box" },
				"west": { "uv": [ 9.75, 0, 10, 4 ], "texture": "#supply_box", "rotation": 270 },
				"east": { "uv": [ 10.75, 0, 10.5, 4 ], "texture": "#supply_box", "rotation": 90 }
			}
		},
		{
			"__comment": "supply_box5",
			"from": [ 11.5, 4, 3.5 ],
			"to": [ 13.5, 4.5, 4 ],
			"faces": {
				"down": { "uv": [ 9.75, 3.75, 10.75, 4 ], "texture": "#supply_box" },
				"up": { "uv": [ 9.75, 4, 10.75, 3.75 ], "texture": "#supply_box" },
				"north": { "uv": [ 10.75, 3.75, 9.75, 4 ], "texture": "#supply_box" },
				"south": { "uv": [ 9.75, 3.75, 10.75, 4 ], "texture": "#supply_box" },
				"west": { "uv": [ 9.75, 3.75, 10, 4 ], "texture": "#supply_box" },
				"east": { "uv": [ 10.75, 3.75, 10.5, 4 ], "texture": "#supply_box" }
			}
		},
		{
			"__comment": "supply_box5",
			"from": [ 11.5, 4, 12 ],
			"to": [ 13.5, 4.5, 12.5 ],
			"faces": {
				"down": { "uv": [ 9.75, 3.75, 10.75, 4 ], "texture": "#supply_box" },
				"up": { "uv": [ 9.75, 4, 10.75, 3.75 ], "texture": "#supply_box" },
				"north": { "uv": [ 10.75, 3.75, 9.75, 4 ], "texture": "#supply_box" },
				"south": { "uv": [ 9.75, 3.75, 10.75, 4 ], "texture": "#supply_box" },
				"west": { "uv": [ 9.75, 3.75, 10, 4 ], "texture": "#supply_box" },
				"east": { "uv": [ 10.75, 3.75, 10.5, 4 ], "texture": "#supply_box" }
			}
		},
		{
			"__comment": "supply_box5",
			"from": [ 2.5, 4, 12 ],
			"to": [ 4.5, 4.5, 12.5 ],
			"faces": {
				"down": { "uv": [ 9.75, 3.75, 10.75, 4 ], "texture": "#supply_box" },
				"up": { "uv": [ 9.75, 4, 10.75, 3.75 ], "texture": "#supply_box" },
				"north": { "uv": [ 10.75, 3.75, 9.75, 4 ], "texture": "#supply_box" },
				"south": { "uv": [ 9.75, 3.75, 10.75, 4 ], "texture": "#supply_box" },
				"west": { "uv": [ 9.75, 3.75, 10, 4 ], "texture": "#supply_box" },
				"east": { "uv": [ 10.75, 3.75, 10.5, 4 ], "texture": "#supply_box" }
			}
		},
		{
			"__comment": "supply_box5",
			"from": [ 2.5, 4, 3.5 ],
			"to": [ 4.5, 4.5, 4 ],
			"faces": {
				"down": { "uv": [ 9.75, 3.75, 10.75, 4 ], "texture": "#supply_box" },
				"up": { "uv": [ 9.75, 4, 10.75, 3.75 ], "texture": "#supply_box" },
				"north": { "uv": [ 10.75, 3.75, 9.75, 4 ], "texture": "#supply_box" },
				"south": { "uv": [ 9.75, 3.75, 10.75, 4 ], "texture": "#supply_box" },
				"west": { "uv": [ 9.75, 3.75, 10, 4 ], "texture": "#supply_box" },
				"east": { "uv": [ 10.75, 3.75, 10.5, 4 ], "texture": "#supply_box" }
			}
		},
		{
			"__comment": "supply_box5",
			"from": [ 6.5, 10, 13 ],
			"to": [ 9.5, 10.5, 13.5 ],
			"faces": {
				"down": { "uv": [ 14.25, 0, 15.75, 0.25 ], "texture": "#supply_box" },
				"up": { "uv": [ 14.25, 0.25, 15.75, 0 ], "texture": "#supply_box" },
				"north": { "uv": [ 15.75, 0, 14.25, 0.25 ], "texture": "#supply_box" },
				"south": { "uv": [ 14.25, 0, 15.75, 0.25 ], "texture": "#supply_box" },
				"west": { "uv": [ 14.25, 0, 14.5, 0.25 ], "texture": "#supply_box" },
				"east": { "uv": [ 15.75, 0, 15.5, 0.25 ], "texture": "#supply_box" }
			}
		},
		{
			"__comment": "supply_box5",
			"from": [ 6.5, 10, 12.5 ],
			"to": [ 7, 10.5, 13 ],
			"faces": {
				"down": { "uv": [ 14.25, 0, 14.5, 0.25 ], "texture": "#supply_box" },
				"up": { "uv": [ 14.25, 0.25, 14.5, 0 ], "texture": "#supply_box" },
				"north": { "uv": [ 14.5, 0, 14.25, 0.25 ], "texture": "#supply_box" },
				"south": { "uv": [ 14.25, 0, 14.5, 0.25 ], "texture": "#supply_box" },
				"west": { "uv": [ 14.25, 0, 14.5, 0.25 ], "texture": "#supply_box" },
				"east": { "uv": [ 14.5, 0, 14.25, 0.25 ], "texture": "#supply_box" }
			}
		},
		{
			"__comment": "supply_box5",
			"from": [ 9, 10, 12.5 ],
			"to": [ 9.5, 10.5, 13 ],
			"faces": {
				"down": { "uv": [ 15.5, 0, 15.75, 0.25 ], "texture": "#supply_box" },
				"up": { "uv": [ 15.5, 0.25, 15.75, 0 ], "texture": "#supply_box" },
				"north": { "uv": [ 15.75, 0, 15.5, 0.25 ], "texture": "#supply_box" },
				"south": { "uv": [ 15.5, 0, 15.75, 0.25 ], "texture": "#supply_box" },
				"west": { "uv": [ 15.5, 0, 15.75, 0.25 ], "texture": "#supply_box" },
				"east": { "uv": [ 15.75, 0, 15.5, 0.25 ], "texture": "#supply_box" }
			}
		},
		{
			"__comment": "supply_box5",
			"from": [ 6, 9.5, 12 ],
			"to": [ 7, 10.5, 12.5 ],
			"faces": {
				"down": { "uv": [ 14, 0.25, 14.5, 0.5 ], "texture": "#supply_box" },
				"up": { "uv": [ 14, 0.25, 14.5, 0 ], "texture": "#supply_box" },
				"north": { "uv": [ 14.5, 0, 14, 0.5 ], "texture": "#supply_box" },
				"south": { "uv": [ 14, 0, 14.5, 0.5 ], "texture": "#supply_box" },
				"west": { "uv": [ 14, 0, 14.25, 0.5 ], "texture": "#supply_box" },
				"east": { "uv": [ 14.5, 0, 14.25, 0.5 ], "texture": "#supply_box" }
			}
		},
		{
			"__comment": "supply_box5",
			"from": [ 9, 9.5, 12 ],
			"to": [ 10, 10.5, 12.5 ],
			"faces": {
				"down": { "uv": [ 15.5, 0.25, 16, 0.5 ], "texture": "#supply_box" },
				"up": { "uv": [ 15.5, 0.25, 16, 0 ], "texture": "#supply_box" },
				"north": { "uv": [ 16, 0, 15.5, 0.5 ], "texture": "#supply_box" },
				"south": { "uv": [ 15.5, 0, 16, 0.5 ], "texture": "#supply_box" },
				"west": { "uv": [ 15.5, 0, 15.75, 0.5 ], "texture": "#supply_box" },
				"east": { "uv": [ 16, 0, 15.75, 0.5 ], "texture": "#supply_box" }
			}
		}
	],
	"display": {
		"thirdperson_righthand": {
			"rotation":  [ 60, -30, 0 ],
			"translation":  [ -3, 4.5, 0 ],
			"scale":  [ 0.75, 0.75, 0.75 ]
		},
		"thirdperson_lefthand": {
			"rotation":  [ 0, -45, 0 ],
			"translation":  [ -6, -7, 7.5 ],
			"scale":  [ 0.75, 0.75, 0.75 ]
		},
		"firstperson_righthand": {
			"translation":  [ -8.95, 3, 0 ],
			"scale":  [ 0.75, 0.75, 0.75 ]
		},
		"firstperson_lefthand": {
			"scale":  [ 0.0001, 0.0001, 0.0001 ]
		},
		"gui": {
			"rotation":  [ 30, -45, 0 ],
			"scale":  [ 0.625, 0.625, 0.625 ]
		},
		"head": {
			"scale":  [ 0.0001, 0.0001, 0.0001 ]
		},
		"ground": {
			"scale":  [ 0.75, 0.75, 0.75 ]
		},
		"fixed": {
			"rotation":  [ -90, -180, 0 ]
		}
	}
}