{
	"__comment": "Made by MadstonMagic using OPL's Model Creator and Cubik Pro, Copyright � MadstonMagic Modeling 2015-2016. All rights reserved",
	"textures": {
		"particle": "madstonmagic/0001b_knife",
		"texture": "madstonmagic/0001b_knife"
	},
	"elements": [ 	 
		{
			"__comment": "bottom",
			"from": [ 7.3125, 0.05, 8.25 ],
			"to": [ 8.6875, 0.175, 8.75 ],
			"faces": {
				"down": { "uv": [ 7.3125, 8.25, 8.6875, 8.75 ], "texture": "#particle" },
				"up": { "uv": [ 7.3125, 8.25, 8.6875, 8.75 ], "texture": "#texture" },
				"north": { "uv": [ 6.75, 10.25, 8, 10.75 ], "texture": "#texture" },
				"south": { "uv": [ 7, 11, 8.25, 11.375 ], "texture": "#texture" },
				"west": { "uv": [ 7.75, 11, 8.25, 11.5 ], "texture": "#texture" },
				"east": { "uv": [ 7.75, 10.5, 8.25, 11 ], "texture": "#texture" }
			}
		},
		{
			"__comment": "bottom",
			"from": [ 7, 0.175, 8.25 ],
			"to": [ 7.5, 0.3, 8.75 ],
			"faces": {
				"down": { "uv": [ 7.3125, 8.25, 8.6875, 8.75 ], "texture": "#particle" },
				"up": { "uv": [ 7.3125, 8.25, 8.6875, 8.75 ], "texture": "#texture" },
				"north": { "uv": [ 6.75, 10.25, 8, 10.75 ], "texture": "#texture" },
				"south": { "uv": [ 7, 11, 8.25, 11.375 ], "texture": "#texture" },
				"west": { "uv": [ 7.75, 11, 8.25, 11.5 ], "texture": "#texture" },
				"east": { "uv": [ 7.75, 10.5, 8.25, 11 ], "texture": "#texture" }
			}
		},
		{
			"__comment": "bottom",
			"from": [ 8.5, 0.175, 8.25 ],
			"to": [ 9, 0.3, 8.75 ],
			"faces": {
				"down": { "uv": [ 7.3125, 8.25, 8.6875, 8.75 ], "texture": "#particle" },
				"up": { "uv": [ 7.3125, 8.25, 8.6875, 8.75 ], "texture": "#texture" },
				"north": { "uv": [ 6.75, 10.25, 8, 10.75 ], "texture": "#texture" },
				"south": { "uv": [ 7, 11, 8.25, 11.375 ], "texture": "#texture" },
				"west": { "uv": [ 7.75, 11, 8.25, 11.5 ], "texture": "#texture" },
				"east": { "uv": [ 7.75, 10.5, 8.25, 11 ], "texture": "#texture" }
			}
		},
		{
			"__comment": "bottom",
			"from": [ 7.25, 0.3, 8.25 ],
			"to": [ 7.5, 0.55, 8.75 ],
			"faces": {
				"down": { "uv": [ 7.3125, 8.25, 8.6875, 8.75 ], "texture": "#particle" },
				"up": { "uv": [ 7.3125, 8.25, 8.6875, 8.75 ], "texture": "#texture" },
				"north": { "uv": [ 6.75, 10.25, 8, 10.75 ], "texture": "#texture" },
				"south": { "uv": [ 7, 11, 8.25, 11.375 ], "texture": "#texture" },
				"west": { "uv": [ 7.75, 11, 8.25, 11.5 ], "texture": "#texture" },
				"east": { "uv": [ 7.75, 10.5, 8.25, 11 ], "texture": "#texture" }
			}
		},
		{
			"__comment": "bottom",
			"from": [ 8.5, 0.3, 8.25 ],
			"to": [ 8.75, 0.55, 8.75 ],
			"faces": {
				"down": { "uv": [ 7.3125, 8.25, 8.6875, 8.75 ], "texture": "#particle" },
				"up": { "uv": [ 7.3125, 8.25, 8.6875, 8.75 ], "texture": "#texture" },
				"north": { "uv": [ 6.75, 10.25, 8, 10.75 ], "texture": "#texture" },
				"south": { "uv": [ 7, 11, 8.25, 11.375 ], "texture": "#texture" },
				"west": { "uv": [ 7.75, 11, 8.25, 11.5 ], "texture": "#texture" },
				"east": { "uv": [ 7.75, 10.5, 8.25, 11 ], "texture": "#texture" }
			}
		},
		{
			"__comment": "bottom",
			"from": [ 8.75, 0.425, 8.25 ],
			"to": [ 9.1875, 0.55, 8.75 ],
			"faces": {
				"down": { "uv": [ 7.3125, 8.25, 8.6875, 8.75 ], "texture": "#particle" },
				"up": { "uv": [ 7.3125, 8.25, 8.6875, 8.75 ], "texture": "#texture" },
				"north": { "uv": [ 6.75, 10.25, 8, 10.75 ], "texture": "#texture" },
				"south": { "uv": [ 7, 11, 8.25, 11.375 ], "texture": "#texture" },
				"west": { "uv": [ 7.75, 11, 8.25, 11.5 ], "texture": "#texture" },
				"east": { "uv": [ 7.75, 10.5, 8.25, 11 ], "texture": "#texture" }
			}
		},
		{
			"__comment": "Element",
			"from": [ 7, 0.748, 8 ],
			"to": [ 9, 1.748, 9 ],
			"faces": {
				"down": { "uv": [ 9.5, 9.5, 10.875, 10 ], "texture": "#particle" },
				"up": { "uv": [ 9.75, 9.5, 11.125, 10 ], "texture": "#texture" },
				"north": { "uv": [ 9.5, 9.5, 10.75, 10 ], "texture": "#texture" },
				"south": { "uv": [ 9.5, 9.75, 10.75, 10.125 ], "texture": "#texture" },
				"west": { "uv": [ 10, 9.5, 10.5, 10 ], "texture": "#texture" },
				"east": { "uv": [ 9.75, 9.75, 10.25, 10.25 ], "texture": "#texture" }
			}
		},
		{
			"__comment": "Element",
			"from": [ 7.25, 1.6875, 8 ],
			"to": [ 8.75, 6.6875, 9 ],
			"faces": {
				"down": { "uv": [ 9.5, 9.5, 10.875, 10 ], "texture": "#particle" },
				"up": { "uv": [ 9.75, 9.5, 11.125, 10 ], "texture": "#texture" },
				"north": { "uv": [ 9.5, 9.5, 10.75, 10 ], "texture": "#texture" },
				"south": { "uv": [ 9.5, 9.75, 10.75, 10.125 ], "texture": "#texture" },
				"west": { "uv": [ 10, 9.5, 10.5, 10 ], "texture": "#texture" },
				"east": { "uv": [ 9.75, 9.75, 10.25, 10.25 ], "texture": "#texture" }
			}
		},
		{
			"__comment": "Element",
			"from": [ 8.385, 1.5625, 8 ],
			"to": [ 8.635, 2.5625, 9 ],
			"rotation": { "origin": [ 8.385, 2.5625, 8 ], "axis": "z", "angle": 22.5 },
			"faces": {
				"down": { "uv": [ 9.5, 9.5, 10.875, 10 ], "texture": "#particle" },
				"up": { "uv": [ 9.75, 9.5, 11.125, 10 ], "texture": "#texture" },
				"north": { "uv": [ 9.5, 9.5, 10.75, 10 ], "texture": "#texture" },
				"south": { "uv": [ 9.5, 9.75, 10.75, 10.125 ], "texture": "#texture" },
				"west": { "uv": [ 10, 9.5, 10.5, 10 ], "texture": "#texture" },
				"east": { "uv": [ 9.75, 9.75, 10.25, 10.25 ], "texture": "#texture" }
			}
		},
		{
			"__comment": "Element",
			"from": [ 7.385, 1.6775, 8 ],
			"to": [ 7.635, 2.6775, 9 ],
			"rotation": { "origin": [ 7.385, 2.6775, 8 ], "axis": "z", "angle": -22.5 },
			"faces": {
				"down": { "uv": [ 9.5, 9.5, 10.875, 10 ], "texture": "#particle" },
				"up": { "uv": [ 9.75, 9.5, 11.125, 10 ], "texture": "#texture" },
				"north": { "uv": [ 9.5, 9.5, 10.75, 10 ], "texture": "#texture" },
				"south": { "uv": [ 9.5, 9.75, 10.75, 10.125 ], "texture": "#texture" },
				"west": { "uv": [ 10, 9.5, 10.5, 10 ], "texture": "#texture" },
				"east": { "uv": [ 9.75, 9.75, 10.25, 10.25 ], "texture": "#texture" }
			}
		},
		{
			"__comment": "Element",
			"from": [ 7.125, 1.6875, 8.125 ],
			"to": [ 8.875, 6.6875, 8.875 ],
			"faces": {
				"down": { "uv": [ 7.3125, 8.25, 8.6875, 8.75 ], "texture": "#particle" },
				"up": { "uv": [ 7.3125, 8.25, 8.6875, 8.75 ], "texture": "#texture" },
				"north": { "uv": [ 6.75, 10.25, 8, 10.75 ], "texture": "#texture" },
				"south": { "uv": [ 7, 11, 8.25, 11.375 ], "texture": "#texture" },
				"west": { "uv": [ 7.75, 11, 8.25, 11.5 ], "texture": "#texture" },
				"east": { "uv": [ 7.75, 10.5, 8.25, 11 ], "texture": "#texture" }
			}
		},
		{
			"__comment": "Element",
			"from": [ 8.75, 1.6875, 8 ],
			"to": [ 8.9375, 6.6875, 8.25 ],
			"rotation": { "origin": [ 8.75, 1.6875, 8 ], "axis": "y", "angle": -45 },
			"faces": {
				"down": { "uv": [ 7.3125, 8.25, 8.6875, 8.75 ], "texture": "#particle" },
				"up": { "uv": [ 7.3125, 8.25, 8.6875, 8.75 ], "texture": "#texture" },
				"north": { "uv": [ 6.75, 10.25, 8, 10.75 ], "texture": "#texture" },
				"south": { "uv": [ 7, 11, 8.25, 11.375 ], "texture": "#texture" },
				"west": { "uv": [ 7.75, 11, 8.25, 11.5 ], "texture": "#texture" },
				"east": { "uv": [ 7.75, 10.5, 8.25, 11 ], "texture": "#texture" }
			}
		},
		{
			"__comment": "Element",
			"from": [ 7.2925, 1.6875, 8.6875 ],
			"to": [ 7.48, 6.6875, 8.9375 ],
			"rotation": { "origin": [ 7.2925, 1.6875, 8.6875 ], "axis": "y", "angle": -45 },
			"faces": {
				"down": { "uv": [ 7.3125, 8.25, 8.6875, 8.75 ], "texture": "#particle" },
				"up": { "uv": [ 7.3125, 8.25, 8.6875, 8.75 ], "texture": "#texture" },
				"north": { "uv": [ 6.75, 10.25, 8, 10.75 ], "texture": "#texture" },
				"south": { "uv": [ 7, 11, 8.25, 11.375 ], "texture": "#texture" },
				"west": { "uv": [ 7.75, 11, 8.25, 11.5 ], "texture": "#texture" },
				"east": { "uv": [ 7.75, 10.5, 8.25, 11 ], "texture": "#texture" }
			}
		},
		{
			"__comment": "Element",
			"from": [ 7.125, 1.6875, 8.125 ],
			"to": [ 7.3125, 6.6875, 8.375 ],
			"rotation": { "origin": [ 7.125, 1.6875, 8.125 ], "axis": "y", "angle": 45 },
			"faces": {
				"down": { "uv": [ 7.3125, 8.25, 8.6875, 8.75 ], "texture": "#particle" },
				"up": { "uv": [ 7.3125, 8.25, 8.6875, 8.75 ], "texture": "#texture" },
				"north": { "uv": [ 6.75, 10.25, 8, 10.75 ], "texture": "#texture" },
				"south": { "uv": [ 7, 11, 8.25, 11.375 ], "texture": "#texture" },
				"west": { "uv": [ 7.75, 11, 8.25, 11.5 ], "texture": "#texture" },
				"east": { "uv": [ 7.75, 10.5, 8.25, 11 ], "texture": "#texture" }
			}
		},
		{
			"__comment": "Element",
			"from": [ 8.5725, 1.6875, 8.8225 ],
			"to": [ 8.76, 6.6875, 9.0725 ],
			"rotation": { "origin": [ 8.5725, 1.6875, 8.8225 ], "axis": "y", "angle": 45 },
			"faces": {
				"down": { "uv": [ 7.3125, 8.25, 8.6875, 8.75 ], "texture": "#particle" },
				"up": { "uv": [ 7.3125, 8.25, 8.6875, 8.75 ], "texture": "#texture" },
				"north": { "uv": [ 6.75, 10.25, 8, 10.75 ], "texture": "#texture" },
				"south": { "uv": [ 7, 11, 8.25, 11.375 ], "texture": "#texture" },
				"west": { "uv": [ 7.75, 11, 8.25, 11.5 ], "texture": "#texture" },
				"east": { "uv": [ 7.75, 10.5, 8.25, 11 ], "texture": "#texture" }
			}
		},
		{
			"__comment": "bottom",
			"from": [ 6.8125, 0.425, 8.25 ],
			"to": [ 7.25, 0.55, 8.75 ],
			"faces": {
				"down": { "uv": [ 7.3125, 8.25, 8.6875, 8.75 ], "texture": "#particle" },
				"up": { "uv": [ 7.3125, 8.25, 8.6875, 8.75 ], "texture": "#texture" },
				"north": { "uv": [ 6.75, 10.25, 8, 10.75 ], "texture": "#texture" },
				"south": { "uv": [ 7, 11, 8.25, 11.375 ], "texture": "#texture" },
				"west": { "uv": [ 7.75, 11, 8.25, 11.5 ], "texture": "#texture" },
				"east": { "uv": [ 7.75, 10.5, 8.25, 11 ], "texture": "#texture" }
			}
		},
		{
			"__comment": "bottom",
			"from": [ 7.5, -0.075, 8.25 ],
			"to": [ 8.5625, 0.05, 8.75 ],
			"faces": {
				"down": { "uv": [ 7.3125, 8.25, 8.6875, 8.75 ], "texture": "#particle" },
				"up": { "uv": [ 7.3125, 8.25, 8.6875, 8.75 ], "texture": "#texture" },
				"north": { "uv": [ 6.75, 10.25, 8, 10.75 ], "texture": "#texture" },
				"south": { "uv": [ 7, 11, 8.25, 11.375 ], "texture": "#texture" },
				"west": { "uv": [ 7.75, 11, 8.25, 11.5 ], "texture": "#texture" },
				"east": { "uv": [ 7.75, 10.5, 8.25, 11 ], "texture": "#texture" }
			}
		},
		{
			"__comment": "bottom",
			"from": [ 7.5, 0.175, 8.25 ],
			"to": [ 7.875, 0.425, 8.75 ],
			"rotation": { "origin": [ 7.5, 0.425, 8.25 ], "axis": "z", "angle": -45 },
			"faces": {
				"down": { "uv": [ 7.3125, 8.25, 8.6875, 8.75 ], "texture": "#particle" },
				"up": { "uv": [ 7.3125, 8.25, 8.6875, 8.75 ], "texture": "#texture" },
				"north": { "uv": [ 6.75, 10.25, 8, 10.75 ], "texture": "#texture" },
				"south": { "uv": [ 7, 11, 8.25, 11.375 ], "texture": "#texture" },
				"west": { "uv": [ 7.75, 11, 8.25, 11.5 ], "texture": "#texture" },
				"east": { "uv": [ 7.75, 10.5, 8.25, 11 ], "texture": "#texture" }
			}
		},
		{
			"__comment": "bottom",
			"from": [ 8.25, -0.075, 8.25 ],
			"to": [ 8.625, 0.175, 8.75 ],
			"rotation": { "origin": [ 8.25, 0.175, 8.25 ], "axis": "z", "angle": 45 },
			"faces": {
				"down": { "uv": [ 7.3125, 8.25, 8.6875, 8.75 ], "texture": "#particle" },
				"up": { "uv": [ 7.3125, 8.25, 8.6875, 8.75 ], "texture": "#texture" },
				"north": { "uv": [ 6.75, 10.25, 8, 10.75 ], "texture": "#texture" },
				"south": { "uv": [ 7, 11, 8.25, 11.375 ], "texture": "#texture" },
				"west": { "uv": [ 7.75, 11, 8.25, 11.5 ], "texture": "#texture" },
				"east": { "uv": [ 7.75, 10.5, 8.25, 11 ], "texture": "#texture" }
			}
		},
		{
			"__comment": "screw",
			"from": [ 7.85, 0.875, 7.9475 ],
			"to": [ 8.1625, 1.1875, 9.0725 ],
			"faces": {
				"down": { "uv": [ 12.25, 5, 12.75, 5.75 ], "texture": "#particle" },
				"up": { "uv": [ 12.25, 5.25, 13, 6 ], "texture": "#texture" },
				"north": { "uv": [ 12, 5, 12.5, 5.5 ], "texture": "#texture" },
				"south": { "uv": [ 12, 5, 12.5, 5.5 ], "texture": "#texture" },
				"west": { "uv": [ 12.25, 5.25, 12.75, 5.75 ], "texture": "#texture" },
				"east": { "uv": [ 12.25, 4.75, 12.75, 5.5 ], "texture": "#texture" }
			}
		},
		{
			"__comment": "screw",
			"from": [ 7.75, 1.8125, 7.875 ],
			"to": [ 8.25, 2.3125, 9.125 ],
			"faces": {
				"down": { "uv": [ 12.25, 5, 12.75, 5.75 ], "texture": "#particle" },
				"up": { "uv": [ 12.25, 5.25, 13, 6 ], "texture": "#texture" },
				"north": { "uv": [ 12, 5, 12.5, 5.5 ], "texture": "#texture" },
				"south": { "uv": [ 12, 5, 12.5, 5.5 ], "texture": "#texture" },
				"west": { "uv": [ 12.25, 5.25, 12.75, 5.75 ], "texture": "#texture" },
				"east": { "uv": [ 12.25, 4.75, 12.75, 5.5 ], "texture": "#texture" }
			}
		},
		{
			"__comment": "screw",
			"from": [ 7.85, 2.75, 7.875 ],
			"to": [ 8.1625, 3.0625, 9.125 ],
			"faces": {
				"down": { "uv": [ 12.25, 5, 12.75, 5.75 ], "texture": "#particle" },
				"up": { "uv": [ 12.25, 5.25, 13, 6 ], "texture": "#texture" },
				"north": { "uv": [ 12, 5, 12.5, 5.5 ], "texture": "#texture" },
				"south": { "uv": [ 12, 5, 12.5, 5.5 ], "texture": "#texture" },
				"west": { "uv": [ 12.25, 5.25, 12.75, 5.75 ], "texture": "#texture" },
				"east": { "uv": [ 12.25, 4.75, 12.75, 5.5 ], "texture": "#texture" }
			}
		},
		{
			"__comment": "screw",
			"from": [ 7.9125, 0.8125, 7.9475 ],
			"to": [ 8.1, 1.25, 9.0725 ],
			"faces": {
				"down": { "uv": [ 12.25, 5, 12.75, 5.75 ], "texture": "#particle" },
				"up": { "uv": [ 12.25, 5.25, 13, 6 ], "texture": "#texture" },
				"north": { "uv": [ 12, 5, 12.5, 5.5 ], "texture": "#texture" },
				"south": { "uv": [ 12, 5, 12.5, 5.5 ], "texture": "#texture" },
				"west": { "uv": [ 12.25, 5.25, 12.75, 5.75 ], "texture": "#texture" },
				"east": { "uv": [ 12.25, 4.75, 12.75, 5.5 ], "texture": "#texture" }
			}
		},
		{
			"__comment": "screw",
			"from": [ 7.9125, 2.6875, 7.875 ],
			"to": [ 8.1, 3.125, 9.125 ],
			"faces": {
				"down": { "uv": [ 12.25, 5, 12.75, 5.75 ], "texture": "#particle" },
				"up": { "uv": [ 12.25, 5.25, 13, 6 ], "texture": "#texture" },
				"north": { "uv": [ 12, 5, 12.5, 5.5 ], "texture": "#texture" },
				"south": { "uv": [ 12, 5, 12.5, 5.5 ], "texture": "#texture" },
				"west": { "uv": [ 12.25, 5.25, 12.75, 5.75 ], "texture": "#texture" },
				"east": { "uv": [ 12.25, 4.75, 12.75, 5.5 ], "texture": "#texture" }
			}
		},
		{
			"__comment": "screw",
			"from": [ 7.7875, 2.8125, 7.875 ],
			"to": [ 8.225, 3, 9.125 ],
			"faces": {
				"down": { "uv": [ 12.25, 5, 12.75, 5.75 ], "texture": "#particle" },
				"up": { "uv": [ 12.25, 5.25, 13, 6 ], "texture": "#texture" },
				"north": { "uv": [ 12, 5, 12.5, 5.5 ], "texture": "#texture" },
				"south": { "uv": [ 12, 5, 12.5, 5.5 ], "texture": "#texture" },
				"west": { "uv": [ 12.25, 5.25, 12.75, 5.75 ], "texture": "#texture" },
				"east": { "uv": [ 12.25, 4.75, 12.75, 5.5 ], "texture": "#texture" }
			}
		},
		{
			"__comment": "screw",
			"from": [ 7.7875, 0.9375, 7.9475 ],
			"to": [ 8.225, 1.125, 9.0725 ],
			"faces": {
				"down": { "uv": [ 12.25, 5, 12.75, 5.75 ], "texture": "#particle" },
				"up": { "uv": [ 12.25, 5.25, 13, 6 ], "texture": "#texture" },
				"north": { "uv": [ 12, 5, 12.5, 5.5 ], "texture": "#texture" },
				"south": { "uv": [ 12, 5, 12.5, 5.5 ], "texture": "#texture" },
				"west": { "uv": [ 12.25, 5.25, 12.75, 5.75 ], "texture": "#texture" },
				"east": { "uv": [ 12.25, 4.75, 12.75, 5.5 ], "texture": "#texture" }
			}
		},
		{
			"__comment": "screw",
			"from": [ 7.8125, 1.75, 7.875 ],
			"to": [ 8.1875, 2.375, 9.125 ],
			"faces": {
				"down": { "uv": [ 12.25, 5, 12.75, 5.75 ], "texture": "#particle" },
				"up": { "uv": [ 12.25, 5.25, 13, 6 ], "texture": "#texture" },
				"north": { "uv": [ 12, 5, 12.5, 5.5 ], "texture": "#texture" },
				"south": { "uv": [ 12, 5, 12.5, 5.5 ], "texture": "#texture" },
				"west": { "uv": [ 12.25, 5.25, 12.75, 5.75 ], "texture": "#texture" },
				"east": { "uv": [ 12.25, 4.75, 12.75, 5.5 ], "texture": "#texture" }
			}
		},
		{
			"__comment": "screw",
			"from": [ 7.6875, 1.875, 7.875 ],
			"to": [ 8.3125, 2.25, 9.125 ],
			"faces": {
				"down": { "uv": [ 12.25, 5, 12.75, 5.75 ], "texture": "#particle" },
				"up": { "uv": [ 12.25, 5.25, 13, 6 ], "texture": "#texture" },
				"north": { "uv": [ 12, 5, 12.5, 5.5 ], "texture": "#texture" },
				"south": { "uv": [ 12, 5, 12.5, 5.5 ], "texture": "#texture" },
				"west": { "uv": [ 12.25, 5.25, 12.75, 5.75 ], "texture": "#texture" },
				"east": { "uv": [ 12.25, 4.75, 12.75, 5.5 ], "texture": "#texture" }
			}
		},
		{
			"__comment": "grip",
			"from": [ 7.625, 1.6875, 7.9375 ],
			"to": [ 8.375, 6.6875, 9.0625 ],
			"faces": {
				"down": { "uv": [ 10.25, 7, 10.5, 8.25 ], "texture": "#particle" },
				"up": { "uv": [ 10.25, 7, 10.625, 8.125 ], "texture": "#texture" },
				"north": { "uv": [ 10.25, 7.25, 10.625, 7.75 ], "texture": "#texture" },
				"south": { "uv": [ 10.25, 7.25, 10.625, 7.75 ], "texture": "#texture" },
				"west": { "uv": [ 9.5, 7, 10.625, 7.5 ], "texture": "#texture" },
				"east": { "uv": [ 9.5, 7.25, 10.625, 7.75 ], "texture": "#texture" }
			}
		},
		{
			"__comment": "grip",
			"from": [ 8.375, 6.1875, 7.9375 ],
			"to": [ 8.75, 6.6875, 9.0625 ],
			"faces": {
				"down": { "uv": [ 10.25, 7, 10.5, 8.25 ], "texture": "#particle" },
				"up": { "uv": [ 10.25, 7, 10.625, 8.125 ], "texture": "#texture" },
				"north": { "uv": [ 10.25, 7.25, 10.625, 7.75 ], "texture": "#texture" },
				"south": { "uv": [ 10.25, 7.25, 10.625, 7.75 ], "texture": "#texture" },
				"west": { "uv": [ 9.5, 7, 10.625, 7.5 ], "texture": "#texture" },
				"east": { "uv": [ 9.5, 7.25, 10.625, 7.75 ], "texture": "#texture" }
			}
		},
		{
			"__comment": "grip",
			"from": [ 7.25, 6.1875, 7.9375 ],
			"to": [ 7.625, 6.6875, 9.0625 ],
			"faces": {
				"down": { "uv": [ 10.25, 7, 10.5, 8.25 ], "texture": "#particle" },
				"up": { "uv": [ 10.25, 7, 10.625, 8.125 ], "texture": "#texture" },
				"north": { "uv": [ 10.25, 7.25, 10.625, 7.75 ], "texture": "#texture" },
				"south": { "uv": [ 10.25, 7.25, 10.625, 7.75 ], "texture": "#texture" },
				"west": { "uv": [ 9.5, 7, 10.625, 7.5 ], "texture": "#texture" },
				"east": { "uv": [ 9.5, 7.25, 10.625, 7.75 ], "texture": "#texture" }
			}
		},
		{
			"__comment": "grip*",
			"from": [ 8.375, 5.1875, 7.9375 ],
			"to": [ 8.75, 5.6875, 9.0625 ],
			"faces": {
				"down": { "uv": [ 10.25, 7, 10.5, 8.25 ], "texture": "#particle" },
				"up": { "uv": [ 10.25, 7, 10.625, 8.125 ], "texture": "#texture" },
				"north": { "uv": [ 10.25, 7.25, 10.625, 7.75 ], "texture": "#texture" },
				"south": { "uv": [ 10.25, 7.25, 10.625, 7.75 ], "texture": "#texture" },
				"west": { "uv": [ 9.5, 7, 10.625, 7.5 ], "texture": "#texture" },
				"east": { "uv": [ 9.5, 7.25, 10.625, 7.75 ], "texture": "#texture" }
			}
		},
		{
			"__comment": "grip*",
			"from": [ 7.25, 5.1875, 7.9375 ],
			"to": [ 7.625, 5.6875, 9.0625 ],
			"faces": {
				"down": { "uv": [ 10.25, 7, 10.5, 8.25 ], "texture": "#particle" },
				"up": { "uv": [ 10.25, 7, 10.625, 8.125 ], "texture": "#texture" },
				"north": { "uv": [ 10.25, 7.25, 10.625, 7.75 ], "texture": "#texture" },
				"south": { "uv": [ 10.25, 7.25, 10.625, 7.75 ], "texture": "#texture" },
				"west": { "uv": [ 9.5, 7, 10.625, 7.5 ], "texture": "#texture" },
				"east": { "uv": [ 9.5, 7.25, 10.625, 7.75 ], "texture": "#texture" }
			}
		},
		{
			"__comment": "grip*",
			"from": [ 8.375, 4.1875, 7.9375 ],
			"to": [ 8.75, 4.6875, 9.0625 ],
			"faces": {
				"down": { "uv": [ 10.25, 7, 10.5, 8.25 ], "texture": "#particle" },
				"up": { "uv": [ 10.25, 7, 10.625, 8.125 ], "texture": "#texture" },
				"north": { "uv": [ 10.25, 7.25, 10.625, 7.75 ], "texture": "#texture" },
				"south": { "uv": [ 10.25, 7.25, 10.625, 7.75 ], "texture": "#texture" },
				"west": { "uv": [ 9.5, 7, 10.625, 7.5 ], "texture": "#texture" },
				"east": { "uv": [ 9.5, 7.25, 10.625, 7.75 ], "texture": "#texture" }
			}
		},
		{
			"__comment": "grip*",
			"from": [ 7.25, 4.1875, 7.9375 ],
			"to": [ 7.625, 4.6875, 9.0625 ],
			"faces": {
				"down": { "uv": [ 10.25, 7, 10.5, 8.25 ], "texture": "#particle" },
				"up": { "uv": [ 10.25, 7, 10.625, 8.125 ], "texture": "#texture" },
				"north": { "uv": [ 10.25, 7.25, 10.625, 7.75 ], "texture": "#texture" },
				"south": { "uv": [ 10.25, 7.25, 10.625, 7.75 ], "texture": "#texture" },
				"west": { "uv": [ 9.5, 7, 10.625, 7.5 ], "texture": "#texture" },
				"east": { "uv": [ 9.5, 7.25, 10.625, 7.75 ], "texture": "#texture" }
			}
		},
		{
			"__comment": "grip*",
			"from": [ 8.375, 3.1875, 7.9375 ],
			"to": [ 8.75, 3.6875, 9.0625 ],
			"faces": {
				"down": { "uv": [ 10.25, 7, 10.5, 8.25 ], "texture": "#particle" },
				"up": { "uv": [ 10.25, 7, 10.625, 8.125 ], "texture": "#texture" },
				"north": { "uv": [ 10.25, 7.25, 10.625, 7.75 ], "texture": "#texture" },
				"south": { "uv": [ 10.25, 7.25, 10.625, 7.75 ], "texture": "#texture" },
				"west": { "uv": [ 9.5, 7, 10.625, 7.5 ], "texture": "#texture" },
				"east": { "uv": [ 9.5, 7.25, 10.625, 7.75 ], "texture": "#texture" }
			}
		},
		{
			"__comment": "grip*",
			"from": [ 7.25, 3.1875, 7.9375 ],
			"to": [ 7.625, 3.6875, 9.0625 ],
			"faces": {
				"down": { "uv": [ 10.25, 7, 10.5, 8.25 ], "texture": "#particle" },
				"up": { "uv": [ 10.25, 7, 10.625, 8.125 ], "texture": "#texture" },
				"north": { "uv": [ 10.25, 7.25, 10.625, 7.75 ], "texture": "#texture" },
				"south": { "uv": [ 10.25, 7.25, 10.625, 7.75 ], "texture": "#texture" },
				"west": { "uv": [ 9.5, 7, 10.625, 7.5 ], "texture": "#texture" },
				"east": { "uv": [ 9.5, 7.25, 10.625, 7.75 ], "texture": "#texture" }
			}
		},
		{
			"__comment": "grip*",
			"from": [ 8.375, 2.1875, 7.9375 ],
			"to": [ 8.75, 2.6875, 9.0625 ],
			"faces": {
				"down": { "uv": [ 10.25, 7, 10.5, 8.25 ], "texture": "#particle" },
				"up": { "uv": [ 10.25, 7, 10.625, 8.125 ], "texture": "#texture" },
				"north": { "uv": [ 10.25, 7.25, 10.625, 7.75 ], "texture": "#texture" },
				"south": { "uv": [ 10.25, 7.25, 10.625, 7.75 ], "texture": "#texture" },
				"west": { "uv": [ 9.5, 7, 10.625, 7.5 ], "texture": "#texture" },
				"east": { "uv": [ 9.5, 7.25, 10.625, 7.75 ], "texture": "#texture" }
			}
		},
		{
			"__comment": "grip*",
			"from": [ 7.25, 2.1875, 7.9375 ],
			"to": [ 7.625, 2.6875, 9.0625 ],
			"faces": {
				"down": { "uv": [ 10.25, 7, 10.5, 8.25 ], "texture": "#particle" },
				"up": { "uv": [ 10.25, 7, 10.625, 8.125 ], "texture": "#texture" },
				"north": { "uv": [ 10.25, 7.25, 10.625, 7.75 ], "texture": "#texture" },
				"south": { "uv": [ 10.25, 7.25, 10.625, 7.75 ], "texture": "#texture" },
				"west": { "uv": [ 9.5, 7, 10.625, 7.5 ], "texture": "#texture" },
				"east": { "uv": [ 9.5, 7.25, 10.625, 7.75 ], "texture": "#texture" }
			}
		},
		{
			"__comment": "grip*",
			"from": [ 8.1875, 1.6655, 7.9375 ],
			"to": [ 8.9375, 1.9155, 9.0625 ],
			"rotation": { "origin": [ 8.1875, 1.9155, 7.9375 ], "axis": "z", "angle": -22.5 },
			"faces": {
				"down": { "uv": [ 10.25, 7, 10.5, 8.25 ], "texture": "#particle" },
				"up": { "uv": [ 10.25, 7, 10.625, 8.125 ], "texture": "#texture" },
				"north": { "uv": [ 10.25, 7.25, 10.625, 7.75 ], "texture": "#texture" },
				"south": { "uv": [ 10.25, 7.25, 10.625, 7.75 ], "texture": "#texture" },
				"west": { "uv": [ 9.5, 7, 10.625, 7.5 ], "texture": "#texture" },
				"east": { "uv": [ 9.5, 7.25, 10.625, 7.75 ], "texture": "#texture" }
			}
		},
		{
			"__comment": "grip*",
			"from": [ 7.1875, 1.375, 7.9375 ],
			"to": [ 7.9375, 1.625, 9.0625 ],
			"rotation": { "origin": [ 7.1875, 1.625, 7.9375 ], "axis": "z", "angle": 22.5 },
			"faces": {
				"down": { "uv": [ 10.25, 7, 10.5, 8.25 ], "texture": "#particle" },
				"up": { "uv": [ 10.25, 7, 10.625, 8.125 ], "texture": "#texture" },
				"north": { "uv": [ 10.25, 7.25, 10.625, 7.75 ], "texture": "#texture" },
				"south": { "uv": [ 10.25, 7.25, 10.625, 7.75 ], "texture": "#texture" },
				"west": { "uv": [ 9.5, 7, 10.625, 7.5 ], "texture": "#texture" },
				"east": { "uv": [ 9.5, 7.25, 10.625, 7.75 ], "texture": "#texture" }
			}
		},
		{
			"__comment": "grip*",
			"from": [ 7.2825, 1.3925, 7.9375 ],
			"to": [ 8.7825, 1.5175, 9.0625 ],
			"faces": {
				"down": { "uv": [ 10.25, 7, 10.5, 8.25 ], "texture": "#particle" },
				"up": { "uv": [ 10.25, 7, 10.625, 8.125 ], "texture": "#texture" },
				"north": { "uv": [ 10.25, 7.25, 10.625, 7.75 ], "texture": "#texture" },
				"south": { "uv": [ 10.25, 7.25, 10.625, 7.75 ], "texture": "#texture" },
				"west": { "uv": [ 9.5, 7, 10.625, 7.5 ], "texture": "#texture" },
				"east": { "uv": [ 9.5, 7.25, 10.625, 7.75 ], "texture": "#texture" }
			}
		},
		{
			"__comment": "grip*",
			"from": [ 7.5625, 1.5, 7.9375 ],
			"to": [ 8.5, 1.6875, 9.0625 ],
			"faces": {
				"down": { "uv": [ 10.25, 7, 10.5, 8.25 ], "texture": "#particle" },
				"up": { "uv": [ 10.25, 7, 10.625, 8.125 ], "texture": "#texture" },
				"north": { "uv": [ 10.25, 7.25, 10.625, 7.75 ], "texture": "#texture" },
				"south": { "uv": [ 10.25, 7.25, 10.625, 7.75 ], "texture": "#texture" },
				"west": { "uv": [ 9.5, 7, 10.625, 7.5 ], "texture": "#texture" },
				"east": { "uv": [ 9.5, 7.25, 10.625, 7.75 ], "texture": "#texture" }
			}
		},
		{
			"__comment": "Element",
			"from": [ 7, 0.5, 8.25 ],
			"to": [ 9, 0.75, 8.75 ],
			"faces": {
				"down": { "uv": [ 9.5, 9.5, 10.875, 10 ], "texture": "#texture" },
				"up": { "uv": [ 9.75, 9.5, 11.125, 10 ], "texture": "#texture" },
				"north": { "uv": [ 9.5, 9.5, 10.75, 10 ], "texture": "#texture" },
				"south": { "uv": [ 9.5, 9.75, 10.75, 10.125 ], "texture": "#texture" },
				"west": { "uv": [ 10, 9.5, 10.5, 10 ], "texture": "#texture" },
				"east": { "uv": [ 9.75, 9.75, 10.25, 10.25 ], "texture": "#texture" }
			}
		},
		{
			"__comment": "Element",
			"from": [ 7, 0.4175, 8.5625 ],
			"to": [ 9, 0.6675, 8.9375 ],
			"rotation": { "origin": [ 7, 0.6675, 8.5625 ], "axis": "x", "angle": -45 },
			"faces": {
				"down": { "uv": [ 9.5, 9.5, 10.875, 10 ], "texture": "#texture" },
				"up": { "uv": [ 9.75, 9.5, 11.125, 10 ], "texture": "#texture" },
				"north": { "uv": [ 9.5, 9.5, 10.75, 10 ], "texture": "#texture" },
				"south": { "uv": [ 9.5, 9.75, 10.75, 10.125 ], "texture": "#texture" },
				"west": { "uv": [ 10, 9.5, 10.5, 10 ], "texture": "#texture" },
				"east": { "uv": [ 9.75, 9.75, 10.25, 10.25 ], "texture": "#texture" }
			}
		},
		{
			"__comment": "Element",
			"from": [ 7, 0.6675, 8.1775 ],
			"to": [ 9, 0.9175, 8.5525 ],
			"rotation": { "origin": [ 7, 0.9175, 8.1775 ], "axis": "x", "angle": 45 },
			"faces": {
				"down": { "uv": [ 9.5, 9.5, 10.875, 10 ], "texture": "#texture" },
				"up": { "uv": [ 9.75, 9.5, 11.125, 10 ], "texture": "#texture" },
				"north": { "uv": [ 9.5, 9.5, 10.75, 10 ], "texture": "#texture" },
				"south": { "uv": [ 9.5, 9.75, 10.75, 10.125 ], "texture": "#texture" },
				"west": { "uv": [ 10, 9.5, 10.5, 10 ], "texture": "#texture" },
				"east": { "uv": [ 9.75, 9.75, 10.25, 10.25 ], "texture": "#texture" }
			}
		},
		{
			"__comment": "screw",
			"from": [ 7.85, 3.5, 7.875 ],
			"to": [ 8.1625, 3.8125, 9.125 ],
			"faces": {
				"down": { "uv": [ 12.25, 5, 12.75, 5.75 ], "texture": "#particle" },
				"up": { "uv": [ 12.25, 5.25, 13, 6 ], "texture": "#texture" },
				"north": { "uv": [ 12, 5, 12.5, 5.5 ], "texture": "#texture" },
				"south": { "uv": [ 12, 5, 12.5, 5.5 ], "texture": "#texture" },
				"west": { "uv": [ 12.25, 5.25, 12.75, 5.75 ], "texture": "#texture" },
				"east": { "uv": [ 12.25, 4.75, 12.75, 5.5 ], "texture": "#texture" }
			}
		},
		{
			"__comment": "screw",
			"from": [ 7.9125, 3.4375, 7.875 ],
			"to": [ 8.1, 3.875, 9.125 ],
			"faces": {
				"down": { "uv": [ 12.25, 5, 12.75, 5.75 ], "texture": "#particle" },
				"up": { "uv": [ 12.25, 5.25, 13, 6 ], "texture": "#texture" },
				"north": { "uv": [ 12, 5, 12.5, 5.5 ], "texture": "#texture" },
				"south": { "uv": [ 12, 5, 12.5, 5.5 ], "texture": "#texture" },
				"west": { "uv": [ 12.25, 5.25, 12.75, 5.75 ], "texture": "#texture" },
				"east": { "uv": [ 12.25, 4.75, 12.75, 5.5 ], "texture": "#texture" }
			}
		},
		{
			"__comment": "screw",
			"from": [ 7.7875, 3.5625, 7.875 ],
			"to": [ 8.225, 3.75, 9.125 ],
			"faces": {
				"down": { "uv": [ 12.25, 5, 12.75, 5.75 ], "texture": "#particle" },
				"up": { "uv": [ 12.25, 5.25, 13, 6 ], "texture": "#texture" },
				"north": { "uv": [ 12, 5, 12.5, 5.5 ], "texture": "#texture" },
				"south": { "uv": [ 12, 5, 12.5, 5.5 ], "texture": "#texture" },
				"west": { "uv": [ 12.25, 5.25, 12.75, 5.75 ], "texture": "#texture" },
				"east": { "uv": [ 12.25, 4.75, 12.75, 5.5 ], "texture": "#texture" }
			}
		},
		{
			"__comment": "big_screw",
			"from": [ 7.75, 6.8125, 7.9375 ],
			"to": [ 8.25, 7.3125, 9.0625 ],
			"faces": {
				"down": { "uv": [ 12.25, 5, 12.75, 5.75 ], "texture": "#particle" },
				"up": { "uv": [ 12.25, 5.25, 13, 6 ], "texture": "#texture" },
				"north": { "uv": [ 12, 5, 12.5, 5.5 ], "texture": "#texture" },
				"south": { "uv": [ 12, 5, 12.5, 5.5 ], "texture": "#texture" },
				"west": { "uv": [ 12.25, 5.25, 12.75, 5.75 ], "texture": "#texture" },
				"east": { "uv": [ 12.25, 4.75, 12.75, 5.5 ], "texture": "#texture" }
			}
		},
		{
			"__comment": "big_screw",
			"from": [ 7.8125, 6.75, 7.9375 ],
			"to": [ 8.1875, 7.375, 9.0625 ],
			"faces": {
				"down": { "uv": [ 12.25, 5, 12.75, 5.75 ], "texture": "#particle" },
				"up": { "uv": [ 12.25, 5.25, 13, 6 ], "texture": "#texture" },
				"north": { "uv": [ 12, 5, 12.5, 5.5 ], "texture": "#texture" },
				"south": { "uv": [ 12, 5, 12.5, 5.5 ], "texture": "#texture" },
				"west": { "uv": [ 12.25, 5.25, 12.75, 5.75 ], "texture": "#texture" },
				"east": { "uv": [ 12.25, 4.75, 12.75, 5.5 ], "texture": "#texture" }
			}
		},
		{
			"__comment": "big_screw",
			"from": [ 7.6875, 6.875, 7.9375 ],
			"to": [ 8.3125, 7.25, 9.0625 ],
			"faces": {
				"down": { "uv": [ 12.25, 5, 12.75, 5.75 ], "texture": "#particle" },
				"up": { "uv": [ 12.25, 5.25, 13, 6 ], "texture": "#texture" },
				"north": { "uv": [ 12, 5, 12.5, 5.5 ], "texture": "#texture" },
				"south": { "uv": [ 12, 5, 12.5, 5.5 ], "texture": "#texture" },
				"west": { "uv": [ 12.25, 5.25, 12.75, 5.75 ], "texture": "#texture" },
				"east": { "uv": [ 12.25, 4.75, 12.75, 5.5 ], "texture": "#texture" }
			}
		},
		{
			"__comment": "screw*",
			"from": [ 7.85, 5.25, 7.875 ],
			"to": [ 8.1625, 5.5625, 9.125 ],
			"faces": {
				"down": { "uv": [ 12.25, 5, 12.75, 5.75 ], "texture": "#particle" },
				"up": { "uv": [ 12.25, 5.25, 13, 6 ], "texture": "#texture" },
				"north": { "uv": [ 12, 5, 12.5, 5.5 ], "texture": "#texture" },
				"south": { "uv": [ 12, 5, 12.5, 5.5 ], "texture": "#texture" },
				"west": { "uv": [ 12.25, 5.25, 12.75, 5.75 ], "texture": "#texture" },
				"east": { "uv": [ 12.25, 4.75, 12.75, 5.5 ], "texture": "#texture" }
			}
		},
		{
			"__comment": "screw*",
			"from": [ 7.9125, 5.1875, 7.875 ],
			"to": [ 8.1, 5.625, 9.125 ],
			"faces": {
				"down": { "uv": [ 12.25, 5, 12.75, 5.75 ], "texture": "#particle" },
				"up": { "uv": [ 12.25, 5.25, 13, 6 ], "texture": "#texture" },
				"north": { "uv": [ 12, 5, 12.5, 5.5 ], "texture": "#texture" },
				"south": { "uv": [ 12, 5, 12.5, 5.5 ], "texture": "#texture" },
				"west": { "uv": [ 12.25, 5.25, 12.75, 5.75 ], "texture": "#texture" },
				"east": { "uv": [ 12.25, 4.75, 12.75, 5.5 ], "texture": "#texture" }
			}
		},
		{
			"__comment": "screw*",
			"from": [ 7.7875, 5.3125, 7.875 ],
			"to": [ 8.225, 5.5, 9.125 ],
			"faces": {
				"down": { "uv": [ 12.25, 5, 12.75, 5.75 ], "texture": "#particle" },
				"up": { "uv": [ 12.25, 5.25, 13, 6 ], "texture": "#texture" },
				"north": { "uv": [ 12, 5, 12.5, 5.5 ], "texture": "#texture" },
				"south": { "uv": [ 12, 5, 12.5, 5.5 ], "texture": "#texture" },
				"west": { "uv": [ 12.25, 5.25, 12.75, 5.75 ], "texture": "#texture" },
				"east": { "uv": [ 12.25, 4.75, 12.75, 5.5 ], "texture": "#texture" }
			}
		},
		{
			"__comment": "screw*",
			"from": [ 7.85, 6, 7.875 ],
			"to": [ 8.1625, 6.3125, 9.125 ],
			"faces": {
				"down": { "uv": [ 12.25, 5, 12.75, 5.75 ], "texture": "#particle" },
				"up": { "uv": [ 12.25, 5.25, 13, 6 ], "texture": "#texture" },
				"north": { "uv": [ 12, 5, 12.5, 5.5 ], "texture": "#texture" },
				"south": { "uv": [ 12, 5, 12.5, 5.5 ], "texture": "#texture" },
				"west": { "uv": [ 12.25, 5.25, 12.75, 5.75 ], "texture": "#texture" },
				"east": { "uv": [ 12.25, 4.75, 12.75, 5.5 ], "texture": "#texture" }
			}
		},
		{
			"__comment": "screw*",
			"from": [ 7.9125, 5.9375, 7.875 ],
			"to": [ 8.1, 6.375, 9.125 ],
			"faces": {
				"down": { "uv": [ 12.25, 5, 12.75, 5.75 ], "texture": "#particle" },
				"up": { "uv": [ 12.25, 5.25, 13, 6 ], "texture": "#texture" },
				"north": { "uv": [ 12, 5, 12.5, 5.5 ], "texture": "#texture" },
				"south": { "uv": [ 12, 5, 12.5, 5.5 ], "texture": "#texture" },
				"west": { "uv": [ 12.25, 5.25, 12.75, 5.75 ], "texture": "#texture" },
				"east": { "uv": [ 12.25, 4.75, 12.75, 5.5 ], "texture": "#texture" }
			}
		},
		{
			"__comment": "screw*",
			"from": [ 7.7875, 6.0625, 7.875 ],
			"to": [ 8.225, 6.25, 9.125 ],
			"faces": {
				"down": { "uv": [ 12.25, 5, 12.75, 5.75 ], "texture": "#particle" },
				"up": { "uv": [ 12.25, 5.25, 13, 6 ], "texture": "#texture" },
				"north": { "uv": [ 12, 5, 12.5, 5.5 ], "texture": "#texture" },
				"south": { "uv": [ 12, 5, 12.5, 5.5 ], "texture": "#texture" },
				"west": { "uv": [ 12.25, 5.25, 12.75, 5.75 ], "texture": "#texture" },
				"east": { "uv": [ 12.25, 4.75, 12.75, 5.5 ], "texture": "#texture" }
			}
		},
		{
			"__comment": "Element",
			"from": [ 7.5, 6.5, 8 ],
			"to": [ 8.5, 8, 9 ],
			"faces": {
				"down": { "uv": [ 7, 7.5, 8, 8.5 ], "texture": "#texture" },
				"up": { "uv": [ 7.25, 7.75, 8.25, 8.75 ], "texture": "#texture" },
				"north": { "uv": [ 7, 7.75, 8, 8.75 ], "texture": "#texture" },
				"south": { "uv": [ 7.25, 7.75, 8.25, 8.75 ], "texture": "#texture" },
				"west": { "uv": [ 7, 6.5, 8, 7.5 ], "texture": "#texture" },
				"east": { "uv": [ 7.75, 8, 8.75, 9 ], "texture": "#texture" }
			}
		},
		{
			"__comment": "Element",
			"from": [ 7.625, 6.5625, 8 ],
			"to": [ 8.125, 7.5625, 9 ],
			"rotation": { "origin": [ 7.625, 7.5625, 8 ], "axis": "z", "angle": -22.5 },
			"faces": {
				"down": { "uv": [ 7, 7.5, 8, 8.5 ], "texture": "#texture" },
				"up": { "uv": [ 7.25, 7.75, 8.25, 8.75 ], "texture": "#texture" },
				"north": { "uv": [ 7, 7.75, 8, 8.75 ], "texture": "#texture" },
				"south": { "uv": [ 7.25, 7.75, 8.25, 8.75 ], "texture": "#texture" },
				"west": { "uv": [ 7, 6.5, 8, 7.5 ], "texture": "#texture" },
				"east": { "uv": [ 7.75, 8, 8.75, 9 ], "texture": "#texture" }
			}
		},
		{
			"__comment": "Element",
			"from": [ 7.9375, 6.375, 8 ],
			"to": [ 8.4375, 7.375, 9 ],
			"rotation": { "origin": [ 7.9375, 7.375, 8 ], "axis": "z", "angle": 22.5 },
			"faces": {
				"down": { "uv": [ 7, 7.5, 8, 8.5 ], "texture": "#texture" },
				"up": { "uv": [ 7.25, 7.75, 8.25, 8.75 ], "texture": "#texture" },
				"north": { "uv": [ 7, 7.75, 8, 8.75 ], "texture": "#texture" },
				"south": { "uv": [ 7.25, 7.75, 8.25, 8.75 ], "texture": "#texture" },
				"west": { "uv": [ 7, 6.5, 8, 7.5 ], "texture": "#texture" },
				"east": { "uv": [ 7.75, 8, 8.75, 9 ], "texture": "#texture" }
			}
		},
		{
			"__comment": "Element",
			"from": [ 7.75, 8, 8 ],
			"to": [ 8.25, 8.25, 9 ],
			"rotation": { "origin": [ 7.75, 8.25, 8 ], "axis": "z", "angle": -45 },
			"faces": {
				"down": { "uv": [ 7, 7.5, 8, 8.5 ], "texture": "#texture" },
				"up": { "uv": [ 7.25, 7.75, 8.25, 8.75 ], "texture": "#texture" },
				"north": { "uv": [ 7, 7.75, 8, 8.75 ], "texture": "#texture" },
				"south": { "uv": [ 7.25, 7.75, 8.25, 8.75 ], "texture": "#texture" },
				"west": { "uv": [ 7, 6.5, 8, 7.5 ], "texture": "#texture" },
				"east": { "uv": [ 7.75, 8, 8.75, 9 ], "texture": "#texture" }
			}
		},
		{
			"__comment": "Element",
			"from": [ 6.875, 8, 8 ],
			"to": [ 7.75, 8.25, 9 ],
			"faces": {
				"down": { "uv": [ 7, 7.5, 8, 8.5 ], "texture": "#texture" },
				"up": { "uv": [ 7.25, 7.75, 8.25, 8.75 ], "texture": "#texture" },
				"north": { "uv": [ 7, 7.75, 8, 8.75 ], "texture": "#texture" },
				"south": { "uv": [ 7.25, 7.75, 8.25, 8.75 ], "texture": "#texture" },
				"west": { "uv": [ 7, 6.5, 8, 7.5 ], "texture": "#texture" },
				"east": { "uv": [ 7.75, 8, 8.75, 9 ], "texture": "#texture" }
			}
		},
		{
			"__comment": "Element",
			"from": [ 8.25, 8, 8 ],
			"to": [ 9.125, 8.25, 9 ],
			"faces": {
				"down": { "uv": [ 7, 7.5, 8, 8.5 ], "texture": "#texture" },
				"up": { "uv": [ 7.25, 7.75, 8.25, 8.75 ], "texture": "#texture" },
				"north": { "uv": [ 7, 7.75, 8, 8.75 ], "texture": "#texture" },
				"south": { "uv": [ 7.25, 7.75, 8.25, 8.75 ], "texture": "#texture" },
				"west": { "uv": [ 7, 6.5, 8, 7.5 ], "texture": "#texture" },
				"east": { "uv": [ 7.75, 8, 8.75, 9 ], "texture": "#texture" }
			}
		},
		{
			"__comment": "Element",
			"from": [ 7.1875, 7.0625, 8 ],
			"to": [ 7.6875, 8.0625, 9 ],
			"rotation": { "origin": [ 7.1875, 8.0625, 8 ], "axis": "z", "angle": 22.5 },
			"faces": {
				"down": { "uv": [ 7, 7.5, 8, 8.5 ], "texture": "#texture" },
				"up": { "uv": [ 7.25, 7.75, 8.25, 8.75 ], "texture": "#texture" },
				"north": { "uv": [ 7, 7.75, 8, 8.75 ], "texture": "#texture" },
				"south": { "uv": [ 7.25, 7.75, 8.25, 8.75 ], "texture": "#texture" },
				"west": { "uv": [ 7, 6.5, 8, 7.5 ], "texture": "#texture" },
				"east": { "uv": [ 7.75, 8, 8.75, 9 ], "texture": "#texture" }
			}
		},
		{
			"__comment": "Element",
			"from": [ 8.3125, 7.25, 8 ],
			"to": [ 8.8125, 8.25, 9 ],
			"rotation": { "origin": [ 8.3125, 8.25, 8 ], "axis": "z", "angle": -22.5 },
			"faces": {
				"down": { "uv": [ 7, 7.5, 8, 8.5 ], "texture": "#texture" },
				"up": { "uv": [ 7.25, 7.75, 8.25, 8.75 ], "texture": "#texture" },
				"north": { "uv": [ 7, 7.75, 8, 8.75 ], "texture": "#texture" },
				"south": { "uv": [ 7.25, 7.75, 8.25, 8.75 ], "texture": "#texture" },
				"west": { "uv": [ 7, 6.5, 8, 7.5 ], "texture": "#texture" },
				"east": { "uv": [ 7.75, 8, 8.75, 9 ], "texture": "#texture" }
			}
		},
		{
			"__comment": "Element",
			"from": [ 7, 7.5, 8 ],
			"to": [ 7.25, 8, 9 ],
			"rotation": { "origin": [ 7, 8, 8 ], "axis": "z", "angle": 45 },
			"faces": {
				"down": { "uv": [ 7, 7.5, 8, 8.5 ], "texture": "#texture" },
				"up": { "uv": [ 7.25, 7.75, 8.25, 8.75 ], "texture": "#texture" },
				"north": { "uv": [ 7, 7.75, 8, 8.75 ], "texture": "#texture" },
				"south": { "uv": [ 7.25, 7.75, 8.25, 8.75 ], "texture": "#texture" },
				"west": { "uv": [ 7, 6.5, 8, 7.5 ], "texture": "#texture" },
				"east": { "uv": [ 7.75, 8, 8.75, 9 ], "texture": "#texture" }
			}
		},
		{
			"__comment": "Element",
			"from": [ 8.8225, 7.4375, 8 ],
			"to": [ 9.0725, 8.1875, 9 ],
			"rotation": { "origin": [ 8.8225, 8.1875, 8 ], "axis": "z", "angle": -45 },
			"faces": {
				"down": { "uv": [ 7, 7.5, 8, 8.5 ], "texture": "#texture" },
				"up": { "uv": [ 7.25, 7.75, 8.25, 8.75 ], "texture": "#texture" },
				"north": { "uv": [ 7, 7.75, 8, 8.75 ], "texture": "#texture" },
				"south": { "uv": [ 7.25, 7.75, 8.25, 8.75 ], "texture": "#texture" },
				"west": { "uv": [ 7, 6.5, 8, 7.5 ], "texture": "#texture" },
				"east": { "uv": [ 7.75, 8, 8.75, 9 ], "texture": "#texture" }
			}
		},
		{
			"__comment": "Element",
			"from": [ 7.895, 7.6475, 8 ],
			"to": [ 8.395, 7.8975, 9 ],
			"rotation": { "origin": [ 7.895, 7.8975, 8 ], "axis": "z", "angle": 45 },
			"faces": {
				"down": { "uv": [ 7, 7.5, 8, 8.5 ], "texture": "#texture" },
				"up": { "uv": [ 7.25, 7.75, 8.25, 8.75 ], "texture": "#texture" },
				"north": { "uv": [ 7, 7.75, 8, 8.75 ], "texture": "#texture" },
				"south": { "uv": [ 7.25, 7.75, 8.25, 8.75 ], "texture": "#texture" },
				"west": { "uv": [ 7, 6.5, 8, 7.5 ], "texture": "#texture" },
				"east": { "uv": [ 7.75, 8, 8.75, 9 ], "texture": "#texture" }
			}
		},
		{
			"__comment": "big_screw",
			"from": [ 7.75, 4.3125, 7.875 ],
			"to": [ 8.25, 4.8125, 9.125 ],
			"faces": {
				"down": { "uv": [ 12.25, 5, 12.75, 5.75 ], "texture": "#particle" },
				"up": { "uv": [ 12.25, 5.25, 13, 6 ], "texture": "#texture" },
				"north": { "uv": [ 12, 5, 12.5, 5.5 ], "texture": "#texture" },
				"south": { "uv": [ 12, 5, 12.5, 5.5 ], "texture": "#texture" },
				"west": { "uv": [ 12.25, 5.25, 12.75, 5.75 ], "texture": "#texture" },
				"east": { "uv": [ 12.25, 4.75, 12.75, 5.5 ], "texture": "#texture" }
			}
		},
		{
			"__comment": "big_screw",
			"from": [ 7.8125, 4.25, 7.875 ],
			"to": [ 8.1875, 4.875, 9.125 ],
			"faces": {
				"down": { "uv": [ 12.25, 5, 12.75, 5.75 ], "texture": "#particle" },
				"up": { "uv": [ 12.25, 5.25, 13, 6 ], "texture": "#texture" },
				"north": { "uv": [ 12, 5, 12.5, 5.5 ], "texture": "#texture" },
				"south": { "uv": [ 12, 5, 12.5, 5.5 ], "texture": "#texture" },
				"west": { "uv": [ 12.25, 5.25, 12.75, 5.75 ], "texture": "#texture" },
				"east": { "uv": [ 12.25, 4.75, 12.75, 5.5 ], "texture": "#texture" }
			}
		},
		{
			"__comment": "big_screw",
			"from": [ 7.6875, 4.375, 7.875 ],
			"to": [ 8.3125, 4.75, 9.125 ],
			"faces": {
				"down": { "uv": [ 12.25, 5, 12.75, 5.75 ], "texture": "#particle" },
				"up": { "uv": [ 12.25, 5.25, 13, 6 ], "texture": "#texture" },
				"north": { "uv": [ 12, 5, 12.5, 5.5 ], "texture": "#texture" },
				"south": { "uv": [ 12, 5, 12.5, 5.5 ], "texture": "#texture" },
				"west": { "uv": [ 12.25, 5.25, 12.75, 5.75 ], "texture": "#texture" },
				"east": { "uv": [ 12.25, 4.75, 12.75, 5.5 ], "texture": "#texture" }
			}
		},
		{
			"__comment": "Element",
			"from": [ 7.5, 8, 8.25 ],
			"to": [ 7.75, 13.25, 8.75 ],
			"faces": {
				"down": { "uv": [ 13, 9.5, 13.5, 10.375 ], "texture": "#texture" },
				"up": { "uv": [ 12.5, 10, 13, 10.875 ], "texture": "#texture" },
				"north": { "uv": [ 12.5, 9.5, 13, 10.5 ], "texture": "#texture" },
				"south": { "uv": [ 12.5, 9.5, 13, 10.5 ], "texture": "#texture" },
				"west": { "uv": [ 12, 9.5, 12.875, 10.5 ], "texture": "#texture" },
				"east": { "uv": [ 12, 9.5, 12.875, 10.5 ], "texture": "#texture" }
			}
		},
		{
			"__comment": "Element",
			"from": [ 8.25, 8, 8.25 ],
			"to": [ 8.5, 13.25, 8.75 ],
			"faces": {
				"down": { "uv": [ 13, 9.5, 13.5, 10.375 ], "texture": "#texture" },
				"up": { "uv": [ 12.5, 10, 13, 10.875 ], "texture": "#texture" },
				"north": { "uv": [ 12.5, 9.5, 13, 10.5 ], "texture": "#texture" },
				"south": { "uv": [ 12.5, 9.5, 13, 10.5 ], "texture": "#texture" },
				"west": { "uv": [ 12, 9.5, 12.875, 10.5 ], "texture": "#texture" },
				"east": { "uv": [ 12, 9.5, 12.875, 10.5 ], "texture": "#texture" }
			}
		},
		{
			"__comment": "Element",
			"from": [ 7.75, 7.5, 8.25 ],
			"to": [ 8.25, 8.5, 8.75 ],
			"faces": {
				"down": { "uv": [ 13, 9.5, 13.5, 10.375 ], "texture": "#texture" },
				"up": { "uv": [ 12.5, 10, 13, 10.875 ], "texture": "#texture" },
				"north": { "uv": [ 12.5, 9.5, 13, 10.5 ], "texture": "#texture" },
				"south": { "uv": [ 12.5, 9.5, 13, 10.5 ], "texture": "#texture" },
				"west": { "uv": [ 12, 9.5, 12.875, 10.5 ], "texture": "#texture" },
				"east": { "uv": [ 12, 9.5, 12.875, 10.5 ], "texture": "#texture" }
			}
		},
		{
			"__comment": "Element",
			"from": [ 7.75, 9.75, 8.25 ],
			"to": [ 8.25, 10.75, 8.75 ],
			"faces": {
				"down": { "uv": [ 13, 9.5, 13.5, 10.375 ], "texture": "#texture" },
				"up": { "uv": [ 12.5, 10, 13, 10.875 ], "texture": "#texture" },
				"north": { "uv": [ 12.5, 9.5, 13, 10.5 ], "texture": "#texture" },
				"south": { "uv": [ 12.5, 9.5, 13, 10.5 ], "texture": "#texture" },
				"west": { "uv": [ 12, 9.5, 12.875, 10.5 ], "texture": "#texture" },
				"east": { "uv": [ 12, 9.5, 12.875, 10.5 ], "texture": "#texture" }
			}
		},
		{
			"__comment": "Element",
			"from": [ 7.75, 12.25, 8.25 ],
			"to": [ 8.25, 13.5, 8.75 ],
			"faces": {
				"down": { "uv": [ 13, 9.5, 13.5, 10.375 ], "texture": "#texture" },
				"up": { "uv": [ 12.5, 10, 13, 10.875 ], "texture": "#texture" },
				"north": { "uv": [ 12.5, 9.5, 13, 10.5 ], "texture": "#texture" },
				"south": { "uv": [ 12.5, 9.5, 13, 10.5 ], "texture": "#texture" },
				"west": { "uv": [ 12, 9.5, 12.875, 10.5 ], "texture": "#texture" },
				"east": { "uv": [ 12, 9.5, 12.875, 10.5 ], "texture": "#texture" }
			}
		},
		{
			"__comment": "Element",
			"from": [ 8, 11.6875, 8.25 ],
			"to": [ 8.1875, 12.4375, 8.75 ],
			"rotation": { "origin": [ 8, 12.4375, 8.25 ], "axis": "z", "angle": 22.5 },
			"faces": {
				"down": { "uv": [ 13, 9.5, 13.5, 10.375 ], "texture": "#texture" },
				"up": { "uv": [ 12.5, 10, 13, 10.875 ], "texture": "#texture" },
				"north": { "uv": [ 12.5, 9.5, 13, 10.5 ], "texture": "#texture" },
				"south": { "uv": [ 12.5, 9.5, 13, 10.5 ], "texture": "#texture" },
				"west": { "uv": [ 12, 9.5, 12.875, 10.5 ], "texture": "#texture" },
				"east": { "uv": [ 12, 9.5, 12.875, 10.5 ], "texture": "#texture" }
			}
		},
		{
			"__comment": "Element",
			"from": [ 7.8125, 11.6875, 8.25 ],
			"to": [ 8, 12.4375, 8.75 ],
			"rotation": { "origin": [ 7.8125, 12.4375, 8.25 ], "axis": "z", "angle": -22.5 },
			"faces": {
				"down": { "uv": [ 13, 9.5, 13.5, 10.375 ], "texture": "#texture" },
				"up": { "uv": [ 12.5, 10, 13, 10.875 ], "texture": "#texture" },
				"north": { "uv": [ 12.5, 9.5, 13, 10.5 ], "texture": "#texture" },
				"south": { "uv": [ 12.5, 9.5, 13, 10.5 ], "texture": "#texture" },
				"west": { "uv": [ 12, 9.5, 12.875, 10.5 ], "texture": "#texture" },
				"east": { "uv": [ 12, 9.5, 12.875, 10.5 ], "texture": "#texture" }
			}
		},
		{
			"__comment": "Element",
			"from": [ 8.3125, 10.5, 8.25 ],
			"to": [ 8.5, 11.25, 8.75 ],
			"rotation": { "origin": [ 8.3125, 11.25, 8.25 ], "axis": "z", "angle": -22.5 },
			"faces": {
				"down": { "uv": [ 13, 9.5, 13.5, 10.375 ], "texture": "#texture" },
				"up": { "uv": [ 12.5, 10, 13, 10.875 ], "texture": "#texture" },
				"north": { "uv": [ 12.5, 9.5, 13, 10.5 ], "texture": "#texture" },
				"south": { "uv": [ 12.5, 9.5, 13, 10.5 ], "texture": "#texture" },
				"west": { "uv": [ 12, 9.5, 12.875, 10.5 ], "texture": "#texture" },
				"east": { "uv": [ 12, 9.5, 12.875, 10.5 ], "texture": "#texture" }
			}
		},
		{
			"__comment": "Element",
			"from": [ 7.5, 10.5, 8.25 ],
			"to": [ 7.6875, 11.25, 8.75 ],
			"rotation": { "origin": [ 7.5, 11.25, 8.25 ], "axis": "z", "angle": 22.5 },
			"faces": {
				"down": { "uv": [ 13, 9.5, 13.5, 10.375 ], "texture": "#texture" },
				"up": { "uv": [ 12.5, 10, 13, 10.875 ], "texture": "#texture" },
				"north": { "uv": [ 12.5, 9.5, 13, 10.5 ], "texture": "#texture" },
				"south": { "uv": [ 12.5, 9.5, 13, 10.5 ], "texture": "#texture" },
				"west": { "uv": [ 12, 9.5, 12.875, 10.5 ], "texture": "#texture" },
				"east": { "uv": [ 12, 9.5, 12.875, 10.5 ], "texture": "#texture" }
			}
		},
		{
			"__comment": "Element",
			"from": [ 8, 9.25, 8.25 ],
			"to": [ 8.1875, 10, 8.75 ],
			"rotation": { "origin": [ 8, 10, 8.25 ], "axis": "z", "angle": 22.5 },
			"faces": {
				"down": { "uv": [ 13, 9.5, 13.5, 10.375 ], "texture": "#texture" },
				"up": { "uv": [ 12.5, 10, 13, 10.875 ], "texture": "#texture" },
				"north": { "uv": [ 12.5, 9.5, 13, 10.5 ], "texture": "#texture" },
				"south": { "uv": [ 12.5, 9.5, 13, 10.5 ], "texture": "#texture" },
				"west": { "uv": [ 12, 9.5, 12.875, 10.5 ], "texture": "#texture" },
				"east": { "uv": [ 12, 9.5, 12.875, 10.5 ], "texture": "#texture" }
			}
		},
		{
			"__comment": "Element",
			"from": [ 7.8125, 9.25, 8.25 ],
			"to": [ 8, 10, 8.75 ],
			"rotation": { "origin": [ 7.8125, 10, 8.25 ], "axis": "z", "angle": -22.5 },
			"faces": {
				"down": { "uv": [ 13, 9.5, 13.5, 10.375 ], "texture": "#texture" },
				"up": { "uv": [ 12.5, 10, 13, 10.875 ], "texture": "#texture" },
				"north": { "uv": [ 12.5, 9.5, 13, 10.5 ], "texture": "#texture" },
				"south": { "uv": [ 12.5, 9.5, 13, 10.5 ], "texture": "#texture" },
				"west": { "uv": [ 12, 9.5, 12.875, 10.5 ], "texture": "#texture" },
				"east": { "uv": [ 12, 9.5, 12.875, 10.5 ], "texture": "#texture" }
			}
		},
		{
			"__comment": "Element",
			"from": [ 8.3125, 8.25, 8.25 ],
			"to": [ 8.5, 9, 8.75 ],
			"rotation": { "origin": [ 8.3125, 9, 8.25 ], "axis": "z", "angle": -22.5 },
			"faces": {
				"down": { "uv": [ 13, 9.5, 13.5, 10.375 ], "texture": "#texture" },
				"up": { "uv": [ 12.5, 10, 13, 10.875 ], "texture": "#texture" },
				"north": { "uv": [ 12.5, 9.5, 13, 10.5 ], "texture": "#texture" },
				"south": { "uv": [ 12.5, 9.5, 13, 10.5 ], "texture": "#texture" },
				"west": { "uv": [ 12, 9.5, 12.875, 10.5 ], "texture": "#texture" },
				"east": { "uv": [ 12, 9.5, 12.875, 10.5 ], "texture": "#texture" }
			}
		},
		{
			"__comment": "Element",
			"from": [ 7.5, 8.25, 8.25 ],
			"to": [ 7.6875, 9, 8.75 ],
			"rotation": { "origin": [ 7.5, 9, 8.25 ], "axis": "z", "angle": 22.5 },
			"faces": {
				"down": { "uv": [ 13, 9.5, 13.5, 10.375 ], "texture": "#texture" },
				"up": { "uv": [ 12.5, 10, 13, 10.875 ], "texture": "#texture" },
				"north": { "uv": [ 12.5, 9.5, 13, 10.5 ], "texture": "#texture" },
				"south": { "uv": [ 12.5, 9.5, 13, 10.5 ], "texture": "#texture" },
				"west": { "uv": [ 12, 9.5, 12.875, 10.5 ], "texture": "#texture" },
				"east": { "uv": [ 12, 9.5, 12.875, 10.5 ], "texture": "#texture" }
			}
		},
		{
			"__comment": "Element",
			"from": [ 7.25, 8.25, 8.25 ],
			"to": [ 7.5, 12, 8.75 ],
			"faces": {
				"down": { "uv": [ 7.5, 5.625, 7.75, 6.125 ], "texture": "#texture" },
				"up": { "uv": [ 7.375, 5.875, 7.625, 6.375 ], "texture": "#texture" },
				"north": { "uv": [ 7.375, 3.75, 7.625, 8.75 ], "texture": "#texture" },
				"south": { "uv": [ 8.125, 4.25, 8.375, 9.25 ], "texture": "#texture" },
				"west": { "uv": [ 7.625, 3.625, 8.125, 8.625 ], "texture": "#texture" },
				"east": { "uv": [ 6.125, 2.75, 6.625, 7.75 ], "texture": "#texture" }
			}
		},
		{
			"__comment": "Element",
			"from": [ 6.98, 11.5625, 8.25 ],
			"to": [ 7.23, 12.0625, 8.75 ],
			"rotation": { "origin": [ 6.98, 12.0625, 8.25 ], "axis": "z", "angle": 45 },
			"faces": {
				"down": { "uv": [ 7.5, 5.625, 7.75, 6.125 ], "texture": "#texture" },
				"up": { "uv": [ 7.375, 5.875, 7.625, 6.375 ], "texture": "#texture" },
				"north": { "uv": [ 7.375, 3.75, 7.625, 8.75 ], "texture": "#texture" },
				"south": { "uv": [ 8.125, 4.25, 8.375, 9.25 ], "texture": "#texture" },
				"west": { "uv": [ 7.625, 3.625, 8.125, 8.625 ], "texture": "#texture" },
				"east": { "uv": [ 6.125, 2.75, 6.625, 7.75 ], "texture": "#texture" }
			}
		},
		{
			"__comment": "Element",
			"from": [ 7.125, 8.125, 8.375 ],
			"to": [ 7.25, 12, 8.625 ],
			"faces": {
				"down": { "uv": [ 14.125, 4.875, 15.125, 6 ], "texture": "#texture" },
				"up": { "uv": [ 14.25, 5.375, 15.125, 6.25 ], "texture": "#texture" },
				"north": { "uv": [ 14.25, 5.25, 15, 5.875 ], "texture": "#texture" },
				"south": { "uv": [ 14.5, 5.25, 15.25, 5.625 ], "texture": "#texture" },
				"west": { "uv": [ 14.375, 5, 15.125, 5.625 ], "texture": "#texture" },
				"east": { "uv": [ 13.875, 4.875, 15, 5.75 ], "texture": "#texture" }
			}
		},
		{
			"__comment": "Element",
			"from": [ 7, 8.1875, 8.4375 ],
			"to": [ 7.125, 12.0625, 8.5625 ],
			"faces": {
				"down": { "uv": [ 11.875, 4.875, 12.875, 6 ], "texture": "#texture" },
				"up": { "uv": [ 11.75, 5.125, 12.625, 6 ], "texture": "#texture" },
				"north": { "uv": [ 12.125, 5.25, 12.875, 5.875 ], "texture": "#texture" },
				"south": { "uv": [ 12, 5.25, 12.75, 5.625 ], "texture": "#texture" },
				"west": { "uv": [ 12, 5.25, 12.75, 5.875 ], "texture": "#texture" },
				"east": { "uv": [ 12, 5, 13.125, 5.875 ], "texture": "#texture" }
			}
		},
		{
			"__comment": "Element",
			"from": [ 8.5, 8.25, 8.25 ],
			"to": [ 8.75, 14.75, 8.75 ],
			"faces": {
				"down": { "uv": [ 7.5, 5.625, 7.75, 6.125 ], "texture": "#texture" },
				"up": { "uv": [ 7.375, 5.875, 7.625, 6.375 ], "texture": "#texture" },
				"north": { "uv": [ 7.375, 3.75, 7.625, 8.75 ], "texture": "#texture" },
				"south": { "uv": [ 8.125, 4.25, 8.375, 9.25 ], "texture": "#texture" },
				"west": { "uv": [ 7.625, 3.625, 8.125, 8.625 ], "texture": "#texture" },
				"east": { "uv": [ 6.125, 2.75, 6.625, 7.75 ], "texture": "#texture" }
			}
		},
		{
			"__comment": "Element",
			"from": [ 8.25, 13.25, 8.25 ],
			"to": [ 8.5, 15, 8.75 ],
			"faces": {
				"down": { "uv": [ 7.5, 5.625, 7.75, 6.125 ], "texture": "#texture" },
				"up": { "uv": [ 7.375, 5.875, 7.625, 6.375 ], "texture": "#texture" },
				"north": { "uv": [ 7.375, 3.75, 7.625, 8.75 ], "texture": "#texture" },
				"south": { "uv": [ 8.125, 4.25, 8.375, 9.25 ], "texture": "#texture" },
				"west": { "uv": [ 7.625, 3.625, 8.125, 8.625 ], "texture": "#texture" },
				"east": { "uv": [ 6.125, 2.75, 6.625, 7.75 ], "texture": "#texture" }
			}
		},
		{
			"__comment": "Element",
			"from": [ 7.5, 13.25, 8.25 ],
			"to": [ 7.75, 15, 8.75 ],
			"faces": {
				"down": { "uv": [ 7.5, 5.625, 7.75, 6.125 ], "texture": "#texture" },
				"up": { "uv": [ 7.375, 5.875, 7.625, 6.375 ], "texture": "#texture" },
				"north": { "uv": [ 7.375, 3.75, 7.625, 8.75 ], "texture": "#texture" },
				"south": { "uv": [ 8.125, 4.25, 8.375, 9.25 ], "texture": "#texture" },
				"west": { "uv": [ 7.625, 3.625, 8.125, 8.625 ], "texture": "#texture" },
				"east": { "uv": [ 6.125, 2.75, 6.625, 7.75 ], "texture": "#texture" }
			}
		},
		{
			"__comment": "Element",
			"from": [ 7.75, 13.5, 8.25 ],
			"to": [ 8.25, 15.25, 8.75 ],
			"faces": {
				"down": { "uv": [ 7.5, 5.625, 7.75, 6.125 ], "texture": "#texture" },
				"up": { "uv": [ 7.375, 5.875, 7.625, 6.375 ], "texture": "#texture" },
				"north": { "uv": [ 7.375, 3.75, 7.625, 8.75 ], "texture": "#texture" },
				"south": { "uv": [ 8.125, 4.25, 8.375, 9.25 ], "texture": "#texture" },
				"west": { "uv": [ 7.625, 3.625, 8.125, 8.625 ], "texture": "#texture" },
				"east": { "uv": [ 6.125, 2.75, 6.625, 7.75 ], "texture": "#texture" }
			}
		},
		{
			"__comment": "Element",
			"from": [ 7.25, 12, 8.3125 ],
			"to": [ 7.5, 14.125, 8.6875 ],
			"faces": {
				"down": { "uv": [ 7.5, 5.625, 7.75, 6.125 ], "texture": "#texture" },
				"up": { "uv": [ 7.375, 5.875, 7.625, 6.375 ], "texture": "#texture" },
				"north": { "uv": [ 7.375, 3.75, 7.625, 8.75 ], "texture": "#texture" },
				"south": { "uv": [ 8.125, 4.25, 8.375, 9.25 ], "texture": "#texture" },
				"west": { "uv": [ 7.625, 3.625, 8.125, 8.625 ], "texture": "#texture" },
				"east": { "uv": [ 6.125, 2.75, 6.625, 7.75 ], "texture": "#texture" }
			}
		},
		{
			"__comment": "Element",
			"from": [ 7.25, 14.125, 8.25 ],
			"to": [ 7.5, 14.75, 8.75 ],
			"faces": {
				"down": { "uv": [ 7.5, 5.625, 7.75, 6.125 ], "texture": "#texture" },
				"up": { "uv": [ 7.375, 5.875, 7.625, 6.375 ], "texture": "#texture" },
				"north": { "uv": [ 7.375, 3.75, 7.625, 8.75 ], "texture": "#texture" },
				"south": { "uv": [ 8.125, 4.25, 8.375, 9.25 ], "texture": "#texture" },
				"west": { "uv": [ 7.625, 3.625, 8.125, 8.625 ], "texture": "#texture" },
				"east": { "uv": [ 6.125, 2.75, 6.625, 7.75 ], "texture": "#texture" }
			}
		},
		{
			"__comment": "Element",
			"from": [ 7.125, 12.125, 8.375 ],
			"to": [ 7.25, 14.75, 8.625 ],
			"faces": {
				"down": { "uv": [ 14.125, 5, 14.875, 5.875 ], "texture": "#texture" },
				"up": { "uv": [ 14.25, 5, 15.25, 6.125 ], "texture": "#texture" },
				"north": { "uv": [ 14.25, 5.25, 14.875, 5.75 ], "texture": "#texture" },
				"south": { "uv": [ 14.375, 5, 15.25, 6 ], "texture": "#texture" },
				"west": { "uv": [ 14, 5, 14.75, 6.125 ], "texture": "#texture" },
				"east": { "uv": [ 14.25, 5.125, 15.5, 5.75 ], "texture": "#texture" }
			}
		},
		{
			"__comment": "Element",
			"from": [ 8.75, 8.125, 8.25 ],
			"to": [ 9.5, 8.5, 8.75 ],
			"faces": {
				"down": { "uv": [ 7.5, 5.625, 7.75, 6.125 ], "texture": "#texture" },
				"up": { "uv": [ 7.375, 5.875, 7.625, 6.375 ], "texture": "#texture" },
				"north": { "uv": [ 7.375, 3.75, 7.625, 8.75 ], "texture": "#texture" },
				"south": { "uv": [ 8.125, 4.25, 8.375, 9.25 ], "texture": "#texture" },
				"west": { "uv": [ 7.625, 3.625, 8.125, 8.625 ], "texture": "#texture" },
				"east": { "uv": [ 6.125, 2.75, 6.625, 7.75 ], "texture": "#texture" }
			}
		},
		{
			"__comment": "Element",
			"from": [ 8.75, 8.5625, 8.25 ],
			"to": [ 9.25, 8.8125, 8.75 ],
			"rotation": { "origin": [ 8.75, 8.8125, 8.25 ], "axis": "z", "angle": -45 },
			"faces": {
				"down": { "uv": [ 7.5, 5.625, 7.75, 6.125 ], "texture": "#texture" },
				"up": { "uv": [ 7.375, 5.875, 7.625, 6.375 ], "texture": "#texture" },
				"north": { "uv": [ 7.375, 3.75, 7.625, 8.75 ], "texture": "#texture" },
				"south": { "uv": [ 8.125, 4.25, 8.375, 9.25 ], "texture": "#texture" },
				"west": { "uv": [ 7.625, 3.625, 8.125, 8.625 ], "texture": "#texture" },
				"east": { "uv": [ 6.125, 2.75, 6.625, 7.75 ], "texture": "#texture" }
			}
		},
		{
			"__comment": "Element",
			"from": [ 9.5, 8.125, 8.25 ],
			"to": [ 9.875, 8.5, 8.75 ],
			"rotation": { "origin": [ 9.5, 8.5, 8.25 ], "axis": "z", "angle": -45 },
			"faces": {
				"down": { "uv": [ 7.5, 5.625, 7.75, 6.125 ], "texture": "#texture" },
				"up": { "uv": [ 7.375, 5.875, 7.625, 6.375 ], "texture": "#texture" },
				"north": { "uv": [ 7.375, 3.75, 7.625, 8.75 ], "texture": "#texture" },
				"south": { "uv": [ 8.125, 4.25, 8.375, 9.25 ], "texture": "#texture" },
				"west": { "uv": [ 7.625, 3.625, 8.125, 8.625 ], "texture": "#texture" },
				"east": { "uv": [ 6.125, 2.75, 6.625, 7.75 ], "texture": "#texture" }
			}
		},
		{
			"__comment": "Element",
			"from": [ 9.01, 8.1875, 8.25 ],
			"to": [ 9.635, 8.4375, 8.75 ],
			"rotation": { "origin": [ 9.01, 8.4375, 8.25 ], "axis": "z", "angle": -22.5 },
			"faces": {
				"down": { "uv": [ 7.5, 5.625, 7.75, 6.125 ], "texture": "#texture" },
				"up": { "uv": [ 7.375, 5.875, 7.625, 6.375 ], "texture": "#texture" },
				"north": { "uv": [ 7.375, 3.75, 7.625, 8.75 ], "texture": "#texture" },
				"south": { "uv": [ 8.125, 4.25, 8.375, 9.25 ], "texture": "#texture" },
				"west": { "uv": [ 7.625, 3.625, 8.125, 8.625 ], "texture": "#texture" },
				"east": { "uv": [ 6.125, 2.75, 6.625, 7.75 ], "texture": "#texture" }
			}
		},
		{
			"__comment": "Element",
			"from": [ 6.9375, 13.75, 8.4375 ],
			"to": [ 7.1875, 13.875, 8.5625 ],
			"rotation": { "origin": [ 6.9375, 13.875, 8.4375 ], "axis": "z", "angle": 22.5 },
			"faces": {
				"down": { "uv": [ 11.875, 4.875, 12.875, 6 ], "texture": "#texture" },
				"up": { "uv": [ 11.75, 5.125, 12.625, 6 ], "texture": "#texture" },
				"north": { "uv": [ 12.125, 5.25, 12.875, 5.875 ], "texture": "#texture" },
				"south": { "uv": [ 12, 5.25, 12.75, 5.625 ], "texture": "#texture" },
				"west": { "uv": [ 12, 5.25, 12.75, 5.875 ], "texture": "#texture" },
				"east": { "uv": [ 12, 5, 13.125, 5.875 ], "texture": "#texture" }
			}
		},
		{
			"__comment": "Element",
			"from": [ 6.9375, 12.1875, 8.4375 ],
			"to": [ 7.1875, 12.3125, 8.5625 ],
			"rotation": { "origin": [ 6.9375, 12.3125, 8.4375 ], "axis": "z", "angle": 22.5 },
			"faces": {
				"down": { "uv": [ 11.875, 4.875, 12.875, 6 ], "texture": "#texture" },
				"up": { "uv": [ 11.75, 5.125, 12.625, 6 ], "texture": "#texture" },
				"north": { "uv": [ 12.125, 5.25, 12.875, 5.875 ], "texture": "#texture" },
				"south": { "uv": [ 12, 5.25, 12.75, 5.625 ], "texture": "#texture" },
				"west": { "uv": [ 12, 5.25, 12.75, 5.875 ], "texture": "#texture" },
				"east": { "uv": [ 12, 5, 13.125, 5.875 ], "texture": "#texture" }
			}
		},
		{
			"__comment": "Element",
			"from": [ 6.9375, 12.5, 8.4375 ],
			"to": [ 7.1875, 12.625, 8.5625 ],
			"rotation": { "origin": [ 6.9375, 12.625, 8.4375 ], "axis": "z", "angle": 22.5 },
			"faces": {
				"down": { "uv": [ 11.875, 4.875, 12.875, 6 ], "texture": "#texture" },
				"up": { "uv": [ 11.75, 5.125, 12.625, 6 ], "texture": "#texture" },
				"north": { "uv": [ 12.125, 5.25, 12.875, 5.875 ], "texture": "#texture" },
				"south": { "uv": [ 12, 5.25, 12.75, 5.625 ], "texture": "#texture" },
				"west": { "uv": [ 12, 5.25, 12.75, 5.875 ], "texture": "#texture" },
				"east": { "uv": [ 12, 5, 13.125, 5.875 ], "texture": "#texture" }
			}
		},
		{
			"__comment": "Element",
			"from": [ 6.9375, 12.8125, 8.4375 ],
			"to": [ 7.1875, 12.9375, 8.5625 ],
			"rotation": { "origin": [ 6.9375, 12.9375, 8.4375 ], "axis": "z", "angle": 22.5 },
			"faces": {
				"down": { "uv": [ 11.875, 4.875, 12.875, 6 ], "texture": "#texture" },
				"up": { "uv": [ 11.75, 5.125, 12.625, 6 ], "texture": "#texture" },
				"north": { "uv": [ 12.125, 5.25, 12.875, 5.875 ], "texture": "#texture" },
				"south": { "uv": [ 12, 5.25, 12.75, 5.625 ], "texture": "#texture" },
				"west": { "uv": [ 12, 5.25, 12.75, 5.875 ], "texture": "#texture" },
				"east": { "uv": [ 12, 5, 13.125, 5.875 ], "texture": "#texture" }
			}
		},
		{
			"__comment": "Element",
			"from": [ 6.9375, 13.125, 8.4375 ],
			"to": [ 7.1875, 13.25, 8.5625 ],
			"rotation": { "origin": [ 6.9375, 13.25, 8.4375 ], "axis": "z", "angle": 22.5 },
			"faces": {
				"down": { "uv": [ 11.875, 4.875, 12.875, 6 ], "texture": "#texture" },
				"up": { "uv": [ 11.75, 5.125, 12.625, 6 ], "texture": "#texture" },
				"north": { "uv": [ 12.125, 5.25, 12.875, 5.875 ], "texture": "#texture" },
				"south": { "uv": [ 12, 5.25, 12.75, 5.625 ], "texture": "#texture" },
				"west": { "uv": [ 12, 5.25, 12.75, 5.875 ], "texture": "#texture" },
				"east": { "uv": [ 12, 5, 13.125, 5.875 ], "texture": "#texture" }
			}
		},
		{
			"__comment": "Element",
			"from": [ 6.9375, 13.4375, 8.4375 ],
			"to": [ 7.1875, 13.5625, 8.5625 ],
			"rotation": { "origin": [ 6.9375, 13.5625, 8.4375 ], "axis": "z", "angle": 22.5 },
			"faces": {
				"down": { "uv": [ 11.875, 4.875, 12.875, 6 ], "texture": "#texture" },
				"up": { "uv": [ 11.75, 5.125, 12.625, 6 ], "texture": "#texture" },
				"north": { "uv": [ 12.125, 5.25, 12.875, 5.875 ], "texture": "#texture" },
				"south": { "uv": [ 12, 5.25, 12.75, 5.625 ], "texture": "#texture" },
				"west": { "uv": [ 12, 5.25, 12.75, 5.875 ], "texture": "#texture" },
				"east": { "uv": [ 12, 5, 13.125, 5.875 ], "texture": "#texture" }
			}
		},
		{
			"__comment": "Element",
			"from": [ 8.75, 8.5, 8.375 ],
			"to": [ 9.125, 12.375, 8.625 ],
			"faces": {
				"down": { "uv": [ 14.125, 4.875, 15.125, 6 ], "texture": "#texture" },
				"up": { "uv": [ 14.25, 5.375, 15.125, 6.25 ], "texture": "#texture" },
				"north": { "uv": [ 14.25, 5.25, 15, 5.875 ], "texture": "#texture" },
				"south": { "uv": [ 14.5, 5.25, 15.25, 5.625 ], "texture": "#texture" },
				"west": { "uv": [ 14.375, 5, 15.125, 5.625 ], "texture": "#texture" },
				"east": { "uv": [ 13.875, 4.875, 15, 5.75 ], "texture": "#texture" }
			}
		},
		{
			"__comment": "Element",
			"from": [ 8.5625, 8.3125, 8.375 ],
			"to": [ 8.9375, 9.4375, 8.625 ],
			"rotation": { "origin": [ 8.5625, 9.4375, 8.375 ], "axis": "z", "angle": 22.5 },
			"faces": {
				"down": { "uv": [ 14.125, 4.875, 15.125, 6 ], "texture": "#texture" },
				"up": { "uv": [ 14.25, 5.375, 15.125, 6.25 ], "texture": "#texture" },
				"north": { "uv": [ 14.25, 5.25, 15, 5.875 ], "texture": "#texture" },
				"south": { "uv": [ 14.5, 5.25, 15.25, 5.625 ], "texture": "#texture" },
				"west": { "uv": [ 14.375, 5, 15.125, 5.625 ], "texture": "#texture" },
				"east": { "uv": [ 13.875, 4.875, 15, 5.75 ], "texture": "#texture" }
			}
		},
		{
			"__comment": "Element",
			"from": [ 8.875, 7.875, 8.375 ],
			"to": [ 9.125, 8.75, 8.625 ],
			"rotation": { "origin": [ 8.875, 8.75, 8.375 ], "axis": "z", "angle": 45 },
			"faces": {
				"down": { "uv": [ 14.125, 4.875, 15.125, 6 ], "texture": "#texture" },
				"up": { "uv": [ 14.25, 5.375, 15.125, 6.25 ], "texture": "#texture" },
				"north": { "uv": [ 14.25, 5.25, 15, 5.875 ], "texture": "#texture" },
				"south": { "uv": [ 14.5, 5.25, 15.25, 5.625 ], "texture": "#texture" },
				"west": { "uv": [ 14.375, 5, 15.125, 5.625 ], "texture": "#texture" },
				"east": { "uv": [ 13.875, 4.875, 15, 5.75 ], "texture": "#texture" }
			}
		},
		{
			"__comment": "Element",
			"from": [ 9.1875, 10.125, 8.375 ],
			"to": [ 9.5625, 11.25, 8.625 ],
			"rotation": { "origin": [ 9.1875, 11.25, 8.375 ], "axis": "z", "angle": -22.5 },
			"faces": {
				"down": { "uv": [ 14.125, 4.875, 15.125, 6 ], "texture": "#texture" },
				"up": { "uv": [ 14.25, 5.375, 15.125, 6.25 ], "texture": "#texture" },
				"north": { "uv": [ 14.25, 5.25, 15, 5.875 ], "texture": "#texture" },
				"south": { "uv": [ 14.5, 5.25, 15.25, 5.625 ], "texture": "#texture" },
				"west": { "uv": [ 14.375, 5, 15.125, 5.625 ], "texture": "#texture" },
				"east": { "uv": [ 13.875, 4.875, 15, 5.75 ], "texture": "#texture" }
			}
		},
		{
			"__comment": "Element",
			"from": [ 9.6875, 10.625, 8.375 ],
			"to": [ 10.0625, 11.75, 8.625 ],
			"rotation": { "origin": [ 9.6875, 11.75, 8.375 ], "axis": "z", "angle": -45 },
			"faces": {
				"down": { "uv": [ 14.125, 4.875, 15.125, 6 ], "texture": "#texture" },
				"up": { "uv": [ 14.25, 5.375, 15.125, 6.25 ], "texture": "#texture" },
				"north": { "uv": [ 14.25, 5.25, 15, 5.875 ], "texture": "#texture" },
				"south": { "uv": [ 14.5, 5.25, 15.25, 5.625 ], "texture": "#texture" },
				"west": { "uv": [ 14.375, 5, 15.125, 5.625 ], "texture": "#texture" },
				"east": { "uv": [ 13.875, 4.875, 15, 5.75 ], "texture": "#texture" }
			}
		},
		{
			"__comment": "Element",
			"from": [ 9.125, 11.5, 8.375 ],
			"to": [ 10, 12.375, 8.625 ],
			"faces": {
				"down": { "uv": [ 14.125, 4.875, 15.125, 6 ], "texture": "#texture" },
				"up": { "uv": [ 14.25, 5.375, 15.125, 6.25 ], "texture": "#texture" },
				"north": { "uv": [ 14.25, 5.25, 15, 5.875 ], "texture": "#texture" },
				"south": { "uv": [ 14.5, 5.25, 15.25, 5.625 ], "texture": "#texture" },
				"west": { "uv": [ 14.375, 5, 15.125, 5.625 ], "texture": "#texture" },
				"east": { "uv": [ 13.875, 4.875, 15, 5.75 ], "texture": "#texture" }
			}
		},
		{
			"__comment": "Element",
			"from": [ 9.125, 11.125, 8.375 ],
			"to": [ 9.5, 11.5, 8.625 ],
			"faces": {
				"down": { "uv": [ 14.125, 4.875, 15.125, 6 ], "texture": "#texture" },
				"up": { "uv": [ 14.25, 5.375, 15.125, 6.25 ], "texture": "#texture" },
				"north": { "uv": [ 14.25, 5.25, 15, 5.875 ], "texture": "#texture" },
				"south": { "uv": [ 14.5, 5.25, 15.25, 5.625 ], "texture": "#texture" },
				"west": { "uv": [ 14.375, 5, 15.125, 5.625 ], "texture": "#texture" },
				"east": { "uv": [ 13.875, 4.875, 15, 5.75 ], "texture": "#texture" }
			}
		},
		{
			"__comment": "Element",
			"from": [ 9.125, 8.5, 8.4375 ],
			"to": [ 9.375, 10.5, 8.5625 ],
			"faces": {
				"down": { "uv": [ 11.875, 4.875, 12.875, 6 ], "texture": "#texture" },
				"up": { "uv": [ 11.75, 5.125, 12.625, 6 ], "texture": "#texture" },
				"north": { "uv": [ 12.125, 5.25, 12.875, 5.875 ], "texture": "#texture" },
				"south": { "uv": [ 12, 5.25, 12.75, 5.625 ], "texture": "#texture" },
				"west": { "uv": [ 12, 5.25, 12.75, 5.875 ], "texture": "#texture" },
				"east": { "uv": [ 12, 5, 13.125, 5.875 ], "texture": "#texture" }
			}
		},
		{
			"__comment": "Element",
			"from": [ 9.5, 10.1875, 8.4375 ],
			"to": [ 9.75, 11.1875, 8.5625 ],
			"rotation": { "origin": [ 9.5, 11.1875, 8.4375 ], "axis": "z", "angle": -22.5 },
			"faces": {
				"down": { "uv": [ 11.875, 4.875, 12.875, 6 ], "texture": "#texture" },
				"up": { "uv": [ 11.75, 5.125, 12.625, 6 ], "texture": "#texture" },
				"north": { "uv": [ 12.125, 5.25, 12.875, 5.875 ], "texture": "#texture" },
				"south": { "uv": [ 12, 5.25, 12.75, 5.625 ], "texture": "#texture" },
				"west": { "uv": [ 12, 5.25, 12.75, 5.875 ], "texture": "#texture" },
				"east": { "uv": [ 12, 5, 13.125, 5.875 ], "texture": "#texture" }
			}
		},
		{
			"__comment": "Element",
			"from": [ 9.8125, 10.5, 8.4375 ],
			"to": [ 10.0625, 11.5, 8.5625 ],
			"rotation": { "origin": [ 9.8125, 11.5, 8.4375 ], "axis": "z", "angle": -45 },
			"faces": {
				"down": { "uv": [ 11.875, 4.875, 12.875, 6 ], "texture": "#texture" },
				"up": { "uv": [ 11.75, 5.125, 12.625, 6 ], "texture": "#texture" },
				"north": { "uv": [ 12.125, 5.25, 12.875, 5.875 ], "texture": "#texture" },
				"south": { "uv": [ 12, 5.25, 12.75, 5.625 ], "texture": "#texture" },
				"west": { "uv": [ 12, 5.25, 12.75, 5.875 ], "texture": "#texture" },
				"east": { "uv": [ 12, 5, 13.125, 5.875 ], "texture": "#texture" }
			}
		},
		{
			"__comment": "Element",
			"from": [ 9.5, 11.3125, 8.4375 ],
			"to": [ 10, 11.5, 8.5625 ],
			"faces": {
				"down": { "uv": [ 11.875, 4.875, 12.875, 6 ], "texture": "#texture" },
				"up": { "uv": [ 11.75, 5.125, 12.625, 6 ], "texture": "#texture" },
				"north": { "uv": [ 12.125, 5.25, 12.875, 5.875 ], "texture": "#texture" },
				"south": { "uv": [ 12, 5.25, 12.75, 5.625 ], "texture": "#texture" },
				"west": { "uv": [ 12, 5.25, 12.75, 5.875 ], "texture": "#texture" },
				"east": { "uv": [ 12, 5, 13.125, 5.875 ], "texture": "#texture" }
			}
		},
		{
			"__comment": "Element",
			"from": [ 8.875, 11.25, 8.3125 ],
			"to": [ 9.5, 11.875, 8.75 ],
			"faces": {
				"down": { "uv": [ 14.375, 7.375, 15, 8 ], "texture": "#texture" },
				"up": { "uv": [ 14.625, 7.25, 15.125, 8 ], "texture": "#texture" },
				"north": { "uv": [ 14.625, 7.375, 15, 7.75 ], "texture": "#texture" },
				"south": { "uv": [ 14.625, 7.5, 15.125, 8.25 ], "texture": "#texture" },
				"west": { "uv": [ 14.25, 7.375, 14.6875, 7.75 ], "texture": "#texture" },
				"east": { "uv": [ 14.375, 7.5, 14.8125, 7.875 ], "texture": "#texture" }
			}
		},
		{
			"__comment": "Element",
			"from": [ 8.9375, 11.1875, 8.3125 ],
			"to": [ 9.4375, 11.9375, 8.75 ],
			"faces": {
				"down": { "uv": [ 14.375, 7.375, 15, 8 ], "texture": "#texture" },
				"up": { "uv": [ 14.625, 7.25, 15.125, 8 ], "texture": "#texture" },
				"north": { "uv": [ 14.625, 7.375, 15, 7.75 ], "texture": "#texture" },
				"south": { "uv": [ 14.625, 7.5, 15.125, 8.25 ], "texture": "#texture" },
				"west": { "uv": [ 14.25, 7.375, 14.6875, 7.75 ], "texture": "#texture" },
				"east": { "uv": [ 14.375, 7.5, 14.8125, 7.875 ], "texture": "#texture" }
			}
		},
		{
			"__comment": "Element",
			"from": [ 8.8125, 11.3125, 8.3125 ],
			"to": [ 9.5625, 11.8125, 8.75 ],
			"faces": {
				"down": { "uv": [ 14.375, 7.375, 15, 8 ], "texture": "#texture" },
				"up": { "uv": [ 14.625, 7.25, 15.125, 8 ], "texture": "#texture" },
				"north": { "uv": [ 14.625, 7.375, 15, 7.75 ], "texture": "#texture" },
				"south": { "uv": [ 14.625, 7.5, 15.125, 8.25 ], "texture": "#texture" },
				"west": { "uv": [ 14.25, 7.375, 14.6875, 7.75 ], "texture": "#texture" },
				"east": { "uv": [ 14.375, 7.5, 14.8125, 7.875 ], "texture": "#texture" }
			}
		},
		{
			"__comment": "Element",
			"from": [ 8.75, 12.375, 8.375 ],
			"to": [ 9, 13.75, 8.625 ],
			"faces": {
				"down": { "uv": [ 14.125, 4.875, 15.125, 6 ], "texture": "#texture" },
				"up": { "uv": [ 14.25, 5.375, 15.125, 6.25 ], "texture": "#texture" },
				"north": { "uv": [ 14.25, 5.25, 15, 5.875 ], "texture": "#texture" },
				"south": { "uv": [ 14.5, 5.25, 15.25, 5.625 ], "texture": "#texture" },
				"west": { "uv": [ 14.375, 5, 15.125, 5.625 ], "texture": "#texture" },
				"east": { "uv": [ 13.875, 4.875, 15, 5.75 ], "texture": "#texture" }
			}
		},
		{
			"__comment": "Element",
			"from": [ 9.585, 12.3125, 8.4375 ],
			"to": [ 9.96, 14.0625, 8.5625 ],
			"faces": {
				"down": { "uv": [ 14.125, 4.875, 15.125, 6 ], "texture": "#texture" },
				"up": { "uv": [ 14.25, 5.375, 15.125, 6.25 ], "texture": "#texture" },
				"north": { "uv": [ 14.25, 5.25, 15, 5.875 ], "texture": "#texture" },
				"south": { "uv": [ 14.5, 5.25, 15.25, 5.625 ], "texture": "#texture" },
				"west": { "uv": [ 14.375, 5, 15.125, 5.625 ], "texture": "#texture" },
				"east": { "uv": [ 13.875, 4.875, 15, 5.75 ], "texture": "#texture" }
			}
		},
		{
			"__comment": "Element",
			"from": [ 9.375, 12.375, 8.375 ],
			"to": [ 9.625, 13.75, 8.625 ],
			"faces": {
				"down": { "uv": [ 14.125, 4.875, 15.125, 6 ], "texture": "#texture" },
				"up": { "uv": [ 14.25, 5.375, 15.125, 6.25 ], "texture": "#texture" },
				"north": { "uv": [ 14.25, 5.25, 15, 5.875 ], "texture": "#texture" },
				"south": { "uv": [ 14.5, 5.25, 15.25, 5.625 ], "texture": "#texture" },
				"west": { "uv": [ 14.375, 5, 15.125, 5.625 ], "texture": "#texture" },
				"east": { "uv": [ 13.875, 4.875, 15, 5.75 ], "texture": "#texture" }
			}
		},
		{
			"__comment": "Element",
			"from": [ 8.75, 13.75, 8.375 ],
			"to": [ 9.625, 14.0625, 8.625 ],
			"faces": {
				"down": { "uv": [ 14.125, 4.875, 15.125, 6 ], "texture": "#texture" },
				"up": { "uv": [ 14.25, 5.375, 15.125, 6.25 ], "texture": "#texture" },
				"north": { "uv": [ 14.25, 5.25, 15, 5.875 ], "texture": "#texture" },
				"south": { "uv": [ 14.5, 5.25, 15.25, 5.625 ], "texture": "#texture" },
				"west": { "uv": [ 14.375, 5, 15.125, 5.625 ], "texture": "#texture" },
				"east": { "uv": [ 13.875, 4.875, 15, 5.75 ], "texture": "#texture" }
			}
		},
		{
			"__comment": "Element",
			"from": [ 9, 12.375, 8.4375 ],
			"to": [ 9.375, 13.75, 8.5625 ],
			"faces": {
				"down": { "uv": [ 11.875, 4.875, 12.875, 6 ], "texture": "#texture" },
				"up": { "uv": [ 11.75, 5, 12.625, 5.875 ], "texture": "#texture" },
				"north": { "uv": [ 11.875, 5, 12.625, 5.625 ], "texture": "#texture" },
				"south": { "uv": [ 12.25, 5.25, 13.125, 5.875 ], "texture": "#texture" },
				"west": { "uv": [ 12.375, 5, 13.125, 5.625 ], "texture": "#texture" },
				"east": { "uv": [ 11.875, 5.125, 13, 6 ], "texture": "#texture" }
			}
		},
		{
			"__comment": "Element",
			"from": [ 9.125, 13.4375, 8.375 ],
			"to": [ 9.3125, 13.625, 8.625 ],
			"faces": {
				"down": { "uv": [ 11.875, 2.625, 12.875, 3.75 ], "texture": "#texture" },
				"up": { "uv": [ 12.125, 2.875, 13, 3.75 ], "texture": "#texture" },
				"north": { "uv": [ 12.125, 2.75, 12.875, 3.375 ], "texture": "#texture" },
				"south": { "uv": [ 12.125, 3.125, 13, 3.75 ], "texture": "#texture" },
				"west": { "uv": [ 12, 2.875, 12.75, 3.5 ], "texture": "#texture" },
				"east": { "uv": [ 11.875, 3.125, 13, 4 ], "texture": "#texture" }
			}
		},
		{
			"__comment": "Element",
			"from": [ 9.125, 12.5, 8.375 ],
			"to": [ 9.3125, 12.6875, 8.625 ],
			"faces": {
				"down": { "uv": [ 11.875, 2.625, 12.875, 3.75 ], "texture": "#texture" },
				"up": { "uv": [ 12.125, 2.875, 13, 3.75 ], "texture": "#texture" },
				"north": { "uv": [ 12.125, 2.75, 12.875, 3.375 ], "texture": "#texture" },
				"south": { "uv": [ 12.125, 3.125, 13, 3.75 ], "texture": "#texture" },
				"west": { "uv": [ 12, 2.875, 12.75, 3.5 ], "texture": "#texture" },
				"east": { "uv": [ 11.875, 3.125, 13, 4 ], "texture": "#texture" }
			}
		},
		{
			"__comment": "Element",
			"from": [ 8.125, 13.5625, 8.375 ],
			"to": [ 9, 15.3125, 8.625 ],
			"rotation": { "origin": [ 8.125, 15.3125, 8.375 ], "axis": "z", "angle": 22.5 },
			"faces": {
				"down": { "uv": [ 14.125, 4.875, 15.125, 6 ], "texture": "#texture" },
				"up": { "uv": [ 14.25, 5.375, 15.125, 6.25 ], "texture": "#texture" },
				"north": { "uv": [ 14.25, 5.25, 15, 5.875 ], "texture": "#texture" },
				"south": { "uv": [ 14.5, 5.25, 15.25, 5.625 ], "texture": "#texture" },
				"west": { "uv": [ 14.375, 5, 15.125, 5.625 ], "texture": "#texture" },
				"east": { "uv": [ 13.875, 4.875, 15, 5.75 ], "texture": "#texture" }
			}
		},
		{
			"__comment": "Element",
			"from": [ 8.875, 13.75, 8.4375 ],
			"to": [ 9.25, 15.6875, 8.5625 ],
			"rotation": { "origin": [ 8.875, 15.6875, 8.4375 ], "axis": "z", "angle": 22.5 },
			"faces": {
				"down": { "uv": [ 14.125, 4.875, 15.125, 6 ], "texture": "#texture" },
				"up": { "uv": [ 14.25, 5.375, 15.125, 6.25 ], "texture": "#texture" },
				"north": { "uv": [ 14.25, 5.25, 15, 5.875 ], "texture": "#texture" },
				"south": { "uv": [ 14.5, 5.25, 15.25, 5.625 ], "texture": "#texture" },
				"west": { "uv": [ 14.375, 5, 15.125, 5.625 ], "texture": "#texture" },
				"east": { "uv": [ 13.875, 4.875, 15, 5.75 ], "texture": "#texture" }
			}
		},
		{
			"__comment": "Element",
			"from": [ 8.5425, 14.1575, 8.375 ],
			"to": [ 9.1675, 16.1575, 8.625 ],
			"rotation": { "origin": [ 8.5425, 16.1575, 8.375 ], "axis": "z", "angle": -45 },
			"faces": {
				"down": { "uv": [ 14.125, 5, 14.875, 5.875 ], "texture": "#texture" },
				"up": { "uv": [ 14.25, 5, 15.25, 6.125 ], "texture": "#texture" },
				"north": { "uv": [ 14.25, 5.25, 14.875, 5.75 ], "texture": "#texture" },
				"south": { "uv": [ 14.375, 5, 15.25, 6 ], "texture": "#texture" },
				"west": { "uv": [ 14, 5, 14.75, 6.125 ], "texture": "#texture" },
				"east": { "uv": [ 14.25, 5.125, 15.5, 5.75 ], "texture": "#texture" }
			}
		},
		{
			"__comment": "Element",
			"from": [ 8.3125, 14.125, 8.4375 ],
			"to": [ 8.6875, 16.0625, 8.5625 ],
			"rotation": { "origin": [ 8.3125, 16.0625, 8.4375 ], "axis": "z", "angle": -45 },
			"faces": {
				"down": { "uv": [ 14.125, 4.875, 15.125, 6 ], "texture": "#texture" },
				"up": { "uv": [ 14.25, 5.375, 15.125, 6.25 ], "texture": "#texture" },
				"north": { "uv": [ 14.25, 5.25, 15, 5.875 ], "texture": "#texture" },
				"south": { "uv": [ 14.5, 5.25, 15.25, 5.625 ], "texture": "#texture" },
				"west": { "uv": [ 14.375, 5, 15.125, 5.625 ], "texture": "#texture" },
				"east": { "uv": [ 13.875, 4.875, 15, 5.75 ], "texture": "#texture" }
			}
		},
		{
			"__comment": "Element",
			"from": [ 6.9375, 14.0625, 8.4375 ],
			"to": [ 7.1875, 14.1875, 8.5625 ],
			"rotation": { "origin": [ 6.9375, 14.1875, 8.4375 ], "axis": "z", "angle": 22.5 },
			"faces": {
				"down": { "uv": [ 11.875, 4.875, 12.875, 6 ], "texture": "#texture" },
				"up": { "uv": [ 11.75, 5.125, 12.625, 6 ], "texture": "#texture" },
				"north": { "uv": [ 12.125, 5.25, 12.875, 5.875 ], "texture": "#texture" },
				"south": { "uv": [ 12, 5.25, 12.75, 5.625 ], "texture": "#texture" },
				"west": { "uv": [ 12, 5.25, 12.75, 5.875 ], "texture": "#texture" },
				"east": { "uv": [ 12, 5, 13.125, 5.875 ], "texture": "#texture" }
			}
		},
		{
			"__comment": "Element",
			"from": [ 6.9375, 14.375, 8.4375 ],
			"to": [ 7.1875, 14.5, 8.5625 ],
			"rotation": { "origin": [ 6.9375, 14.5, 8.4375 ], "axis": "z", "angle": 22.5 },
			"faces": {
				"down": { "uv": [ 11.875, 4.875, 12.875, 6 ], "texture": "#texture" },
				"up": { "uv": [ 11.75, 5.125, 12.625, 6 ], "texture": "#texture" },
				"north": { "uv": [ 12.125, 5.25, 12.875, 5.875 ], "texture": "#texture" },
				"south": { "uv": [ 12, 5.25, 12.75, 5.625 ], "texture": "#texture" },
				"west": { "uv": [ 12, 5.25, 12.75, 5.875 ], "texture": "#texture" },
				"east": { "uv": [ 12, 5, 13.125, 5.875 ], "texture": "#texture" }
			}
		},
		{
			"__comment": "Element",
			"from": [ 8.625, 15.75, 8.4375 ],
			"to": [ 9.0625, 16.375, 8.5625 ],
			"rotation": { "origin": [ 8.625, 16.375, 8.4375 ], "axis": "z", "angle": -45 },
			"faces": {
				"down": { "uv": [ 14.125, 4.875, 15.125, 6 ], "texture": "#texture" },
				"up": { "uv": [ 14.25, 5.375, 15.125, 6.25 ], "texture": "#texture" },
				"north": { "uv": [ 14.25, 5.25, 15, 5.875 ], "texture": "#texture" },
				"south": { "uv": [ 14.5, 5.25, 15.25, 5.625 ], "texture": "#texture" },
				"west": { "uv": [ 14.375, 5, 15.125, 5.625 ], "texture": "#texture" },
				"east": { "uv": [ 13.875, 4.875, 15, 5.75 ], "texture": "#texture" }
			}
		},
		{
			"__comment": "Element",
			"from": [ 8.3025, 15.24, 8.4375 ],
			"to": [ 8.8025, 16.0525, 8.5625 ],
			"rotation": { "origin": [ 8.3025, 16.0525, 8.4375 ], "axis": "z", "angle": 45 },
			"faces": {
				"down": { "uv": [ 14.125, 4.875, 15.125, 6 ], "texture": "#texture" },
				"up": { "uv": [ 14.25, 5.375, 15.125, 6.25 ], "texture": "#texture" },
				"north": { "uv": [ 14.25, 5.25, 15, 5.875 ], "texture": "#texture" },
				"south": { "uv": [ 14.5, 5.25, 15.25, 5.625 ], "texture": "#texture" },
				"west": { "uv": [ 14.375, 5, 15.125, 5.625 ], "texture": "#texture" },
				"east": { "uv": [ 13.875, 4.875, 15, 5.75 ], "texture": "#texture" }
			}
		}
	],
	"display": {
		"thirdperson_righthand": {
			"rotation":  [ -154, 98, -18 ],
			"translation":  [ -0.38, -4.72, 0 ],
			"scale":  [ 0.8, 0.8, 0.8 ]
		},
		"thirdperson_lefthand": {
			"rotation":  [ 30, -72, 16 ],
			"translation":  [ -0.38, 0.94, 0.94 ],
			"scale":  [ 0.8, 0.8, 0.8 ]
		},
		"firstperson_righthand": {
			"rotation":  [ 55, 1, -121 ],
			"translation":  [ 1.8969, 4.2926, -7.841 ]
		},
		"firstperson_lefthand": {
			"rotation":  [ 18, -69, 3 ],
			"translation":  [ -2.46, 2.46, 0 ]
		},
		"gui": {
			"rotation":  [ -14, -11, -44 ],
			"translation":  [ 0, -0.38, 0 ],
			"scale":  [ 1, 1.26, 1 ]
		},
		"ground": {
			"rotation":  [ -90, 0, 0 ],
			"translation":  [ 0, -3, 0 ],
			"scale":  [ 0.8, 0.8, 0.8 ]
		}
	}
}