{
	"__comment": "Designed by Optimus0812 with Cubik Studio - https://cubik.studio",
	"textures": {
		"alkaline_battery_9v": "dayz/equipment/device/alkaline_battery_9v"
	},
	"elements": [ 	 
		{
			"__comment": "alkaline_battery_9v1",
			"from": [ 5, 4, 6.5 ],
			"to": [ 11, 12, 9.5 ],
			"faces": {
				"down": { "uv": [ 3, 11, 9, 14 ], "texture": "#alkaline_battery_9v" },
				"up": { "uv": [ 3, 0, 9, 3 ], "texture": "#alkaline_battery_9v" },
				"north": { "uv": [ 3, 3, 9, 11 ], "texture": "#alkaline_battery_9v" },
				"south": { "uv": [ 3, 3, 9, 11 ], "texture": "#alkaline_battery_9v" },
				"west": { "uv": [ 0, 3, 3, 11 ], "texture": "#alkaline_battery_9v" },
				"east": { "uv": [ 9, 3, 12, 11 ], "texture": "#alkaline_battery_9v" }
			}
		},
		{
			"__comment": "alkaline_battery_9v2",
			"from": [ 6, 12, 7.5 ],
			"to": [ 7, 12.5, 8.5 ],
			"faces": {
				"down": { "uv": [ 4, 2, 5, 1 ], "texture": "#alkaline_battery_9v" },
				"up": { "uv": [ 4, 1, 5, 2 ], "texture": "#alkaline_battery_9v" },
				"north": { "uv": [ 5, 1.5, 4, 1 ], "texture": "#alkaline_battery_9v" },
				"south": { "uv": [ 4, 1.5, 5, 2 ], "texture": "#alkaline_battery_9v" },
				"west": { "uv": [ 4, 1, 4.5, 2 ], "texture": "#alkaline_battery_9v", "rotation": 270 },
				"east": { "uv": [ 5, 1, 4.5, 2 ], "texture": "#alkaline_battery_9v", "rotation": 90 }
			}
		},
		{
			"__comment": "alkaline_battery_9v3",
			"from": [ 9, 12, 7 ],
			"to": [ 10, 12.5, 9 ],
			"faces": {
				"down": { "uv": [ 7, 2.5, 8, 0.5 ], "texture": "#alkaline_battery_9v" },
				"up": { "uv": [ 7, 0.5, 8, 2.5 ], "texture": "#alkaline_battery_9v" },
				"north": { "uv": [ 8, 1, 7, 0.5 ], "texture": "#alkaline_battery_9v" },
				"south": { "uv": [ 7, 2, 8, 2.5 ], "texture": "#alkaline_battery_9v" },
				"west": { "uv": [ 7, 0.5, 7.5, 2.5 ], "texture": "#alkaline_battery_9v", "rotation": 270 },
				"east": { "uv": [ 8, 0.5, 7.5, 2.5 ], "texture": "#alkaline_battery_9v", "rotation": 90 }
			}
		},
		{
			"__comment": "alkaline_battery_9v4",
			"from": [ 8.5, 12, 7.5 ],
			"to": [ 9, 12.5, 8.5 ],
			"faces": {
				"down": { "uv": [ 6.5, 2, 7, 1 ], "texture": "#alkaline_battery_9v" },
				"up": { "uv": [ 6.5, 1, 7, 2 ], "texture": "#alkaline_battery_9v" },
				"north": { "uv": [ 7, 1.5, 6.5, 1 ], "texture": "#alkaline_battery_9v" },
				"south": { "uv": [ 6.5, 1.5, 7, 2 ], "texture": "#alkaline_battery_9v" },
				"west": { "uv": [ 6.5, 1, 7, 2 ], "texture": "#alkaline_battery_9v", "rotation": 270 },
				"east": { "uv": [ 7, 1, 6.5, 2 ], "texture": "#alkaline_battery_9v", "rotation": 90 }
			}
		},
		{
			"__comment": "alkaline_battery_9v",
			"from": [ 10, 12, 7.5 ],
			"to": [ 10.5, 12.5, 8.5 ],
			"faces": {
				"down": { "uv": [ 8, 2, 8.5, 1 ], "texture": "#alkaline_battery_9v" },
				"up": { "uv": [ 8, 1, 8.5, 2 ], "texture": "#alkaline_battery_9v" },
				"north": { "uv": [ 8.5, 1.5, 8, 1 ], "texture": "#alkaline_battery_9v" },
				"south": { "uv": [ 8, 1.5, 8.5, 2 ], "texture": "#alkaline_battery_9v" },
				"west": { "uv": [ 8, 1, 8.5, 2 ], "texture": "#alkaline_battery_9v", "rotation": 270 },
				"east": { "uv": [ 8.5, 1, 8, 2 ], "texture": "#alkaline_battery_9v", "rotation": 90 }
			}
		}
	],
	"display": {
		"thirdperson_righthand": {
			"rotation":  [ 30, -30, 0 ],
			"translation":  [ 0, 1, 1 ],
			"scale":  [ 0.25, 0.25, 0.25 ]
		},
		"thirdperson_lefthand": {
			"rotation":  [ 30, -30, 0 ],
			"translation":  [ 0, 1, 1 ],
			"scale":  [ 0.25, 0.25, 0.25 ]
		},
		"firstperson_righthand": {
			"rotation":  [ 0, -90, 25 ],
			"translation":  [ 1.13, 3.2, 1.13 ],
			"scale":  [ 0.68, 0.68, 0.68 ]
		},
		"firstperson_lefthand": {
			"rotation":  [ 0, -90, 25 ],
			"translation":  [ 1.13, 3.2, 1.13 ],
			"scale":  [ 0.68, 0.68, 0.68 ]
		},
		"gui": {
			"rotation":  [ 30, -45, 0 ]
		},
		"head": {
			"scale":  [ 0.0001, 0.0001, 0.0001 ]
		},
		"ground": {
			"rotation":  [ 90, 0, 0 ],
			"scale":  [ 0.25, 0.25, 0.25 ]
		},
		"fixed": {
			"rotation":  [ 0, 180, 0 ],
			"scale":  [ 0.5, 0.5, 0.5 ]
		}
	}
}