{
	"__comment": "Designed by Optimus0812 with Cubik Studio - https://cubik.studio",
	"textures": {
		"gun_attachments_kit": "dayz/equipment/container/gun_attachments_kit"
	},
	"elements": [ 	 
		{
			"__comment": "gun_attachments_kit4",
			"from": [ 7.0001, 3.5, 4 ],
			"to": [ 8.500099, 4, 5 ],
			"faces": {
				"down": { "uv": [ 0, 3.25, 0.5, 4 ], "texture": "#gun_attachments_kit", "rotation": 270 },
				"up": { "uv": [ 0, 4, 0.5, 3.25 ], "texture": "#gun_attachments_kit", "rotation": 90 },
				"north": { "uv": [ 0, 3.25, 0.25, 4 ], "texture": "#gun_attachments_kit", "rotation": 90 },
				"south": { "uv": [ 0.5, 3.25, 0.25, 4 ], "texture": "#gun_attachments_kit", "rotation": 270 },
				"west": { "uv": [ 0, 3.5, 0.5, 3.25 ], "texture": "#gun_attachments_kit" },
				"east": { "uv": [ 0.5, 4, 0, 3.75 ], "texture": "#gun_attachments_kit" }
			}
		},
		{
			"__comment": "gun_attachments_kit5",
			"from": [ 7.0002, 12, 6.5 ],
			"to": [ 8.5002, 12.5, 9.5 ],
			"faces": {
				"down": { "uv": [ 0, 3.25, 1.5, 4 ], "texture": "#gun_attachments_kit", "rotation": 270 },
				"up": { "uv": [ 0, 4, 1.5, 3.25 ], "texture": "#gun_attachments_kit", "rotation": 90 },
				"north": { "uv": [ 0, 3.25, 0.25, 4 ], "texture": "#gun_attachments_kit", "rotation": 90 },
				"south": { "uv": [ 1.5, 3.25, 1.25, 4 ], "texture": "#gun_attachments_kit", "rotation": 270 },
				"west": { "uv": [ 0, 3.5, 1.5, 3.25 ], "texture": "#gun_attachments_kit" },
				"east": { "uv": [ 1.5, 4, 0, 3.75 ], "texture": "#gun_attachments_kit" }
			}
		},
		{
			"__comment": "gun_attachments_kit6",
			"from": [ 7.5002, 11.5, 6.5 ],
			"to": [ 8.0002, 12, 9.5 ],
			"faces": {
				"down": { "uv": [ 0, 3.5, 1.5, 3.75 ], "texture": "#gun_attachments_kit", "rotation": 270 },
				"up": { "uv": [ 0, 3.75, 1.5, 3.5 ], "texture": "#gun_attachments_kit", "rotation": 90 },
				"north": { "uv": [ 0, 3.5, 0.25, 3.75 ], "texture": "#gun_attachments_kit", "rotation": 90 },
				"south": { "uv": [ 1.5, 3.5, 1.25, 3.75 ], "texture": "#gun_attachments_kit", "rotation": 270 },
				"west": { "uv": [ 0, 3.75, 1.5, 3.5 ], "texture": "#gun_attachments_kit" },
				"east": { "uv": [ 1.5, 3.75, 0, 3.5 ], "texture": "#gun_attachments_kit" }
			}
		},
		{
			"__comment": "gun_attachments_kit",
			"from": [ 6, 4, 0 ],
			"to": [ 7.5, 12, 16 ],
			"faces": {
				"down": { "uv": [ 4, 4, 12, 4.75 ], "texture": "#gun_attachments_kit", "rotation": 270 },
				"up": { "uv": [ 4, 4.75, 12, 4 ], "texture": "#gun_attachments_kit", "rotation": 90 },
				"north": { "uv": [ 0, 4, 4, 4.75 ], "texture": "#gun_attachments_kit", "rotation": 90 },
				"south": { "uv": [ 12, 4, 16, 4.75 ], "texture": "#gun_attachments_kit", "rotation": 270 },
				"west": { "uv": [ 4, 0, 12, 4 ], "texture": "#gun_attachments_kit" },
				"east": { "uv": [ 12, 0, 4, 4 ], "texture": "#gun_attachments_kit" }
			}
		},
		{
			"__comment": "gun_attachments_kit",
			"from": [ 8, 4, 0 ],
			"to": [ 9.5, 12, 16 ],
			"faces": {
				"down": { "uv": [ 4, 5, 12, 5.75 ], "texture": "#gun_attachments_kit", "rotation": 90 },
				"up": { "uv": [ 4, 5.75, 12, 5 ], "texture": "#gun_attachments_kit", "rotation": 270 },
				"north": { "uv": [ 0, 5, 4, 5.75 ], "texture": "#gun_attachments_kit", "rotation": 90 },
				"south": { "uv": [ 16, 5, 12, 5.75 ], "texture": "#gun_attachments_kit", "rotation": 90 },
				"west": { "uv": [ 4, 0, 12, 4 ], "texture": "#gun_attachments_kit" },
				"east": { "uv": [ 12, 0, 4, 4 ], "texture": "#gun_attachments_kit" }
			}
		},
		{
			"__comment": "gun_attachments_kit",
			"from": [ 7.5, 4.5, 0.5 ],
			"to": [ 8, 11.5, 15.5 ],
			"faces": {
				"down": { "uv": [ 12, 5, 4, 4.75 ], "texture": "#gun_attachments_kit", "rotation": 270 },
				"up": { "uv": [ 12, 4.75, 4, 5 ], "texture": "#gun_attachments_kit", "rotation": 90 },
				"north": { "uv": [ 12, 5, 12.25, 4.75 ], "texture": "#gun_attachments_kit", "rotation": 90 },
				"south": { "uv": [ 4, 5, 3.75, 4.75 ], "texture": "#gun_attachments_kit", "rotation": 270 },
				"west": { "uv": [ 12, 5.25, 4, 5 ], "texture": "#gun_attachments_kit" },
				"east": { "uv": [ 4, 4.75, 12, 4.5 ], "texture": "#gun_attachments_kit" }
			}
		},
		{
			"__comment": "gun_attachments_kit4",
			"from": [ 7.0002, 3.5, 11 ],
			"to": [ 8.5002, 4, 12 ],
			"faces": {
				"down": { "uv": [ 0, 3.25, 0.5, 4 ], "texture": "#gun_attachments_kit", "rotation": 270 },
				"up": { "uv": [ 0, 4, 0.5, 3.25 ], "texture": "#gun_attachments_kit", "rotation": 90 },
				"north": { "uv": [ 0, 3.25, 0.25, 4 ], "texture": "#gun_attachments_kit", "rotation": 90 },
				"south": { "uv": [ 0.5, 3.25, 0.25, 4 ], "texture": "#gun_attachments_kit", "rotation": 270 },
				"west": { "uv": [ 0, 3.5, 0.5, 3.25 ], "texture": "#gun_attachments_kit" },
				"east": { "uv": [ 0.5, 4, 0, 3.75 ], "texture": "#gun_attachments_kit" }
			}
		},
		{
			"__comment": "gun_attachments_kit5",
			"from": [ 7.0001, 14.0001, 4 ],
			"to": [ 8.500099, 15.5001, 12 ],
			"faces": {
				"down": { "uv": [ 16, 1.75, 12, 1 ], "texture": "#gun_attachments_kit", "rotation": 270 },
				"up": { "uv": [ 16, 1.75, 12, 1 ], "texture": "#gun_attachments_kit", "rotation": 90 },
				"north": { "uv": [ 16, 1, 15.25, 1.75 ], "texture": "#gun_attachments_kit", "rotation": 180 },
				"south": { "uv": [ 12, 1, 12.75, 1.75 ], "texture": "#gun_attachments_kit", "rotation": 180 },
				"west": { "uv": [ 12, 1, 16, 1.75 ], "texture": "#gun_attachments_kit", "rotation": 180 },
				"east": { "uv": [ 16, 1, 12, 1.75 ], "texture": "#gun_attachments_kit", "rotation": 180 }
			}
		},
		{
			"__comment": "gun_attachments_kit5",
			"from": [ 7.0003, 12, 10.5 ],
			"to": [ 8.500299, 14, 12 ],
			"faces": {
				"down": { "uv": [ 12.75, 0.75, 12, 0 ], "texture": "#gun_attachments_kit", "rotation": 270 },
				"up": { "uv": [ 12.75, 1, 12, 0.25 ], "texture": "#gun_attachments_kit", "rotation": 90 },
				"north": { "uv": [ 12.75, 0, 12, 1 ], "texture": "#gun_attachments_kit", "rotation": 180 },
				"south": { "uv": [ 12, 0, 12.75, 1 ], "texture": "#gun_attachments_kit", "rotation": 180 },
				"west": { "uv": [ 12, 0, 12.75, 1 ], "texture": "#gun_attachments_kit", "rotation": 180 },
				"east": { "uv": [ 12.75, 0, 12, 1 ], "texture": "#gun_attachments_kit", "rotation": 180 }
			}
		},
		{
			"__comment": "gun_attachments_kit5",
			"from": [ 7.0001, 12, 4 ],
			"to": [ 8.500099, 14, 5.5 ],
			"faces": {
				"down": { "uv": [ 16, 0.75, 15.25, 0 ], "texture": "#gun_attachments_kit", "rotation": 270 },
				"up": { "uv": [ 16, 1, 15.25, 0.25 ], "texture": "#gun_attachments_kit", "rotation": 90 },
				"north": { "uv": [ 16, 0, 15.25, 1 ], "texture": "#gun_attachments_kit", "rotation": 180 },
				"south": { "uv": [ 15.25, 0, 16, 1 ], "texture": "#gun_attachments_kit", "rotation": 180 },
				"west": { "uv": [ 15.25, 0, 16, 1 ], "texture": "#gun_attachments_kit", "rotation": 180 },
				"east": { "uv": [ 16, 0, 15.25, 1 ], "texture": "#gun_attachments_kit", "rotation": 180 }
			}
		},
		{
			"__comment": "gun_attachments_kit5",
			"from": [ 7.5003, 11.5, 10.5 ],
			"to": [ 8.000299, 12, 12 ],
			"faces": {
				"down": { "uv": [ 12.75, 0.25, 12, 0 ], "texture": "#gun_attachments_kit", "rotation": 270 },
				"up": { "uv": [ 12.75, 0.25, 12, 0 ], "texture": "#gun_attachments_kit", "rotation": 90 },
				"north": { "uv": [ 12.75, 0, 12.5, 0.25 ], "texture": "#gun_attachments_kit", "rotation": 180 },
				"south": { "uv": [ 12, 0, 12.25, 0.25 ], "texture": "#gun_attachments_kit", "rotation": 180 },
				"west": { "uv": [ 12, 0, 12.75, 0.25 ], "texture": "#gun_attachments_kit", "rotation": 180 },
				"east": { "uv": [ 12.75, 0, 12, 0.25 ], "texture": "#gun_attachments_kit", "rotation": 180 }
			}
		},
		{
			"__comment": "gun_attachments_kit5",
			"from": [ 7.5001, 11.5, 4 ],
			"to": [ 8.000099, 12, 5.5 ],
			"faces": {
				"down": { "uv": [ 12.75, 0.25, 12, 0 ], "texture": "#gun_attachments_kit", "rotation": 270 },
				"up": { "uv": [ 12.75, 0.25, 12, 0 ], "texture": "#gun_attachments_kit", "rotation": 90 },
				"north": { "uv": [ 12.75, 0, 12.5, 0.25 ], "texture": "#gun_attachments_kit", "rotation": 180 },
				"south": { "uv": [ 12, 0, 12.25, 0.25 ], "texture": "#gun_attachments_kit", "rotation": 180 },
				"west": { "uv": [ 12, 0, 12.75, 0.25 ], "texture": "#gun_attachments_kit", "rotation": 180 },
				"east": { "uv": [ 12.75, 0, 12, 0.25 ], "texture": "#gun_attachments_kit", "rotation": 180 }
			}
		}
	],
	"display": {
		"thirdperson_righthand": {
			"rotation":  [ 90, 180, 0 ],
			"translation":  [ 0, -2, -2.125 ],
			"scale":  [ 0.75, 0.75, 0.75 ]
		},
		"thirdperson_lefthand": {
			"rotation":  [ 90, -90, 0 ],
			"translation":  [ -6, -6, 8 ],
			"scale":  [ 0.75, 0.75, 0.75 ]
		},
		"firstperson_lefthand": {
			"scale":  [ 0.0001, 0.0001, 0.0001 ]
		},
		"gui": {
			"rotation":  [ 30, 135, 0 ],
			"scale":  [ 0.625, 0.625, 0.625 ]
		},
		"head": {
			"scale":  [ 0.0001, 0.0001, 0.0001 ]
		},
		"ground": {
			"rotation":  [ 0, 0, -90 ],
			"scale":  [ 0.75, 0.75, 0.75 ]
		},
		"fixed": {
			"rotation":  [ 0, -90, 0 ],
			"scale":  [ 1.5, 1.5, 1.5 ]
		}
	}
}