{
	"__comment": "Designed by I_m_bin2 with Cubik Studio - https://cubik.studio",
	"textures": {
		"2": "just/log_oak",
		"3": "just/log_oak_top",
		"4": "just/planks_oak",
		"5": "colors/gray_darkest",
		"8": "colors/sightgreen",
		"11": "colors/gray_dark",
		"particle": "colors/gray_darker"
	},
	"elements": [ 	 
		{
			"__comment": "Box11",
			"from": [ 1, 0, 1 ],
			"to": [ 2.5, 15, 2.5 ],
			"faces": {
				"down": { "uv": [ 0, 0, 16, 16 ], "texture": "#2" },
				"up": { "uv": [ 0, 0, 2, 2 ], "texture": "#2" },
				"north": { "uv": [ 0, 0, 2, 16 ], "texture": "#2" },
				"south": { "uv": [ 2, 0, 4, 16 ], "texture": "#2" },
				"west": { "uv": [ 4, 0, 6, 16 ], "texture": "#2" },
				"east": { "uv": [ 5, 0, 7, 16 ], "texture": "#2" }
			}
		},
		{
			"__comment": "Box11",
			"from": [ 13.5, 0, 1 ],
			"to": [ 15, 15, 2.5 ],
			"faces": {
				"down": { "uv": [ 0, 0, 16, 16 ], "texture": "#2" },
				"up": { "uv": [ 0, 0, 2, 2 ], "texture": "#2" },
				"north": { "uv": [ 0, 0, 2, 16 ], "texture": "#2" },
				"south": { "uv": [ 2, 0, 4, 16 ], "texture": "#2" },
				"west": { "uv": [ 4, 0, 6, 16 ], "texture": "#2" },
				"east": { "uv": [ 5, 0, 7, 16 ], "texture": "#2" }
			}
		},
		{
			"__comment": "Box11",
			"from": [ 13.5, 0, 13.5 ],
			"to": [ 15, 15, 15 ],
			"faces": {
				"down": { "uv": [ 0, 0, 16, 16 ], "texture": "#2" },
				"up": { "uv": [ 0, 0, 2, 2 ], "texture": "#2" },
				"north": { "uv": [ 0, 0, 2, 16 ], "texture": "#2" },
				"south": { "uv": [ 2, 0, 4, 16 ], "texture": "#2" },
				"west": { "uv": [ 4, 0, 6, 16 ], "texture": "#2" },
				"east": { "uv": [ 5, 0, 7, 16 ], "texture": "#2" }
			}
		},
		{
			"__comment": "Box11",
			"from": [ 1, 0, 13.5 ],
			"to": [ 2.5, 15, 15 ],
			"faces": {
				"down": { "uv": [ 0, 0, 16, 16 ], "texture": "#2" },
				"up": { "uv": [ 0, 0, 2, 2 ], "texture": "#2" },
				"north": { "uv": [ 0, 0, 2, 16 ], "texture": "#2" },
				"south": { "uv": [ 2, 0, 4, 16 ], "texture": "#2" },
				"west": { "uv": [ 4, 0, 6, 16 ], "texture": "#2" },
				"east": { "uv": [ 5, 0, 7, 16 ], "texture": "#2" }
			}
		},
		{
			"__comment": "Box17",
			"from": [ 0, 15, 0 ],
			"to": [ 16, 16, 16 ],
			"faces": {
				"down": { "uv": [ 0, 0, 16, 16 ], "texture": "#3" },
				"up": { "uv": [ 0, 0, 16, 16 ], "texture": "#3" },
				"north": { "uv": [ 0, 0, 16, 1 ], "texture": "#3" },
				"south": { "uv": [ 0, 0, 16, 1 ], "texture": "#3" },
				"west": { "uv": [ 0, 0, 16, 1 ], "texture": "#3" },
				"east": { "uv": [ 0, 0, 16, 1 ], "texture": "#3" }
			}
		}
	],
	"display": {
		"thirdperson_righthand": {
			"rotation":  [ 0, 180, 0 ],
			"translation":  [ 0, -2, -2.25 ],
			"scale":  [ 0.55, 0.55, 0.55 ]
		},
		"thirdperson_lefthand": {
			"rotation":  [ 0, 180, 0 ],
			"translation":  [ 0, -2, -2.25 ],
			"scale":  [ 0.0001, 0.0001, 0.0001 ]
		},
		"firstperson_righthand": {
			"rotation":  [ 0, 180, 0 ],
			"translation":  [ -1, -5.25, -2 ],
			"scale":  [ 0.0001, 0.0001, 0.0001 ]
		},
		"firstperson_lefthand": {
			"rotation":  [ 0, -171, 0 ],
			"translation":  [ -19.43, -4.282, -8.946 ],
			"scale":  [ 1.25, 1.25, 1.2 ]
		},
		"gui": {
			"rotation":  [ 92, -47, 90 ],
			"translation":  [ 1.25, -1.25, 0 ],
			"scale":  [ 0.425, 0.425, 0.425 ]
		},
		"ground": {
			"rotation":  [ 0, 0, 90 ],
			"translation":  [ 0.25, 0, 0 ],
			"scale":  [ 0.15, 0.15, 0.15 ]
		},
		"fixed": {
			"translation":  [ 0, 65, -13.21 ],
			"scale":  [ 2, 2, 2 ]
		}
	}
}