{
	"__comment": "Model generated using MrCrayfish's Model Creator (http://mrcrayfish.com/modelcreator/)",
	"textures": {
		"particle": "blocks/e_particle",
		"texture": "blocks/e_texture",
		"0": "blocks/colours/lightgray",
		"1": "blocks/colours/dullgray",
		"2": "blocks/colours/gray",
		"3": "blocks/colours/dullblack",
		"4": "blocks/colours/red",
		"5": "blocks/colours/darkgray",
		"-1": "items/e_texture"
	},
	"elements": [ 	 
		{
			"__comment": "Box348",
			"from": [ 3, 8.5, 7.5 ],
			"to": [ 8, 9.8, 9 ],
			"faces": {
				"down": { "uv": [ 3, 7, 8, 8.5 ], "texture": "#1" },
				"up": { "uv": [ 3, 7.5, 8, 9 ], "texture": "#1" },
				"north": { "uv": [ 8, 6.2, 13, 7.5 ], "texture": "#1" },
				"south": { "uv": [ 3, 6.2, 8, 7.5 ], "texture": "#1" },
				"west": { "uv": [ 7.5, 6.2, 9, 7.5 ], "texture": "#1" },
				"east": { "uv": [ 7, 6.2, 8.5, 7.5 ], "texture": "#1" }
			}
		},
		{
			"__comment": "Box348",
			"from": [ 3, 8.63, 7.65 ],
			"to": [ 8, 9.93, 8.849998 ],
			"faces": {
				"down": { "uv": [ 3, 7.15, 8, 8.35 ], "texture": "#1" },
				"up": { "uv": [ 3, 7.65, 8, 8.85 ], "texture": "#1" },
				"north": { "uv": [ 8, 6.07, 13, 7.37 ], "texture": "#1" },
				"south": { "uv": [ 3, 6.07, 8, 7.37 ], "texture": "#1" },
				"west": { "uv": [ 7.65, 6.07, 8.85, 7.37 ], "texture": "#1" },
				"east": { "uv": [ 7.15, 6.07, 8.35, 7.37 ], "texture": "#1" }
			}
		},
		{
			"__comment": "Box348",
			"from": [ 3, 9.79, 7.5 ],
			"to": [ 8, 9.99, 7.7 ],
			"rotation": { "origin": [ 3, 9.79, 7.5 ], "axis": "x", "angle": 45 },
			"faces": {
				"down": { "uv": [ 3, 7, 13.5, 8.5 ], "texture": "#1" },
				"up": { "uv": [ 3, 7.5, 13.5, 9 ], "texture": "#1" },
				"north": { "uv": [ 2.5, 3.7, 13, 5 ], "texture": "#1" },
				"south": { "uv": [ 3, 3.7, 13.5, 5 ], "texture": "#1" },
				"west": { "uv": [ 7.5, 3.7, 9, 5 ], "texture": "#1" },
				"east": { "uv": [ 7, 3.7, 8.5, 5 ], "texture": "#1" }
			}
		},
		{
			"__comment": "Box348",
			"from": [ 3, 9.79, 8.719999 ],
			"to": [ 8, 9.99, 8.919999 ],
			"rotation": { "origin": [ 3, 9.79, 8.72 ], "axis": "x", "angle": 45 },
			"faces": {
				"down": { "uv": [ 3, 7, 13.5, 8.5 ], "texture": "#1" },
				"up": { "uv": [ 3, 7.5, 13.5, 9 ], "texture": "#1" },
				"north": { "uv": [ 2.5, 3.7, 13, 5 ], "texture": "#1" },
				"south": { "uv": [ 3, 3.7, 13.5, 5 ], "texture": "#1" },
				"west": { "uv": [ 7.5, 3.7, 9, 5 ], "texture": "#1" },
				"east": { "uv": [ 7, 3.7, 8.5, 5 ], "texture": "#1" }
			}
		},
		{
			"__comment": "Box352",
			"from": [ 11, 8.5, 8.835 ],
			"to": [ 11.2, 9.8, 9.035 ],
			"faces": {
				"down": { "uv": [ 11, 6.965, 11.2, 7.165 ], "texture": "#1" },
				"up": { "uv": [ 11, 8.835, 11.2, 9.035 ], "texture": "#1" },
				"north": { "uv": [ 4.8, 6.2, 5, 7.5 ], "texture": "#1" },
				"south": { "uv": [ 11, 6.2, 11.2, 7.5 ], "texture": "#1" },
				"west": { "uv": [ 8.835, 6.2, 9.035, 7.5 ], "texture": "#1" },
				"east": { "uv": [ 6.965, 6.2, 7.165, 7.5 ], "texture": "#1" }
			}
		},
		{
			"__comment": "Box354",
			"from": [ 12.375, 8.75, 8.125 ],
			"to": [ 13.175, 9.55, 9.125 ],
			"faces": {
				"down": { "uv": [ 12.375, 6.875, 13.175, 7.875 ], "texture": "#3" },
				"up": { "uv": [ 12.375, 8.125, 13.175, 9.125 ], "texture": "#3" },
				"north": { "uv": [ 2.825, 6.45, 3.625, 7.25 ], "texture": "#3" },
				"south": { "uv": [ 12.375, 6.45, 13.175, 7.25 ], "texture": "#3" },
				"west": { "uv": [ 8.125, 6.45, 9.125, 7.25 ], "texture": "#3" },
				"east": { "uv": [ 6.875, 6.45, 7.875, 7.25 ], "texture": "#3" }
			}
		},
		{
			"__comment": "Box354",
			"from": [ 12.75, 9, 8.25 ],
			"to": [ 12.95, 9.8, 9.25 ],
			"rotation": { "origin": [ 12.75, 9, 8.25 ], "axis": "z", "angle": 45 },
			"faces": {
				"down": { "uv": [ 13, 7, 13.5, 8 ], "texture": "#3" },
				"up": { "uv": [ 13, 8, 13.5, 9 ], "texture": "#3" },
				"north": { "uv": [ 2.5, 8, 3, 9 ], "texture": "#3" },
				"south": { "uv": [ 13, 8, 13.5, 9 ], "texture": "#3" },
				"west": { "uv": [ 8, 8, 9, 9 ], "texture": "#3" },
				"east": { "uv": [ 7, 8, 8, 9 ], "texture": "#3" }
			}
		},
		{
			"__comment": "Box352",
			"from": [ 11.375, 8.5, 8.835 ],
			"to": [ 11.575, 9.8, 9.035 ],
			"faces": {
				"down": { "uv": [ 11.375, 6.965, 11.575, 7.165 ], "texture": "#1" },
				"up": { "uv": [ 11.375, 8.835, 11.575, 9.035 ], "texture": "#1" },
				"north": { "uv": [ 4.425, 6.2, 4.625, 7.5 ], "texture": "#1" },
				"south": { "uv": [ 11.375, 6.2, 11.575, 7.5 ], "texture": "#1" },
				"west": { "uv": [ 8.835, 6.2, 9.035, 7.5 ], "texture": "#1" },
				"east": { "uv": [ 6.965, 6.2, 7.165, 7.5 ], "texture": "#1" }
			}
		},
		{
			"__comment": "Box352",
			"from": [ 11.75, 8.5, 8.835 ],
			"to": [ 11.95, 9.8, 9.035 ],
			"faces": {
				"down": { "uv": [ 11.75, 6.965, 11.95, 7.165 ], "texture": "#1" },
				"up": { "uv": [ 11.75, 8.835, 11.95, 9.035 ], "texture": "#1" },
				"north": { "uv": [ 4.05, 6.2, 4.25, 7.5 ], "texture": "#1" },
				"south": { "uv": [ 11.75, 6.2, 11.95, 7.5 ], "texture": "#1" },
				"west": { "uv": [ 8.835, 6.2, 9.035, 7.5 ], "texture": "#1" },
				"east": { "uv": [ 6.965, 6.2, 7.165, 7.5 ], "texture": "#1" }
			}
		},
		{
			"__comment": "Box352",
			"from": [ 12.125, 8.5, 8.835 ],
			"to": [ 12.325, 9.8, 9.035 ],
			"faces": {
				"down": { "uv": [ 12.125, 6.965, 12.325, 7.165 ], "texture": "#1" },
				"up": { "uv": [ 12.125, 8.835, 12.325, 9.035 ], "texture": "#1" },
				"north": { "uv": [ 3.675, 6.2, 3.875, 7.5 ], "texture": "#1" },
				"south": { "uv": [ 12.125, 6.2, 12.325, 7.5 ], "texture": "#1" },
				"west": { "uv": [ 8.835, 6.2, 9.035, 7.5 ], "texture": "#1" },
				"east": { "uv": [ 6.965, 6.2, 7.165, 7.5 ], "texture": "#1" }
			}
		},
		{
			"__comment": "Box352",
			"from": [ 12.5, 8.5, 8.835 ],
			"to": [ 12.7, 9.8, 9.035 ],
			"faces": {
				"down": { "uv": [ 12.5, 6.965, 12.7, 7.165 ], "texture": "#1" },
				"up": { "uv": [ 12.5, 8.835, 12.7, 9.035 ], "texture": "#1" },
				"north": { "uv": [ 3.3, 6.2, 3.5, 7.5 ], "texture": "#1" },
				"south": { "uv": [ 12.5, 6.2, 12.7, 7.5 ], "texture": "#1" },
				"west": { "uv": [ 8.835, 6.2, 9.035, 7.5 ], "texture": "#1" },
				"east": { "uv": [ 6.965, 6.2, 7.165, 7.5 ], "texture": "#1" }
			}
		},
		{
			"__comment": "Box352",
			"from": [ 12.875, 8.5, 8.835 ],
			"to": [ 13.075, 9.8, 9.035 ],
			"faces": {
				"down": { "uv": [ 12.875, 6.965, 13.075, 7.165 ], "texture": "#1" },
				"up": { "uv": [ 12.875, 8.835, 13.075, 9.035 ], "texture": "#1" },
				"north": { "uv": [ 2.925, 6.2, 3.125, 7.5 ], "texture": "#1" },
				"south": { "uv": [ 12.875, 6.2, 13.075, 7.5 ], "texture": "#1" },
				"west": { "uv": [ 8.835, 6.2, 9.035, 7.5 ], "texture": "#1" },
				"east": { "uv": [ 6.965, 6.2, 7.165, 7.5 ], "texture": "#1" }
			}
		},
		{
			"__comment": "Box362",
			"from": [ 13.07, 8.75, 7.75 ],
			"to": [ 13.52, 9.45, 8.75 ],
			"faces": {
				"down": { "uv": [ 13.07, 7.25, 13.52, 8.25 ], "texture": "#2" },
				"up": { "uv": [ 13.07, 7.75, 13.52, 8.75 ], "texture": "#2" },
				"north": { "uv": [ 2.48, 6.55, 2.93, 7.25 ], "texture": "#2" },
				"south": { "uv": [ 13.07, 6.55, 13.52, 7.25 ], "texture": "#2" },
				"west": { "uv": [ 7.75, 6.55, 8.75, 7.25 ], "texture": "#2" },
				"east": { "uv": [ 7.25, 6.55, 8.25, 7.25 ], "texture": "#2" }
			}
		},
		{
			"__comment": "Box362",
			"from": [ 13.32, 9.45, 8.465 ],
			"to": [ 13.52, 9.65, 8.665 ],
			"rotation": { "origin": [ 13.32, 9.45, 8.465 ], "axis": "x", "angle": 45 },
			"faces": {
				"down": { "uv": [ 14.5, 7.5, 15, 8 ], "texture": "#2" },
				"up": { "uv": [ 14.5, 8, 15, 8.5 ], "texture": "#2" },
				"north": { "uv": [ 1, 6, 1.5, 6.5 ], "texture": "#2" },
				"south": { "uv": [ 14.5, 6, 15, 6.5 ], "texture": "#2" },
				"west": { "uv": [ 8, 6, 8.5, 6.5 ], "texture": "#2" },
				"east": { "uv": [ 7.5, 6, 8, 6.5 ], "texture": "#2" }
			}
		},
		{
			"__comment": "Box362",
			"from": [ 13.32, 9.45, 7.75 ],
			"to": [ 13.52, 9.65, 7.95 ],
			"rotation": { "origin": [ 13.32, 9.45, 7.75 ], "axis": "x", "angle": 45 },
			"faces": {
				"down": { "uv": [ 14.5, 7.5, 15, 8 ], "texture": "#2" },
				"up": { "uv": [ 14.5, 8, 15, 8.5 ], "texture": "#2" },
				"north": { "uv": [ 1, 6, 1.5, 6.5 ], "texture": "#2" },
				"south": { "uv": [ 14.5, 6, 15, 6.5 ], "texture": "#2" },
				"west": { "uv": [ 8, 6, 8.5, 6.5 ], "texture": "#2" },
				"east": { "uv": [ 7.5, 6, 8, 6.5 ], "texture": "#2" }
			}
		},
		{
			"__comment": "Box365",
			"from": [ 13.32, 9.389999, 7.895 ],
			"to": [ 13.52, 9.589999, 8.605 ],
			"faces": {
				"down": { "uv": [ 14.5, 1.9, 14.6, 2 ], "texture": "#2" },
				"up": { "uv": [ 14.5, 14, 14.6, 14.1 ], "texture": "#2" },
				"north": { "uv": [ 1.4, 6.65, 1.5, 6.75 ], "texture": "#2" },
				"south": { "uv": [ 14.5, 6.65, 14.6, 6.75 ], "texture": "#2" },
				"west": { "uv": [ 14, 6.65, 14.1, 6.75 ], "texture": "#2" },
				"east": { "uv": [ 1.9, 6.65, 2, 6.75 ], "texture": "#2" }
			}
		},
		{
			"__comment": "Box348",
			"from": [ 13.03, 8.5, 7.6 ],
			"to": [ 13.53, 8.75, 8.9 ],
			"faces": {
				"down": { "uv": [ 13.03, 7.1, 13.53, 8.4 ], "texture": "#2" },
				"up": { "uv": [ 13.03, 7.6, 13.53, 8.9 ], "texture": "#2" },
				"north": { "uv": [ 2.47, 7.25, 2.97, 7.5 ], "texture": "#2" },
				"south": { "uv": [ 13.03, 7.25, 13.53, 7.5 ], "texture": "#2" },
				"west": { "uv": [ 7.6, 7.25, 8.9, 7.5 ], "texture": "#2" },
				"east": { "uv": [ 7.1, 7.25, 8.4, 7.5 ], "texture": "#2" }
			}
		},
		{
			"__comment": "Box362",
			"from": [ 13.125, 8.875, 7.75 ],
			"to": [ 13.575, 8.925, 8.75 ],
			"faces": {
				"down": { "uv": [ 13.125, 7.25, 13.575, 8.25 ], "texture": "#2" },
				"up": { "uv": [ 13.125, 7.75, 13.575, 8.75 ], "texture": "#2" },
				"north": { "uv": [ 2.425, 7.075, 2.875, 7.125 ], "texture": "#2" },
				"south": { "uv": [ 13.125, 7.075, 13.575, 7.125 ], "texture": "#2" },
				"west": { "uv": [ 7.75, 7.075, 8.75, 7.125 ], "texture": "#2" },
				"east": { "uv": [ 7.25, 7.075, 8.25, 7.125 ], "texture": "#2" }
			}
		},
		{
			"__comment": "Box362",
			"from": [ 13.125, 9, 7.75 ],
			"to": [ 13.575, 9.05, 8.75 ],
			"faces": {
				"down": { "uv": [ 13.125, 7.25, 13.575, 8.25 ], "texture": "#2" },
				"up": { "uv": [ 13.125, 7.75, 13.575, 8.75 ], "texture": "#2" },
				"north": { "uv": [ 2.425, 6.95, 2.875, 7 ], "texture": "#2" },
				"south": { "uv": [ 13.125, 6.95, 13.575, 7 ], "texture": "#2" },
				"west": { "uv": [ 7.75, 6.95, 8.75, 7 ], "texture": "#2" },
				"east": { "uv": [ 7.25, 6.95, 8.25, 7 ], "texture": "#2" }
			}
		},
		{
			"__comment": "Box362",
			"from": [ 13.125, 9.125, 7.75 ],
			"to": [ 13.575, 9.175, 8.75 ],
			"faces": {
				"down": { "uv": [ 13.125, 7.25, 13.575, 8.25 ], "texture": "#2" },
				"up": { "uv": [ 13.125, 7.75, 13.575, 8.75 ], "texture": "#2" },
				"north": { "uv": [ 2.425, 6.825, 2.875, 6.875 ], "texture": "#2" },
				"south": { "uv": [ 13.125, 6.825, 13.575, 6.875 ], "texture": "#2" },
				"west": { "uv": [ 7.75, 6.825, 8.75, 6.875 ], "texture": "#2" },
				"east": { "uv": [ 7.25, 6.825, 8.25, 6.875 ], "texture": "#2" }
			}
		},
		{
			"__comment": "Box348",
			"from": [ 9.474999, 9.79, 7.5 ],
			"to": [ 13.475, 9.99, 7.7 ],
			"rotation": { "origin": [ 9.475, 9.79, 7.5 ], "axis": "x", "angle": 45 },
			"faces": {
				"down": { "uv": [ 3, 7, 13.5, 8.5 ], "texture": "#1" },
				"up": { "uv": [ 3, 7.5, 13.5, 9 ], "texture": "#1" },
				"north": { "uv": [ 2.5, 3.7, 13, 5 ], "texture": "#1" },
				"south": { "uv": [ 3, 3.7, 13.5, 5 ], "texture": "#1" },
				"west": { "uv": [ 7.5, 3.7, 9, 5 ], "texture": "#1" },
				"east": { "uv": [ 7, 3.7, 8.5, 5 ], "texture": "#1" }
			}
		},
		{
			"__comment": "Box348",
			"from": [ 9.474999, 9.79, 8.719999 ],
			"to": [ 13.475, 9.99, 8.919999 ],
			"rotation": { "origin": [ 9.475, 9.79, 8.72 ], "axis": "x", "angle": 45 },
			"faces": {
				"down": { "uv": [ 3, 7, 13.5, 8.5 ], "texture": "#1" },
				"up": { "uv": [ 3, 7.5, 13.5, 9 ], "texture": "#1" },
				"north": { "uv": [ 2.5, 3.7, 13, 5 ], "texture": "#1" },
				"south": { "uv": [ 3, 3.7, 13.5, 5 ], "texture": "#1" },
				"west": { "uv": [ 7.5, 3.7, 9, 5 ], "texture": "#1" },
				"east": { "uv": [ 7, 3.7, 8.5, 5 ], "texture": "#1" }
			}
		},
		{
			"__comment": "Box348",
			"from": [ 9.474999, 8.63, 7.65 ],
			"to": [ 13.475, 9.93, 8.849998 ],
			"faces": {
				"down": { "uv": [ 9.475, 7.15, 13.475, 8.35 ], "texture": "#1" },
				"up": { "uv": [ 9.475, 7.65, 13.475, 8.85 ], "texture": "#1" },
				"north": { "uv": [ 2.525, 6.07, 6.525, 7.37 ], "texture": "#1" },
				"south": { "uv": [ 9.475, 6.07, 13.475, 7.37 ], "texture": "#1" },
				"west": { "uv": [ 7.65, 6.07, 8.85, 7.37 ], "texture": "#1" },
				"east": { "uv": [ 7.15, 6.07, 8.35, 7.37 ], "texture": "#1" }
			}
		},
		{
			"__comment": "Box348",
			"from": [ 9.474999, 8.5, 7.5 ],
			"to": [ 13.475, 9.8, 9 ],
			"faces": {
				"down": { "uv": [ 9.475, 7, 13.475, 8.5 ], "texture": "#1" },
				"up": { "uv": [ 9.475, 7.5, 13.475, 9 ], "texture": "#1" },
				"north": { "uv": [ 2.525, 6.2, 6.525, 7.5 ], "texture": "#1" },
				"south": { "uv": [ 9.475, 6.2, 13.475, 7.5 ], "texture": "#1" },
				"west": { "uv": [ 7.5, 6.2, 9, 7.5 ], "texture": "#1" },
				"east": { "uv": [ 7, 6.2, 8.5, 7.5 ], "texture": "#1" }
			}
		},
		{
			"__comment": "Box348",
			"from": [ 5.875, 8.5, 7.545 ],
			"to": [ 10.875, 9.8, 8.844999 ],
			"faces": {
				"down": { "uv": [ 5.875, 7.155001, 10.875, 8.455 ], "texture": "#2" },
				"up": { "uv": [ 5.875, 7.545, 10.875, 8.845 ], "texture": "#2" },
				"north": { "uv": [ 5.125, 6.2, 10.125, 7.5 ], "texture": "#2" },
				"south": { "uv": [ 5.875, 6.2, 10.875, 7.5 ], "texture": "#2" },
				"west": { "uv": [ 7.545, 6.2, 8.845, 7.5 ], "texture": "#2" },
				"east": { "uv": [ 7.155, 6.2, 8.455, 7.5 ], "texture": "#2" }
			}
		},
		{
			"__comment": "Box348",
			"from": [ 5.625, 8.5, 7.5 ],
			"to": [ 10.625, 9, 9 ],
			"faces": {
				"down": { "uv": [ 5.625, 7, 10.625, 8.5 ], "texture": "#1" },
				"up": { "uv": [ 5.625, 7.5, 10.625, 9 ], "texture": "#1" },
				"north": { "uv": [ 5.375, 7, 10.375, 7.5 ], "texture": "#1" },
				"south": { "uv": [ 5.625, 7, 10.625, 7.5 ], "texture": "#1" },
				"west": { "uv": [ 7.5, 7, 9, 7.5 ], "texture": "#1" },
				"east": { "uv": [ 7, 7, 8.5, 7.5 ], "texture": "#1" }
			}
		},
		{
			"__comment": "Box348",
			"from": [ 5, 9.79, 8.719999 ],
			"to": [ 10, 9.99, 8.919999 ],
			"rotation": { "origin": [ 5, 9.79, 8.72 ], "axis": "x", "angle": 45 },
			"faces": {
				"down": { "uv": [ 3, 7, 13.5, 8.5 ], "texture": "#1" },
				"up": { "uv": [ 3, 7.5, 13.5, 9 ], "texture": "#1" },
				"north": { "uv": [ 2.5, 3.7, 13, 5 ], "texture": "#1" },
				"south": { "uv": [ 3, 3.7, 13.5, 5 ], "texture": "#1" },
				"west": { "uv": [ 7.5, 3.7, 9, 5 ], "texture": "#1" },
				"east": { "uv": [ 7, 3.7, 8.5, 5 ], "texture": "#1" }
			}
		},
		{
			"__comment": "Box348",
			"from": [ 4.75, 8.63, 8.65 ],
			"to": [ 9.75, 9.93, 8.849999 ],
			"faces": {
				"down": { "uv": [ 4.75, 7.150002, 9.75, 7.35 ], "texture": "#1" },
				"up": { "uv": [ 4.75, 8.65, 9.75, 8.849999 ], "texture": "#1" },
				"north": { "uv": [ 6.25, 6.07, 11.25, 7.37 ], "texture": "#1" },
				"south": { "uv": [ 4.75, 6.07, 9.75, 7.37 ], "texture": "#1" },
				"west": { "uv": [ 8.65, 6.07, 8.849999, 7.37 ], "texture": "#1" },
				"east": { "uv": [ 7.150001, 6.07, 7.35, 7.37 ], "texture": "#1" }
			}
		},
		{
			"__comment": "Box30",
			"from": [ 6, 7.5, 7.5 ],
			"to": [ 12.5, 8.5, 9 ],
			"faces": {
				"down": { "uv": [ 6, 7, 12.5, 8.5 ], "texture": "#5" },
				"up": { "uv": [ 6, 7.5, 12.5, 9 ], "texture": "#5" },
				"north": { "uv": [ 3.5, 7.5, 10, 8.5 ], "texture": "#5" },
				"south": { "uv": [ 6, 7.5, 12.5, 8.5 ], "texture": "#5" },
				"west": { "uv": [ 7.5, 7.5, 9, 8.5 ], "texture": "#5" },
				"east": { "uv": [ 7, 7.5, 8.5, 8.5 ], "texture": "#5" }
			}
		},
		{
			"__comment": "Box31",
			"from": [ 12.25, 3.375, 7.5 ],
			"to": [ 14.05, 7.875, 9 ],
			"rotation": { "origin": [ 12.25, 3.375, 7.5 ], "axis": "z", "angle": 22.5 },
			"faces": {
				"down": { "uv": [ 8, 1, 9.5, 2 ], "texture": "#5" },
				"up": { "uv": [ 8, 14, 9.5, 15 ], "texture": "#5" },
				"north": { "uv": [ 6.5, 11, 8, 15.5 ], "texture": "#5" },
				"south": { "uv": [ 8, 11, 9.5, 15.5 ], "texture": "#5" },
				"west": { "uv": [ 14, 11, 15, 15.5 ], "texture": "#5" },
				"east": { "uv": [ 1, 11, 2, 15.5 ], "texture": "#5" }
			}
		},
		{
			"__comment": "Box32",
			"from": [ 12.25, 8, 7.5 ],
			"to": [ 13.25, 9, 9 ],
			"rotation": { "origin": [ 13.25, 8, 7.5 ], "axis": "z", "angle": 22.5 },
			"faces": {
				"down": { "uv": [ 15, 12.5, 14, 11.5 ], "texture": "#5", "rotation": 90 },
				"up": { "uv": [ 1, 11.5, 2, 12.5 ], "texture": "#5", "rotation": 270 },
				"north": { "uv": [ 8, 11.5, 9, 12.5 ], "texture": "#5", "rotation": 90 },
				"south": { "uv": [ 7, 11.5, 8, 12.5 ], "texture": "#5", "rotation": 270 },
				"west": { "uv": [ 7, 14, 8, 15 ], "texture": "#5", "rotation": 270 },
				"east": { "uv": [ 8, 2, 7, 1 ], "texture": "#5", "rotation": 90 }
			}
		},
		{
			"__comment": "Box32",
			"from": [ 12.95, 8.695, 7.5 ],
			"to": [ 13.25, 9.695, 9 ],
			"rotation": { "origin": [ 13.95, 8.695, 7.5 ], "axis": "z", "angle": 45 },
			"faces": {
				"down": { "uv": [ 15, 12.5, 14, 11.5 ], "texture": "#5", "rotation": 90 },
				"up": { "uv": [ 1, 11.5, 2, 12.5 ], "texture": "#5", "rotation": 270 },
				"north": { "uv": [ 8, 11.5, 9, 12.5 ], "texture": "#5", "rotation": 90 },
				"south": { "uv": [ 7, 11.5, 8, 12.5 ], "texture": "#5", "rotation": 270 },
				"west": { "uv": [ 7, 14, 8, 15 ], "texture": "#5", "rotation": 270 },
				"east": { "uv": [ 8, 2, 7, 1 ], "texture": "#5", "rotation": 90 }
			}
		},
		{
			"__comment": "Box32",
			"from": [ 11.625, 7.375, 7.5 ],
			"to": [ 12.625, 8.375, 9 ],
			"rotation": { "origin": [ 11.625, 7.375, 7.5 ], "axis": "z", "angle": -22.5 },
			"faces": {
				"down": { "uv": [ 8, 2, 7, 1 ], "texture": "#5", "rotation": 180 },
				"up": { "uv": [ 8, 15, 7, 14 ], "texture": "#5", "rotation": 180 },
				"north": { "uv": [ 8, 11.5, 9, 12.5 ], "texture": "#5" },
				"south": { "uv": [ 7, 11.5, 8, 12.5 ], "texture": "#5" },
				"west": { "uv": [ 15, 12.5, 14, 11.5 ], "texture": "#5", "rotation": 180 },
				"east": { "uv": [ 2, 12.5, 1, 11.5 ], "texture": "#5", "rotation": 180 }
			}
		},
		{
			"__comment": "Box32",
			"from": [ 11.75, 8, 7.5 ],
			"to": [ 12.75, 9, 9 ],
			"rotation": { "origin": [ 11.75, 8, 7.5 ], "axis": "z", "angle": -45 },
			"faces": {
				"down": { "uv": [ 8, 2, 7, 1 ], "texture": "#5", "rotation": 180 },
				"up": { "uv": [ 8, 15, 7, 14 ], "texture": "#5", "rotation": 180 },
				"north": { "uv": [ 8, 11.5, 9, 12.5 ], "texture": "#5" },
				"south": { "uv": [ 7, 11.5, 8, 12.5 ], "texture": "#5" },
				"west": { "uv": [ 15, 12.5, 14, 11.5 ], "texture": "#5", "rotation": 180 },
				"east": { "uv": [ 2, 12.5, 1, 11.5 ], "texture": "#5", "rotation": 180 }
			}
		},
		{
			"__comment": "Box32",
			"from": [ 12, 6.5, 7.5 ],
			"to": [ 13, 7.5, 9 ],
			"rotation": { "origin": [ 13, 6.5, 7.5 ], "axis": "z", "angle": 22.5 },
			"faces": {
				"down": { "uv": [ 15, 12.5, 14, 11.5 ], "texture": "#5", "rotation": 90 },
				"up": { "uv": [ 1, 11.5, 2, 12.5 ], "texture": "#5", "rotation": 270 },
				"north": { "uv": [ 8, 11.5, 9, 12.5 ], "texture": "#5", "rotation": 90 },
				"south": { "uv": [ 7, 11.5, 8, 12.5 ], "texture": "#5", "rotation": 270 },
				"west": { "uv": [ 7, 14, 8, 15 ], "texture": "#5", "rotation": 270 },
				"east": { "uv": [ 8, 2, 7, 1 ], "texture": "#5", "rotation": 90 }
			}
		},
		{
			"__comment": "Box32",
			"from": [ 12.5, 8.2, 7.5 ],
			"to": [ 13.5, 8.5, 9 ],
			"faces": {
				"down": { "uv": [ 8, 2, 7, 1 ], "texture": "#5", "rotation": 180 },
				"up": { "uv": [ 8, 15, 7, 14 ], "texture": "#5", "rotation": 180 },
				"north": { "uv": [ 8, 11.5, 9, 12.5 ], "texture": "#5" },
				"south": { "uv": [ 7, 11.5, 8, 12.5 ], "texture": "#5" },
				"west": { "uv": [ 15, 12.5, 14, 11.5 ], "texture": "#5", "rotation": 180 },
				"east": { "uv": [ 2, 12.5, 1, 11.5 ], "texture": "#5", "rotation": 180 }
			}
		},
		{
			"__comment": "Box32",
			"from": [ 12.875, 4.625, 7.5 ],
			"to": [ 13.875, 5.625, 9 ],
			"rotation": { "origin": [ 12.875, 4.625, 7.5 ], "axis": "z", "angle": 45 },
			"faces": {
				"down": { "uv": [ 8, 2, 7, 1 ], "texture": "#5", "rotation": 180 },
				"up": { "uv": [ 8, 15, 7, 14 ], "texture": "#5", "rotation": 180 },
				"north": { "uv": [ 8, 11.5, 9, 12.5 ], "texture": "#5" },
				"south": { "uv": [ 7, 11.5, 8, 12.5 ], "texture": "#5" },
				"west": { "uv": [ 15, 12.5, 14, 11.5 ], "texture": "#5", "rotation": 180 },
				"east": { "uv": [ 2, 12.5, 1, 11.5 ], "texture": "#5", "rotation": 180 }
			}
		},
		{
			"__comment": "Box32",
			"from": [ 13, 4.125, 7.5 ],
			"to": [ 14, 5.025, 9 ],
			"rotation": { "origin": [ 13, 4.125, 7.5 ], "axis": "z", "angle": 22.5 },
			"faces": {
				"down": { "uv": [ 8, 2, 7, 1 ], "texture": "#5", "rotation": 180 },
				"up": { "uv": [ 8, 15, 7, 14 ], "texture": "#5", "rotation": 180 },
				"north": { "uv": [ 8, 11.5, 9, 12.5 ], "texture": "#5" },
				"south": { "uv": [ 7, 11.5, 8, 12.5 ], "texture": "#5" },
				"west": { "uv": [ 15, 12.5, 14, 11.5 ], "texture": "#5", "rotation": 180 },
				"east": { "uv": [ 2, 12.5, 1, 11.5 ], "texture": "#5", "rotation": 180 }
			}
		},
		{
			"__comment": "Box32",
			"from": [ 12.5, 5.25, 7.5 ],
			"to": [ 13.5, 6.65, 9 ],
			"rotation": { "origin": [ 13.5, 5.25, 7.5 ], "axis": "z", "angle": 22.5 },
			"faces": {
				"down": { "uv": [ 15, 12.5, 14, 11.5 ], "texture": "#5", "rotation": 90 },
				"up": { "uv": [ 1, 11.5, 2, 12.5 ], "texture": "#5", "rotation": 270 },
				"north": { "uv": [ 8, 11.5, 9, 12.5 ], "texture": "#5", "rotation": 90 },
				"south": { "uv": [ 7, 11.5, 8, 12.5 ], "texture": "#5", "rotation": 270 },
				"west": { "uv": [ 7, 14, 8, 15 ], "texture": "#5", "rotation": 270 },
				"east": { "uv": [ 8, 2, 7, 1 ], "texture": "#5", "rotation": 90 }
			}
		},
		{
			"__comment": "Box41",
			"from": [ 12, 3.375, 7.5 ],
			"to": [ 13.8, 4.375, 9 ],
			"faces": {
				"down": { "uv": [ 12, 7, 13.8, 8.5 ], "texture": "#5" },
				"up": { "uv": [ 12, 7.5, 13.8, 9 ], "texture": "#5" },
				"north": { "uv": [ 2.2, 11.625, 4, 12.625 ], "texture": "#5" },
				"south": { "uv": [ 12, 11.625, 13.8, 12.625 ], "texture": "#5" },
				"west": { "uv": [ 7.5, 11.625, 9, 12.625 ], "texture": "#5" },
				"east": { "uv": [ 7, 11.625, 8.5, 12.625 ], "texture": "#5" }
			}
		},
		{
			"__comment": "Box41",
			"from": [ 13.5, 3.75, 7.5 ],
			"to": [ 14, 4.25, 9 ],
			"rotation": { "origin": [ 13.5, 3.75, 7.5 ], "axis": "z", "angle": -45 },
			"faces": {
				"down": { "uv": [ 14, 1, 14.5, 2 ], "texture": "#5" },
				"up": { "uv": [ 14, 14, 14.5, 15 ], "texture": "#5" },
				"north": { "uv": [ 1.5, 12.5, 2, 13 ], "texture": "#5" },
				"south": { "uv": [ 14, 12.5, 14.5, 13 ], "texture": "#5" },
				"west": { "uv": [ 14, 12.5, 15, 13 ], "texture": "#5" },
				"east": { "uv": [ 1, 12.5, 2, 13 ], "texture": "#5" }
			}
		},
		{
			"__comment": "Box32",
			"from": [ 13.3, 3.375, 7.5 ],
			"to": [ 14.3, 4.275, 9 ],
			"rotation": { "origin": [ 13.3, 3.375, 7.5 ], "axis": "z", "angle": 22.5 },
			"faces": {
				"down": { "uv": [ 8, 2, 7, 1 ], "texture": "#5", "rotation": 180 },
				"up": { "uv": [ 8, 15, 7, 14 ], "texture": "#5", "rotation": 180 },
				"north": { "uv": [ 8, 11.5, 9, 12.5 ], "texture": "#5" },
				"south": { "uv": [ 7, 11.5, 8, 12.5 ], "texture": "#5" },
				"west": { "uv": [ 15, 12.5, 14, 11.5 ], "texture": "#5", "rotation": 180 },
				"east": { "uv": [ 2, 12.5, 1, 11.5 ], "texture": "#5", "rotation": 180 }
			}
		},
		{
			"__comment": "Box44",
			"from": [ 8.25, 6.375, 8.125 ],
			"to": [ 8.55, 7.375, 8.425 ],
			"faces": {
				"down": { "uv": [ 8.25, 7.575, 8.55, 7.875 ], "texture": "#5" },
				"up": { "uv": [ 8.25, 8.125, 8.55, 8.425 ], "texture": "#5" },
				"north": { "uv": [ 7.45, 8.625, 7.75, 9.625 ], "texture": "#5" },
				"south": { "uv": [ 8.25, 8.625, 8.55, 9.625 ], "texture": "#5" },
				"west": { "uv": [ 8.125, 8.625, 8.425, 9.625 ], "texture": "#5" },
				"east": { "uv": [ 7.575, 8.625, 7.875, 9.625 ], "texture": "#5" }
			}
		},
		{
			"__comment": "Box30",
			"from": [ 10.125, 7.5, 7.5 ],
			"to": [ 11.625, 8.5, 9 ],
			"rotation": { "origin": [ 10.125, 7.5, 7.5 ], "axis": "z", "angle": -45 },
			"faces": {
				"down": { "uv": [ 5, 7, 6.5, 8.5 ], "texture": "#5" },
				"up": { "uv": [ 5, 7.5, 6.5, 9 ], "texture": "#5" },
				"north": { "uv": [ 9.5, 10, 11, 11 ], "texture": "#5" },
				"south": { "uv": [ 5, 10, 6.5, 11 ], "texture": "#5" },
				"west": { "uv": [ 7.5, 10, 9, 11 ], "texture": "#5" },
				"east": { "uv": [ 7, 10, 8.5, 11 ], "texture": "#5" }
			}
		},
		{
			"__comment": "Box30",
			"from": [ 9.5, 7.625, 7.5 ],
			"to": [ 11, 8.625, 9 ],
			"rotation": { "origin": [ 9.5, 7.625, 7.5 ], "axis": "z", "angle": -22.5 },
			"faces": {
				"down": { "uv": [ 5, 7, 6.5, 8.5 ], "texture": "#5" },
				"up": { "uv": [ 5, 7.5, 6.5, 9 ], "texture": "#5" },
				"north": { "uv": [ 9.5, 10, 11, 11 ], "texture": "#5" },
				"south": { "uv": [ 5, 10, 6.5, 11 ], "texture": "#5" },
				"west": { "uv": [ 7.5, 10, 9, 11 ], "texture": "#5" },
				"east": { "uv": [ 7, 10, 8.5, 11 ], "texture": "#5" }
			}
		},
		{
			"__comment": "Box44",
			"from": [ 8.25, 7.25, 8.125 ],
			"to": [ 8.55, 8.25, 8.425 ],
			"rotation": { "origin": [ 8.25, 7.25, 8.125 ], "axis": "z", "angle": -22.5 },
			"faces": {
				"down": { "uv": [ 8, 1, 8.3, 2 ], "texture": "#5" },
				"up": { "uv": [ 8, 14, 8.3, 15 ], "texture": "#5" },
				"north": { "uv": [ 7.7, 9.5, 8, 10.5 ], "texture": "#5" },
				"south": { "uv": [ 8, 9.5, 8.3, 10.5 ], "texture": "#5" },
				"west": { "uv": [ 14, 9.5, 15, 10.5 ], "texture": "#5" },
				"east": { "uv": [ 1, 9.5, 2, 10.5 ], "texture": "#5" }
			}
		},
		{
			"__comment": "Box44",
			"from": [ 8.375, 7.5, 8.125 ],
			"to": [ 8.675, 7.9, 8.425 ],
			"rotation": { "origin": [ 8.375, 7.5, 8.125 ], "axis": "z", "angle": -45 },
			"faces": {
				"down": { "uv": [ 8, 1, 8.3, 2 ], "texture": "#5" },
				"up": { "uv": [ 8, 14, 8.3, 15 ], "texture": "#5" },
				"north": { "uv": [ 7.7, 9.5, 8, 10.5 ], "texture": "#5" },
				"south": { "uv": [ 8, 9.5, 8.3, 10.5 ], "texture": "#5" },
				"west": { "uv": [ 14, 9.5, 15, 10.5 ], "texture": "#5" },
				"east": { "uv": [ 1, 9.5, 2, 10.5 ], "texture": "#5" }
			}
		},
		{
			"__comment": "Box44",
			"from": [ 8.474999, 7.5, 8.125 ],
			"to": [ 8.874999, 7.8, 8.425 ],
			"rotation": { "origin": [ 8.875, 7.5, 8.125 ], "axis": "z", "angle": 22.5 },
			"faces": {
				"down": { "uv": [ 15, 10.5, 14, 9.5 ], "texture": "#5", "rotation": 90 },
				"up": { "uv": [ 1, 9.5, 2, 10.5 ], "texture": "#5", "rotation": 270 },
				"north": { "uv": [ 7.7, 9.5, 8, 10.5 ], "texture": "#5", "rotation": 90 },
				"south": { "uv": [ 8, 9.5, 8.3, 10.5 ], "texture": "#5", "rotation": 270 },
				"west": { "uv": [ 8, 14, 8.3, 15 ], "texture": "#5", "rotation": 270 },
				"east": { "uv": [ 8.3, 2, 8, 1 ], "texture": "#5", "rotation": 90 }
			}
		},
		{
			"__comment": "Box44",
			"from": [ 8, 7.5, 8.125 ],
			"to": [ 8.3, 7.9, 8.425 ],
			"rotation": { "origin": [ 8, 7.5, 8.125 ], "axis": "z", "angle": -45 },
			"faces": {
				"down": { "uv": [ 8, 1, 8.3, 2 ], "texture": "#5" },
				"up": { "uv": [ 8, 14, 8.3, 15 ], "texture": "#5" },
				"north": { "uv": [ 7.7, 9.5, 8, 10.5 ], "texture": "#5" },
				"south": { "uv": [ 8, 9.5, 8.3, 10.5 ], "texture": "#5" },
				"west": { "uv": [ 14, 9.5, 15, 10.5 ], "texture": "#5" },
				"east": { "uv": [ 1, 9.5, 2, 10.5 ], "texture": "#5" }
			}
		},
		{
			"__comment": "Box44",
			"from": [ 8.224999, 7.25, 8.125 ],
			"to": [ 8.424999, 7.55, 8.425 ],
			"rotation": { "origin": [ 8.625, 7.25, 8.125 ], "axis": "z", "angle": 22.5 },
			"faces": {
				"down": { "uv": [ 15, 10.5, 14, 9.5 ], "texture": "#5", "rotation": 90 },
				"up": { "uv": [ 1, 9.5, 2, 10.5 ], "texture": "#5", "rotation": 270 },
				"north": { "uv": [ 7.7, 9.5, 8, 10.5 ], "texture": "#5", "rotation": 90 },
				"south": { "uv": [ 8, 9.5, 8.3, 10.5 ], "texture": "#5", "rotation": 270 },
				"west": { "uv": [ 8, 14, 8.3, 15 ], "texture": "#5", "rotation": 270 },
				"east": { "uv": [ 8.3, 2, 8, 1 ], "texture": "#5", "rotation": 90 }
			}
		},
		{
			"__comment": "Box44",
			"from": [ 8.375, 6.125, 8.125 ],
			"to": [ 10.375, 6.425, 8.425 ],
			"faces": {
				"down": { "uv": [ 8.375, 7.575, 10.375, 7.875 ], "texture": "#5" },
				"up": { "uv": [ 8.375, 8.125, 10.375, 8.425 ], "texture": "#5" },
				"north": { "uv": [ 5.625, 9.575, 7.625, 9.875 ], "texture": "#5" },
				"south": { "uv": [ 8.375, 9.575, 10.375, 9.875 ], "texture": "#5" },
				"west": { "uv": [ 8.125, 9.575, 8.425, 9.875 ], "texture": "#5" },
				"east": { "uv": [ 7.575, 9.575, 7.875, 9.875 ], "texture": "#5" }
			}
		},
		{
			"__comment": "Box44",
			"from": [ 8.25, 6.375, 8.125 ],
			"to": [ 8.55, 6.775, 8.425 ],
			"rotation": { "origin": [ 8.25, 6.375, 8.125 ], "axis": "z", "angle": -45 },
			"faces": {
				"down": { "uv": [ 8, 1, 8.3, 2 ], "texture": "#5" },
				"up": { "uv": [ 8, 14, 8.3, 15 ], "texture": "#5" },
				"north": { "uv": [ 7.7, 9.5, 8, 10.5 ], "texture": "#5" },
				"south": { "uv": [ 8, 9.5, 8.3, 10.5 ], "texture": "#5" },
				"west": { "uv": [ 14, 9.5, 15, 10.5 ], "texture": "#5" },
				"east": { "uv": [ 1, 9.5, 2, 10.5 ], "texture": "#5" }
			}
		},
		{
			"__comment": "Box44",
			"from": [ 8.5, 6.25, 8.125 ],
			"to": [ 8.8, 6.55, 8.425 ],
			"rotation": { "origin": [ 8.5, 6.25, 8.125 ], "axis": "z", "angle": -22.5 },
			"faces": {
				"down": { "uv": [ 8, 1, 8.3, 2 ], "texture": "#5" },
				"up": { "uv": [ 8, 14, 8.3, 15 ], "texture": "#5" },
				"north": { "uv": [ 7.7, 9.5, 8, 10.5 ], "texture": "#5" },
				"south": { "uv": [ 8, 9.5, 8.3, 10.5 ], "texture": "#5" },
				"west": { "uv": [ 14, 9.5, 15, 10.5 ], "texture": "#5" },
				"east": { "uv": [ 1, 9.5, 2, 10.5 ], "texture": "#5" }
			}
		},
		{
			"__comment": "Box44",
			"from": [ 8.349999, 6.5, 8.125 ],
			"to": [ 8.65, 6.8, 8.425 ],
			"rotation": { "origin": [ 8.75, 6.5, 8.125 ], "axis": "z", "angle": 22.5 },
			"faces": {
				"down": { "uv": [ 15, 10.5, 14, 9.5 ], "texture": "#5", "rotation": 90 },
				"up": { "uv": [ 1, 9.5, 2, 10.5 ], "texture": "#5", "rotation": 270 },
				"north": { "uv": [ 7.7, 9.5, 8, 10.5 ], "texture": "#5", "rotation": 90 },
				"south": { "uv": [ 8, 9.5, 8.3, 10.5 ], "texture": "#5", "rotation": 270 },
				"west": { "uv": [ 8, 14, 8.3, 15 ], "texture": "#5", "rotation": 270 },
				"east": { "uv": [ 8.3, 2, 8, 1 ], "texture": "#5", "rotation": 90 }
			}
		},
		{
			"__comment": "Box44",
			"from": [ 7.975, 6, 8.125 ],
			"to": [ 8.175, 6.3, 8.425 ],
			"rotation": { "origin": [ 8.375, 6, 8.125 ], "axis": "z", "angle": -45 },
			"faces": {
				"down": { "uv": [ 15, 10.5, 14, 9.5 ], "texture": "#5", "rotation": 90 },
				"up": { "uv": [ 1, 9.5, 2, 10.5 ], "texture": "#5", "rotation": 270 },
				"north": { "uv": [ 7.7, 9.5, 8, 10.5 ], "texture": "#5", "rotation": 90 },
				"south": { "uv": [ 8, 9.5, 8.3, 10.5 ], "texture": "#5", "rotation": 270 },
				"west": { "uv": [ 8, 14, 8.3, 15 ], "texture": "#5", "rotation": 270 },
				"east": { "uv": [ 8.3, 2, 8, 1 ], "texture": "#5", "rotation": 90 }
			}
		},
		{
			"__comment": "Box44",
			"from": [ 8.105, 6.125, 8.125 ],
			"to": [ 10.105, 6.325, 8.425 ],
			"faces": {
				"down": { "uv": [ 8.105, 7.575, 10.105, 7.875 ], "texture": "#5" },
				"up": { "uv": [ 8.105, 8.125, 10.105, 8.425 ], "texture": "#5" },
				"north": { "uv": [ 5.895, 9.675, 7.895, 9.875 ], "texture": "#5" },
				"south": { "uv": [ 8.105, 9.675, 10.105, 9.875 ], "texture": "#5" },
				"west": { "uv": [ 8.125, 9.675, 8.425, 9.875 ], "texture": "#5" },
				"east": { "uv": [ 7.575, 9.675, 7.875, 9.875 ], "texture": "#5" }
			}
		},
		{
			"__comment": "Box44",
			"from": [ 10.375, 6.625, 8.125 ],
			"to": [ 10.675, 6.925, 8.425 ],
			"rotation": { "origin": [ 10.375, 6.625, 8.125 ], "axis": "z", "angle": -22.5 },
			"faces": {
				"down": { "uv": [ 8, 1, 8.3, 2 ], "texture": "#5" },
				"up": { "uv": [ 8, 14, 8.3, 15 ], "texture": "#5" },
				"north": { "uv": [ 7.7, 9.5, 8, 10.5 ], "texture": "#5" },
				"south": { "uv": [ 8, 9.5, 8.3, 10.5 ], "texture": "#5" },
				"west": { "uv": [ 14, 9.5, 15, 10.5 ], "texture": "#5" },
				"east": { "uv": [ 1, 9.5, 2, 10.5 ], "texture": "#5" }
			}
		},
		{
			"__comment": "Box44",
			"from": [ 10.075, 6.25, 8.125 ],
			"to": [ 10.375, 6.55, 8.425 ],
			"rotation": { "origin": [ 10.375, 6.25, 8.125 ], "axis": "z", "angle": 22.5 },
			"faces": {
				"down": { "uv": [ 15, 10.5, 14, 9.5 ], "texture": "#5", "rotation": 90 },
				"up": { "uv": [ 1, 9.5, 2, 10.5 ], "texture": "#5", "rotation": 270 },
				"north": { "uv": [ 7.7, 9.5, 8, 10.5 ], "texture": "#5", "rotation": 90 },
				"south": { "uv": [ 8, 9.5, 8.3, 10.5 ], "texture": "#5", "rotation": 270 },
				"west": { "uv": [ 8, 14, 8.3, 15 ], "texture": "#5", "rotation": 270 },
				"east": { "uv": [ 8.3, 2, 8, 1 ], "texture": "#5", "rotation": 90 }
			}
		},
		{
			"__comment": "Box44",
			"from": [ 10.325, 6.5, 8.125 ],
			"to": [ 10.625, 6.8, 8.425 ],
			"rotation": { "origin": [ 10.625, 6.5, 8.125 ], "axis": "z", "angle": 45 },
			"faces": {
				"down": { "uv": [ 15, 10.5, 14, 9.5 ], "texture": "#5", "rotation": 90 },
				"up": { "uv": [ 1, 9.5, 2, 10.5 ], "texture": "#5", "rotation": 270 },
				"north": { "uv": [ 7.7, 9.5, 8, 10.5 ], "texture": "#5", "rotation": 90 },
				"south": { "uv": [ 8, 9.5, 8.3, 10.5 ], "texture": "#5", "rotation": 270 },
				"west": { "uv": [ 8, 14, 8.3, 15 ], "texture": "#5", "rotation": 270 },
				"east": { "uv": [ 8.3, 2, 8, 1 ], "texture": "#5", "rotation": 90 }
			}
		},
		{
			"__comment": "Box44",
			"from": [ 10.5, 6.625, 8.125 ],
			"to": [ 10.8, 6.925, 8.425 ],
			"rotation": { "origin": [ 10.5, 6.625, 8.125 ], "axis": "z", "angle": -22.5 },
			"faces": {
				"down": { "uv": [ 8.3, 2, 8, 1 ], "texture": "#5", "rotation": 180 },
				"up": { "uv": [ 8.3, 15, 8, 14 ], "texture": "#5", "rotation": 180 },
				"north": { "uv": [ 7.7, 9.5, 8, 10.5 ], "texture": "#5" },
				"south": { "uv": [ 8, 9.5, 8.3, 10.5 ], "texture": "#5" },
				"west": { "uv": [ 15, 10.5, 14, 9.5 ], "texture": "#5", "rotation": 180 },
				"east": { "uv": [ 2, 10.5, 1, 9.5 ], "texture": "#5", "rotation": 180 }
			}
		},
		{
			"__comment": "Box44",
			"from": [ 10.5, 6.75, 8.125 ],
			"to": [ 10.8, 7.75, 8.425 ],
			"faces": {
				"down": { "uv": [ 10.5, 7.575, 10.8, 7.875 ], "texture": "#5" },
				"up": { "uv": [ 10.5, 8.125, 10.8, 8.425 ], "texture": "#5" },
				"north": { "uv": [ 5.2, 8.25, 5.5, 9.25 ], "texture": "#5" },
				"south": { "uv": [ 10.5, 8.25, 10.8, 9.25 ], "texture": "#5" },
				"west": { "uv": [ 8.125, 8.25, 8.425, 9.25 ], "texture": "#5" },
				"east": { "uv": [ 7.575, 8.25, 7.875, 9.25 ], "texture": "#5" }
			}
		},
		{
			"__comment": "Box44",
			"from": [ 10.95, 6.5, 8.125 ],
			"to": [ 11.25, 6.8, 8.425 ],
			"rotation": { "origin": [ 11.25, 6.5, 8.125 ], "axis": "z", "angle": 45 },
			"faces": {
				"down": { "uv": [ 15, 10.5, 14, 9.5 ], "texture": "#5", "rotation": 90 },
				"up": { "uv": [ 1, 9.5, 2, 10.5 ], "texture": "#5", "rotation": 270 },
				"north": { "uv": [ 7.7, 9.5, 8, 10.5 ], "texture": "#5", "rotation": 90 },
				"south": { "uv": [ 8, 9.5, 8.3, 10.5 ], "texture": "#5", "rotation": 270 },
				"west": { "uv": [ 8, 14, 8.3, 15 ], "texture": "#5", "rotation": 270 },
				"east": { "uv": [ 8.3, 2, 8, 1 ], "texture": "#5", "rotation": 90 }
			}
		},
		{
			"__comment": "Box44",
			"from": [ 10.75, 6.5, 8.125 ],
			"to": [ 11.05, 6.8, 8.425 ],
			"rotation": { "origin": [ 10.75, 6.5, 8.125 ], "axis": "z", "angle": -22.5 },
			"faces": {
				"down": { "uv": [ 8.3, 2, 8, 1 ], "texture": "#5", "rotation": 180 },
				"up": { "uv": [ 8.3, 15, 8, 14 ], "texture": "#5", "rotation": 180 },
				"north": { "uv": [ 7.7, 9.5, 8, 10.5 ], "texture": "#5" },
				"south": { "uv": [ 8, 9.5, 8.3, 10.5 ], "texture": "#5" },
				"west": { "uv": [ 15, 10.5, 14, 9.5 ], "texture": "#5", "rotation": 180 },
				"east": { "uv": [ 2, 10.5, 1, 9.5 ], "texture": "#5", "rotation": 180 }
			}
		},
		{
			"__comment": "Box44",
			"from": [ 10.28, 6.345, 8.125 ],
			"to": [ 10.58, 6.645, 8.425 ],
			"rotation": { "origin": [ 10.58, 6.345, 8.125 ], "axis": "z", "angle": 45 },
			"faces": {
				"down": { "uv": [ 15, 10.5, 14, 9.5 ], "texture": "#5", "rotation": 90 },
				"up": { "uv": [ 1, 9.5, 2, 10.5 ], "texture": "#5", "rotation": 270 },
				"north": { "uv": [ 7.7, 9.5, 8, 10.5 ], "texture": "#5", "rotation": 90 },
				"south": { "uv": [ 8, 9.5, 8.3, 10.5 ], "texture": "#5", "rotation": 270 },
				"west": { "uv": [ 8, 14, 8.3, 15 ], "texture": "#5", "rotation": 270 },
				"east": { "uv": [ 8.3, 2, 8, 1 ], "texture": "#5", "rotation": 90 }
			}
		},
		{
			"__comment": "Box44",
			"from": [ 10.7, 6.5, 8.125 ],
			"to": [ 11, 6.8, 8.425 ],
			"faces": {
				"down": { "uv": [ 15, 10.5, 14, 9.5 ], "texture": "#5", "rotation": 90 },
				"up": { "uv": [ 1, 9.5, 2, 10.5 ], "texture": "#5", "rotation": 270 },
				"north": { "uv": [ 7.7, 9.5, 8, 10.5 ], "texture": "#5", "rotation": 90 },
				"south": { "uv": [ 8, 9.5, 8.3, 10.5 ], "texture": "#5", "rotation": 270 },
				"west": { "uv": [ 8, 14, 8.3, 15 ], "texture": "#5", "rotation": 270 },
				"east": { "uv": [ 8.3, 2, 8, 1 ], "texture": "#5", "rotation": 90 }
			}
		},
		{
			"__comment": "Box44",
			"from": [ 10.45, 6.5, 8.125 ],
			"to": [ 10.75, 6.8, 8.425 ],
			"rotation": { "origin": [ 10.75, 6.5, 8.125 ], "axis": "z", "angle": 45 },
			"faces": {
				"down": { "uv": [ 15, 10.5, 14, 9.5 ], "texture": "#5", "rotation": 90 },
				"up": { "uv": [ 1, 9.5, 2, 10.5 ], "texture": "#5", "rotation": 270 },
				"north": { "uv": [ 7.7, 9.5, 8, 10.5 ], "texture": "#5", "rotation": 90 },
				"south": { "uv": [ 8, 9.5, 8.3, 10.5 ], "texture": "#5", "rotation": 270 },
				"west": { "uv": [ 8, 14, 8.3, 15 ], "texture": "#5", "rotation": 270 },
				"east": { "uv": [ 8.3, 2, 8, 1 ], "texture": "#5", "rotation": 90 }
			}
		},
		{
			"__comment": "Box44",
			"from": [ 10.575, 6.5, 8.125 ],
			"to": [ 10.875, 6.8, 8.425 ],
			"rotation": { "origin": [ 10.875, 6.5, 8.125 ], "axis": "z", "angle": 22.5 },
			"faces": {
				"down": { "uv": [ 15, 10.5, 14, 9.5 ], "texture": "#5", "rotation": 90 },
				"up": { "uv": [ 1, 9.5, 2, 10.5 ], "texture": "#5", "rotation": 270 },
				"north": { "uv": [ 7.7, 9.5, 8, 10.5 ], "texture": "#5", "rotation": 90 },
				"south": { "uv": [ 8, 9.5, 8.3, 10.5 ], "texture": "#5", "rotation": 270 },
				"west": { "uv": [ 8, 14, 8.3, 15 ], "texture": "#5", "rotation": 270 },
				"east": { "uv": [ 8.3, 2, 8, 1 ], "texture": "#5", "rotation": 90 }
			}
		},
		{
			"__comment": "Box72",
			"from": [ 9.375, 7, 8.125 ],
			"to": [ 9.675, 8, 8.425 ],
			"rotation": { "origin": [ 9.375, 7, 8.125 ], "axis": "z", "angle": -22.5 },
			"faces": {
				"down": { "uv": [ 9, 1, 9.5, 2 ], "texture": "#3" },
				"up": { "uv": [ 9, 14, 9.5, 15 ], "texture": "#3" },
				"north": { "uv": [ 6.5, 10.5, 7, 11.5 ], "texture": "#3" },
				"south": { "uv": [ 9, 10.5, 9.5, 11.5 ], "texture": "#3" },
				"west": { "uv": [ 14, 10.5, 15, 11.5 ], "texture": "#3" },
				"east": { "uv": [ 1, 10.5, 2, 11.5 ], "texture": "#3" }
			}
		},
		{
			"__comment": "Box72",
			"from": [ 9.25, 6.875, 8.125 ],
			"to": [ 9.55, 7.175, 8.425 ],
			"rotation": { "origin": [ 9.25, 6.875, 8.125 ], "axis": "z", "angle": -45 },
			"faces": {
				"down": { "uv": [ 9, 1, 9.5, 2 ], "texture": "#3" },
				"up": { "uv": [ 9, 14, 9.5, 15 ], "texture": "#3" },
				"north": { "uv": [ 6.5, 10.5, 7, 11.5 ], "texture": "#3" },
				"south": { "uv": [ 9, 10.5, 9.5, 11.5 ], "texture": "#3" },
				"west": { "uv": [ 14, 10.5, 15, 11.5 ], "texture": "#3" },
				"east": { "uv": [ 1, 10.5, 2, 11.5 ], "texture": "#3" }
			}
		},
		{
			"__comment": "Box74",
			"from": [ 3, 7.875, 8 ],
			"to": [ 4, 8.375, 8.5 ],
			"faces": {
				"down": { "uv": [ 3, 7.5, 4, 8 ], "texture": "#1" },
				"up": { "uv": [ 3, 8, 4, 8.5 ], "texture": "#1" },
				"north": { "uv": [ 12, 7.625, 13, 8.125 ], "texture": "#1" },
				"south": { "uv": [ 3, 7.625, 4, 8.125 ], "texture": "#1" },
				"west": { "uv": [ 8, 7.625, 8.5, 8.125 ], "texture": "#1" },
				"east": { "uv": [ 7.5, 7.625, 8, 8.125 ], "texture": "#1" }
			}
		},
		{
			"__comment": "Box74",
			"from": [ 3, 7.875, 8 ],
			"to": [ 4, 8.375, 8.5 ],
			"rotation": { "origin": [ 3, 7.875, 8 ], "axis": "x", "angle": -45 },
			"faces": {
				"down": { "uv": [ 2, 7.5, 3, 8 ], "texture": "#1" },
				"up": { "uv": [ 2, 8, 3, 8.5 ], "texture": "#1" },
				"north": { "uv": [ 13, 8, 14, 8.5 ], "texture": "#1" },
				"south": { "uv": [ 2, 8, 3, 8.5 ], "texture": "#1" },
				"west": { "uv": [ 8, 8, 8.5, 8.5 ], "texture": "#1" },
				"east": { "uv": [ 7.5, 8, 8, 8.5 ], "texture": "#1" }
			}
		},
		{
			"__comment": "Box74",
			"from": [ 3, 7.875, 8.5 ],
			"to": [ 4, 8.375, 9 ],
			"rotation": { "origin": [ 3, 7.875, 8.5 ], "axis": "x", "angle": -45 },
			"faces": {
				"down": { "uv": [ 2, 7.5, 3, 8 ], "texture": "#1" },
				"up": { "uv": [ 2, 8, 3, 8.5 ], "texture": "#1" },
				"north": { "uv": [ 13, 8, 14, 8.5 ], "texture": "#1" },
				"south": { "uv": [ 2, 8, 3, 8.5 ], "texture": "#1" },
				"west": { "uv": [ 8, 8, 8.5, 8.5 ], "texture": "#1" },
				"east": { "uv": [ 7.5, 8, 8, 8.5 ], "texture": "#1" }
			}
		},
		{
			"__comment": "Box74",
			"from": [ 3, 8.25, 8.375 ],
			"to": [ 4, 8.75, 8.875 ],
			"faces": {
				"down": { "uv": [ 3, 7.125, 4, 7.625 ], "texture": "#1" },
				"up": { "uv": [ 3, 8.375, 4, 8.875 ], "texture": "#1" },
				"north": { "uv": [ 12, 7.25, 13, 7.75 ], "texture": "#1" },
				"south": { "uv": [ 3, 7.25, 4, 7.75 ], "texture": "#1" },
				"west": { "uv": [ 8.375, 7.25, 8.875, 7.75 ], "texture": "#1" },
				"east": { "uv": [ 7.125, 7.25, 7.625, 7.75 ], "texture": "#1" }
			}
		},
		{
			"__comment": "Box74",
			"from": [ 3, 8.25, 7.625 ],
			"to": [ 4, 8.75, 8.125 ],
			"faces": {
				"down": { "uv": [ 3, 7.875, 4, 8.375 ], "texture": "#1" },
				"up": { "uv": [ 3, 7.625, 4, 8.125 ], "texture": "#1" },
				"north": { "uv": [ 12, 7.25, 13, 7.75 ], "texture": "#1" },
				"south": { "uv": [ 3, 7.25, 4, 7.75 ], "texture": "#1" },
				"west": { "uv": [ 7.625, 7.25, 8.125, 7.75 ], "texture": "#1" },
				"east": { "uv": [ 7.875, 7.25, 8.375, 7.75 ], "texture": "#1" }
			}
		},
		{
			"__comment": "Box79",
			"from": [ 3.125, 8, 8 ],
			"to": [ 6.125, 8.5, 9 ],
			"faces": {
				"down": { "uv": [ 3.125, 7, 6.125, 8 ], "texture": "#5" },
				"up": { "uv": [ 3.125, 8, 6.125, 9 ], "texture": "#5" },
				"north": { "uv": [ 9.875, 7.5, 12.875, 8 ], "texture": "#5" },
				"south": { "uv": [ 3.125, 7.5, 6.125, 8 ], "texture": "#5" },
				"west": { "uv": [ 8, 7.5, 9, 8 ], "texture": "#5" },
				"east": { "uv": [ 7, 7.5, 8, 8 ], "texture": "#5" }
			}
		},
		{
			"__comment": "Box79",
			"from": [ 3.125, 7.76, 8.353 ],
			"to": [ 6.125, 8.26, 8.853 ],
			"rotation": { "origin": [ 3.125, 8.26, 8.353 ], "axis": "x", "angle": -22.5 },
			"faces": {
				"down": { "uv": [ 1.5, 9, 4.5, 9.5 ], "texture": "#5" },
				"up": { "uv": [ 14.5, 9.5, 11.5, 9 ], "texture": "#5" },
				"north": { "uv": [ 4.5, 8, 1.5, 7.5 ], "texture": "#5" },
				"south": { "uv": [ 1.5, 8, 4.5, 8.5 ], "texture": "#5" },
				"west": { "uv": [ 8, 9, 8.5, 9.5 ], "texture": "#5", "rotation": 90 },
				"east": { "uv": [ 7.5, 9, 8, 9.5 ], "texture": "#5", "rotation": 270 }
			}
		},
		{
			"__comment": "Box79",
			"from": [ 3.125, 7.875, 8.25 ],
			"to": [ 6.125, 8.375, 8.75 ],
			"rotation": { "origin": [ 3.125, 7.875, 8.25 ], "axis": "x", "angle": 22.5 },
			"faces": {
				"down": { "uv": [ 1.5, 7.5, 4.5, 8 ], "texture": "#5" },
				"up": { "uv": [ 1.5, 8, 4.5, 8.5 ], "texture": "#5" },
				"north": { "uv": [ 11.5, 9, 14.5, 9.5 ], "texture": "#5" },
				"south": { "uv": [ 1.5, 9, 4.5, 9.5 ], "texture": "#5" },
				"west": { "uv": [ 8, 9, 8.5, 9.5 ], "texture": "#5" },
				"east": { "uv": [ 7.5, 9, 8, 9.5 ], "texture": "#5" }
			}
		},
		{
			"__comment": "Box79",
			"from": [ 3.125, 7.75, 8.45 ],
			"to": [ 6.125, 7.95, 8.95 ],
			"rotation": { "origin": [ 3.125, 7.75, 8.45 ], "axis": "x", "angle": 22.5 },
			"faces": {
				"down": { "uv": [ 1.5, 7.5, 4.5, 8 ], "texture": "#5" },
				"up": { "uv": [ 1.5, 8, 4.5, 8.5 ], "texture": "#5" },
				"north": { "uv": [ 11.5, 9, 14.5, 9.5 ], "texture": "#5" },
				"south": { "uv": [ 1.5, 9, 4.5, 9.5 ], "texture": "#5" },
				"west": { "uv": [ 8, 9, 8.5, 9.5 ], "texture": "#5" },
				"east": { "uv": [ 7.5, 9, 8, 9.5 ], "texture": "#5" }
			}
		},
		{
			"__comment": "Box79",
			"from": [ 3.125, 8, 7.5 ],
			"to": [ 6.125, 8.5, 8.5 ],
			"faces": {
				"down": { "uv": [ 3.125, 7.5, 6.125, 8.5 ], "texture": "#5" },
				"up": { "uv": [ 3.125, 7.5, 6.125, 8.5 ], "texture": "#5" },
				"north": { "uv": [ 9.875, 7.5, 12.875, 8 ], "texture": "#5" },
				"south": { "uv": [ 3.125, 7.5, 6.125, 8 ], "texture": "#5" },
				"west": { "uv": [ 7.5, 7.5, 8.5, 8 ], "texture": "#5" },
				"east": { "uv": [ 7.5, 7.5, 8.5, 8 ], "texture": "#5" }
			}
		},
		{
			"__comment": "Box79",
			"from": [ 3.125, 7.5, 7.5 ],
			"to": [ 6.125, 8, 8.5 ],
			"faces": {
				"down": { "uv": [ 3.125, 7.5, 6.125, 8.5 ], "texture": "#5" },
				"up": { "uv": [ 3.125, 7.5, 6.125, 8.5 ], "texture": "#5" },
				"north": { "uv": [ 9.875, 8, 12.875, 8.5 ], "texture": "#5" },
				"south": { "uv": [ 3.125, 8, 6.125, 8.5 ], "texture": "#5" },
				"west": { "uv": [ 7.5, 8, 8.5, 8.5 ], "texture": "#5" },
				"east": { "uv": [ 7.5, 8, 8.5, 8.5 ], "texture": "#5" }
			}
		},
		{
			"__comment": "Box79",
			"from": [ 3.125, 7.5, 7.75 ],
			"to": [ 6.125, 8, 8.75 ],
			"faces": {
				"down": { "uv": [ 3.125, 7.25, 6.125, 8.25 ], "texture": "#5" },
				"up": { "uv": [ 3.125, 7.75, 6.125, 8.75 ], "texture": "#5" },
				"north": { "uv": [ 9.875, 8, 12.875, 8.5 ], "texture": "#5" },
				"south": { "uv": [ 3.125, 8, 6.125, 8.5 ], "texture": "#5" },
				"west": { "uv": [ 7.75, 8, 8.75, 8.5 ], "texture": "#5" },
				"east": { "uv": [ 7.25, 8, 8.25, 8.5 ], "texture": "#5" }
			}
		},
		{
			"__comment": "Box79",
			"from": [ 3.125, 7.5, 7.92 ],
			"to": [ 6.125, 7.7, 8.92 ],
			"faces": {
				"down": { "uv": [ 3.125, 7.08, 6.125, 8.08 ], "texture": "#5" },
				"up": { "uv": [ 3.125, 7.92, 6.125, 8.92 ], "texture": "#5" },
				"north": { "uv": [ 9.875, 8.3, 12.875, 8.5 ], "texture": "#5" },
				"south": { "uv": [ 3.125, 8.3, 6.125, 8.5 ], "texture": "#5" },
				"west": { "uv": [ 7.92, 8.3, 8.92, 8.5 ], "texture": "#5" },
				"east": { "uv": [ 7.08, 8.3, 8.08, 8.5 ], "texture": "#5" }
			}
		},
		{
			"__comment": "Box88",
			"from": [ 2.75, 8.875, 7.875 ],
			"to": [ 3.75, 9.675, 8.675 ],
			"faces": {
				"down": { "uv": [ 2.75, 7.325, 3.75, 8.125 ], "texture": "#3" },
				"up": { "uv": [ 2.75, 7.875, 3.75, 8.675 ], "texture": "#3" },
				"north": { "uv": [ 12.25, 6.325, 13.25, 7.125 ], "texture": "#3" },
				"south": { "uv": [ 2.75, 6.325, 3.75, 7.125 ], "texture": "#3" },
				"west": { "uv": [ 7.875, 6.325, 8.675, 7.125 ], "texture": "#3" },
				"east": { "uv": [ 7.325, 6.325, 8.125, 7.125 ], "texture": "#3" }
			}
		},
		{
			"__comment": "Box88",
			"from": [ 2.875, 8, 8 ],
			"to": [ 3.875, 8.5, 8.5 ],
			"faces": {
				"down": { "uv": [ 2.875, 7.5, 3.875, 8 ], "texture": "#3" },
				"up": { "uv": [ 2.875, 8, 3.875, 8.5 ], "texture": "#3" },
				"north": { "uv": [ 12.125, 7.5, 13.125, 8 ], "texture": "#3" },
				"south": { "uv": [ 2.875, 7.5, 3.875, 8 ], "texture": "#3" },
				"west": { "uv": [ 8, 7.5, 8.5, 8 ], "texture": "#3" },
				"east": { "uv": [ 7.5, 7.5, 8, 8 ], "texture": "#3" }
			}
		},
		{
			"__comment": "Box90",
			"from": [ 3.375, 9.45, 8.125 ],
			"to": [ 3.875, 9.95, 8.325 ],
			"rotation": { "origin": [ 3.375, 9.45, 8.125 ], "axis": "z", "angle": 22.5 },
			"faces": {
				"down": { "uv": [ 2.5, 1, 3, 2 ], "texture": "#3" },
				"up": { "uv": [ 2.5, 14, 3, 15 ], "texture": "#3" },
				"north": { "uv": [ 13, 4.5, 13.5, 5 ], "texture": "#3" },
				"south": { "uv": [ 2.5, 4.5, 3, 5 ], "texture": "#3" },
				"west": { "uv": [ 14, 4.5, 15, 5 ], "texture": "#3" },
				"east": { "uv": [ 1, 4.5, 2, 5 ], "texture": "#3" }
			}
		},
		{
			"__comment": "Box90",
			"from": [ 12.5, 9.625, 7.625 ],
			"to": [ 13, 10.125, 7.925 ],
			"rotation": { "origin": [ 12.5, 10.125, 7.625 ], "axis": "z", "angle": -22.5 },
			"faces": {
				"down": { "uv": [ 1, 4.5, 2, 5 ], "texture": "#3", "rotation": 90 },
				"up": { "uv": [ 15, 5, 14, 4.5 ], "texture": "#3", "rotation": 270 },
				"north": { "uv": [ 13, 4.5, 13.5, 5 ], "texture": "#3", "rotation": 270 },
				"south": { "uv": [ 2.5, 4.5, 3, 5 ], "texture": "#3", "rotation": 90 },
				"west": { "uv": [ 2.5, 1, 3, 2 ], "texture": "#3", "rotation": 90 },
				"east": { "uv": [ 3, 15, 2.5, 14 ], "texture": "#3", "rotation": 270 }
			}
		},
		{
			"__comment": "Box90",
			"from": [ 12.625, 9.625, 8.5 ],
			"to": [ 13.125, 10.125, 8.8 ],
			"rotation": { "origin": [ 12.625, 10.125, 8.5 ], "axis": "z", "angle": -22.5 },
			"faces": {
				"down": { "uv": [ 1, 4.5, 2, 5 ], "texture": "#3", "rotation": 90 },
				"up": { "uv": [ 15, 5, 14, 4.5 ], "texture": "#3", "rotation": 270 },
				"north": { "uv": [ 13, 4.5, 13.5, 5 ], "texture": "#3", "rotation": 270 },
				"south": { "uv": [ 2.5, 4.5, 3, 5 ], "texture": "#3", "rotation": 90 },
				"west": { "uv": [ 2.5, 1, 3, 2 ], "texture": "#3", "rotation": 90 },
				"east": { "uv": [ 3, 15, 2.5, 14 ], "texture": "#3", "rotation": 270 }
			}
		},
		{
			"__comment": "Box93",
			"from": [ 10.875, 6.875, 8.125 ],
			"to": [ 11.375, 7.375, 9.125 ],
			"rotation": { "origin": [ 10.875, 6.875, 8.125 ], "axis": "z", "angle": 22.5 },
			"faces": {
				"down": { "uv": [ 9.5, 1, 10, 2 ], "texture": "#3" },
				"up": { "uv": [ 9.5, 14, 10, 15 ], "texture": "#3" },
				"north": { "uv": [ 6, 11.5, 6.5, 12 ], "texture": "#3" },
				"south": { "uv": [ 9.5, 11.5, 10, 12 ], "texture": "#3" },
				"west": { "uv": [ 14, 11.5, 15, 12 ], "texture": "#3" },
				"east": { "uv": [ 1, 11.5, 2, 12 ], "texture": "#3" }
			}
		},
		{
			"__comment": "Box348",
			"from": [ 5.125, 8.5, 8.8 ],
			"to": [ 10.125, 9.8, 9 ],
			"faces": {
				"down": { "uv": [ 5.125, 7, 10.125, 7.2 ], "texture": "#1" },
				"up": { "uv": [ 5.125, 8.8, 10.125, 9 ], "texture": "#1" },
				"north": { "uv": [ 5.875, 6.2, 10.875, 7.5 ], "texture": "#1" },
				"south": { "uv": [ 5.125, 6.2, 10.125, 7.5 ], "texture": "#1" },
				"west": { "uv": [ 8.8, 6.2, 9, 7.5 ], "texture": "#1" },
				"east": { "uv": [ 7, 6.2, 7.2, 7.5 ], "texture": "#1" }
			}
		}
	],
	"display": {
		"thirdperson_righthand": {
			"rotation":  [ 0, -90, 0 ],
			"translation":  [ 0.0006, 0.6946, -0.697 ],
			"scale":  [ 0.6515, 0.7217, 1 ]
		},
		"thirdperson_lefthand": {
			"scale":  [ 0.0001, 0.0001, 0.0001 ]
		},
		"firstperson_righthand": {
			"scale":  [ 0.0001, 0.0001, 0.0001 ]
		},
		"firstperson_lefthand": {
			"rotation":  [ 0, 90, 0 ],
			"translation":  [ -9.25, 5.651, 0.0012 ],
			"scale":  [ 0.8694, 1.2782, 1.2086 ]
		},
		"gui": {
			"rotation":  [ 0, 0, 45 ],
			"translation":  [ -2.08, 0, 0 ],
			"scale":  [ 1.3816, 1.382, 1 ]
		}
	}
}