{
	"__comment": "Designed by I_m_bin2 with Cubik Studio - https://cubik.studio",
	"ambientocclusion": false,
	"textures": {
		"0": "blocks/colours/gray - 5fifth",
		"1": "blocks/colours/gray - 6sixth",
		"2": "blocks/colours/gray - 7seventh",
		"3": "blocks/colours/gray - 5fifth",
		"4": "blocks/colours/gray - 7seventh",
		"5": "blocks/colours/gray - 6sixth",
		"6": "blocks/colours/gray - 8eight",
		"7": "blocks/colours/gray - 5fifth",
		"8": "blocks/colours/gray - 4fourth",
		"9": "blocks/colours/dullblack",
		"particle": "block/furnace_side",
		"a": "blocks/colours/hardened_clay_stained_cyan",
		"b": "blocks/colours/green2",
		"c": "blocks/colours/gray - 7seventh",
		"d": "blocks/colours/gray - 8eight",
		"e": "blocks/colours/gray - 1first"
	},
	"elements": [ 	 
		{
			"__comment": "Box207",
			"from": [ -7.875, -15.375, 0.75 ],
			"to": [ 24.625, -5.375, 15.75 ],
			"faces": {
				"down": { "uv": [ 0, 0.625, 16, 15.625 ], "texture": "#0" },
				"up": { "uv": [ 0, 0.375, 16, 15.375 ], "texture": "#0" },
				"north": { "uv": [ 0, 3, 16, 13 ], "texture": "#0" },
				"south": { "uv": [ 0, 3, 16, 13 ], "texture": "#0" },
				"west": { "uv": [ 0.375, 3, 15.375, 13 ], "texture": "#0" },
				"east": { "uv": [ 0.625, 3, 15.625, 13 ], "texture": "#0" }
			}
		},
		{
			"__comment": "Box207",
			"from": [ -7.875, -15.375, 0.25 ],
			"to": [ -5.875, -4.375, 16.25 ],
			"faces": {
				"down": { "uv": [ 7.75, 0.125, 9.75, 16 ], "texture": "#0" },
				"up": { "uv": [ 7.75, 0, 9.75, 15.875 ], "texture": "#0" },
				"north": { "uv": [ 6.25, 2, 8.25, 13 ], "texture": "#0" },
				"south": { "uv": [ 7.75, 2, 9.75, 13 ], "texture": "#0" },
				"west": { "uv": [ 0, 2, 15.875, 13 ], "texture": "#0" },
				"east": { "uv": [ 0.125, 2, 16, 13 ], "texture": "#0" }
			}
		},
		{
			"__comment": "Box207",
			"from": [ 22.625, -15.375, 0.25 ],
			"to": [ 24.625, -4.375, 16.25 ],
			"faces": {
				"down": { "uv": [ 6.25, 0.125, 8.25, 16 ], "texture": "#0" },
				"up": { "uv": [ 6.25, 0, 8.25, 15.875 ], "texture": "#0" },
				"north": { "uv": [ 7.75, 2, 9.75, 13 ], "texture": "#0" },
				"south": { "uv": [ 6.25, 2, 8.25, 13 ], "texture": "#0" },
				"west": { "uv": [ 0, 2, 15.875, 13 ], "texture": "#0" },
				"east": { "uv": [ 0.125, 2, 16, 13 ], "texture": "#0" }
			}
		},
		{
			"__comment": "Box207",
			"from": [ 3.875, -5.375, 1.25 ],
			"to": [ 4.875, -4.375, 16.25 ],
			"rotation": { "origin": [ 3.875, -4.375, 1.25 ], "axis": "z", "angle": -45 },
			"faces": {
				"down": { "uv": [ 0.5, 4, 15.5, 5 ], "texture": "#0", "rotation": 90 },
				"up": { "uv": [ 15.5, 5, 0.5, 4 ], "texture": "#0", "rotation": 270 },
				"north": { "uv": [ 12, 5, 11, 4 ], "texture": "#0", "rotation": 90 },
				"south": { "uv": [ 5, 5, 4, 4 ], "texture": "#0", "rotation": 270 },
				"west": { "uv": [ 5, 15.5, 4, 0.5 ], "texture": "#0", "rotation": 270 },
				"east": { "uv": [ 4, 0.5, 5, 15.5 ], "texture": "#0", "rotation": 90 }
			}
		},
		{
			"__comment": "Box207",
			"from": [ 4.375, -5.875, 1.25 ],
			"to": [ 5.375, -4.875, 16.25 ],
			"rotation": { "origin": [ 4.375, -4.875, 1.25 ], "axis": "z", "angle": -45 },
			"faces": {
				"down": { "uv": [ 0.5, 4, 15.5, 5 ], "texture": "#0", "rotation": 90 },
				"up": { "uv": [ 15.5, 5, 0.5, 4 ], "texture": "#0", "rotation": 270 },
				"north": { "uv": [ 12, 5, 11, 4 ], "texture": "#0", "rotation": 90 },
				"south": { "uv": [ 5, 5, 4, 4 ], "texture": "#0", "rotation": 270 },
				"west": { "uv": [ 5, 15.5, 4, 0.5 ], "texture": "#0", "rotation": 270 },
				"east": { "uv": [ 4, 0.5, 5, 15.5 ], "texture": "#0", "rotation": 90 }
			}
		},
		{
			"__comment": "Box207",
			"from": [ -6.125, -5.375, 0.25 ],
			"to": [ 3.875, -4.375, 16.25 ],
			"faces": {
				"down": { "uv": [ 0, 0.125, 3.5, 16 ], "texture": "#0" },
				"up": { "uv": [ 0, 0, 3.5, 15.875 ], "texture": "#0" },
				"north": { "uv": [ 12.5, 2, 16, 3 ], "texture": "#0" },
				"south": { "uv": [ 0, 2, 3.5, 3 ], "texture": "#0" },
				"west": { "uv": [ 0, 2, 15.875, 3 ], "texture": "#0" },
				"east": { "uv": [ 0.125, 2, 16, 3 ], "texture": "#0" }
			}
		},
		{
			"__comment": "Box207",
			"from": [ 12.75, -5.375, 0.25 ],
			"to": [ 22.75, -4.375, 16.25 ],
			"faces": {
				"down": { "uv": [ 12.375, 0.125, 16, 16 ], "texture": "#0" },
				"up": { "uv": [ 12.375, 0, 16, 15.875 ], "texture": "#0" },
				"north": { "uv": [ 0, 2, 3.625, 3 ], "texture": "#0" },
				"south": { "uv": [ 12.375, 2, 16, 3 ], "texture": "#0" },
				"west": { "uv": [ 0, 2, 15.875, 3 ], "texture": "#0" },
				"east": { "uv": [ 0.125, 2, 16, 3 ], "texture": "#0" }
			}
		},
		{
			"__comment": "Box207",
			"from": [ 12.75, -5.375, 1.25 ],
			"to": [ 13.75, -4.375, 16.25 ],
			"rotation": { "origin": [ 12.75, -4.375, 1.25 ], "axis": "z", "angle": -45 },
			"faces": {
				"down": { "uv": [ 0.5, 4, 15.5, 5 ], "texture": "#0", "rotation": 90 },
				"up": { "uv": [ 15.5, 5, 0.5, 4 ], "texture": "#0", "rotation": 270 },
				"north": { "uv": [ 12, 5, 11, 4 ], "texture": "#0", "rotation": 90 },
				"south": { "uv": [ 5, 5, 4, 4 ], "texture": "#0", "rotation": 270 },
				"west": { "uv": [ 5, 15.5, 4, 0.5 ], "texture": "#0", "rotation": 270 },
				"east": { "uv": [ 4, 0.5, 5, 15.5 ], "texture": "#0", "rotation": 90 }
			}
		},
		{
			"__comment": "Box207",
			"from": [ 12.25, -5.875, 1.25 ],
			"to": [ 13.25, -4.875, 16.25 ],
			"rotation": { "origin": [ 12.25, -4.875, 1.25 ], "axis": "z", "angle": -45 },
			"faces": {
				"down": { "uv": [ 0.5, 4, 15.5, 5 ], "texture": "#0", "rotation": 90 },
				"up": { "uv": [ 15.5, 5, 0.5, 4 ], "texture": "#0", "rotation": 270 },
				"north": { "uv": [ 12, 5, 11, 4 ], "texture": "#0", "rotation": 90 },
				"south": { "uv": [ 5, 5, 4, 4 ], "texture": "#0", "rotation": 270 },
				"west": { "uv": [ 5, 15.5, 4, 0.5 ], "texture": "#0", "rotation": 270 },
				"east": { "uv": [ 4, 0.5, 5, 15.5 ], "texture": "#0", "rotation": 90 }
			}
		},
		{
			"__comment": "Box207",
			"from": [ -6.125, -15.375, 0.25 ],
			"to": [ 3.875, -14.375, 16.25 ],
			"faces": {
				"down": { "uv": [ 0, 0.125, 3.5, 16 ], "texture": "#0" },
				"up": { "uv": [ 0, 0, 3.5, 15.875 ], "texture": "#0" },
				"north": { "uv": [ 12.5, 12, 16, 13 ], "texture": "#0" },
				"south": { "uv": [ 0, 12, 3.5, 13 ], "texture": "#0" },
				"west": { "uv": [ 0, 12, 15.875, 13 ], "texture": "#0" },
				"east": { "uv": [ 0.125, 12, 16, 13 ], "texture": "#0" }
			}
		},
		{
			"__comment": "Box207",
			"from": [ 12.75, -15.375, 0.25 ],
			"to": [ 22.75, -14.375, 16.25 ],
			"faces": {
				"down": { "uv": [ 12.375, 0.125, 16, 16 ], "texture": "#0" },
				"up": { "uv": [ 12.375, 0, 16, 15.875 ], "texture": "#0" },
				"north": { "uv": [ 0, 12, 3.625, 13 ], "texture": "#0" },
				"south": { "uv": [ 12.375, 12, 16, 13 ], "texture": "#0" },
				"west": { "uv": [ 0, 12, 15.875, 13 ], "texture": "#0" },
				"east": { "uv": [ 0.125, 12, 16, 13 ], "texture": "#0" }
			}
		},
		{
			"__comment": "Box207",
			"from": [ 4.25, -6.375, 1.25 ],
			"to": [ 12.25, -5.375, 16.25 ],
			"faces": {
				"down": { "uv": [ 3.875, 0.125, 11.875, 15.125 ], "texture": "#0" },
				"up": { "uv": [ 3.875, 0.875, 11.875, 15.875 ], "texture": "#0" },
				"north": { "uv": [ 4.125, 3, 12.125, 4 ], "texture": "#0" },
				"south": { "uv": [ 3.875, 3, 11.875, 4 ], "texture": "#0" },
				"west": { "uv": [ 0.875, 3, 15.875, 4 ], "texture": "#0" },
				"east": { "uv": [ 0.125, 3, 15.125, 4 ], "texture": "#0" }
			}
		},
		{
			"__comment": "Box207",
			"from": [ 2.875, -15.375, 0.25 ],
			"to": [ 4.875, -5.375, 16.25 ],
			"faces": {
				"down": { "uv": [ 2.5, 0.125, 4.5, 16 ], "texture": "#0" },
				"up": { "uv": [ 2.5, 0, 4.5, 15.875 ], "texture": "#0" },
				"north": { "uv": [ 11.5, 3, 13.5, 13 ], "texture": "#0" },
				"south": { "uv": [ 2.5, 3, 4.5, 13 ], "texture": "#0" },
				"west": { "uv": [ 0, 3, 15.875, 13 ], "texture": "#0" },
				"east": { "uv": [ 0.125, 3, 16, 13 ], "texture": "#0" }
			}
		},
		{
			"__comment": "Box207",
			"from": [ 11.75, -15.375, 0.25 ],
			"to": [ 13.75, -5.375, 16.25 ],
			"faces": {
				"down": { "uv": [ 11.375, 0.125, 13.375, 16 ], "texture": "#0" },
				"up": { "uv": [ 11.375, 0, 13.375, 15.875 ], "texture": "#0" },
				"north": { "uv": [ 2.625, 3, 4.625, 13 ], "texture": "#0" },
				"south": { "uv": [ 11.375, 3, 13.375, 13 ], "texture": "#0" },
				"west": { "uv": [ 0, 3, 15.875, 13 ], "texture": "#0" },
				"east": { "uv": [ 0.125, 3, 16, 13 ], "texture": "#0" }
			}
		},
		{
			"__comment": "Box207",
			"from": [ 13.75, -15.375, 14.25 ],
			"to": [ 14.75, -5.375, 16.25 ],
			"rotation": { "origin": [ 13.75, -15.375, 16.25 ], "axis": "y", "angle": 22.5 },
			"faces": {
				"down": { "uv": [ 12, 15, 14, 16 ], "texture": "#0", "rotation": 90 },
				"up": { "uv": [ 12, 0, 14, 1 ], "texture": "#0", "rotation": 270 },
				"north": { "uv": [ 15, 6, 16, 16 ], "texture": "#0" },
				"south": { "uv": [ 0, 6, 1, 16 ], "texture": "#0" },
				"west": { "uv": [ 2, 6, 4, 16 ], "texture": "#0" },
				"east": { "uv": [ 12, 6, 14, 16 ], "texture": "#0" }
			}
		},
		{
			"__comment": "Box207",
			"from": [ -5.875, -15.375, 14.25 ],
			"to": [ -4.875, -4.375, 16.25 ],
			"rotation": { "origin": [ -5.875, -15.375, 16.25 ], "axis": "y", "angle": 22.5 },
			"faces": {
				"down": { "uv": [ 12, 15, 14, 16 ], "texture": "#0", "rotation": 90 },
				"up": { "uv": [ 12, 0, 14, 1 ], "texture": "#0", "rotation": 270 },
				"north": { "uv": [ 15, 6, 16, 16 ], "texture": "#0" },
				"south": { "uv": [ 0, 6, 1, 16 ], "texture": "#0" },
				"west": { "uv": [ 2, 6, 4, 16 ], "texture": "#0" },
				"east": { "uv": [ 12, 6, 14, 16 ], "texture": "#0" }
			}
		},
		{
			"__comment": "Box207",
			"from": [ 22.625, -15.375, 14.25 ],
			"to": [ 23.625, -4.375, 16.25 ],
			"rotation": { "origin": [ 22.625, -15.375, 16.25 ], "axis": "y", "angle": 22.5 },
			"faces": {
				"down": { "uv": [ 12, 15, 14, 16 ], "texture": "#0", "rotation": 90 },
				"up": { "uv": [ 12, 0, 14, 1 ], "texture": "#0", "rotation": 270 },
				"north": { "uv": [ 15, 6, 16, 16 ], "texture": "#0" },
				"south": { "uv": [ 0, 6, 1, 16 ], "texture": "#0" },
				"west": { "uv": [ 2, 6, 4, 16 ], "texture": "#0" },
				"east": { "uv": [ 12, 6, 14, 16 ], "texture": "#0" }
			}
		},
		{
			"__comment": "Box207",
			"from": [ 2.875, -15.375, 14.25 ],
			"to": [ 3.875, -5.375, 16.25 ],
			"rotation": { "origin": [ 2.875, -15.375, 16.25 ], "axis": "y", "angle": 22.5 },
			"faces": {
				"down": { "uv": [ 12, 15, 14, 16 ], "texture": "#0", "rotation": 90 },
				"up": { "uv": [ 12, 0, 14, 1 ], "texture": "#0", "rotation": 270 },
				"north": { "uv": [ 15, 6, 16, 16 ], "texture": "#0" },
				"south": { "uv": [ 0, 6, 1, 16 ], "texture": "#0" },
				"west": { "uv": [ 2, 6, 4, 16 ], "texture": "#0" },
				"east": { "uv": [ 12, 6, 14, 16 ], "texture": "#0" }
			}
		},
		{
			"__comment": "Box207",
			"from": [ -6.125, -6.375, 15.25 ],
			"to": [ 3.875, -5.375, 16.25 ],
			"rotation": { "origin": [ -6.125, -5.375, 16.25 ], "axis": "x", "angle": 45 },
			"faces": {
				"down": { "uv": [ 0, 0, 4, 1 ], "texture": "#0" },
				"up": { "uv": [ 0, 15, 4, 16 ], "texture": "#0" },
				"north": { "uv": [ 4, 6, 0, 5 ], "texture": "#0" },
				"south": { "uv": [ 16, 6, 12, 5 ], "texture": "#0" },
				"west": { "uv": [ 0, 5, 1, 6 ], "texture": "#0", "rotation": 180 },
				"east": { "uv": [ 15, 5, 16, 6 ], "texture": "#0", "rotation": 180 }
			}
		},
		{
			"__comment": "Box207",
			"from": [ -6.125, -15.375, 15.25 ],
			"to": [ 3.875, -14.375, 16.25 ],
			"rotation": { "origin": [ -6.125, -14.375, 16.25 ], "axis": "x", "angle": 45 },
			"faces": {
				"down": { "uv": [ 0, 0, 4, 1 ], "texture": "#0" },
				"up": { "uv": [ 0, 15, 4, 16 ], "texture": "#0" },
				"north": { "uv": [ 4, 6, 0, 5 ], "texture": "#0" },
				"south": { "uv": [ 16, 6, 12, 5 ], "texture": "#0" },
				"west": { "uv": [ 0, 5, 1, 6 ], "texture": "#0", "rotation": 180 },
				"east": { "uv": [ 15, 5, 16, 6 ], "texture": "#0", "rotation": 180 }
			}
		},
		{
			"__comment": "Box207",
			"from": [ 13.25, -15.375, 15.25 ],
			"to": [ 23.25, -14.375, 16.25 ],
			"rotation": { "origin": [ 13.25, -14.375, 16.25 ], "axis": "x", "angle": 45 },
			"faces": {
				"down": { "uv": [ 0, 0, 4, 1 ], "texture": "#0" },
				"up": { "uv": [ 0, 15, 4, 16 ], "texture": "#0" },
				"north": { "uv": [ 4, 6, 0, 5 ], "texture": "#0" },
				"south": { "uv": [ 16, 6, 12, 5 ], "texture": "#0" },
				"west": { "uv": [ 0, 5, 1, 6 ], "texture": "#0", "rotation": 180 },
				"east": { "uv": [ 15, 5, 16, 6 ], "texture": "#0", "rotation": 180 }
			}
		},
		{
			"__comment": "Box207",
			"from": [ 13.25, -6.375, 15.25 ],
			"to": [ 23.25, -5.375, 16.25 ],
			"rotation": { "origin": [ 13.25, -5.375, 16.25 ], "axis": "x", "angle": 45 },
			"faces": {
				"down": { "uv": [ 0, 0, 4, 1 ], "texture": "#0" },
				"up": { "uv": [ 0, 15, 4, 16 ], "texture": "#0" },
				"north": { "uv": [ 4, 6, 0, 5 ], "texture": "#0" },
				"south": { "uv": [ 16, 6, 12, 5 ], "texture": "#0" },
				"west": { "uv": [ 0, 5, 1, 6 ], "texture": "#0", "rotation": 180 },
				"east": { "uv": [ 15, 5, 16, 6 ], "texture": "#0", "rotation": 180 }
			}
		},
		{
			"__comment": "Box207",
			"from": [ -6.125, -5.25, 0.75 ],
			"to": [ 3.875, -4.25, 15.75 ],
			"faces": {
				"down": { "uv": [ 0, 0.625, 3.5, 15.625 ], "texture": "#4" },
				"up": { "uv": [ 0, 0.375, 3.5, 15.375 ], "texture": "#4" },
				"north": { "uv": [ 12.5, 1.875, 16, 2.875 ], "texture": "#4" },
				"south": { "uv": [ 0, 1.875, 3.5, 2.875 ], "texture": "#4" },
				"west": { "uv": [ 0.375, 1.875, 15.375, 2.875 ], "texture": "#4" },
				"east": { "uv": [ 0.625, 1.875, 15.625, 2.875 ], "texture": "#4" }
			}
		},
		{
			"__comment": "Box207",
			"from": [ 3.875, -5.25, 0.75 ],
			"to": [ 4.875, -4.25, 15.75 ],
			"rotation": { "origin": [ 3.875, -4.25, 0.7500001 ], "axis": "z", "angle": -45 },
			"faces": {
				"down": { "uv": [ 0.5, 4, 15.5, 5 ], "texture": "#4", "rotation": 90 },
				"up": { "uv": [ 15.5, 5, 0.5, 4 ], "texture": "#4", "rotation": 270 },
				"north": { "uv": [ 12, 5, 11, 4 ], "texture": "#4", "rotation": 90 },
				"south": { "uv": [ 5, 5, 4, 4 ], "texture": "#4", "rotation": 270 },
				"west": { "uv": [ 5, 15.5, 4, 0.5 ], "texture": "#4", "rotation": 270 },
				"east": { "uv": [ 4, 0.5, 5, 15.5 ], "texture": "#4", "rotation": 90 }
			}
		},
		{
			"__comment": "Box207",
			"from": [ 4.375, -5.75, 0.75 ],
			"to": [ 5.375, -4.75, 15.75 ],
			"rotation": { "origin": [ 4.375, -4.75, 0.7500001 ], "axis": "z", "angle": -45 },
			"faces": {
				"down": { "uv": [ 0.5, 4, 15.5, 5 ], "texture": "#4", "rotation": 90 },
				"up": { "uv": [ 15.5, 5, 0.5, 4 ], "texture": "#4", "rotation": 270 },
				"north": { "uv": [ 12, 5, 11, 4 ], "texture": "#4", "rotation": 90 },
				"south": { "uv": [ 5, 5, 4, 4 ], "texture": "#4", "rotation": 270 },
				"west": { "uv": [ 5, 15.5, 4, 0.5 ], "texture": "#4", "rotation": 270 },
				"east": { "uv": [ 4, 0.5, 5, 15.5 ], "texture": "#4", "rotation": 90 }
			}
		},
		{
			"__comment": "Box207",
			"from": [ 4.25, -6.25, 0.75 ],
			"to": [ 12.25, -5.25, 15.75 ],
			"faces": {
				"down": { "uv": [ 3.875, 0.625, 11.875, 15.625 ], "texture": "#4" },
				"up": { "uv": [ 3.875, 0.375, 11.875, 15.375 ], "texture": "#4" },
				"north": { "uv": [ 4.125, 2.875, 12.125, 3.875 ], "texture": "#4" },
				"south": { "uv": [ 3.875, 2.875, 11.875, 3.875 ], "texture": "#4" },
				"west": { "uv": [ 0.375, 2.875, 15.375, 3.875 ], "texture": "#4" },
				"east": { "uv": [ 0.625, 2.875, 15.625, 3.875 ], "texture": "#4" }
			}
		},
		{
			"__comment": "Box207",
			"from": [ 12.25, -5.75, 0.75 ],
			"to": [ 13.25, -4.75, 15.75 ],
			"rotation": { "origin": [ 12.25, -4.75, 0.7500001 ], "axis": "z", "angle": -45 },
			"faces": {
				"down": { "uv": [ 0.5, 4, 15.5, 5 ], "texture": "#4", "rotation": 90 },
				"up": { "uv": [ 15.5, 5, 0.5, 4 ], "texture": "#4", "rotation": 270 },
				"north": { "uv": [ 12, 5, 11, 4 ], "texture": "#4", "rotation": 90 },
				"south": { "uv": [ 5, 5, 4, 4 ], "texture": "#4", "rotation": 270 },
				"west": { "uv": [ 5, 15.5, 4, 0.5 ], "texture": "#4", "rotation": 270 },
				"east": { "uv": [ 4, 0.5, 5, 15.5 ], "texture": "#4", "rotation": 90 }
			}
		},
		{
			"__comment": "Box207",
			"from": [ 12.75, -5.25, 0.75 ],
			"to": [ 13.75, -4.25, 15.75 ],
			"rotation": { "origin": [ 12.75, -4.25, 0.7500001 ], "axis": "z", "angle": -45 },
			"faces": {
				"down": { "uv": [ 0.5, 4, 15.5, 5 ], "texture": "#4", "rotation": 90 },
				"up": { "uv": [ 15.5, 5, 0.5, 4 ], "texture": "#4", "rotation": 270 },
				"north": { "uv": [ 12, 5, 11, 4 ], "texture": "#4", "rotation": 90 },
				"south": { "uv": [ 5, 5, 4, 4 ], "texture": "#4", "rotation": 270 },
				"west": { "uv": [ 5, 15.5, 4, 0.5 ], "texture": "#4", "rotation": 270 },
				"east": { "uv": [ 4, 0.5, 5, 15.5 ], "texture": "#4", "rotation": 90 }
			}
		},
		{
			"__comment": "Box207",
			"from": [ 12.75, -5.25, 0.75 ],
			"to": [ 22.75, -4.25, 15.75 ],
			"faces": {
				"down": { "uv": [ 12.375, 0.625, 16, 15.625 ], "texture": "#4" },
				"up": { "uv": [ 12.375, 0.375, 16, 15.375 ], "texture": "#4" },
				"north": { "uv": [ 0, 1.875, 3.625, 2.875 ], "texture": "#4" },
				"south": { "uv": [ 12.375, 1.875, 16, 2.875 ], "texture": "#4" },
				"west": { "uv": [ 0.375, 1.875, 15.375, 2.875 ], "texture": "#4" },
				"east": { "uv": [ 0.625, 1.875, 15.625, 2.875 ], "texture": "#4" }
			}
		},
		{
			"__comment": "Box207",
			"from": [ -8.575, -15.375, 0.95 ],
			"to": [ -7.575, -4.375, 15.55 ],
			"faces": {
				"down": { "uv": [ 7.05, 0.8249998, 8.05, 15.425 ], "texture": "#0" },
				"up": { "uv": [ 7.05, 0.5749998, 8.05, 15.175 ], "texture": "#0" },
				"north": { "uv": [ 7.950001, 2, 8.950001, 13 ], "texture": "#0" },
				"south": { "uv": [ 7.05, 2, 8.05, 13 ], "texture": "#0" },
				"west": { "uv": [ 0.575, 2, 15.175, 13 ], "texture": "#0" },
				"east": { "uv": [ 0.8249996, 2, 15.425, 13 ], "texture": "#0" }
			}
		},
		{
			"__comment": "Box207",
			"from": [ -7.875, -15.375, 0.25 ],
			"to": [ -6.875, -4.375, 1.25 ],
			"rotation": { "origin": [ -7.875, -15.375, 0.2500001 ], "axis": "y", "angle": -45 },
			"faces": {
				"down": { "uv": [ 8.25, 15, 9.25, 16 ], "texture": "#0" },
				"up": { "uv": [ 8.25, 0, 9.25, 1 ], "texture": "#0" },
				"north": { "uv": [ 6.75, 5, 7.75, 16 ], "texture": "#0" },
				"south": { "uv": [ 8.25, 5, 9.25, 16 ], "texture": "#0" },
				"west": { "uv": [ 0, 5, 1, 16 ], "texture": "#0" },
				"east": { "uv": [ 15, 5, 16, 16 ], "texture": "#0" }
			}
		},
		{
			"__comment": "Box207",
			"from": [ -7.875, -15.375, 15.25 ],
			"to": [ -6.875, -4.375, 16.25 ],
			"rotation": { "origin": [ -7.875, -15.375, 16.25 ], "axis": "y", "angle": 45 },
			"faces": {
				"down": { "uv": [ 8.25, 15, 9.25, 16 ], "texture": "#0", "rotation": 90 },
				"up": { "uv": [ 8.25, 0, 9.25, 1 ], "texture": "#0", "rotation": 270 },
				"north": { "uv": [ 15, 5, 16, 16 ], "texture": "#0" },
				"south": { "uv": [ 0, 5, 1, 16 ], "texture": "#0" },
				"west": { "uv": [ 6.75, 5, 7.75, 16 ], "texture": "#0" },
				"east": { "uv": [ 8.25, 5, 9.25, 16 ], "texture": "#0" }
			}
		},
		{
			"__comment": "Box207",
			"from": [ 24.625, -15.375, 15.25 ],
			"to": [ 25.625, -4.375, 16.25 ],
			"rotation": { "origin": [ 24.625, -15.375, 16.25 ], "axis": "y", "angle": 45 },
			"faces": {
				"down": { "uv": [ 8.25, 15, 9.25, 16 ], "texture": "#0", "rotation": 90 },
				"up": { "uv": [ 8.25, 0, 9.25, 1 ], "texture": "#0", "rotation": 270 },
				"north": { "uv": [ 15, 5, 16, 16 ], "texture": "#0" },
				"south": { "uv": [ 0, 5, 1, 16 ], "texture": "#0" },
				"west": { "uv": [ 6.75, 5, 7.75, 16 ], "texture": "#0" },
				"east": { "uv": [ 8.25, 5, 9.25, 16 ], "texture": "#0" }
			}
		},
		{
			"__comment": "Box207",
			"from": [ 24.3, -15.375, 0.95 ],
			"to": [ 25.3, -4.375, 15.55 ],
			"faces": {
				"down": { "uv": [ 7.924999, 0.8249998, 8.924999, 15.425 ], "texture": "#0" },
				"up": { "uv": [ 7.924999, 0.5749998, 8.924999, 15.175 ], "texture": "#0" },
				"north": { "uv": [ 7.075001, 2, 8.075001, 13 ], "texture": "#0" },
				"south": { "uv": [ 7.924999, 2, 8.924999, 13 ], "texture": "#0" },
				"west": { "uv": [ 0.575, 2, 15.175, 13 ], "texture": "#0" },
				"east": { "uv": [ 0.8249996, 2, 15.425, 13 ], "texture": "#0" }
			}
		},
		{
			"__comment": "Box207",
			"from": [ 24.625, -15.375, 0.25 ],
			"to": [ 25.625, -4.375, 1.25 ],
			"rotation": { "origin": [ 24.625, -15.375, 0.2500001 ], "axis": "y", "angle": -45 },
			"faces": {
				"down": { "uv": [ 8.25, 15, 9.25, 16 ], "texture": "#0" },
				"up": { "uv": [ 8.25, 0, 9.25, 1 ], "texture": "#0" },
				"north": { "uv": [ 6.75, 5, 7.75, 16 ], "texture": "#0" },
				"south": { "uv": [ 8.25, 5, 9.25, 16 ], "texture": "#0" },
				"west": { "uv": [ 0, 5, 1, 16 ], "texture": "#0" },
				"east": { "uv": [ 15, 5, 16, 16 ], "texture": "#0" }
			}
		},
		{
			"__comment": "Box207",
			"from": [ 4.375, -6.375, 0.25 ],
			"to": [ 12.375, -5.375, 15.25 ],
			"faces": {
				"down": { "uv": [ 4, 1.125, 12, 16 ], "texture": "#0" },
				"up": { "uv": [ 4, 0, 12, 14.875 ], "texture": "#0" },
				"north": { "uv": [ 4, 3, 12, 4 ], "texture": "#0" },
				"south": { "uv": [ 4, 3, 12, 4 ], "texture": "#0" },
				"west": { "uv": [ 0, 3, 14.875, 4 ], "texture": "#0" },
				"east": { "uv": [ 1.125, 3, 16, 4 ], "texture": "#0" }
			}
		},
		{
			"__comment": "Box207",
			"from": [ -10.9742, -3.75, 4.1072 ],
			"to": [ -9.974199, -1.75, 5.1072 ],
			"rotation": { "origin": [ 3.875, -0.875, 6.875 ], "axis": "y", "angle": 45 },
			"faces": {
				"down": { "uv": [ 8.25, 15, 9.25, 16 ], "texture": "#0", "rotation": 90 },
				"up": { "uv": [ 8.25, 0, 9.25, 1 ], "texture": "#0", "rotation": 270 },
				"north": { "uv": [ 15, 5, 16, 16 ], "texture": "#0" },
				"south": { "uv": [ 0, 5, 1, 16 ], "texture": "#0" },
				"west": { "uv": [ 6.75, 5, 7.75, 16 ], "texture": "#0" },
				"east": { "uv": [ 8.25, 5, 9.25, 16 ], "texture": "#0" }
			}
		},
		{
			"__comment": "Box207",
			"from": [ -8.575, -3.75, 0.825 ],
			"to": [ -7.575, -1.75, 15.425 ],
			"faces": {
				"down": { "uv": [ 7.55, 0.6999998, 8.55, 15.3 ], "texture": "#0" },
				"up": { "uv": [ 7.55, 0.6999998, 8.55, 15.3 ], "texture": "#0" },
				"north": { "uv": [ 7.450001, 5, 8.450001, 16 ], "texture": "#0" },
				"south": { "uv": [ 7.55, 5, 8.55, 16 ], "texture": "#0" },
				"west": { "uv": [ 0.7, 5, 15.3, 16 ], "texture": "#0" },
				"east": { "uv": [ 0.6999996, 5, 15.3, 16 ], "texture": "#0" }
			}
		},
		{
			"__comment": "Box207",
			"from": [ -9.2065, -3.75, 10.4105 ],
			"to": [ -8.2065, -1.75, 11.4105 ],
			"rotation": { "origin": [ 3.875, -0.875, 6.875 ], "axis": "y", "angle": -45 },
			"faces": {
				"down": { "uv": [ 8.25, 15, 9.25, 16 ], "texture": "#0" },
				"up": { "uv": [ 8.25, 0, 9.25, 1 ], "texture": "#0" },
				"north": { "uv": [ 6.75, 5, 7.75, 16 ], "texture": "#0" },
				"south": { "uv": [ 8.25, 5, 9.25, 16 ], "texture": "#0" },
				"west": { "uv": [ 0, 5, 1, 16 ], "texture": "#0" },
				"east": { "uv": [ 15, 5, 16, 16 ], "texture": "#0" }
			}
		},
		{
			"__comment": "Box207",
			"from": [ 12.0067, -3.75, 27.0882 ],
			"to": [ 13.0067, -1.75, 28.0882 ],
			"rotation": { "origin": [ 3.875, -0.875, 6.875 ], "axis": "y", "angle": 45 },
			"faces": {
				"down": { "uv": [ 8.25, 15, 9.25, 16 ], "texture": "#0", "rotation": 90 },
				"up": { "uv": [ 8.25, 0, 9.25, 1 ], "texture": "#0", "rotation": 270 },
				"north": { "uv": [ 15, 5, 16, 16 ], "texture": "#0" },
				"south": { "uv": [ 0, 5, 1, 16 ], "texture": "#0" },
				"west": { "uv": [ 6.75, 5, 7.75, 16 ], "texture": "#0" },
				"east": { "uv": [ 8.25, 5, 9.25, 16 ], "texture": "#0" }
			}
		},
		{
			"__comment": "Box207",
			"from": [ 24.3, -3.75, 0.825 ],
			"to": [ 25.3, -1.75, 15.425 ],
			"faces": {
				"down": { "uv": [ 8.424999, 0.6999998, 9.424999, 15.3 ], "texture": "#0" },
				"up": { "uv": [ 8.424999, 0.6999998, 9.424999, 15.3 ], "texture": "#0" },
				"north": { "uv": [ 6.575001, 5, 7.575001, 16 ], "texture": "#0" },
				"south": { "uv": [ 8.424999, 5, 9.424999, 16 ], "texture": "#0" },
				"west": { "uv": [ 0.7, 5, 15.3, 16 ], "texture": "#0" },
				"east": { "uv": [ 0.6999996, 5, 15.3, 16 ], "texture": "#0" }
			}
		},
		{
			"__comment": "Box207",
			"from": [ 13.7745, -3.75, -12.5704 ],
			"to": [ 14.7745, -1.75, -11.5704 ],
			"rotation": { "origin": [ 3.875, -0.875, 6.875 ], "axis": "y", "angle": -45 },
			"faces": {
				"down": { "uv": [ 8.25, 15, 9.25, 16 ], "texture": "#0" },
				"up": { "uv": [ 8.25, 0, 9.25, 1 ], "texture": "#0" },
				"north": { "uv": [ 6.75, 5, 7.75, 16 ], "texture": "#0" },
				"south": { "uv": [ 8.25, 5, 9.25, 16 ], "texture": "#0" },
				"west": { "uv": [ 0, 5, 1, 16 ], "texture": "#0" },
				"east": { "uv": [ 15, 5, 16, 16 ], "texture": "#0" }
			}
		},
		{
			"__comment": "Box207",
			"from": [ -7.875, -3.75, 0.625 ],
			"to": [ 24.625, -1.75, 15.225 ],
			"faces": {
				"down": { "uv": [ 0, 0.5, 16, 15.5 ], "texture": "#0" },
				"up": { "uv": [ 0, 0.5, 16, 15.5 ], "texture": "#0" },
				"north": { "uv": [ 0, 6, 16, 16 ], "texture": "#0" },
				"south": { "uv": [ 0, 6, 16, 16 ], "texture": "#0" },
				"west": { "uv": [ 0.5, 6, 15.5, 16 ], "texture": "#0" },
				"east": { "uv": [ 0.5, 6, 15.5, 16 ], "texture": "#0" }
			}
		},
		{
			"__comment": "Box207",
			"from": [ -8.6727, -3.75, 9.6897 ],
			"to": [ -7.6727, -1.75, 11.6897 ],
			"rotation": { "origin": [ 3.875, -0.875, 6.875 ], "axis": "y", "angle": 22.5 },
			"faces": {
				"down": { "uv": [ 12, 15, 14, 16 ], "texture": "#0", "rotation": 90 },
				"up": { "uv": [ 12, 0, 14, 1 ], "texture": "#0", "rotation": 270 },
				"north": { "uv": [ 15, 6, 16, 16 ], "texture": "#0" },
				"south": { "uv": [ 0, 6, 1, 16 ], "texture": "#0" },
				"west": { "uv": [ 2, 6, 4, 16 ], "texture": "#0" },
				"east": { "uv": [ 12, 6, 14, 16 ], "texture": "#0" }
			}
		},
		{
			"__comment": "Box207",
			"from": [ -7.875, -3.75, 0.125 ],
			"to": [ -5.875, -1.75, 16.125 ],
			"faces": {
				"down": { "uv": [ 8, 1, 10, 16 ], "texture": "#0" },
				"up": { "uv": [ 8, 0, 10, 15 ], "texture": "#0" },
				"north": { "uv": [ 6, 1, 8, 3 ], "texture": "#0" },
				"south": { "uv": [ 8, 1, 10, 3 ], "texture": "#0" },
				"west": { "uv": [ 0, 1, 15, 3 ], "texture": "#0" },
				"east": { "uv": [ 1, 1, 16, 3 ], "texture": "#0" }
			}
		},
		{
			"__comment": "Box207",
			"from": [ 22.625, -3.75, 0.125 ],
			"to": [ 24.625, -1.75, 16.125 ],
			"faces": {
				"down": { "uv": [ 6.75, 0, 8.75, 16 ], "texture": "#0" },
				"up": { "uv": [ 6.75, 0, 8.75, 16 ], "texture": "#0" },
				"north": { "uv": [ 7.25, 5, 9.25, 16 ], "texture": "#0" },
				"south": { "uv": [ 6.75, 5, 8.75, 16 ], "texture": "#0" },
				"west": { "uv": [ 0, 5, 16, 16 ], "texture": "#0" },
				"east": { "uv": [ 0, 5, 16, 16 ], "texture": "#0" }
			}
		},
		{
			"__comment": "Box207",
			"from": [ 17.6579, -3.75, 20.5962 ],
			"to": [ 18.6579, -1.75, 22.5962 ],
			"rotation": { "origin": [ 3.875, -0.875, 6.875 ], "axis": "y", "angle": 22.5 },
			"faces": {
				"down": { "uv": [ 12, 15, 14, 16 ], "texture": "#0", "rotation": 90 },
				"up": { "uv": [ 12, 0, 14, 1 ], "texture": "#0", "rotation": 270 },
				"north": { "uv": [ 15, 6, 16, 16 ], "texture": "#0" },
				"south": { "uv": [ 0, 6, 1, 16 ], "texture": "#0" },
				"west": { "uv": [ 2, 6, 4, 16 ], "texture": "#0" },
				"east": { "uv": [ 12, 6, 14, 16 ], "texture": "#0" }
			}
		},
		{
			"__comment": "Box207",
			"from": [ -7.9996, -3.75, 9.6979 ],
			"to": [ -6.999599, -1.75, 11.6979 ],
			"rotation": { "origin": [ 3.875, -0.875, 6.875 ], "axis": "y", "angle": 22.5 },
			"faces": {
				"down": { "uv": [ 12, 15, 14, 16 ], "texture": "#0", "rotation": 90 },
				"up": { "uv": [ 12, 0, 14, 1 ], "texture": "#0", "rotation": 270 },
				"north": { "uv": [ 15, 6, 16, 16 ], "texture": "#0" },
				"south": { "uv": [ 0, 6, 1, 16 ], "texture": "#0" },
				"west": { "uv": [ 2, 6, 4, 16 ], "texture": "#0" },
				"east": { "uv": [ 12, 6, 14, 16 ], "texture": "#0" }
			}
		},
		{
			"__comment": "Box207",
			"from": [ -7.6251, -3.75, 9.4471 ],
			"to": [ -6.6251, -1.75, 11.4471 ],
			"rotation": { "origin": [ 3.875, -0.875, 6.875 ], "axis": "y", "angle": 22.5 },
			"faces": {
				"down": { "uv": [ 12, 15, 14, 16 ], "texture": "#0", "rotation": 90 },
				"up": { "uv": [ 12, 0, 14, 1 ], "texture": "#0", "rotation": 270 },
				"north": { "uv": [ 15, 6, 16, 16 ], "texture": "#0" },
				"south": { "uv": [ 0, 6, 1, 16 ], "texture": "#0" },
				"west": { "uv": [ 2, 6, 4, 16 ], "texture": "#0" },
				"east": { "uv": [ 12, 6, 14, 16 ], "texture": "#0" }
			}
		},
		{
			"__comment": "Box207",
			"from": [ -7.3265, -3.75, 9.7061 ],
			"to": [ -6.3265, -1.75, 11.7061 ],
			"rotation": { "origin": [ 3.875, -0.875, 6.875 ], "axis": "y", "angle": 22.5 },
			"faces": {
				"down": { "uv": [ 12, 15, 14, 16 ], "texture": "#0", "rotation": 90 },
				"up": { "uv": [ 12, 0, 14, 1 ], "texture": "#0", "rotation": 270 },
				"north": { "uv": [ 15, 6, 16, 16 ], "texture": "#0" },
				"south": { "uv": [ 0, 6, 1, 16 ], "texture": "#0" },
				"west": { "uv": [ 2, 6, 4, 16 ], "texture": "#0" },
				"east": { "uv": [ 12, 6, 14, 16 ], "texture": "#0" }
			}
		},
		{
			"__comment": "Box52",
			"from": [ 14.125, -2.125, 6.625 ],
			"to": [ 15.625, -0.625, 8.125 ],
			"faces": {
				"down": { "uv": [ 14, 9, 15.5, 10.5 ], "texture": "#5" },
				"up": { "uv": [ 14, 5.5, 15.5, 7 ], "texture": "#5" },
				"north": { "uv": [ 0.5, 0, 2, 1 ], "texture": "#5" },
				"south": { "uv": [ 14, 0, 15.5, 1 ], "texture": "#5" },
				"west": { "uv": [ 5.5, 0, 7, 1 ], "texture": "#5" },
				"east": { "uv": [ 9, 0, 10.5, 1 ], "texture": "#5" }
			}
		},
		{
			"__comment": "Box52",
			"from": [ 3.625, -2.25, 6.625 ],
			"to": [ 5.125, -0.75, 8.125 ],
			"faces": {
				"down": { "uv": [ 3.5, 9, 5, 10.5 ], "texture": "#5" },
				"up": { "uv": [ 3.5, 5.5, 5, 7 ], "texture": "#5" },
				"north": { "uv": [ 11, 0, 12.5, 1.5 ], "texture": "#5" },
				"south": { "uv": [ 3.5, 0, 5, 1.5 ], "texture": "#5" },
				"west": { "uv": [ 5.5, 0, 7, 1.5 ], "texture": "#5" },
				"east": { "uv": [ 9, 0, 10.5, 1.5 ], "texture": "#5" }
			}
		},
		{
			"__comment": "Box52",
			"from": [ 3.875, -0.875, 6.875 ],
			"to": [ 4.875, 1.625, 7.875 ],
			"faces": {
				"down": { "uv": [ 3.75, 9.25, 4.75, 10.25 ], "texture": "#4" },
				"up": { "uv": [ 3.75, 5.75, 4.75, 6.75 ], "texture": "#4" },
				"north": { "uv": [ 11.25, 0, 12.25, 0.125 ], "texture": "#4" },
				"south": { "uv": [ 3.75, 0, 4.75, 0.125 ], "texture": "#4" },
				"west": { "uv": [ 5.75, 0, 6.75, 0.125 ], "texture": "#4" },
				"east": { "uv": [ 9.25, 0, 10.25, 0.125 ], "texture": "#4" }
			}
		},
		{
			"__comment": "Box52",
			"from": [ 14.375, -0.875, 6.875 ],
			"to": [ 15.375, 1.625, 7.875 ],
			"faces": {
				"down": { "uv": [ 14.25, 9.25, 15.25, 10.25 ], "texture": "#4" },
				"up": { "uv": [ 14.25, 5.75, 15.25, 6.75 ], "texture": "#4" },
				"north": { "uv": [ 0.75, 0, 1.75, 0.125 ], "texture": "#4" },
				"south": { "uv": [ 14.25, 0, 15.25, 0.125 ], "texture": "#4" },
				"west": { "uv": [ 5.75, 0, 6.75, 0.125 ], "texture": "#4" },
				"east": { "uv": [ 9.25, 0, 10.25, 0.125 ], "texture": "#4" }
			}
		},
		{
			"__comment": "Box52",
			"from": [ 4.125, 1.125, 6.875 ],
			"to": [ 15.125, 2.125, 7.875 ],
			"faces": {
				"down": { "uv": [ 9, 10, 10, 12.5 ], "texture": "#4", "rotation": 90 },
				"up": { "uv": [ 7, 12.5, 6, 10 ], "texture": "#4", "rotation": 270 },
				"north": { "uv": [ 11.5, 10, 12.5, 12.5 ], "texture": "#4", "rotation": 270 },
				"south": { "uv": [ 3.5, 10, 4.5, 12.5 ], "texture": "#4", "rotation": 90 },
				"west": { "uv": [ 3.5, 9, 4.5, 10 ], "texture": "#4", "rotation": 90 },
				"east": { "uv": [ 4.5, 7, 3.5, 6 ], "texture": "#4", "rotation": 270 }
			}
		},
		{
			"__comment": "Box52",
			"from": [ 3.75, 1, 7.125 ],
			"to": [ 4.25, 1.5, 7.625 ],
			"faces": {
				"down": { "uv": [ 3.625, 9.5, 4.125, 10 ], "texture": "#e" },
				"up": { "uv": [ 3.625, 6, 4.125, 6.5 ], "texture": "#e" },
				"north": { "uv": [ 11.875, 13.75, 12.375, 14.25 ], "texture": "#e" },
				"south": { "uv": [ 3.625, 13.75, 4.125, 14.25 ], "texture": "#e" },
				"west": { "uv": [ 6, 13.75, 6.5, 14.25 ], "texture": "#e" },
				"east": { "uv": [ 9.5, 13.75, 10, 14.25 ], "texture": "#e" }
			}
		},
		{
			"__comment": "Box52",
			"from": [ 15, 1, 7.125 ],
			"to": [ 15.5, 1.5, 7.625 ],
			"faces": {
				"down": { "uv": [ 14.875, 9.5, 15.375, 10 ], "texture": "#e" },
				"up": { "uv": [ 14.875, 6, 15.375, 6.5 ], "texture": "#e" },
				"north": { "uv": [ 0.625, 13.75, 1.125, 14.25 ], "texture": "#e" },
				"south": { "uv": [ 14.875, 13.75, 15.375, 14.25 ], "texture": "#e" },
				"west": { "uv": [ 6, 13.75, 6.5, 14.25 ], "texture": "#e" },
				"east": { "uv": [ 9.5, 13.75, 10, 14.25 ], "texture": "#e" }
			}
		},
		{
			"__comment": "Box52",
			"from": [ 24.875, -10.375, 2.125 ],
			"to": [ 25.875, -7.875, 3.125 ],
			"rotation": { "origin": [ 24.875, -7.875, 2.125 ], "axis": "z", "angle": 22.5 },
			"faces": {
				"down": { "uv": [ 1, 6, 2, 7 ], "texture": "#4", "rotation": 270 },
				"up": { "uv": [ 1, 9, 2, 10 ], "texture": "#4", "rotation": 90 },
				"north": { "uv": [ 7, 8.5, 6, 6 ], "texture": "#4" },
				"south": { "uv": [ 10, 8.5, 9, 6 ], "texture": "#4" },
				"west": { "uv": [ 14, 6, 15, 8.5 ], "texture": "#4", "rotation": 180 },
				"east": { "uv": [ 1, 6, 2, 8.5 ], "texture": "#4", "rotation": 180 }
			}
		},
		{
			"__comment": "Box52",
			"from": [ 24.875, -10.875, 2.375 ],
			"to": [ 25.875, -9.875, 13.375 ],
			"rotation": { "origin": [ 24.875, -7.875, 2.125 ], "axis": "z", "angle": 22.5 },
			"faces": {
				"down": { "uv": [ 7, 12.5, 6, 10 ], "texture": "#4", "rotation": 180 },
				"up": { "uv": [ 9, 10, 10, 12.5 ], "texture": "#4", "rotation": 180 },
				"north": { "uv": [ 4.5, 10, 3.5, 9 ], "texture": "#4", "rotation": 90 },
				"south": { "uv": [ 3.5, 6, 4.5, 7 ], "texture": "#4", "rotation": 270 },
				"west": { "uv": [ 11.5, 10, 12.5, 12.5 ], "texture": "#4", "rotation": 90 },
				"east": { "uv": [ 3.5, 10, 4.5, 12.5 ], "texture": "#4", "rotation": 270 }
			}
		},
		{
			"__comment": "Box52",
			"from": [ 24.875, -10.375, 12.625 ],
			"to": [ 25.875, -7.875, 13.625 ],
			"rotation": { "origin": [ 24.875, -7.875, 2.125 ], "axis": "z", "angle": 22.5 },
			"faces": {
				"down": { "uv": [ 14.25, 5.75, 15.25, 6.75 ], "texture": "#4", "rotation": 270 },
				"up": { "uv": [ 14.25, 9.25, 15.25, 10.25 ], "texture": "#4", "rotation": 90 },
				"north": { "uv": [ 6.75, 0.125, 5.75, 0 ], "texture": "#4" },
				"south": { "uv": [ 10.25, 0.125, 9.25, 0 ], "texture": "#4" },
				"west": { "uv": [ 0.75, 0, 1.75, 0.125 ], "texture": "#4", "rotation": 180 },
				"east": { "uv": [ 14.25, 0, 15.25, 0.125 ], "texture": "#4", "rotation": 180 }
			}
		},
		{
			"__comment": "Box52",
			"from": [ 25.125, -10.25, 13.25 ],
			"to": [ 25.625, -9.75, 13.75 ],
			"rotation": { "origin": [ 24.875, -7.875, 2.125 ], "axis": "z", "angle": 22.5 },
			"faces": {
				"down": { "uv": [ 14.875, 6, 15.375, 6.5 ], "texture": "#e", "rotation": 270 },
				"up": { "uv": [ 14.875, 9.5, 15.375, 10 ], "texture": "#e", "rotation": 90 },
				"north": { "uv": [ 6.5, 14.25, 6, 13.75 ], "texture": "#e" },
				"south": { "uv": [ 10, 14.25, 9.5, 13.75 ], "texture": "#e" },
				"west": { "uv": [ 0.625, 13.75, 1.125, 14.25 ], "texture": "#e", "rotation": 180 },
				"east": { "uv": [ 14.875, 13.75, 15.375, 14.25 ], "texture": "#e", "rotation": 180 }
			}
		},
		{
			"__comment": "Box52",
			"from": [ 25.125, -10.25, 2 ],
			"to": [ 25.625, -9.75, 2.5 ],
			"rotation": { "origin": [ 24.875, -7.875, 2.125 ], "axis": "z", "angle": 22.5 },
			"faces": {
				"down": { "uv": [ 3.625, 6, 4.125, 6.5 ], "texture": "#e", "rotation": 270 },
				"up": { "uv": [ 3.625, 9.5, 4.125, 10 ], "texture": "#e", "rotation": 90 },
				"north": { "uv": [ 6.5, 14.25, 6, 13.75 ], "texture": "#e" },
				"south": { "uv": [ 10, 14.25, 9.5, 13.75 ], "texture": "#e" },
				"west": { "uv": [ 11.875, 13.75, 12.375, 14.25 ], "texture": "#e", "rotation": 180 },
				"east": { "uv": [ 3.625, 13.75, 4.125, 14.25 ], "texture": "#e", "rotation": 180 }
			}
		},
		{
			"__comment": "Box52",
			"from": [ 24.5, -8.75, 12.375 ],
			"to": [ 26, -7.25, 13.875 ],
			"faces": {
				"down": { "uv": [ 14, 13.5, 15.5, 15 ], "texture": "#5", "rotation": 270 },
				"up": { "uv": [ 14, 1, 15.5, 2.5 ], "texture": "#5", "rotation": 90 },
				"north": { "uv": [ 1, 5, 2.5, 6.5 ], "texture": "#5" },
				"south": { "uv": [ 13.5, 5, 15, 6.5 ], "texture": "#5" },
				"west": { "uv": [ 14, 5, 15.5, 6.5 ], "texture": "#5" },
				"east": { "uv": [ 0.5, 5, 2, 6.5 ], "texture": "#5" }
			}
		},
		{
			"__comment": "Box52",
			"from": [ 24.4999, -8.875, 1.875 ],
			"to": [ 25.9999, -7.375, 3.375 ],
			"faces": {
				"down": { "uv": [ 3.5, 9, 5, 10.5 ], "texture": "#5", "rotation": 270 },
				"up": { "uv": [ 3.5, 5.5, 5, 7 ], "texture": "#5", "rotation": 90 },
				"north": { "uv": [ 5.5, 0, 7, 1.5 ], "texture": "#5" },
				"south": { "uv": [ 9, 0, 10.5, 1.5 ], "texture": "#5" },
				"west": { "uv": [ 3.5, 0, 5, 1.5 ], "texture": "#5" },
				"east": { "uv": [ 11, 0, 12.5, 1.5 ], "texture": "#5" }
			}
		},
		{
			"__comment": "Box52",
			"from": [ -11, -10.75, 2.375 ],
			"to": [ -10, -9.75, 13.375 ],
			"rotation": { "origin": [ -10, -9.75, 13.375 ], "axis": "z", "angle": -45 },
			"faces": {
				"down": { "uv": [ 7, 12.5, 6, 10 ], "texture": "#4" },
				"up": { "uv": [ 9, 10, 10, 12.5 ], "texture": "#4" },
				"north": { "uv": [ 3.5, 6, 4.5, 7 ], "texture": "#4", "rotation": 270 },
				"south": { "uv": [ 4.5, 10, 3.5, 9 ], "texture": "#4", "rotation": 90 },
				"west": { "uv": [ 3.5, 10, 4.5, 12.5 ], "texture": "#4", "rotation": 270 },
				"east": { "uv": [ 11.5, 10, 12.5, 12.5 ], "texture": "#4", "rotation": 90 }
			}
		},
		{
			"__comment": "Box52",
			"from": [ -10.75, -10.125, 13.25 ],
			"to": [ -10.25, -9.625, 13.75 ],
			"rotation": { "origin": [ -10, -9.75, 13.375 ], "axis": "z", "angle": -45 },
			"faces": {
				"down": { "uv": [ 3.625, 6, 4.125, 6.5 ], "texture": "#e", "rotation": 90 },
				"up": { "uv": [ 3.625, 9.5, 4.125, 10 ], "texture": "#e", "rotation": 270 },
				"north": { "uv": [ 10, 14.25, 9.5, 13.75 ], "texture": "#e" },
				"south": { "uv": [ 6.5, 14.25, 6, 13.75 ], "texture": "#e" },
				"west": { "uv": [ 3.625, 13.75, 4.125, 14.25 ], "texture": "#e", "rotation": 180 },
				"east": { "uv": [ 11.875, 13.75, 12.375, 14.25 ], "texture": "#e", "rotation": 180 }
			}
		},
		{
			"__comment": "Box52",
			"from": [ -10.7501, -10.125, 2 ],
			"to": [ -10.2501, -9.625, 2.5 ],
			"rotation": { "origin": [ -10, -9.75, 13.375 ], "axis": "z", "angle": -45 },
			"faces": {
				"down": { "uv": [ 14.875, 6, 15.375, 6.5 ], "texture": "#e", "rotation": 90 },
				"up": { "uv": [ 14.875, 9.5, 15.375, 10 ], "texture": "#e", "rotation": 270 },
				"north": { "uv": [ 10, 14.25, 9.5, 13.75 ], "texture": "#e" },
				"south": { "uv": [ 6.5, 14.25, 6, 13.75 ], "texture": "#e" },
				"west": { "uv": [ 14.875, 13.75, 15.375, 14.25 ], "texture": "#e", "rotation": 180 },
				"east": { "uv": [ 0.625, 13.75, 1.125, 14.25 ], "texture": "#e", "rotation": 180 }
			}
		},
		{
			"__comment": "Box52",
			"from": [ -11, -10.25, 12.625 ],
			"to": [ -10, -7.75, 13.625 ],
			"rotation": { "origin": [ -10, -9.75, 13.375 ], "axis": "z", "angle": -45 },
			"faces": {
				"down": { "uv": [ 3.75, 5.75, 4.75, 6.75 ], "texture": "#4", "rotation": 90 },
				"up": { "uv": [ 3.75, 9.25, 4.75, 10.25 ], "texture": "#4", "rotation": 270 },
				"north": { "uv": [ 10.25, 0.125, 9.25, 0 ], "texture": "#4" },
				"south": { "uv": [ 6.75, 0.125, 5.75, 0 ], "texture": "#4" },
				"west": { "uv": [ 3.75, 0, 4.75, 0.125 ], "texture": "#4", "rotation": 180 },
				"east": { "uv": [ 11.25, 0, 12.25, 0.125 ], "texture": "#4", "rotation": 180 }
			}
		},
		{
			"__comment": "Box52",
			"from": [ -11.0001, -10.25, 2.125 ],
			"to": [ -10.0001, -7.75, 3.125 ],
			"rotation": { "origin": [ -10, -9.75, 13.375 ], "axis": "z", "angle": -45 },
			"faces": {
				"down": { "uv": [ 14.25, 5.75, 15.25, 6.75 ], "texture": "#4", "rotation": 90 },
				"up": { "uv": [ 14.25, 9.25, 15.25, 10.25 ], "texture": "#4", "rotation": 270 },
				"north": { "uv": [ 10.25, 0.125, 9.25, 0 ], "texture": "#4" },
				"south": { "uv": [ 6.75, 0.125, 5.75, 0 ], "texture": "#4" },
				"west": { "uv": [ 14.25, 0, 15.25, 0.125 ], "texture": "#4", "rotation": 180 },
				"east": { "uv": [ 0.75, 0, 1.75, 0.125 ], "texture": "#4", "rotation": 180 }
			}
		},
		{
			"__comment": "Box52",
			"from": [ -9.25, -8.7501, 1.875 ],
			"to": [ -7.75, -7.2501, 3.375 ],
			"faces": {
				"down": { "uv": [ 15.5, 1.375, 14, 0 ], "texture": "#5", "rotation": 270 },
				"up": { "uv": [ 0.5, 0, 2, 1.375 ], "texture": "#5", "rotation": 90 },
				"north": { "uv": [ 10.5, 1.375, 9, 0 ], "texture": "#5", "rotation": 90 },
				"south": { "uv": [ 7, 1.375, 5.5, 0 ], "texture": "#5", "rotation": 270 },
				"west": { "uv": [ 14, 9, 15.5, 10.5 ], "texture": "#5", "rotation": 180 },
				"east": { "uv": [ 15.5, 7, 14, 5.5 ], "texture": "#5", "rotation": 180 }
			}
		},
		{
			"__comment": "Box52",
			"from": [ -9.375, -8.75, 12.375 ],
			"to": [ -7.875, -7.25, 13.875 ],
			"faces": {
				"down": { "uv": [ 5, 1.5, 3.5, 0 ], "texture": "#5", "rotation": 270 },
				"up": { "uv": [ 11, 0, 12.5, 1.5 ], "texture": "#5", "rotation": 90 },
				"north": { "uv": [ 10.5, 1.5, 9, 0 ], "texture": "#5", "rotation": 90 },
				"south": { "uv": [ 7, 1.5, 5.5, 0 ], "texture": "#5", "rotation": 270 },
				"west": { "uv": [ 3.5, 9, 5, 10.5 ], "texture": "#5", "rotation": 180 },
				"east": { "uv": [ 5, 7, 3.5, 5.5 ], "texture": "#5", "rotation": 180 }
			}
		},
		{
			"__comment": "Box76",
			"from": [ 2.375, -1.875, 8.25 ],
			"to": [ 2.675, 18.125, 8.55 ],
			"faces": {
				"down": { "uv": [ 2, 1.7, 2.3, 2 ], "texture": "#9" },
				"up": { "uv": [ 2, 14, 2.3, 14.3 ], "texture": "#9" },
				"north": { "uv": [ 13.7, 0, 14, 15.5 ], "texture": "#9" },
				"south": { "uv": [ 2, 0, 2.3, 15.5 ], "texture": "#9" },
				"west": { "uv": [ 14, 0, 14.3, 15.5 ], "texture": "#9" },
				"east": { "uv": [ 1.700001, 0, 2, 15.5 ], "texture": "#9" }
			}
		},
		{
			"__comment": "Box76",
			"from": [ 16.375, -1.875, 8.25 ],
			"to": [ 16.675, 18.125, 8.55 ],
			"faces": {
				"down": { "uv": [ 0, 1.7, 0.2999992, 2 ], "texture": "#9" },
				"up": { "uv": [ 0, 14, 0.2999992, 14.3 ], "texture": "#9" },
				"north": { "uv": [ 15.7, 0, 16, 15.5 ], "texture": "#9" },
				"south": { "uv": [ 0, 0, 0.2999992, 15.5 ], "texture": "#9" },
				"west": { "uv": [ 14, 0, 14.3, 15.5 ], "texture": "#9" },
				"east": { "uv": [ 1.700001, 0, 2, 15.5 ], "texture": "#9" }
			}
		},
		{
			"__comment": "Box76",
			"from": [ 20.25, -3.125, 8.25 ],
			"to": [ 20.55, 16.875, 8.55 ],
			"rotation": { "origin": [ 20.25, -3.125, 8.25 ], "axis": "z", "angle": -22.5 },
			"faces": {
				"down": { "uv": [ 0, 1.7, 0.2999992, 2 ], "texture": "#9" },
				"up": { "uv": [ 0, 14, 0.2999992, 14.3 ], "texture": "#9" },
				"north": { "uv": [ 15.7, 0, 16, 15.5 ], "texture": "#9" },
				"south": { "uv": [ 0, 0, 0.2999992, 15.5 ], "texture": "#9" },
				"west": { "uv": [ 14, 0, 14.3, 15.5 ], "texture": "#9" },
				"east": { "uv": [ 1.700001, 0, 2, 15.5 ], "texture": "#9" }
			}
		},
		{
			"__comment": "Box79",
			"from": [ 0.375, 29.5, -15.625 ],
			"to": [ 17.375, 30, 31.375 ],
			"faces": {
				"down": { "uv": [ 0, 0, 16, 16 ], "texture": "#e" },
				"up": { "uv": [ 0, 0, 16, 16 ], "texture": "#e" },
				"north": { "uv": [ 0, 2, 16, 2.5 ], "texture": "#e" },
				"south": { "uv": [ 0, 2, 16, 2.5 ], "texture": "#e" },
				"west": { "uv": [ 0, 2, 16, 2.5 ], "texture": "#e" },
				"east": { "uv": [ 0, 2, 16, 2.5 ], "texture": "#e" }
			}
		},
		{
			"__comment": "Box79",
			"from": [ 17.125, 29.5, -15.625 ],
			"to": [ 25.125, 30, 31.375 ],
			"rotation": { "origin": [ 17.125, 29.5, -15.625 ], "axis": "z", "angle": -22.5 },
			"faces": {
				"down": { "uv": [ 12.5, 0, 16, 16 ], "texture": "#e" },
				"up": { "uv": [ 12.5, 0, 16, 16 ], "texture": "#e" },
				"north": { "uv": [ 0, 3, 3.5, 3.5 ], "texture": "#e" },
				"south": { "uv": [ 12.5, 3, 16, 3.5 ], "texture": "#e" },
				"west": { "uv": [ 0, 3, 16, 3.5 ], "texture": "#e" },
				"east": { "uv": [ 0, 3, 16, 3.5 ], "texture": "#e" }
			}
		},
		{
			"__comment": "Box79",
			"from": [ -9.25, 29.5, -15.625 ],
			"to": [ -1.25, 30, 31.375 ],
			"rotation": { "origin": [ -1.25, 30, -15.625 ], "axis": "z", "angle": 22.5 },
			"faces": {
				"down": { "uv": [ 12.5, 0, 16, 16 ], "texture": "#e", "rotation": 180 },
				"up": { "uv": [ 12.5, 0, 16, 16 ], "texture": "#e", "rotation": 180 },
				"north": { "uv": [ 3.5, 3.5, 0, 3 ], "texture": "#e" },
				"south": { "uv": [ 16, 3.5, 12.5, 3 ], "texture": "#e" },
				"west": { "uv": [ 0, 3, 16, 3.5 ], "texture": "#e", "rotation": 180 },
				"east": { "uv": [ 0, 3, 16, 3.5 ], "texture": "#e", "rotation": 180 }
			}
		},
		{
			"__comment": "Box79",
			"from": [ -8.5, 17, -15.625 ],
			"to": [ -8, 27, 31.375 ],
			"rotation": { "origin": [ -8.5, 27, -15.625 ], "axis": "z", "angle": -45 },
			"faces": {
				"down": { "uv": [ 0, 3, 16, 3.5 ], "texture": "#e", "rotation": 90 },
				"up": { "uv": [ 16, 3.5, 0, 3 ], "texture": "#e", "rotation": 270 },
				"north": { "uv": [ 3.5, 3.5, 0, 3 ], "texture": "#e", "rotation": 90 },
				"south": { "uv": [ 16, 3.5, 12.5, 3 ], "texture": "#e", "rotation": 270 },
				"west": { "uv": [ 16, 16, 12.5, 0 ], "texture": "#e", "rotation": 270 },
				"east": { "uv": [ 12.5, 0, 16, 16 ], "texture": "#e", "rotation": 90 }
			}
		},
		{
			"__comment": "Box76",
			"from": [ 22.5, 2.375, 8.25 ],
			"to": [ 22.8, 22.375, 8.55 ],
			"rotation": { "origin": [ 22.5, 2.375, 8.25 ], "axis": "z", "angle": -22.5 },
			"faces": {
				"down": { "uv": [ 0, 1.7, 0.2999992, 2 ], "texture": "#9" },
				"up": { "uv": [ 0, 14, 0.2999992, 14.3 ], "texture": "#9" },
				"north": { "uv": [ 15.7, 0, 16, 15.5 ], "texture": "#9" },
				"south": { "uv": [ 0, 0, 0.2999992, 15.5 ], "texture": "#9" },
				"west": { "uv": [ 14, 0, 14.3, 15.5 ], "texture": "#9" },
				"east": { "uv": [ 1.700001, 0, 2, 15.5 ], "texture": "#9" }
			}
		},
		{
			"__comment": "Box76",
			"from": [ 16.375, 10, 8.25 ],
			"to": [ 16.675, 30, 8.55 ],
			"faces": {
				"down": { "uv": [ 0, 1.7, 0.2999992, 2 ], "texture": "#9" },
				"up": { "uv": [ 0, 14, 0.2999992, 14.3 ], "texture": "#9" },
				"north": { "uv": [ 15.7, 0, 16, 6 ], "texture": "#9" },
				"south": { "uv": [ 0, 0, 0.2999992, 6 ], "texture": "#9" },
				"west": { "uv": [ 14, 0, 14.3, 6 ], "texture": "#9" },
				"east": { "uv": [ 1.700001, 0, 2, 6 ], "texture": "#9" }
			}
		},
		{
			"__comment": "Box76",
			"from": [ 2.375, 10, 8.25 ],
			"to": [ 2.675, 30, 8.55 ],
			"faces": {
				"down": { "uv": [ 2, 1.7, 2.3, 2 ], "texture": "#9" },
				"up": { "uv": [ 2, 14, 2.3, 14.3 ], "texture": "#9" },
				"north": { "uv": [ 13.7, 0, 14, 6 ], "texture": "#9" },
				"south": { "uv": [ 2, 0, 2.3, 6 ], "texture": "#9" },
				"west": { "uv": [ 14, 0, 14.3, 6 ], "texture": "#9" },
				"east": { "uv": [ 1.700001, 0, 2, 6 ], "texture": "#9" }
			}
		},
		{
			"__comment": "Box76",
			"from": [ 0.375, -2.5, 8.25 ],
			"to": [ 0.675, 17.5, 8.55 ],
			"rotation": { "origin": [ 0.375, -2.5, 8.25 ], "axis": "z", "angle": 22.5 },
			"faces": {
				"down": { "uv": [ 14.5, 1.7, 14.8, 2 ], "texture": "#9" },
				"up": { "uv": [ 14.5, 14, 14.8, 14.3 ], "texture": "#9" },
				"north": { "uv": [ 1.200001, 0, 1.5, 16 ], "texture": "#9" },
				"south": { "uv": [ 14.5, 0, 14.8, 16 ], "texture": "#9" },
				"west": { "uv": [ 14, 0, 14.3, 16 ], "texture": "#9" },
				"east": { "uv": [ 1.700001, 0, 2, 16 ], "texture": "#9" }
			}
		},
		{
			"__comment": "Box76",
			"from": [ -3.125, 5.75, 8.25 ],
			"to": [ -2.825, 25.75, 8.55 ],
			"rotation": { "origin": [ -3.125, 5.75, 8.25 ], "axis": "z", "angle": 22.5 },
			"faces": {
				"down": { "uv": [ 14.5, 1.7, 14.8, 2 ], "texture": "#9" },
				"up": { "uv": [ 14.5, 14, 14.8, 14.3 ], "texture": "#9" },
				"north": { "uv": [ 1.200001, 0, 1.5, 16 ], "texture": "#9" },
				"south": { "uv": [ 14.5, 0, 14.8, 16 ], "texture": "#9" },
				"west": { "uv": [ 14, 0, 14.3, 16 ], "texture": "#9" },
				"east": { "uv": [ 1.700001, 0, 2, 16 ], "texture": "#9" }
			}
		},
		{
			"__comment": "Box79",
			"from": [ -1.25, 29.5, -15.625 ],
			"to": [ 15.75, 30, 31.375 ],
			"faces": {
				"down": { "uv": [ 0, 0, 15.375, 16 ], "texture": "#e" },
				"up": { "uv": [ 0, 0, 15.375, 16 ], "texture": "#e" },
				"north": { "uv": [ 0.625, 2, 16, 2.5 ], "texture": "#e" },
				"south": { "uv": [ 0, 2, 15.375, 2.5 ], "texture": "#e" },
				"west": { "uv": [ 0, 2, 16, 2.5 ], "texture": "#e" },
				"east": { "uv": [ 0, 2, 16, 2.5 ], "texture": "#e" }
			}
		},
		{
			"__comment": "Box79",
			"from": [ 21.0001, 25.375, -15.5 ],
			"to": [ 31.0001, 25.875, 31.5 ],
			"rotation": { "origin": [ 21, 25.375, -15.5 ], "axis": "z", "angle": -45 },
			"faces": {
				"down": { "uv": [ 12.5, 0, 16, 16 ], "texture": "#e" },
				"up": { "uv": [ 12.5, 0, 16, 16 ], "texture": "#e" },
				"north": { "uv": [ 3.5, 3.5, 0, 3 ], "texture": "#e", "rotation": 180 },
				"south": { "uv": [ 16, 3.5, 12.5, 3 ], "texture": "#e", "rotation": 180 },
				"west": { "uv": [ 16, 3.5, 0, 3 ], "texture": "#e", "rotation": 180 },
				"east": { "uv": [ 16, 3.5, 0, 3 ], "texture": "#e", "rotation": 180 }
			}
		}
	],
	"display": {
		"thirdperson_righthand": {
			"rotation":  [ 0, 91, 0 ],
			"translation":  [ -0.608, 1.1956, -1.913 ],
			"scale":  [ 0.6913, 0.8304, 0.9347 ]
		},
		"thirdperson_lefthand": {
			"rotation":  [ 0, -90, -170 ],
			"translation":  [ -2, -4.5, 9 ],
			"scale":  [ 0.0001, 0.0001, 0.0001 ]
		},
		"firstperson_righthand": {
			"rotation":  [ 0, 90, 0 ],
			"translation":  [ -2, 2.5, -9 ],
			"scale":  [ 0.0001, 0.0001, 0.0001 ]
		},
		"firstperson_lefthand": {
			"rotation":  [ 0, 45, 0 ],
			"translation":  [ -14.68, 5.8369, -2.586 ],
			"scale":  [ 0.3, 0.3, 0.3 ]
		},
		"gui": {
			"rotation":  [ -3, -180, -46 ],
			"translation":  [ 0.6956, 0.6956, 0 ],
			"scale":  [ 0.3, 0.3, 0.9 ]
		},
		"head": {
			"scale":  [ 1.8, 1.8, 1.8 ]
		},
		"ground": {
			"translation":  [ 0, -0.5, 0 ],
			"scale":  [ 0.9, 0.9, 0.9 ]
		},
		"fixed": {
			"translation":  [ 0, 0.5, -2.25 ],
			"scale":  [ -1.8, 1.8, -1.8 ]
		}
	}
}