{
	"__comment": "Designed by Cookiesnom with Cubik Studio - https://cubik.studio",
	"textures": {
		"1": "custom/cabinets/gymlocker"
	},
	"elements": [ 	 
		{
			"__comment": "Element",
			"from": [ 0, -16, 2.5 ],
			"to": [ 32, 26, 13.5 ],
			"faces": {
				"down": { "uv": [ 6, 5.75, 6.25, 11 ], "texture": "#1" },
				"up": { "uv": [ 6, 5.75, 6.25, 11 ], "texture": "#1" },
				"north": { "uv": [ 0, 0, 12.1905, 16 ], "texture": "#1" },
				"south": { "uv": [ 0, 0, 12.1905, 16 ], "texture": "#1" },
				"west": { "uv": [ 6, 5.75, 6.25, 11 ], "texture": "#1" },
				"east": { "uv": [ 6, 5.75, 6.25, 11 ], "texture": "#1" }
			}
		}
	],
	"display": {
		"thirdperson_righthand": {
			"rotation":  [ 75, 45, 0 ],
			"translation":  [ 0, 2.5, 0 ],
			"scale":  [ 0.2, 0.2, 0.2 ]
		},
		"thirdperson_lefthand": {
			"rotation":  [ 75, 45, 0 ],
			"translation":  [ 0, 2.5, 0 ],
			"scale":  [ 0.2, 0.2, 0.2 ]
		},
		"firstperson_righthand": {
			"rotation":  [ 0, 45, 0 ],
			"scale":  [ 0.2, 0.2, 0.2 ]
		},
		"firstperson_lefthand": {
			"rotation":  [ 0, 45, 0 ],
			"scale":  [ 0.2, 0.2, 0.2 ]
		},
		"gui": {
			"rotation":  [ 30, 225, 0 ],
			"translation":  [ 0.6956, 0, 0 ],
			"scale":  [ 0.2, 0.2, 0.2 ]
		},
		"head": {
			"rotation":  [ 0, 180, 0 ],
			"translation":  [ 0, -2.086, 0 ],
			"scale":  [ 1.6, 1.6, 1.6 ]
		},
		"ground": {
			"translation":  [ 0, 3, 0 ],
			"scale":  [ 0.25, 0.25, 0.25 ]
		},
		"fixed": {
			"translation":  [ 0, 64.695, -10.43 ],
			"scale":  [ 2, 2, 2 ]
		}
	}
}