{
	"__comment": "geune",
	"textures": {
		"1EnrG": "blocks/colours/green"
	},
	"elements": [ 	 
		{
			"__comment": "Voxels",
			"from": [ 4.5, 8.125, 2.75 ],
			"to": [ 5, 12.125, 3.75 ],
			"faces": {
				"down": { "uv": [ 12, 10.5, 12.75, 11 ], "texture": "#1EnrG" },
				"up": { "uv": [ 12, 9, 12.75, 9.5 ], "texture": "#1EnrG" },
				"north": { "uv": [ 2.75, 10.25, 3.5, 12.25 ], "texture": "#1EnrG" },
				"south": { "uv": [ 2.75, 8.25, 3.5, 10.25 ], "texture": "#1EnrG" },
				"west": { "uv": [ 2, 13.75, 2.75, 16 ], "texture": "#1EnrG" },
				"east": { "uv": [ 4, 14, 4.75, 16 ], "texture": "#1EnrG" }
			}
		},
		{
			"__comment": "Voxels",
			"from": [ 4.75, 8.125, 2.875 ],
			"to": [ 5.125, 11.5, 3.875 ],
			"rotation": { "origin": [ 4.75, 8.125, 2.875 ], "axis": "x", "angle": -22.5 },
			"faces": {
				"down": { "uv": [ 6.25, 8, 7, 8.25 ], "texture": "#1EnrG" },
				"up": { "uv": [ 5.5, 8, 6.25, 8.25 ], "texture": "#1EnrG" },
				"north": { "uv": [ 9, 11.25, 9.75, 12.5 ], "texture": "#1EnrG" },
				"south": { "uv": [ 9.75, 10, 10.25, 11.25 ], "texture": "#1EnrG" },
				"west": { "uv": [ 9.75, 11.25, 10.25, 12.5 ], "texture": "#1EnrG" },
				"east": { "uv": [ 7, 10.25, 7.5, 11.75 ], "texture": "#1EnrG" }
			}
		},
		{
			"__comment": "Voxels",
			"from": [ 4.5, 8, 3.75 ],
			"to": [ 5, 12, 4.75 ],
			"faces": {
				"down": { "uv": [ 12, 8.5, 12.75, 9 ], "texture": "#1EnrG" },
				"up": { "uv": [ 14.25, 10.5, 15, 11 ], "texture": "#1EnrG" },
				"north": { "uv": [ 3.5, 10.5, 4, 12.25 ], "texture": "#1EnrG" },
				"south": { "uv": [ 5.5, 11.75, 6.25, 13.5 ], "texture": "#1EnrG" },
				"west": { "uv": [ 6.25, 11.75, 7, 13.5 ], "texture": "#1EnrG" },
				"east": { "uv": [ 4.75, 10, 5.5, 11.75 ], "texture": "#1EnrG" }
			}
		},
		{
			"__comment": "Voxels",
			"from": [ 4, 8, 4 ],
			"to": [ 5, 12, 6 ],
			"faces": {
				"down": { "uv": [ 11.75, 13, 12.5, 14 ], "texture": "#1EnrG" },
				"up": { "uv": [ 14, 13.25, 14.75, 14 ], "texture": "#1EnrG" },
				"north": { "uv": [ 10.25, 8.5, 10.75, 9.75 ], "texture": "#1EnrG" },
				"south": { "uv": [ 10.75, 11, 11.25, 12.25 ], "texture": "#1EnrG" },
				"west": { "uv": [ 2.75, 13.5, 4, 14.75 ], "texture": "#1EnrG" },
				"east": { "uv": [ 2.75, 12.25, 4, 13.5 ], "texture": "#1EnrG" }
			}
		},
		{
			"__comment": "Voxels",
			"from": [ 5, 8, 6 ],
			"to": [ 6, 12, 7 ],
			"faces": {
				"down": { "uv": [ 15, 10.5, 15.75, 11 ], "texture": "#1EnrG" },
				"up": { "uv": [ 12.75, 10, 13.5, 10.5 ], "texture": "#1EnrG" },
				"north": { "uv": [ 6.25, 10, 7, 11.75 ], "texture": "#1EnrG" },
				"south": { "uv": [ 2, 8, 2.75, 9.5 ], "texture": "#1EnrG" },
				"west": { "uv": [ 4.75, 11.75, 5.5, 13.5 ], "texture": "#1EnrG" },
				"east": { "uv": [ 4.75, 8.25, 5.5, 10 ], "texture": "#1EnrG" }
			}
		},
		{
			"__comment": "Voxels",
			"from": [ 5, 10, 4 ],
			"to": [ 6, 13, 5 ],
			"faces": {
				"down": { "uv": [ 0, 0, 16, 10 ], "texture": "#1EnrG" },
				"up": { "uv": [ 0, 0, 16, 10 ], "texture": "#1EnrG" },
				"north": { "uv": [ 0, 0, 16, 10 ], "texture": "#1EnrG" },
				"south": { "uv": [ 0, 0, 16, 10 ], "texture": "#1EnrG" },
				"west": { "uv": [ 0, 0, 16, 10 ], "texture": "#1EnrG" },
				"east": { "uv": [ 0, 0, 16, 10 ], "texture": "#1EnrG" }
			}
		},
		{
			"__comment": "Voxels",
			"from": [ 5, 11, 5 ],
			"to": [ 6, 13, 6 ],
			"faces": {
				"down": { "uv": [ 10.25, 8, 10.75, 8.5 ], "texture": "#1EnrG" },
				"up": { "uv": [ 4.75, 8, 5.5, 8.25 ], "texture": "#1EnrG" },
				"north": { "uv": [ 9.75, 9, 10.25, 10 ], "texture": "#1EnrG" },
				"south": { "uv": [ 9.75, 8.25, 10.25, 9 ], "texture": "#1EnrG" },
				"west": { "uv": [ 15.5, 13.25, 16, 14 ], "texture": "#1EnrG" },
				"east": { "uv": [ 8.25, 8, 9, 9 ], "texture": "#1EnrG" }
			}
		},
		{
			"__comment": "Voxels",
			"from": [ 5, 12, 2 ],
			"to": [ 6, 13, 4 ],
			"faces": {
				"down": { "uv": [ 12, 11.5, 12.75, 12.25 ], "texture": "#1EnrG" },
				"up": { "uv": [ 10.25, 13, 11, 14 ], "texture": "#1EnrG" },
				"north": { "uv": [ 4, 8, 4.75, 8.25 ], "texture": "#1EnrG" },
				"south": { "uv": [ 15.25, 12.25, 16, 12.5 ], "texture": "#1EnrG" },
				"west": { "uv": [ 13.5, 10.25, 15, 10.5 ], "texture": "#1EnrG" },
				"east": { "uv": [ 14.25, 15.5, 15.75, 16 ], "texture": "#1EnrG" }
			}
		},
		{
			"__comment": "Voxels",
			"from": [ 6, 8, 6.875 ],
			"to": [ 9, 11, 7.375 ],
			"faces": {
				"down": { "uv": [ 12, 15.5, 14.25, 16 ], "texture": "#1EnrG" },
				"up": { "uv": [ 7.5, 15, 9.75, 15.5 ], "texture": "#1EnrG" },
				"north": { "uv": [ 0, 10.75, 2, 12.5 ], "texture": "#1EnrG" },
				"south": { "uv": [ 0, 12.5, 2, 14.25 ], "texture": "#1EnrG" },
				"west": { "uv": [ 4, 8.25, 4.75, 10 ], "texture": "#1EnrG" },
				"east": { "uv": [ 3.5, 8.5, 4, 10.25 ], "texture": "#1EnrG" }
			}
		},
		{
			"__comment": "Voxels",
			"from": [ 6, 11.25, 0.375 ],
			"to": [ 9, 11.75, 1.375 ],
			"faces": {
				"down": { "uv": [ 8.25, 12.5, 10.25, 13 ], "texture": "#1EnrG" },
				"up": { "uv": [ 8.25, 13.5, 10.25, 14 ], "texture": "#1EnrG" },
				"north": { "uv": [ 9.75, 15, 12, 15.5 ], "texture": "#1EnrG" },
				"south": { "uv": [ 12.25, 14, 14.25, 14.5 ], "texture": "#1EnrG" },
				"west": { "uv": [ 10.75, 9.5, 11.25, 10 ], "texture": "#1EnrG" },
				"east": { "uv": [ 13.5, 9.75, 14.25, 10.25 ], "texture": "#1EnrG" }
			}
		},
		{
			"__comment": "Voxels",
			"from": [ 5.75, 11.375, 0.625 ],
			"to": [ 9.125, 12.5, 1.25 ],
			"faces": {
				"down": { "uv": [ 4.75, 14.5, 7.5, 15 ], "texture": "#1EnrG" },
				"up": { "uv": [ 4.75, 14, 7.5, 14.5 ], "texture": "#1EnrG" },
				"north": { "uv": [ 10.25, 12.25, 13, 12.5 ], "texture": "#1EnrG" },
				"south": { "uv": [ 4.75, 15.5, 7.5, 16 ], "texture": "#1EnrG" },
				"west": { "uv": [ 10.75, 10.5, 11.25, 11 ], "texture": "#1EnrG" },
				"east": { "uv": [ 14.25, 9.75, 15, 10.25 ], "texture": "#1EnrG" }
			}
		},
		{
			"__comment": "Voxels",
			"from": [ 6, 11, 6 ],
			"to": [ 10, 12, 7 ],
			"faces": {
				"down": { "uv": [ 4.75, 13.5, 7.5, 14 ], "texture": "#1EnrG" },
				"up": { "uv": [ 13, 12.5, 15.75, 12.75 ], "texture": "#1EnrG" },
				"north": { "uv": [ 10.25, 12.5, 13, 12.75 ], "texture": "#1EnrG" },
				"south": { "uv": [ 10.25, 12.75, 13, 13 ], "texture": "#1EnrG" },
				"west": { "uv": [ 7.5, 8, 8.25, 8.5 ], "texture": "#1EnrG" },
				"east": { "uv": [ 12.5, 13, 13.25, 13.5 ], "texture": "#1EnrG" }
			}
		},
		{
			"__comment": "Voxels",
			"from": [ 6, 12, 1 ],
			"to": [ 9, 13, 2 ],
			"faces": {
				"down": { "uv": [ 12.75, 12, 15, 12.25 ], "texture": "#1EnrG" },
				"up": { "uv": [ 12, 11, 14, 11.25 ], "texture": "#1EnrG" },
				"north": { "uv": [ 12.75, 11.5, 14.75, 11.75 ], "texture": "#1EnrG" },
				"south": { "uv": [ 12.75, 11.75, 15, 12 ], "texture": "#1EnrG" },
				"west": { "uv": [ 11.25, 8, 12, 8.5 ], "texture": "#1EnrG" },
				"east": { "uv": [ 15, 11.75, 15.75, 12.25 ], "texture": "#1EnrG" }
			}
		},
		{
			"__comment": "Voxels",
			"from": [ 6, 12, 6 ],
			"to": [ 9, 13, 7 ],
			"faces": {
				"down": { "uv": [ 12, 15, 14.25, 15.5 ], "texture": "#1EnrG" },
				"up": { "uv": [ 13, 12.25, 15.25, 12.5 ], "texture": "#1EnrG" },
				"north": { "uv": [ 8.25, 14.5, 10.5, 15 ], "texture": "#1EnrG" },
				"south": { "uv": [ 10.25, 14, 12.25, 14.5 ], "texture": "#1EnrG" },
				"west": { "uv": [ 12, 10, 12.75, 10.5 ], "texture": "#1EnrG" },
				"east": { "uv": [ 12, 9.5, 12.75, 10 ], "texture": "#1EnrG" }
			}
		},
		{
			"__comment": "Voxels",
			"from": [ 6, 12.5, 2 ],
			"to": [ 9, 13.5, 6 ],
			"faces": {
				"down": { "uv": [ 0, 14.25, 2, 16 ], "texture": "#1EnrG" },
				"up": { "uv": [ 0, 9.25, 2, 10.75 ], "texture": "#1EnrG" },
				"north": { "uv": [ 12, 11.25, 14, 11.5 ], "texture": "#1EnrG" },
				"south": { "uv": [ 14, 11.25, 16, 11.5 ], "texture": "#1EnrG" },
				"west": { "uv": [ 4.75, 15, 7.5, 15.5 ], "texture": "#1EnrG" },
				"east": { "uv": [ 13, 12.75, 15.75, 13 ], "texture": "#1EnrG" }
			}
		},
		{
			"__comment": "Voxels",
			"from": [ 7, 12, 2 ],
			"to": [ 10, 13, 3 ],
			"faces": {
				"down": { "uv": [ 8.25, 14, 10.25, 14.5 ], "texture": "#1EnrG" },
				"up": { "uv": [ 12.5, 14.5, 14.5, 15 ], "texture": "#1EnrG" },
				"north": { "uv": [ 10.5, 14.5, 12.5, 15 ], "texture": "#1EnrG" },
				"south": { "uv": [ 8.25, 13, 10.25, 13.5 ], "texture": "#1EnrG" },
				"west": { "uv": [ 14.75, 13, 15.5, 13.25 ], "texture": "#1EnrG" },
				"east": { "uv": [ 12, 8, 12.75, 8.5 ], "texture": "#1EnrG" }
			}
		},
		{
			"__comment": "Voxels",
			"from": [ 8, 11, 5 ],
			"to": [ 9, 13, 6 ],
			"faces": {
				"down": { "uv": [ 3.5, 8, 4, 8.5 ], "texture": "#1EnrG" },
				"up": { "uv": [ 7, 8, 7.5, 8.5 ], "texture": "#1EnrG" },
				"north": { "uv": [ 11.25, 10.75, 12, 11.5 ], "texture": "#1EnrG" },
				"south": { "uv": [ 11.25, 10, 12, 10.75 ], "texture": "#1EnrG" },
				"west": { "uv": [ 8.25, 9, 9, 10 ], "texture": "#1EnrG" },
				"east": { "uv": [ 11.25, 9.25, 12, 10 ], "texture": "#1EnrG" }
			}
		},
		{
			"__comment": "Voxels",
			"from": [ 9, 8, 6 ],
			"to": [ 10, 11, 7 ],
			"faces": {
				"down": { "uv": [ 12.75, 9, 13.5, 9.5 ], "texture": "#1EnrG" },
				"up": { "uv": [ 12.75, 8.5, 13.5, 9 ], "texture": "#1EnrG" },
				"north": { "uv": [ 1.25, 8, 2, 9.25 ], "texture": "#1EnrG" },
				"south": { "uv": [ 7.5, 12.25, 8.25, 13.5 ], "texture": "#1EnrG" },
				"west": { "uv": [ 7.5, 13.5, 8.25, 15 ], "texture": "#1EnrG" },
				"east": { "uv": [ 7.5, 11, 8.25, 12.25 ], "texture": "#1EnrG" }
			}
		},
		{
			"__comment": "Voxels",
			"from": [ 9, 12, 3 ],
			"to": [ 10, 13, 6 ],
			"faces": {
				"down": { "uv": [ 9, 10, 9.75, 11.25 ], "texture": "#1EnrG" },
				"up": { "uv": [ 8.25, 10, 9, 11.25 ], "texture": "#1EnrG" },
				"north": { "uv": [ 13.5, 9, 14.25, 9.5 ], "texture": "#1EnrG" },
				"south": { "uv": [ 13.5, 8.5, 14.25, 9 ], "texture": "#1EnrG" },
				"west": { "uv": [ 7.5, 15.5, 9.75, 16 ], "texture": "#1EnrG" },
				"east": { "uv": [ 9.75, 15.5, 12, 16 ], "texture": "#1EnrG" }
			}
		},
		{
			"__comment": "Voxels",
			"from": [ 10, 8.125, 2.75 ],
			"to": [ 10.5, 12.125, 3.75 ],
			"faces": {
				"down": { "uv": [ 13.25, 13, 14, 13.5 ], "texture": "#1EnrG" },
				"up": { "uv": [ 14, 13, 14.75, 13.25 ], "texture": "#1EnrG" },
				"north": { "uv": [ 2, 9.5, 2.75, 11.5 ], "texture": "#1EnrG" },
				"south": { "uv": [ 4, 10, 4.75, 12 ], "texture": "#1EnrG" },
				"west": { "uv": [ 4, 12, 4.75, 14 ], "texture": "#1EnrG" },
				"east": { "uv": [ 2, 11.5, 2.75, 13.75 ], "texture": "#1EnrG" }
			}
		},
		{
			"__comment": "Voxels",
			"from": [ 10, 8.25, 2.875 ],
			"to": [ 10.375, 11.375, 3.875 ],
			"rotation": { "origin": [ 10, 8.25, 2.875 ], "axis": "x", "angle": -22.5 },
			"faces": {
				"down": { "uv": [ 2.75, 8, 3.5, 8.25 ], "texture": "#1EnrG" },
				"up": { "uv": [ 3.5, 10.25, 4, 10.5 ], "texture": "#1EnrG" },
				"north": { "uv": [ 14.75, 13.25, 15.5, 14 ], "texture": "#1EnrG" },
				"south": { "uv": [ 9, 9, 9.75, 10 ], "texture": "#1EnrG" },
				"west": { "uv": [ 11.25, 11.5, 12, 12.25 ], "texture": "#1EnrG" },
				"east": { "uv": [ 9, 8, 9.75, 9 ], "texture": "#1EnrG" }
			}
		},
		{
			"__comment": "Voxels",
			"from": [ 10, 8, 3.75 ],
			"to": [ 10.5, 12, 4.75 ],
			"faces": {
				"down": { "uv": [ 12.75, 10.5, 13.5, 11 ], "texture": "#1EnrG" },
				"up": { "uv": [ 13.5, 10.5, 14.25, 11 ], "texture": "#1EnrG" },
				"north": { "uv": [ 7, 11.75, 7.5, 13.5 ], "texture": "#1EnrG" },
				"south": { "uv": [ 5.5, 8.25, 6.25, 10 ], "texture": "#1EnrG" },
				"west": { "uv": [ 5.5, 10, 6.25, 11.75 ], "texture": "#1EnrG" },
				"east": { "uv": [ 6.25, 8.25, 7, 10 ], "texture": "#1EnrG" }
			}
		},
		{
			"__comment": "Voxels",
			"from": [ 10, 8, 4 ],
			"to": [ 11, 12, 6 ],
			"faces": {
				"down": { "uv": [ 11.25, 8.5, 12, 9.25 ], "texture": "#1EnrG" },
				"up": { "uv": [ 11, 13, 11.75, 14 ], "texture": "#1EnrG" },
				"north": { "uv": [ 10.25, 11, 10.75, 12.25 ], "texture": "#1EnrG" },
				"south": { "uv": [ 7, 8.5, 7.5, 10 ], "texture": "#1EnrG" },
				"west": { "uv": [ 2.75, 14.75, 4, 16 ], "texture": "#1EnrG" },
				"east": { "uv": [ 0, 8, 1.25, 9.25 ], "texture": "#1EnrG" }
			}
		},
		{
			"__comment": "Voxels",
			"from": [ 4.75, 11, 1.25 ],
			"to": [ 6.125, 12, 2.875 ],
			"faces": {
				"down": { "uv": [ 14.25, 15, 15.75, 15.5 ], "texture": "#1EnrG", "rotation": 90 },
				"up": { "uv": [ 14.5, 14.5, 16, 15 ], "texture": "#1EnrG", "rotation": 270 },
				"north": { "uv": [ 10.75, 10, 11.25, 10.5 ], "texture": "#1EnrG" },
				"south": { "uv": [ 15, 9.75, 15.75, 10.25 ], "texture": "#1EnrG" },
				"west": { "uv": [ 14.25, 9.25, 15.5, 9.5 ], "texture": "#1EnrG" },
				"east": { "uv": [ 14, 11, 15.5, 11.25 ], "texture": "#1EnrG" }
			}
		},
		{
			"__comment": "Voxels",
			"from": [ 4, 9.25, 3.5 ],
			"to": [ 4.501, 9.75, 4 ],
			"rotation": { "origin": [ 4, 9.25, 3.5 ], "axis": "x", "angle": -45 },
			"faces": {
				"down": { "uv": [ 7, 10, 7.25, 10.25 ], "texture": "#1EnrG" },
				"up": { "uv": [ 7.25, 10, 7.5, 10.25 ], "texture": "#1EnrG" },
				"north": { "uv": [ 15.75, 15.75, 16, 16 ], "texture": "#1EnrG" },
				"south": { "uv": [ 15.75, 15.5, 16, 15.75 ], "texture": "#1EnrG" },
				"west": { "uv": [ 15.75, 15.25, 16, 15.5 ], "texture": "#1EnrG" },
				"east": { "uv": [ 15.75, 15, 16, 15.25 ], "texture": "#1EnrG" }
			}
		},
		{
			"__comment": "Voxels",
			"from": [ 10.375, 9.375, 3.5 ],
			"to": [ 10.875, 9.875, 4 ],
			"rotation": { "origin": [ 10.375, 9.375, 3.5 ], "axis": "x", "angle": -45 },
			"faces": {
				"down": { "uv": [ 15.75, 14.25, 16, 14.5 ], "texture": "#1EnrG" },
				"up": { "uv": [ 15.75, 14, 16, 14.25 ], "texture": "#1EnrG" },
				"north": { "uv": [ 9.75, 8, 10, 8.25 ], "texture": "#1EnrG" },
				"south": { "uv": [ 10, 8, 10.25, 8.25 ], "texture": "#1EnrG" },
				"west": { "uv": [ 15.5, 13, 15.75, 13.25 ], "texture": "#1EnrG" },
				"east": { "uv": [ 15.75, 13, 16, 13.25 ], "texture": "#1EnrG" }
			}
		},
		{
			"__comment": "Voxels",
			"from": [ 9, 11, 1.25 ],
			"to": [ 10.375, 12, 2.875 ],
			"faces": {
				"down": { "uv": [ 14.25, 14, 15.75, 14.5 ], "texture": "#1EnrG", "rotation": 90 },
				"up": { "uv": [ 12.5, 13.5, 14, 14 ], "texture": "#1EnrG", "rotation": 270 },
				"north": { "uv": [ 10.75, 9, 11.25, 9.5 ], "texture": "#1EnrG" },
				"south": { "uv": [ 13.5, 8, 14.25, 8.5 ], "texture": "#1EnrG" },
				"west": { "uv": [ 14.25, 9, 15.5, 9.25 ], "texture": "#1EnrG" },
				"east": { "uv": [ 13.5, 9.5, 15, 9.75 ], "texture": "#1EnrG" }
			}
		}
	],
	"display": {
		"thirdperson_righthand": {
			"translation":  [ 0, -1.391, 9.0443 ],
			"scale":  [ 1.7, 1.7, 1.7 ]
		},
		"thirdperson_lefthand": {
			"translation":  [ 0, -1.391, 9.0443 ],
			"scale":  [ 1.7, 1.7, 1.7 ]
		},
		"firstperson_righthand": {
			"rotation":  [ 0, 0, 6 ],
			"translation":  [ 0, -0.695, 7.6521 ]
		},
		"firstperson_lefthand": {
			"rotation":  [ 0, 0, 6 ],
			"translation":  [ 0, -0.695, 7.6521 ]
		},
		"gui": {
			"rotation":  [ 17, -180, 0 ],
			"translation":  [ -0.693, -3.478, 0.0006 ],
			"scale":  [ 1.7, 1.7, 1.7 ]
		},
		"head": {
			"translation":  [ 1.3911, -4.173, 11.825 ],
			"scale":  [ 2.8521, 2.8173, 2.8607 ]
		},
		"ground": {
			"translation":  [ 0, 0, 3.4788 ]
		},
		"fixed": {
			"translation":  [ 2.7826, -11.12, 4.1755 ],
			"scale":  [ 3, 3, 3 ]
		}
	}
}