{
	"__comment": "Designed by I_m_bin2 with Cubik Studio - https://cubik.studio",
	"textures": {
		"particle": "blocks/e_particle",
		"texture": "colors/motor",
		"0": "colors/gray_darker_less",
		"1": "blocks/colours/black",
		"2": "blocks/colours/gray - 5fifth",
		"3": "blocks/colours/whiteglass",
		"4": "blocks/colours/gray - 6sixth",
		"5": "blocks/colours/darkgray",
		"-1": "colors/screw_dull_darkest"
	},
	"elements": [ 	 
		{
			"__comment": "Box519",
			"from": [ 1, 7.375, 1.25 ],
			"to": [ 15, 13.375, 15.25 ],
			"faces": {
				"down": { "uv": [ 1, 0.75, 15, 14.75 ], "texture": "#texture" },
				"up": { "uv": [ 1, 1.25, 15, 15.25 ], "texture": "#texture" },
				"north": { "uv": [ 1, 2.625, 15, 8.625 ], "texture": "#texture" },
				"south": { "uv": [ 1, 2.625, 15, 8.625 ], "texture": "#texture" },
				"west": { "uv": [ 1.25, 2.625, 15.25, 8.625 ], "texture": "#texture" },
				"east": { "uv": [ 0.75, 2.625, 14.75, 8.625 ], "texture": "#texture" }
			}
		},
		{
			"__comment": "Box519",
			"from": [ 4, 13, 3.5 ],
			"to": [ 12, 14, 12 ],
			"faces": {
				"down": { "uv": [ 4, 4, 12, 12.5 ], "texture": "#texture" },
				"up": { "uv": [ 4, 3.5, 12, 12 ], "texture": "#texture" },
				"north": { "uv": [ 4, 2, 12, 3 ], "texture": "#texture" },
				"south": { "uv": [ 4, 2, 12, 3 ], "texture": "#texture" },
				"west": { "uv": [ 3.5, 2, 12, 3 ], "texture": "#texture" },
				"east": { "uv": [ 4, 2, 12.5, 3 ], "texture": "#texture" }
			}
		},
		{
			"__comment": "Box526",
			"from": [ 0, 6.5, 0.75 ],
			"to": [ 1, 10.5, 15.75 ],
			"faces": {
				"down": { "uv": [ 0, 0.25, 1, 15.25 ], "texture": "#texture" },
				"up": { "uv": [ 0, 0.75, 1, 15.75 ], "texture": "#texture" },
				"north": { "uv": [ 15, 5.5, 16, 9.5 ], "texture": "#texture" },
				"south": { "uv": [ 0, 5.5, 1, 9.5 ], "texture": "#texture" },
				"west": { "uv": [ 0.75, 5.5, 15.75, 9.5 ], "texture": "#texture" },
				"east": { "uv": [ 0.25, 5.5, 15.25, 9.5 ], "texture": "#texture" }
			}
		},
		{
			"__comment": "Box526",
			"from": [ 0, 8.25, 3.75 ],
			"to": [ 1, 11.75, 12.75 ],
			"faces": {
				"down": { "uv": [ 0, 3.25, 1, 12.25 ], "texture": "#texture" },
				"up": { "uv": [ 0, 3.75, 1, 12.75 ], "texture": "#texture" },
				"north": { "uv": [ 15, 4.25, 16, 7.75 ], "texture": "#texture" },
				"south": { "uv": [ 0, 4.25, 1, 7.75 ], "texture": "#texture" },
				"west": { "uv": [ 3.75, 4.25, 12.75, 7.75 ], "texture": "#texture" },
				"east": { "uv": [ 3.25, 4.25, 12.25, 7.75 ], "texture": "#texture" }
			}
		},
		{
			"__comment": "Box526",
			"from": [ 0.5, 6.375, 15.125 ],
			"to": [ 15.5, 10.375, 16.125 ],
			"faces": {
				"down": { "uv": [ 14.5, 0, 15.5, 12.5 ], "texture": "#texture", "rotation": 90 },
				"up": { "uv": [ 14.5, 3.5, 15.5, 16 ], "texture": "#texture", "rotation": 270 },
				"north": { "uv": [ 0, 7.5, 12.5, 11.5 ], "texture": "#texture" },
				"south": { "uv": [ 3.5, 7.5, 16, 11.5 ], "texture": "#texture" },
				"west": { "uv": [ 0.5, 7.5, 1.5, 11.5 ], "texture": "#texture" },
				"east": { "uv": [ 14.5, 7.5, 15.5, 11.5 ], "texture": "#texture" }
			}
		},
		{
			"__comment": "Box526",
			"from": [ 3.5, 8.375, 15.125 ],
			"to": [ 12.5, 11.875, 16.125 ],
			"faces": {
				"down": { "uv": [ 14.5, 0.5, 15.5, 9.5 ], "texture": "#texture", "rotation": 90 },
				"up": { "uv": [ 14.5, 6.5, 15.5, 15.5 ], "texture": "#texture", "rotation": 270 },
				"north": { "uv": [ 0.5, 5.125, 9.5, 8.625 ], "texture": "#texture" },
				"south": { "uv": [ 6.5, 5.125, 15.5, 8.625 ], "texture": "#texture" },
				"west": { "uv": [ 0.5, 5.125, 1.5, 8.625 ], "texture": "#texture" },
				"east": { "uv": [ 14.5, 5.125, 15.5, 8.625 ], "texture": "#texture" }
			}
		},
		{
			"__comment": "Box526",
			"from": [ 15, 6.5, 0.75 ],
			"to": [ 16, 10.5, 15.75 ],
			"faces": {
				"down": { "uv": [ 14.5, 0, 15.5, 12.5 ], "texture": "#texture", "rotation": 180 },
				"up": { "uv": [ 14.5, 3.5, 15.5, 16 ], "texture": "#texture", "rotation": 180 },
				"north": { "uv": [ 14.5, 7.5, 15.5, 11.5 ], "texture": "#texture" },
				"south": { "uv": [ 0.5, 7.5, 1.5, 11.5 ], "texture": "#texture" },
				"west": { "uv": [ 0, 7.5, 12.5, 11.5 ], "texture": "#texture" },
				"east": { "uv": [ 3.5, 7.5, 16, 11.5 ], "texture": "#texture" }
			}
		},
		{
			"__comment": "Box526",
			"from": [ 15, 8.375, 3.75 ],
			"to": [ 16, 11.875, 12.75 ],
			"faces": {
				"down": { "uv": [ 14.5, 0.5, 15.5, 9.5 ], "texture": "#texture", "rotation": 180 },
				"up": { "uv": [ 14.5, 6.5, 15.5, 15.5 ], "texture": "#texture", "rotation": 180 },
				"north": { "uv": [ 14.5, 5.125, 15.5, 8.625 ], "texture": "#texture" },
				"south": { "uv": [ 0.5, 5.125, 1.5, 8.625 ], "texture": "#texture" },
				"west": { "uv": [ 0.5, 5.125, 9.5, 8.625 ], "texture": "#texture" },
				"east": { "uv": [ 6.5, 5.125, 15.5, 8.625 ], "texture": "#texture" }
			}
		},
		{
			"__comment": "Box532",
			"from": [ 0, 1.5, 10.25 ],
			"to": [ 1, 6.5, 16.25 ],
			"faces": {
				"down": { "uv": [ 0, 0, 1.5, 5.75 ], "texture": "#texture" },
				"up": { "uv": [ 0, 10.25, 1.5, 16 ], "texture": "#texture" },
				"north": { "uv": [ 14.5, 9.25, 16, 14.25 ], "texture": "#texture" },
				"south": { "uv": [ 0, 9.25, 1.5, 14.25 ], "texture": "#texture" },
				"west": { "uv": [ 10.25, 9.25, 16, 14.25 ], "texture": "#texture" },
				"east": { "uv": [ 0, 9.25, 5.75, 14.25 ], "texture": "#texture" }
			}
		},
		{
			"__comment": "Box532",
			"from": [ 14.5, 1.5, 10.25 ],
			"to": [ 16, 6.5, 16.25 ],
			"faces": {
				"down": { "uv": [ 14.5, 0, 16, 5.75 ], "texture": "#texture" },
				"up": { "uv": [ 14.5, 10.25, 16, 16 ], "texture": "#texture" },
				"north": { "uv": [ 0, 9.25, 1.5, 14.25 ], "texture": "#texture" },
				"south": { "uv": [ 14.5, 9.25, 16, 14.25 ], "texture": "#texture" },
				"west": { "uv": [ 10.25, 9.25, 16, 14.25 ], "texture": "#texture" },
				"east": { "uv": [ 0, 9.25, 5.75, 14.25 ], "texture": "#texture" }
			}
		},
		{
			"__comment": "Box532",
			"from": [ 0.125, 1.5, 14.75 ],
			"to": [ 15.625, 6.5, 16.25 ],
			"faces": {
				"down": { "uv": [ 7.5, 0, 9, 1 ], "texture": "#texture", "rotation": 90 },
				"up": { "uv": [ 7.5, 15, 9, 16 ], "texture": "#texture", "rotation": 270 },
				"north": { "uv": [ 0, 10.5, 1, 15.5 ], "texture": "#texture" },
				"south": { "uv": [ 15, 10.5, 16, 15.5 ], "texture": "#texture" },
				"west": { "uv": [ 7, 10.5, 8.5, 15.5 ], "texture": "#texture" },
				"east": { "uv": [ 7.5, 10.5, 9, 15.5 ], "texture": "#texture" }
			}
		},
		{
			"__comment": "Box17",
			"from": [ 0.25, 6.5, 0.75 ],
			"to": [ 1.25, 10.5, 1.75 ],
			"rotation": { "origin": [ 0.25, 6.5, 0.75 ], "axis": "y", "angle": 22.5 },
			"faces": {
				"down": { "uv": [ 0, 11.5, 0.5, 12.5 ], "texture": "#texture" },
				"up": { "uv": [ 0, 3.5, 0.5, 4.5 ], "texture": "#texture" },
				"north": { "uv": [ 15.5, 6, 16, 9.5 ], "texture": "#texture" },
				"south": { "uv": [ 0, 6, 0.5, 9.5 ], "texture": "#texture" },
				"west": { "uv": [ 3.5, 6, 4.5, 9.5 ], "texture": "#texture" },
				"east": { "uv": [ 11.5, 6, 12.5, 9.5 ], "texture": "#texture" }
			}
		},
		{
			"__comment": "Box17",
			"from": [ 15, 6.5, 0.75 ],
			"to": [ 16, 10.5, 1.75 ],
			"rotation": { "origin": [ 16, 6.5, 0.75 ], "axis": "y", "angle": -22.5 },
			"faces": {
				"down": { "uv": [ 0, 11.5, 0.5, 12.5 ], "texture": "#texture", "rotation": 270 },
				"up": { "uv": [ 0, 3.5, 0.5, 4.5 ], "texture": "#texture", "rotation": 90 },
				"north": { "uv": [ 3.5, 6, 4.5, 9.5 ], "texture": "#texture" },
				"south": { "uv": [ 11.5, 6, 12.5, 9.5 ], "texture": "#texture" },
				"west": { "uv": [ 0, 6, 0.5, 9.5 ], "texture": "#texture" },
				"east": { "uv": [ 15.5, 6, 16, 9.5 ], "texture": "#texture" }
			}
		},
		{
			"__comment": "Box17",
			"from": [ 0.875, 6.5, 0.375 ],
			"to": [ 14.875, 10.5, 1.375 ],
			"faces": {
				"down": { "uv": [ 0, 11.5, 0.5, 12.5 ], "texture": "#texture" },
				"up": { "uv": [ 0, 3.5, 0.5, 4.5 ], "texture": "#texture" },
				"north": { "uv": [ 15.5, 6, 16, 9.5 ], "texture": "#texture" },
				"south": { "uv": [ 0, 6, 0.5, 9.5 ], "texture": "#texture" },
				"west": { "uv": [ 3.5, 6, 4.5, 9.5 ], "texture": "#texture" },
				"east": { "uv": [ 11.5, 6, 12.5, 9.5 ], "texture": "#texture" }
			}
		},
		{
			"__comment": "Box17",
			"from": [ 1.125, 6.5, 0.375 ],
			"to": [ 15.125, 10.5, 1.375 ],
			"faces": {
				"down": { "uv": [ 0, 11.5, 0.5, 12.5 ], "texture": "#texture" },
				"up": { "uv": [ 0, 3.5, 0.5, 4.5 ], "texture": "#texture" },
				"north": { "uv": [ 15.5, 6, 16, 9.5 ], "texture": "#texture" },
				"south": { "uv": [ 0, 6, 0.5, 9.5 ], "texture": "#texture" },
				"west": { "uv": [ 3.5, 6, 4.5, 9.5 ], "texture": "#texture" },
				"east": { "uv": [ 11.5, 6, 12.5, 9.5 ], "texture": "#texture" }
			}
		},
		{
			"__comment": "Box17",
			"from": [ 4.25, 8.375, 0.875 ],
			"to": [ 11.75, 12.875, 1.875 ],
			"faces": {
				"down": { "uv": [ 0, 11.5, 0.5, 12.5 ], "texture": "#texture" },
				"up": { "uv": [ 0, 3.5, 0.5, 4.5 ], "texture": "#texture" },
				"north": { "uv": [ 15.5, 6, 16, 9.5 ], "texture": "#texture" },
				"south": { "uv": [ 0, 6, 0.5, 9.5 ], "texture": "#texture" },
				"west": { "uv": [ 3.5, 6, 4.5, 9.5 ], "texture": "#texture" },
				"east": { "uv": [ 11.5, 6, 12.5, 9.5 ], "texture": "#texture" }
			}
		},
		{
			"__comment": "Box532",
			"from": [ 0.875, 0, 14.625 ],
			"to": [ 15.375, 5, 16.125 ],
			"faces": {
				"down": { "uv": [ 7.5, 0, 9, 1 ], "texture": "#texture", "rotation": 90 },
				"up": { "uv": [ 7.5, 15, 9, 16 ], "texture": "#texture", "rotation": 270 },
				"north": { "uv": [ 0, 10.5, 1, 15.5 ], "texture": "#texture" },
				"south": { "uv": [ 15, 10.5, 16, 15.5 ], "texture": "#texture" },
				"west": { "uv": [ 7, 10.5, 8.5, 15.5 ], "texture": "#texture" },
				"east": { "uv": [ 7.5, 10.5, 9, 15.5 ], "texture": "#texture" }
			}
		},
		{
			"__comment": "Box17",
			"from": [ 4.25, 10.5, 0.375 ],
			"to": [ 11.75, 12, 1.375 ],
			"rotation": { "origin": [ 4.25, 10.5, 0.375 ], "axis": "x", "angle": 22.5 },
			"faces": {
				"down": { "uv": [ 0, 11.5, 0.5, 12.5 ], "texture": "#texture" },
				"up": { "uv": [ 0, 3.5, 0.5, 4.5 ], "texture": "#texture" },
				"north": { "uv": [ 15.5, 6, 16, 9.5 ], "texture": "#texture" },
				"south": { "uv": [ 0, 6, 0.5, 9.5 ], "texture": "#texture" },
				"west": { "uv": [ 3.5, 6, 4.5, 9.5 ], "texture": "#texture" },
				"east": { "uv": [ 11.5, 6, 12.5, 9.5 ], "texture": "#texture" }
			}
		},
		{
			"__comment": "Box17",
			"from": [ 15, 6.375, 0.625 ],
			"to": [ 16, 6.875, 1.625 ],
			"rotation": { "origin": [ 16, 6.375, 0.625 ], "axis": "y", "angle": -22.5 },
			"faces": {
				"down": { "uv": [ 0, 11.5, 0.5, 12.5 ], "texture": "#2", "rotation": 270 },
				"up": { "uv": [ 0, 3.5, 0.5, 4.5 ], "texture": "#2", "rotation": 90 },
				"north": { "uv": [ 3.5, 6, 4.5, 9.5 ], "texture": "#2" },
				"south": { "uv": [ 11.5, 6, 12.5, 9.5 ], "texture": "#2" },
				"west": { "uv": [ 0, 6, 0.5, 9.5 ], "texture": "#2" },
				"east": { "uv": [ 15.5, 6, 16, 9.5 ], "texture": "#2" }
			}
		},
		{
			"__comment": "Box17",
			"from": [ 1.125, 6.375, 0.25 ],
			"to": [ 15.125, 6.875, 1.25 ],
			"faces": {
				"down": { "uv": [ 0, 11.5, 0.5, 12.5 ], "texture": "#1" },
				"up": { "uv": [ 0, 3.5, 0.5, 4.5 ], "texture": "#1" },
				"north": { "uv": [ 15.5, 6, 16, 9.5 ], "texture": "#1" },
				"south": { "uv": [ 0, 6, 0.5, 9.5 ], "texture": "#1" },
				"west": { "uv": [ 3.5, 6, 4.5, 9.5 ], "texture": "#1" },
				"east": { "uv": [ 11.5, 6, 12.5, 9.5 ], "texture": "#1" }
			}
		},
		{
			"__comment": "Box17",
			"from": [ 0.25, 6.375, 0.625 ],
			"to": [ 1.25, 6.875, 1.625 ],
			"rotation": { "origin": [ 0.25, 6.375, 0.625 ], "axis": "y", "angle": 22.5 },
			"faces": {
				"down": { "uv": [ 0, 11.5, 0.5, 12.5 ], "texture": "#1" },
				"up": { "uv": [ 0, 3.5, 0.5, 4.5 ], "texture": "#1" },
				"north": { "uv": [ 15.5, 6, 16, 9.5 ], "texture": "#1" },
				"south": { "uv": [ 0, 6, 0.5, 9.5 ], "texture": "#1" },
				"west": { "uv": [ 3.5, 6, 4.5, 9.5 ], "texture": "#1" },
				"east": { "uv": [ 11.5, 6, 12.5, 9.5 ], "texture": "#1" }
			}
		},
		{
			"__comment": "Box532",
			"from": [ 0, 6.5, 4 ],
			"to": [ 1, 9, 8 ],
			"rotation": { "origin": [ 0, 6.5, 4 ], "axis": "x", "angle": 22.5 },
			"faces": {
				"down": { "uv": [ 0, 0, 1.5, 5.75 ], "texture": "#texture" },
				"up": { "uv": [ 0, 10.25, 1.5, 16 ], "texture": "#texture" },
				"north": { "uv": [ 14.5, 9.25, 16, 14.25 ], "texture": "#texture" },
				"south": { "uv": [ 0, 9.25, 1.5, 14.25 ], "texture": "#texture" },
				"west": { "uv": [ 10.25, 9.25, 16, 14.25 ], "texture": "#texture" },
				"east": { "uv": [ 0, 9.25, 5.75, 14.25 ], "texture": "#texture" }
			}
		},
		{
			"__comment": "Box532",
			"from": [ 0, 6.5, 4.5 ],
			"to": [ 1, 9, 8.5 ],
			"rotation": { "origin": [ 0, 6.5, 4.5 ], "axis": "x", "angle": 45 },
			"faces": {
				"down": { "uv": [ 0, 0, 1.5, 5.75 ], "texture": "#texture" },
				"up": { "uv": [ 0, 10.25, 1.5, 16 ], "texture": "#texture" },
				"north": { "uv": [ 14.5, 9.25, 16, 14.25 ], "texture": "#texture" },
				"south": { "uv": [ 0, 9.25, 1.5, 14.25 ], "texture": "#texture" },
				"west": { "uv": [ 10.25, 9.25, 16, 14.25 ], "texture": "#texture" },
				"east": { "uv": [ 0, 9.25, 5.75, 14.25 ], "texture": "#texture" }
			}
		},
		{
			"__comment": "Box532",
			"from": [ 0, 3, 5 ],
			"to": [ 1, 7, 7.5 ],
			"rotation": { "origin": [ 0, 7, 5 ], "axis": "x", "angle": -22.5 },
			"faces": {
				"down": { "uv": [ 0, 9.25, 1.5, 14.25 ], "texture": "#texture" },
				"up": { "uv": [ 16, 14.25, 14.5, 9.25 ], "texture": "#texture" },
				"north": { "uv": [ 1.5, 5.75, 0, 0 ], "texture": "#texture" },
				"south": { "uv": [ 0, 10.25, 1.5, 16 ], "texture": "#texture" },
				"west": { "uv": [ 10.25, 9.25, 16, 14.25 ], "texture": "#texture", "rotation": 90 },
				"east": { "uv": [ 0, 9.25, 5.75, 14.25 ], "texture": "#texture", "rotation": 270 }
			}
		},
		{
			"__comment": "Box532",
			"from": [ 0, 2, 5.5 ],
			"to": [ 1, 6, 8 ],
			"faces": {
				"down": { "uv": [ 0, 9.25, 1.5, 14.25 ], "texture": "#texture" },
				"up": { "uv": [ 16, 14.25, 14.5, 9.25 ], "texture": "#texture" },
				"north": { "uv": [ 1.5, 5.75, 0, 0 ], "texture": "#texture" },
				"south": { "uv": [ 0, 10.25, 1.5, 16 ], "texture": "#texture" },
				"west": { "uv": [ 10.25, 9.25, 16, 14.25 ], "texture": "#texture", "rotation": 90 },
				"east": { "uv": [ 0, 9.25, 5.75, 14.25 ], "texture": "#texture", "rotation": 270 }
			}
		},
		{
			"__comment": "Box532",
			"from": [ 0, 0, 5.5 ],
			"to": [ 1, 2, 7.5 ],
			"rotation": { "origin": [ 0, 2, 5.5 ], "axis": "x", "angle": -22.5 },
			"faces": {
				"down": { "uv": [ 0, 9.25, 1.5, 14.25 ], "texture": "#texture" },
				"up": { "uv": [ 16, 14.25, 14.5, 9.25 ], "texture": "#texture" },
				"north": { "uv": [ 1.5, 5.75, 0, 0 ], "texture": "#texture" },
				"south": { "uv": [ 0, 10.25, 1.5, 16 ], "texture": "#texture" },
				"west": { "uv": [ 10.25, 9.25, 16, 14.25 ], "texture": "#texture", "rotation": 90 },
				"east": { "uv": [ 0, 9.25, 5.75, 14.25 ], "texture": "#texture", "rotation": 270 }
			}
		},
		{
			"__comment": "Box532",
			"from": [ 0, -1.75, 6.25 ],
			"to": [ 1, 0.25, 8.25 ],
			"rotation": { "origin": [ 0, 0.25, 6.25 ], "axis": "x", "angle": -45 },
			"faces": {
				"down": { "uv": [ 0, 9.25, 1.5, 14.25 ], "texture": "#texture" },
				"up": { "uv": [ 16, 14.25, 14.5, 9.25 ], "texture": "#texture" },
				"north": { "uv": [ 1.5, 5.75, 0, 0 ], "texture": "#texture" },
				"south": { "uv": [ 0, 10.25, 1.5, 16 ], "texture": "#texture" },
				"west": { "uv": [ 10.25, 9.25, 16, 14.25 ], "texture": "#texture", "rotation": 90 },
				"east": { "uv": [ 0, 9.25, 5.75, 14.25 ], "texture": "#texture", "rotation": 270 }
			}
		},
		{
			"__comment": "Box532",
			"from": [ 0, -1.125, 7.625 ],
			"to": [ 1, 0.875, 9.625 ],
			"faces": {
				"down": { "uv": [ 0, 0, 1.5, 5.75 ], "texture": "#texture" },
				"up": { "uv": [ 0, 10.25, 1.5, 16 ], "texture": "#texture" },
				"north": { "uv": [ 14.5, 9.25, 16, 14.25 ], "texture": "#texture" },
				"south": { "uv": [ 0, 9.25, 1.5, 14.25 ], "texture": "#texture" },
				"west": { "uv": [ 10.25, 9.25, 16, 14.25 ], "texture": "#texture" },
				"east": { "uv": [ 0, 9.25, 5.75, 14.25 ], "texture": "#texture" }
			}
		},
		{
			"__comment": "Box532",
			"from": [ 0, -1.125, 9.5 ],
			"to": [ 1, 0.875, 11.5 ],
			"faces": {
				"down": { "uv": [ 0, 0, 1.5, 5.75 ], "texture": "#texture" },
				"up": { "uv": [ 0, 10.25, 1.5, 16 ], "texture": "#texture" },
				"north": { "uv": [ 14.5, 9.25, 16, 14.25 ], "texture": "#texture" },
				"south": { "uv": [ 0, 9.25, 1.5, 14.25 ], "texture": "#texture" },
				"west": { "uv": [ 10.25, 9.25, 16, 14.25 ], "texture": "#texture" },
				"east": { "uv": [ 0, 9.25, 5.75, 14.25 ], "texture": "#texture" }
			}
		},
		{
			"__comment": "Box532",
			"from": [ 0.125, -1, 11.5 ],
			"to": [ 1.125, 1, 13.5 ],
			"faces": {
				"down": { "uv": [ 0, 0, 1.5, 5.75 ], "texture": "#texture" },
				"up": { "uv": [ 0, 10.25, 1.5, 16 ], "texture": "#texture" },
				"north": { "uv": [ 14.5, 9.25, 16, 14.25 ], "texture": "#texture" },
				"south": { "uv": [ 0, 9.25, 1.5, 14.25 ], "texture": "#texture" },
				"west": { "uv": [ 10.25, 9.25, 16, 14.25 ], "texture": "#texture" },
				"east": { "uv": [ 0, 9.25, 5.75, 14.25 ], "texture": "#texture" }
			}
		},
		{
			"__comment": "Box532",
			"from": [ 0.25, -0.875, 13.5 ],
			"to": [ 1.25, 1.125, 15.5 ],
			"faces": {
				"down": { "uv": [ 0, 0, 1.5, 5.75 ], "texture": "#texture" },
				"up": { "uv": [ 0, 10.25, 1.5, 16 ], "texture": "#texture" },
				"north": { "uv": [ 14.5, 9.25, 16, 14.25 ], "texture": "#texture" },
				"south": { "uv": [ 0, 9.25, 1.5, 14.25 ], "texture": "#texture" },
				"west": { "uv": [ 10.25, 9.25, 16, 14.25 ], "texture": "#texture" },
				"east": { "uv": [ 0, 9.25, 5.75, 14.25 ], "texture": "#texture" }
			}
		},
		{
			"__comment": "Box532",
			"from": [ 0.125, 0, 12.5 ],
			"to": [ 1.125, 2, 14.5 ],
			"faces": {
				"down": { "uv": [ 0, 0, 1.5, 5.75 ], "texture": "#texture" },
				"up": { "uv": [ 0, 10.25, 1.5, 16 ], "texture": "#texture" },
				"north": { "uv": [ 14.5, 9.25, 16, 14.25 ], "texture": "#texture" },
				"south": { "uv": [ 0, 9.25, 1.5, 14.25 ], "texture": "#texture" },
				"west": { "uv": [ 10.25, 9.25, 16, 14.25 ], "texture": "#texture" },
				"east": { "uv": [ 0, 9.25, 5.75, 14.25 ], "texture": "#texture" }
			}
		},
		{
			"__comment": "Box532",
			"from": [ 0, 0, 10.5 ],
			"to": [ 1, 2, 12.5 ],
			"faces": {
				"down": { "uv": [ 0, 0, 1.5, 5.75 ], "texture": "#texture" },
				"up": { "uv": [ 0, 10.25, 1.5, 16 ], "texture": "#texture" },
				"north": { "uv": [ 14.5, 9.25, 16, 14.25 ], "texture": "#texture" },
				"south": { "uv": [ 0, 9.25, 1.5, 14.25 ], "texture": "#texture" },
				"west": { "uv": [ 10.25, 9.25, 16, 14.25 ], "texture": "#texture" },
				"east": { "uv": [ 0, 9.25, 5.75, 14.25 ], "texture": "#texture" }
			}
		},
		{
			"__comment": "Box532",
			"from": [ 0, 0, 9 ],
			"to": [ 1, 2, 11 ],
			"faces": {
				"down": { "uv": [ 0, 0, 1.5, 5.75 ], "texture": "#texture" },
				"up": { "uv": [ 0, 10.25, 1.5, 16 ], "texture": "#texture" },
				"north": { "uv": [ 14.5, 9.25, 16, 14.25 ], "texture": "#texture" },
				"south": { "uv": [ 0, 9.25, 1.5, 14.25 ], "texture": "#texture" },
				"west": { "uv": [ 10.25, 9.25, 16, 14.25 ], "texture": "#texture" },
				"east": { "uv": [ 0, 9.25, 5.75, 14.25 ], "texture": "#texture" }
			}
		},
		{
			"__comment": "Box532",
			"from": [ 0, 1, 7.5 ],
			"to": [ 1, 3, 9.5 ],
			"faces": {
				"down": { "uv": [ 0, 0, 1.5, 5.75 ], "texture": "#texture" },
				"up": { "uv": [ 0, 10.25, 1.5, 16 ], "texture": "#texture" },
				"north": { "uv": [ 14.5, 9.25, 16, 14.25 ], "texture": "#texture" },
				"south": { "uv": [ 0, 9.25, 1.5, 14.25 ], "texture": "#texture" },
				"west": { "uv": [ 10.25, 9.25, 16, 14.25 ], "texture": "#texture" },
				"east": { "uv": [ 0, 9.25, 5.75, 14.25 ], "texture": "#texture" }
			}
		},
		{
			"__comment": "Box532",
			"from": [ 0, 2, 8.5 ],
			"to": [ 1, 4, 10.5 ],
			"faces": {
				"down": { "uv": [ 0, 0, 1.5, 5.75 ], "texture": "#texture" },
				"up": { "uv": [ 0, 10.25, 1.5, 16 ], "texture": "#texture" },
				"north": { "uv": [ 14.5, 9.25, 16, 14.25 ], "texture": "#texture" },
				"south": { "uv": [ 0, 9.25, 1.5, 14.25 ], "texture": "#texture" },
				"west": { "uv": [ 10.25, 9.25, 16, 14.25 ], "texture": "#texture" },
				"east": { "uv": [ 0, 9.25, 5.75, 14.25 ], "texture": "#texture" }
			}
		},
		{
			"__comment": "Box532",
			"from": [ 0, 2.5, 7 ],
			"to": [ 1, 4.5, 9 ],
			"faces": {
				"down": { "uv": [ 0, 0, 1.5, 5.75 ], "texture": "#texture" },
				"up": { "uv": [ 0, 10.25, 1.5, 16 ], "texture": "#texture" },
				"north": { "uv": [ 14.5, 9.25, 16, 14.25 ], "texture": "#texture" },
				"south": { "uv": [ 0, 9.25, 1.5, 14.25 ], "texture": "#texture" },
				"west": { "uv": [ 10.25, 9.25, 16, 14.25 ], "texture": "#texture" },
				"east": { "uv": [ 0, 9.25, 5.75, 14.25 ], "texture": "#texture" }
			}
		},
		{
			"__comment": "Box532",
			"from": [ 0, 0.5, 8.5 ],
			"to": [ 1, 2.5, 10.5 ],
			"faces": {
				"down": { "uv": [ 0, 0, 1.5, 5.75 ], "texture": "#texture" },
				"up": { "uv": [ 0, 10.25, 1.5, 16 ], "texture": "#texture" },
				"north": { "uv": [ 14.5, 9.25, 16, 14.25 ], "texture": "#texture" },
				"south": { "uv": [ 0, 9.25, 1.5, 14.25 ], "texture": "#texture" },
				"west": { "uv": [ 10.25, 9.25, 16, 14.25 ], "texture": "#texture" },
				"east": { "uv": [ 0, 9.25, 5.75, 14.25 ], "texture": "#texture" }
			}
		},
		{
			"__comment": "Box532",
			"from": [ 0, 3.5, 8.5 ],
			"to": [ 1, 5.5, 10.5 ],
			"faces": {
				"down": { "uv": [ 0, 0, 1.5, 5.75 ], "texture": "#texture" },
				"up": { "uv": [ 0, 10.25, 1.5, 16 ], "texture": "#texture" },
				"north": { "uv": [ 14.5, 9.25, 16, 14.25 ], "texture": "#texture" },
				"south": { "uv": [ 0, 9.25, 1.5, 14.25 ], "texture": "#texture" },
				"west": { "uv": [ 10.25, 9.25, 16, 14.25 ], "texture": "#texture" },
				"east": { "uv": [ 0, 9.25, 5.75, 14.25 ], "texture": "#texture" }
			}
		},
		{
			"__comment": "Box532",
			"from": [ 0, 5, 8.5 ],
			"to": [ 1, 7, 10.5 ],
			"faces": {
				"down": { "uv": [ 0, 0, 1.5, 5.75 ], "texture": "#texture" },
				"up": { "uv": [ 0, 10.25, 1.5, 16 ], "texture": "#texture" },
				"north": { "uv": [ 14.5, 9.25, 16, 14.25 ], "texture": "#texture" },
				"south": { "uv": [ 0, 9.25, 1.5, 14.25 ], "texture": "#texture" },
				"west": { "uv": [ 10.25, 9.25, 16, 14.25 ], "texture": "#texture" },
				"east": { "uv": [ 0, 9.25, 5.75, 14.25 ], "texture": "#texture" }
			}
		},
		{
			"__comment": "Box532",
			"from": [ 0, 5, 8 ],
			"to": [ 1, 7, 10 ],
			"faces": {
				"down": { "uv": [ 0, 0, 1.5, 5.75 ], "texture": "#texture" },
				"up": { "uv": [ 0, 10.25, 1.5, 16 ], "texture": "#texture" },
				"north": { "uv": [ 14.5, 9.25, 16, 14.25 ], "texture": "#texture" },
				"south": { "uv": [ 0, 9.25, 1.5, 14.25 ], "texture": "#texture" },
				"west": { "uv": [ 10.25, 9.25, 16, 14.25 ], "texture": "#texture" },
				"east": { "uv": [ 0, 9.25, 5.75, 14.25 ], "texture": "#texture" }
			}
		},
		{
			"__comment": "Box532",
			"from": [ 0.25, 0, 14 ],
			"to": [ 1.25, 2, 16 ],
			"faces": {
				"down": { "uv": [ 0, 0, 1.5, 5.75 ], "texture": "#texture" },
				"up": { "uv": [ 0, 10.25, 1.5, 16 ], "texture": "#texture" },
				"north": { "uv": [ 14.5, 9.25, 16, 14.25 ], "texture": "#texture" },
				"south": { "uv": [ 0, 9.25, 1.5, 14.25 ], "texture": "#texture" },
				"west": { "uv": [ 10.25, 9.25, 16, 14.25 ], "texture": "#texture" },
				"east": { "uv": [ 0, 9.25, 5.75, 14.25 ], "texture": "#texture" }
			}
		},
		{
			"__comment": "Box532",
			"from": [ 15, 2, 5.375 ],
			"to": [ 16, 6, 7.875 ],
			"faces": {
				"down": { "uv": [ 0, 9.25, 1.5, 14.25 ], "texture": "#texture" },
				"up": { "uv": [ 16, 14.25, 14.5, 9.25 ], "texture": "#texture" },
				"north": { "uv": [ 1.5, 5.75, 0, 0 ], "texture": "#texture" },
				"south": { "uv": [ 0, 10.25, 1.5, 16 ], "texture": "#texture" },
				"west": { "uv": [ 10.25, 9.25, 16, 14.25 ], "texture": "#texture", "rotation": 90 },
				"east": { "uv": [ 0, 9.25, 5.75, 14.25 ], "texture": "#texture", "rotation": 270 }
			}
		},
		{
			"__comment": "Box532",
			"from": [ 15, 2.5, 6.875 ],
			"to": [ 16, 4.5, 8.875 ],
			"faces": {
				"down": { "uv": [ 0, 0, 1.5, 5.75 ], "texture": "#texture" },
				"up": { "uv": [ 0, 10.25, 1.5, 16 ], "texture": "#texture" },
				"north": { "uv": [ 14.5, 9.25, 16, 14.25 ], "texture": "#texture" },
				"south": { "uv": [ 0, 9.25, 1.5, 14.25 ], "texture": "#texture" },
				"west": { "uv": [ 10.25, 9.25, 16, 14.25 ], "texture": "#texture" },
				"east": { "uv": [ 0, 9.25, 5.75, 14.25 ], "texture": "#texture" }
			}
		},
		{
			"__comment": "Box532",
			"from": [ 15, 5, 7.875 ],
			"to": [ 16, 7, 9.875 ],
			"faces": {
				"down": { "uv": [ 0, 0, 1.5, 5.75 ], "texture": "#texture" },
				"up": { "uv": [ 0, 10.25, 1.5, 16 ], "texture": "#texture" },
				"north": { "uv": [ 14.5, 9.25, 16, 14.25 ], "texture": "#texture" },
				"south": { "uv": [ 0, 9.25, 1.5, 14.25 ], "texture": "#texture" },
				"west": { "uv": [ 10.25, 9.25, 16, 14.25 ], "texture": "#texture" },
				"east": { "uv": [ 0, 9.25, 5.75, 14.25 ], "texture": "#texture" }
			}
		},
		{
			"__comment": "Box532",
			"from": [ 15, 0, 5.375 ],
			"to": [ 16, 2, 7.375 ],
			"rotation": { "origin": [ 15, 2, 5.375 ], "axis": "x", "angle": -22.5 },
			"faces": {
				"down": { "uv": [ 0, 9.25, 1.5, 14.25 ], "texture": "#texture" },
				"up": { "uv": [ 16, 14.25, 14.5, 9.25 ], "texture": "#texture" },
				"north": { "uv": [ 1.5, 5.75, 0, 0 ], "texture": "#texture" },
				"south": { "uv": [ 0, 10.25, 1.5, 16 ], "texture": "#texture" },
				"west": { "uv": [ 10.25, 9.25, 16, 14.25 ], "texture": "#texture", "rotation": 90 },
				"east": { "uv": [ 0, 9.25, 5.75, 14.25 ], "texture": "#texture", "rotation": 270 }
			}
		},
		{
			"__comment": "Box532",
			"from": [ 15, 2, 8.375 ],
			"to": [ 16, 4, 10.375 ],
			"faces": {
				"down": { "uv": [ 0, 0, 1.5, 5.75 ], "texture": "#texture" },
				"up": { "uv": [ 0, 10.25, 1.5, 16 ], "texture": "#texture" },
				"north": { "uv": [ 14.5, 9.25, 16, 14.25 ], "texture": "#texture" },
				"south": { "uv": [ 0, 9.25, 1.5, 14.25 ], "texture": "#texture" },
				"west": { "uv": [ 10.25, 9.25, 16, 14.25 ], "texture": "#texture" },
				"east": { "uv": [ 0, 9.25, 5.75, 14.25 ], "texture": "#texture" }
			}
		},
		{
			"__comment": "Box532",
			"from": [ 15, 3.5, 8.375 ],
			"to": [ 16, 5.5, 10.375 ],
			"faces": {
				"down": { "uv": [ 0, 0, 1.5, 5.75 ], "texture": "#texture" },
				"up": { "uv": [ 0, 10.25, 1.5, 16 ], "texture": "#texture" },
				"north": { "uv": [ 14.5, 9.25, 16, 14.25 ], "texture": "#texture" },
				"south": { "uv": [ 0, 9.25, 1.5, 14.25 ], "texture": "#texture" },
				"west": { "uv": [ 10.25, 9.25, 16, 14.25 ], "texture": "#texture" },
				"east": { "uv": [ 0, 9.25, 5.75, 14.25 ], "texture": "#texture" }
			}
		},
		{
			"__comment": "Box532",
			"from": [ 15, 5, 8.375 ],
			"to": [ 16, 7, 10.375 ],
			"faces": {
				"down": { "uv": [ 0, 0, 1.5, 5.75 ], "texture": "#texture" },
				"up": { "uv": [ 0, 10.25, 1.5, 16 ], "texture": "#texture" },
				"north": { "uv": [ 14.5, 9.25, 16, 14.25 ], "texture": "#texture" },
				"south": { "uv": [ 0, 9.25, 1.5, 14.25 ], "texture": "#texture" },
				"west": { "uv": [ 10.25, 9.25, 16, 14.25 ], "texture": "#texture" },
				"east": { "uv": [ 0, 9.25, 5.75, 14.25 ], "texture": "#texture" }
			}
		},
		{
			"__comment": "Box532",
			"from": [ 15, 1, 7.375 ],
			"to": [ 16, 3, 9.375 ],
			"faces": {
				"down": { "uv": [ 0, 0, 1.5, 5.75 ], "texture": "#texture" },
				"up": { "uv": [ 0, 10.25, 1.5, 16 ], "texture": "#texture" },
				"north": { "uv": [ 14.5, 9.25, 16, 14.25 ], "texture": "#texture" },
				"south": { "uv": [ 0, 9.25, 1.5, 14.25 ], "texture": "#texture" },
				"west": { "uv": [ 10.25, 9.25, 16, 14.25 ], "texture": "#texture" },
				"east": { "uv": [ 0, 9.25, 5.75, 14.25 ], "texture": "#texture" }
			}
		},
		{
			"__comment": "Box532",
			"from": [ 15, 0.5, 8.375 ],
			"to": [ 16, 2.5, 10.375 ],
			"faces": {
				"down": { "uv": [ 0, 0, 1.5, 5.75 ], "texture": "#texture" },
				"up": { "uv": [ 0, 10.25, 1.5, 16 ], "texture": "#texture" },
				"north": { "uv": [ 14.5, 9.25, 16, 14.25 ], "texture": "#texture" },
				"south": { "uv": [ 0, 9.25, 1.5, 14.25 ], "texture": "#texture" },
				"west": { "uv": [ 10.25, 9.25, 16, 14.25 ], "texture": "#texture" },
				"east": { "uv": [ 0, 9.25, 5.75, 14.25 ], "texture": "#texture" }
			}
		},
		{
			"__comment": "Box532",
			"from": [ 15, -1.75, 6.125 ],
			"to": [ 16, 0.25, 8.125 ],
			"rotation": { "origin": [ 15, 0.25, 6.125 ], "axis": "x", "angle": -45 },
			"faces": {
				"down": { "uv": [ 0, 9.25, 1.5, 14.25 ], "texture": "#texture" },
				"up": { "uv": [ 16, 14.25, 14.5, 9.25 ], "texture": "#texture" },
				"north": { "uv": [ 1.5, 5.75, 0, 0 ], "texture": "#texture" },
				"south": { "uv": [ 0, 10.25, 1.5, 16 ], "texture": "#texture" },
				"west": { "uv": [ 10.25, 9.25, 16, 14.25 ], "texture": "#texture", "rotation": 90 },
				"east": { "uv": [ 0, 9.25, 5.75, 14.25 ], "texture": "#texture", "rotation": 270 }
			}
		},
		{
			"__comment": "Box532",
			"from": [ 15, 0, 8.875 ],
			"to": [ 16, 2, 10.875 ],
			"faces": {
				"down": { "uv": [ 0, 0, 1.5, 5.75 ], "texture": "#texture" },
				"up": { "uv": [ 0, 10.25, 1.5, 16 ], "texture": "#texture" },
				"north": { "uv": [ 14.5, 9.25, 16, 14.25 ], "texture": "#texture" },
				"south": { "uv": [ 0, 9.25, 1.5, 14.25 ], "texture": "#texture" },
				"west": { "uv": [ 10.25, 9.25, 16, 14.25 ], "texture": "#texture" },
				"east": { "uv": [ 0, 9.25, 5.75, 14.25 ], "texture": "#texture" }
			}
		},
		{
			"__comment": "Box532",
			"from": [ 15, -1.125, 7.5 ],
			"to": [ 16, 0.875, 9.5 ],
			"faces": {
				"down": { "uv": [ 0, 0, 1.5, 5.75 ], "texture": "#texture" },
				"up": { "uv": [ 0, 10.25, 1.5, 16 ], "texture": "#texture" },
				"north": { "uv": [ 14.5, 9.25, 16, 14.25 ], "texture": "#texture" },
				"south": { "uv": [ 0, 9.25, 1.5, 14.25 ], "texture": "#texture" },
				"west": { "uv": [ 10.25, 9.25, 16, 14.25 ], "texture": "#texture" },
				"east": { "uv": [ 0, 9.25, 5.75, 14.25 ], "texture": "#texture" }
			}
		},
		{
			"__comment": "Box532",
			"from": [ 15, -1.125, 9.375 ],
			"to": [ 16, 0.875, 11.375 ],
			"faces": {
				"down": { "uv": [ 0, 0, 1.5, 5.75 ], "texture": "#texture" },
				"up": { "uv": [ 0, 10.25, 1.5, 16 ], "texture": "#texture" },
				"north": { "uv": [ 14.5, 9.25, 16, 14.25 ], "texture": "#texture" },
				"south": { "uv": [ 0, 9.25, 1.5, 14.25 ], "texture": "#texture" },
				"west": { "uv": [ 10.25, 9.25, 16, 14.25 ], "texture": "#texture" },
				"east": { "uv": [ 0, 9.25, 5.75, 14.25 ], "texture": "#texture" }
			}
		},
		{
			"__comment": "Box532",
			"from": [ 15, 1.5, 10.125 ],
			"to": [ 16, 6.5, 16.125 ],
			"faces": {
				"down": { "uv": [ 0, 0, 1.5, 5.75 ], "texture": "#texture" },
				"up": { "uv": [ 0, 10.25, 1.5, 16 ], "texture": "#texture" },
				"north": { "uv": [ 14.5, 9.25, 16, 14.25 ], "texture": "#texture" },
				"south": { "uv": [ 0, 9.25, 1.5, 14.25 ], "texture": "#texture" },
				"west": { "uv": [ 10.25, 9.25, 16, 14.25 ], "texture": "#texture" },
				"east": { "uv": [ 0, 9.25, 5.75, 14.25 ], "texture": "#texture" }
			}
		},
		{
			"__comment": "Box532",
			"from": [ 15, 0, 10.375 ],
			"to": [ 16, 2, 12.375 ],
			"faces": {
				"down": { "uv": [ 0, 0, 1.5, 5.75 ], "texture": "#texture" },
				"up": { "uv": [ 0, 10.25, 1.5, 16 ], "texture": "#texture" },
				"north": { "uv": [ 14.5, 9.25, 16, 14.25 ], "texture": "#texture" },
				"south": { "uv": [ 0, 9.25, 1.5, 14.25 ], "texture": "#texture" },
				"west": { "uv": [ 10.25, 9.25, 16, 14.25 ], "texture": "#texture" },
				"east": { "uv": [ 0, 9.25, 5.75, 14.25 ], "texture": "#texture" }
			}
		},
		{
			"__comment": "Box532",
			"from": [ 15, -1, 11.375 ],
			"to": [ 16, 1, 13.375 ],
			"faces": {
				"down": { "uv": [ 0, 0, 1.5, 5.75 ], "texture": "#texture" },
				"up": { "uv": [ 0, 10.25, 1.5, 16 ], "texture": "#texture" },
				"north": { "uv": [ 14.5, 9.25, 16, 14.25 ], "texture": "#texture" },
				"south": { "uv": [ 0, 9.25, 1.5, 14.25 ], "texture": "#texture" },
				"west": { "uv": [ 10.25, 9.25, 16, 14.25 ], "texture": "#texture" },
				"east": { "uv": [ 0, 9.25, 5.75, 14.25 ], "texture": "#texture" }
			}
		},
		{
			"__comment": "Box532",
			"from": [ 15, 0, 12.375 ],
			"to": [ 16, 2, 14.375 ],
			"faces": {
				"down": { "uv": [ 0, 0, 1.5, 5.75 ], "texture": "#texture" },
				"up": { "uv": [ 0, 10.25, 1.5, 16 ], "texture": "#texture" },
				"north": { "uv": [ 14.5, 9.25, 16, 14.25 ], "texture": "#texture" },
				"south": { "uv": [ 0, 9.25, 1.5, 14.25 ], "texture": "#texture" },
				"west": { "uv": [ 10.25, 9.25, 16, 14.25 ], "texture": "#texture" },
				"east": { "uv": [ 0, 9.25, 5.75, 14.25 ], "texture": "#texture" }
			}
		},
		{
			"__comment": "Box532",
			"from": [ 14.5, -0.875, 13.375 ],
			"to": [ 15.5, 1.125, 15.375 ],
			"faces": {
				"down": { "uv": [ 0, 0, 1.5, 5.75 ], "texture": "#texture" },
				"up": { "uv": [ 0, 10.25, 1.5, 16 ], "texture": "#texture" },
				"north": { "uv": [ 14.5, 9.25, 16, 14.25 ], "texture": "#texture" },
				"south": { "uv": [ 0, 9.25, 1.5, 14.25 ], "texture": "#texture" },
				"west": { "uv": [ 10.25, 9.25, 16, 14.25 ], "texture": "#texture" },
				"east": { "uv": [ 0, 9.25, 5.75, 14.25 ], "texture": "#texture" }
			}
		},
		{
			"__comment": "Box532",
			"from": [ 15, 6.5, 4.375 ],
			"to": [ 16, 9, 8.375 ],
			"rotation": { "origin": [ 15, 6.5, 4.375 ], "axis": "x", "angle": 45 },
			"faces": {
				"down": { "uv": [ 0, 0, 1.5, 5.75 ], "texture": "#texture" },
				"up": { "uv": [ 0, 10.25, 1.5, 16 ], "texture": "#texture" },
				"north": { "uv": [ 14.5, 9.25, 16, 14.25 ], "texture": "#texture" },
				"south": { "uv": [ 0, 9.25, 1.5, 14.25 ], "texture": "#texture" },
				"west": { "uv": [ 10.25, 9.25, 16, 14.25 ], "texture": "#texture" },
				"east": { "uv": [ 0, 9.25, 5.75, 14.25 ], "texture": "#texture" }
			}
		},
		{
			"__comment": "Box532",
			"from": [ 15, 3, 4.875 ],
			"to": [ 16, 7, 7.375 ],
			"rotation": { "origin": [ 15, 7, 4.875 ], "axis": "x", "angle": -22.5 },
			"faces": {
				"down": { "uv": [ 0, 9.25, 1.5, 14.25 ], "texture": "#texture" },
				"up": { "uv": [ 16, 14.25, 14.5, 9.25 ], "texture": "#texture" },
				"north": { "uv": [ 1.5, 5.75, 0, 0 ], "texture": "#texture" },
				"south": { "uv": [ 0, 10.25, 1.5, 16 ], "texture": "#texture" },
				"west": { "uv": [ 10.25, 9.25, 16, 14.25 ], "texture": "#texture", "rotation": 90 },
				"east": { "uv": [ 0, 9.25, 5.75, 14.25 ], "texture": "#texture", "rotation": 270 }
			}
		},
		{
			"__comment": "Box532",
			"from": [ 15, 6.5, 3.875 ],
			"to": [ 16, 9, 7.875 ],
			"rotation": { "origin": [ 15, 6.5, 3.875 ], "axis": "x", "angle": 22.5 },
			"faces": {
				"down": { "uv": [ 0, 0, 1.5, 5.75 ], "texture": "#texture" },
				"up": { "uv": [ 0, 10.25, 1.5, 16 ], "texture": "#texture" },
				"north": { "uv": [ 14.5, 9.25, 16, 14.25 ], "texture": "#texture" },
				"south": { "uv": [ 0, 9.25, 1.5, 14.25 ], "texture": "#texture" },
				"west": { "uv": [ 10.25, 9.25, 16, 14.25 ], "texture": "#texture" },
				"east": { "uv": [ 0, 9.25, 5.75, 14.25 ], "texture": "#texture" }
			}
		},
		{
			"__comment": "Box532",
			"from": [ 14.75, 0, 13.875 ],
			"to": [ 15.75, 2, 15.875 ],
			"faces": {
				"down": { "uv": [ 0, 0, 1.5, 5.75 ], "texture": "#texture" },
				"up": { "uv": [ 0, 10.25, 1.5, 16 ], "texture": "#texture" },
				"north": { "uv": [ 14.5, 9.25, 16, 14.25 ], "texture": "#texture" },
				"south": { "uv": [ 0, 9.25, 1.5, 14.25 ], "texture": "#texture" },
				"west": { "uv": [ 10.25, 9.25, 16, 14.25 ], "texture": "#texture" },
				"east": { "uv": [ 0, 9.25, 5.75, 14.25 ], "texture": "#texture" }
			}
		},
		{
			"__comment": "Box532",
			"from": [ 1, -0.875, 14 ],
			"to": [ 15.5, 4.125, 15.5 ],
			"faces": {
				"down": { "uv": [ 7.5, 0, 9, 1 ], "texture": "#texture", "rotation": 90 },
				"up": { "uv": [ 7.5, 15, 9, 16 ], "texture": "#texture", "rotation": 270 },
				"north": { "uv": [ 0, 10.5, 1, 15.5 ], "texture": "#texture" },
				"south": { "uv": [ 15, 10.5, 16, 15.5 ], "texture": "#texture" },
				"west": { "uv": [ 7, 10.5, 8.5, 15.5 ], "texture": "#texture" },
				"east": { "uv": [ 7.5, 10.5, 9, 15.5 ], "texture": "#texture" }
			}
		},
		{
			"__comment": "Box532",
			"from": [ 3.875, -1, 14.625 ],
			"to": [ 11.875, 2.5, 16.125 ],
			"faces": {
				"down": { "uv": [ 7.5, 0, 9, 1 ], "texture": "#texture", "rotation": 90 },
				"up": { "uv": [ 7.5, 15, 9, 16 ], "texture": "#texture", "rotation": 270 },
				"north": { "uv": [ 0, 10.5, 1, 15.5 ], "texture": "#texture" },
				"south": { "uv": [ 15, 10.5, 16, 15.5 ], "texture": "#texture" },
				"west": { "uv": [ 7, 10.5, 8.5, 15.5 ], "texture": "#texture" },
				"east": { "uv": [ 7.5, 10.5, 9, 15.5 ], "texture": "#texture" }
			}
		},
		{
			"__comment": "Box532",
			"from": [ 3, 0.75, 14.75 ],
			"to": [ 13, 3.75, 16.25 ],
			"faces": {
				"down": { "uv": [ 7.5, 0, 9, 1 ], "texture": "#texture", "rotation": 90 },
				"up": { "uv": [ 7.5, 15, 9, 16 ], "texture": "#texture", "rotation": 270 },
				"north": { "uv": [ 0, 10.5, 1, 15.5 ], "texture": "#texture" },
				"south": { "uv": [ 15, 10.5, 16, 15.5 ], "texture": "#texture" },
				"west": { "uv": [ 7, 10.5, 8.5, 15.5 ], "texture": "#texture" },
				"east": { "uv": [ 7.5, 10.5, 9, 15.5 ], "texture": "#texture" }
			}
		},
		{
			"__comment": "Box532",
			"from": [ 0.125, -1.25, 7.125 ],
			"to": [ 1.125, 0.75, 9.125 ],
			"faces": {
				"down": { "uv": [ 0, 0, 1.5, 5.75 ], "texture": "#1" },
				"up": { "uv": [ 0, 10.25, 1.5, 16 ], "texture": "#1" },
				"north": { "uv": [ 14.5, 9.25, 16, 14.25 ], "texture": "#1" },
				"south": { "uv": [ 0, 9.25, 1.5, 14.25 ], "texture": "#1" },
				"west": { "uv": [ 10.25, 9.25, 16, 14.25 ], "texture": "#1" },
				"east": { "uv": [ 0, 9.25, 5.75, 14.25 ], "texture": "#1" }
			}
		},
		{
			"__comment": "Box532",
			"from": [ 0.125, -1.875, 5.75 ],
			"to": [ 1.125, 0.125, 7.75 ],
			"rotation": { "origin": [ 0.125, 0.125, 5.75 ], "axis": "x", "angle": -45 },
			"faces": {
				"down": { "uv": [ 0, 9.25, 1.5, 14.25 ], "texture": "#1" },
				"up": { "uv": [ 16, 14.25, 14.5, 9.25 ], "texture": "#1" },
				"north": { "uv": [ 1.5, 5.75, 0, 0 ], "texture": "#1" },
				"south": { "uv": [ 0, 10.25, 1.5, 16 ], "texture": "#1" },
				"west": { "uv": [ 10.25, 9.25, 16, 14.25 ], "texture": "#1", "rotation": 90 },
				"east": { "uv": [ 0, 9.25, 5.75, 14.25 ], "texture": "#1", "rotation": 270 }
			}
		},
		{
			"__comment": "Box532",
			"from": [ 0.125, -0.125, 5 ],
			"to": [ 1.125, 1.875, 7 ],
			"rotation": { "origin": [ 0.125, 1.875, 5 ], "axis": "x", "angle": -22.5 },
			"faces": {
				"down": { "uv": [ 0, 9.25, 1.5, 14.25 ], "texture": "#1" },
				"up": { "uv": [ 16, 14.25, 14.5, 9.25 ], "texture": "#1" },
				"north": { "uv": [ 1.5, 5.75, 0, 0 ], "texture": "#1" },
				"south": { "uv": [ 0, 10.25, 1.5, 16 ], "texture": "#1" },
				"west": { "uv": [ 10.25, 9.25, 16, 14.25 ], "texture": "#1", "rotation": 90 },
				"east": { "uv": [ 0, 9.25, 5.75, 14.25 ], "texture": "#1", "rotation": 270 }
			}
		},
		{
			"__comment": "Box532",
			"from": [ 0.125, 1.875, 5 ],
			"to": [ 1.125, 5.875, 7.5 ],
			"faces": {
				"down": { "uv": [ 0, 9.25, 1.5, 14.25 ], "texture": "#1" },
				"up": { "uv": [ 16, 14.25, 14.5, 9.25 ], "texture": "#1" },
				"north": { "uv": [ 1.5, 5.75, 0, 0 ], "texture": "#1" },
				"south": { "uv": [ 0, 10.25, 1.5, 16 ], "texture": "#1" },
				"west": { "uv": [ 10.25, 9.25, 16, 14.25 ], "texture": "#1", "rotation": 90 },
				"east": { "uv": [ 0, 9.25, 5.75, 14.25 ], "texture": "#1", "rotation": 270 }
			}
		},
		{
			"__comment": "Box532",
			"from": [ 0.125, 6.375, 4 ],
			"to": [ 1.125, 8.875, 8 ],
			"rotation": { "origin": [ 0.125, 6.375, 4 ], "axis": "x", "angle": 45 },
			"faces": {
				"down": { "uv": [ 0, 0, 1.5, 5.75 ], "texture": "#1" },
				"up": { "uv": [ 0, 10.25, 1.5, 16 ], "texture": "#1" },
				"north": { "uv": [ 14.5, 9.25, 16, 14.25 ], "texture": "#1" },
				"south": { "uv": [ 0, 9.25, 1.5, 14.25 ], "texture": "#1" },
				"west": { "uv": [ 10.25, 9.25, 16, 14.25 ], "texture": "#1" },
				"east": { "uv": [ 0, 9.25, 5.75, 14.25 ], "texture": "#1" }
			}
		},
		{
			"__comment": "Box532",
			"from": [ 0.125, 6.375, 3.5 ],
			"to": [ 1.125, 8.875, 7.5 ],
			"rotation": { "origin": [ 0.125, 6.375, 3.5 ], "axis": "x", "angle": 22.5 },
			"faces": {
				"down": { "uv": [ 0, 0, 1.5, 5.75 ], "texture": "#1" },
				"up": { "uv": [ 0, 10.25, 1.5, 16 ], "texture": "#1" },
				"north": { "uv": [ 14.5, 9.25, 16, 14.25 ], "texture": "#1" },
				"south": { "uv": [ 0, 9.25, 1.5, 14.25 ], "texture": "#1" },
				"west": { "uv": [ 10.25, 9.25, 16, 14.25 ], "texture": "#1" },
				"east": { "uv": [ 0, 9.25, 5.75, 14.25 ], "texture": "#1" }
			}
		},
		{
			"__comment": "Box526",
			"from": [ 0.125, 6.125, 0.75 ],
			"to": [ 0.625, 10.125, 15.75 ],
			"faces": {
				"down": { "uv": [ 0, 0.25, 1, 15.25 ], "texture": "#1" },
				"up": { "uv": [ 0, 0.75, 1, 15.75 ], "texture": "#1" },
				"north": { "uv": [ 15, 5.5, 16, 9.5 ], "texture": "#1" },
				"south": { "uv": [ 0, 5.5, 1, 9.5 ], "texture": "#1" },
				"west": { "uv": [ 0.75, 5.5, 15.75, 9.5 ], "texture": "#1" },
				"east": { "uv": [ 0.25, 5.5, 15.25, 9.5 ], "texture": "#1" }
			}
		},
		{
			"__comment": "Box526",
			"from": [ 15.125, 6, 0.875 ],
			"to": [ 15.126, 10, 15.875 ],
			"faces": {
				"down": { "uv": [ 0, 0.25, 1, 15.25 ], "texture": "#1" },
				"up": { "uv": [ 0, 0.75, 1, 15.75 ], "texture": "#1" },
				"north": { "uv": [ 15, 5.5, 16, 9.5 ], "texture": "#1" },
				"south": { "uv": [ 0, 5.5, 1, 9.5 ], "texture": "#1" },
				"west": { "uv": [ 0.75, 5.5, 15.75, 9.5 ], "texture": "#1" },
				"east": { "uv": [ 0.25, 5.5, 15.25, 9.5 ], "texture": "#1" }
			}
		},
		{
			"__comment": "Box532",
			"from": [ 15.125, 6.25, 3.625 ],
			"to": [ 15.439, 8.75, 7.625 ],
			"rotation": { "origin": [ 15.125, 6.25, 3.625 ], "axis": "x", "angle": 22.5 },
			"faces": {
				"down": { "uv": [ 0, 0, 1.5, 5.75 ], "texture": "#1" },
				"up": { "uv": [ 0, 10.25, 1.5, 16 ], "texture": "#1" },
				"north": { "uv": [ 14.5, 9.25, 16, 14.25 ], "texture": "#1" },
				"south": { "uv": [ 0, 9.25, 1.5, 14.25 ], "texture": "#1" },
				"west": { "uv": [ 10.25, 9.25, 16, 14.25 ], "texture": "#1" },
				"east": { "uv": [ 0, 9.25, 5.75, 14.25 ], "texture": "#1" }
			}
		},
		{
			"__comment": "Box532",
			"from": [ 15.125, 6.25, 4.125 ],
			"to": [ 15.439, 8.75, 8.125 ],
			"rotation": { "origin": [ 15.125, 6.25, 4.125 ], "axis": "x", "angle": 45 },
			"faces": {
				"down": { "uv": [ 0, 0, 1.5, 5.75 ], "texture": "#1" },
				"up": { "uv": [ 0, 10.25, 1.5, 16 ], "texture": "#1" },
				"north": { "uv": [ 14.5, 9.25, 16, 14.25 ], "texture": "#1" },
				"south": { "uv": [ 0, 9.25, 1.5, 14.25 ], "texture": "#1" },
				"west": { "uv": [ 10.25, 9.25, 16, 14.25 ], "texture": "#1" },
				"east": { "uv": [ 0, 9.25, 5.75, 14.25 ], "texture": "#1" }
			}
		},
		{
			"__comment": "Box532",
			"from": [ 15.125, 1.75, 5.125 ],
			"to": [ 15.439, 5.75, 7.625 ],
			"faces": {
				"down": { "uv": [ 0, 9.25, 1.5, 14.25 ], "texture": "#1" },
				"up": { "uv": [ 16, 14.25, 14.5, 9.25 ], "texture": "#1" },
				"north": { "uv": [ 1.5, 5.75, 0, 0 ], "texture": "#1" },
				"south": { "uv": [ 0, 10.25, 1.5, 16 ], "texture": "#1" },
				"west": { "uv": [ 10.25, 9.25, 16, 14.25 ], "texture": "#1", "rotation": 90 },
				"east": { "uv": [ 0, 9.25, 5.75, 14.25 ], "texture": "#1", "rotation": 270 }
			}
		},
		{
			"__comment": "Box532",
			"from": [ 15.125, -0.25, 5.125 ],
			"to": [ 15.439, 1.75, 7.125 ],
			"rotation": { "origin": [ 15.125, 1.75, 5.125 ], "axis": "x", "angle": -22.5 },
			"faces": {
				"down": { "uv": [ 0, 9.25, 1.5, 14.25 ], "texture": "#1" },
				"up": { "uv": [ 16, 14.25, 14.5, 9.25 ], "texture": "#1" },
				"north": { "uv": [ 1.5, 5.75, 0, 0 ], "texture": "#1" },
				"south": { "uv": [ 0, 10.25, 1.5, 16 ], "texture": "#1" },
				"west": { "uv": [ 10.25, 9.25, 16, 14.25 ], "texture": "#1", "rotation": 90 },
				"east": { "uv": [ 0, 9.25, 5.75, 14.25 ], "texture": "#1", "rotation": 270 }
			}
		},
		{
			"__comment": "Box532",
			"from": [ 15.125, -2, 5.875 ],
			"to": [ 15.439, 0, 7.875 ],
			"rotation": { "origin": [ 15.125, 0, 5.875 ], "axis": "x", "angle": -45 },
			"faces": {
				"down": { "uv": [ 0, 9.25, 1.5, 14.25 ], "texture": "#1" },
				"up": { "uv": [ 16, 14.25, 14.5, 9.25 ], "texture": "#1" },
				"north": { "uv": [ 1.5, 5.75, 0, 0 ], "texture": "#1" },
				"south": { "uv": [ 0, 10.25, 1.5, 16 ], "texture": "#1" },
				"west": { "uv": [ 10.25, 9.25, 16, 14.25 ], "texture": "#1", "rotation": 90 },
				"east": { "uv": [ 0, 9.25, 5.75, 14.25 ], "texture": "#1", "rotation": 270 }
			}
		},
		{
			"__comment": "Box532",
			"from": [ 15.125, -1.375, 7.25 ],
			"to": [ 15.439, 0.625, 9.25 ],
			"faces": {
				"down": { "uv": [ 0, 0, 1.5, 5.75 ], "texture": "#1" },
				"up": { "uv": [ 0, 10.25, 1.5, 16 ], "texture": "#1" },
				"north": { "uv": [ 14.5, 9.25, 16, 14.25 ], "texture": "#1" },
				"south": { "uv": [ 0, 9.25, 1.5, 14.25 ], "texture": "#1" },
				"west": { "uv": [ 10.25, 9.25, 16, 14.25 ], "texture": "#1" },
				"east": { "uv": [ 0, 9.25, 5.75, 14.25 ], "texture": "#1" }
			}
		}
	],
	"display": {
		"thirdperson_righthand": {
			"rotation":  [ 0, 9, 0 ],
			"translation":  [ 0.0039, 2.0862, 0.6939 ],
			"scale":  [ 0.2913, 0.326, 0.3608 ]
		},
		"thirdperson_lefthand": {
			"translation":  [ -7.5, 0, -7 ],
			"scale":  [ 0.0001, 0.0001, 0.0001 ]
		},
		"firstperson_righthand": {
			"rotation":  [ 0, 110, 0 ],
			"translation":  [ -4.173, 7.6521, 4.1739 ],
			"scale":  [ 0.2, 0.2, 0.2 ]
		},
		"firstperson_lefthand": {
			"rotation":  [ 0, 180, 0 ],
			"translation":  [ -6.12, 6.7825, -7.173 ],
			"scale":  [ 0.0001, 0.0001, 0.0001 ]
		},
		"gui": {
			"rotation":  [ 13, 145, 0 ],
			"translation":  [ 0.0139, 2.0882, 0 ],
			"scale":  [ 0.6, 0.6, 0.6 ]
		},
		"head": {
			"translation":  [ 0, 2.0869, 0 ],
			"scale":  [ 0.96, 0.965, 1 ]
		},
		"ground": {
			"rotation":  [ 0, 0, 4 ],
			"translation":  [ 0, 8, 0 ],
			"scale":  [ 0.5, 0.5, 0.5 ]
		},
		"fixed": {
			"rotation":  [ 0, 180, 0 ],
			"translation":  [ -2, 7, -13 ],
			"scale":  [ 1.5, 1.5, 1.5 ]
		}
	}
}