{
	"__comment": "Designed by I_m_bin2 with Cubik Studio - https://cubik.studio",
	"textures": {
		"0": "guns/schwarz_10",
		"1": "guns/schwarz_25",
		"2": "guns/schwarz_15",
		"4": "guns/schwarz_0",
		"5": "guns/schwarz_35",
		"6": "guns/rot",
		"7": "guns/gold",
		"particle": "guns/schwarz_10"
	},
	"elements": [ 	 
		{
			"__comment": "Element",
			"from": [ 8.099999, 8.075, 4.4 ],
			"to": [ 8.149999, 8.7, 4.425 ],
			"faces": {
				"down": { "uv": [ 0, 0, 0.05, 0.02499962 ], "texture": "#1" },
				"up": { "uv": [ 0, 0, 0.05, 0.02499962 ], "texture": "#1" },
				"north": { "uv": [ 0, 0, 0.05, 0.625 ], "texture": "#1" },
				"south": { "uv": [ 0, 0, 0.05, 0.625 ], "texture": "#1" },
				"west": { "uv": [ 0, 0, 0.025, 0.625 ], "texture": "#1" },
				"east": { "uv": [ 0, 0, 0.025, 0.625 ], "texture": "#1" }
			}
		},
		{
			"__comment": "Element",
			"from": [ 7.9, 8.325, 2.65 ],
			"to": [ 8.074999, 8.5, 2.95 ],
			"faces": {
				"down": { "uv": [ 0, 0, 0.175, 0.3000002 ], "texture": "#1" },
				"up": { "uv": [ 0, 0, 0.175, 0.3000002 ], "texture": "#1" },
				"north": { "uv": [ 0, 0, 0.175, 0.1750002 ], "texture": "#1" },
				"south": { "uv": [ 0, 0, 0.175, 0.1750002 ], "texture": "#1" },
				"west": { "uv": [ 0, 0, 0.3, 0.1750002 ], "texture": "#1" },
				"east": { "uv": [ 0, 0, 0.3, 0.1750002 ], "texture": "#1" }
			}
		},
		{
			"__comment": "Element",
			"from": [ 7.9, 8.625, 1.875 ],
			"to": [ 8.074999, 8.675, 2.15 ],
			"faces": {
				"down": { "uv": [ 0, 0, 0.175, 0.2749996 ], "texture": "#1" },
				"up": { "uv": [ 0, 0, 0.175, 0.2749996 ], "texture": "#1" },
				"north": { "uv": [ 0, 0, 0.175, 0.05000019 ], "texture": "#1" },
				"south": { "uv": [ 0, 0, 0.175, 0.05000019 ], "texture": "#1" },
				"west": { "uv": [ 0, 0, 0.275, 0.05000019 ], "texture": "#1" },
				"east": { "uv": [ 0, 0, 0.275, 0.05000019 ], "texture": "#1" }
			}
		},
		{
			"__comment": "Element",
			"from": [ 7.825, 8.075, 4.4 ],
			"to": [ 7.875, 8.7, 4.425 ],
			"faces": {
				"down": { "uv": [ 0, 0, 0.05, 0.02499962 ], "texture": "#1" },
				"up": { "uv": [ 0, 0, 0.05, 0.02499962 ], "texture": "#1" },
				"north": { "uv": [ 0, 0, 0.05, 0.625 ], "texture": "#1" },
				"south": { "uv": [ 0, 0, 0.05, 0.625 ], "texture": "#1" },
				"west": { "uv": [ 0, 0, 0.025, 0.625 ], "texture": "#1" },
				"east": { "uv": [ 0, 0, 0.025, 0.625 ], "texture": "#1" }
			}
		},
		{
			"__comment": "Element",
			"from": [ 7.875, 8.099999, 4.4 ],
			"to": [ 8.1, 8.249999, 4.425 ],
			"faces": {
				"down": { "uv": [ 0, 0, 0.225, 0.02499962 ], "texture": "#1" },
				"up": { "uv": [ 0, 0, 0.225, 0.02499962 ], "texture": "#1" },
				"north": { "uv": [ 0, 0, 0.225, 0.1499996 ], "texture": "#1" },
				"south": { "uv": [ 0, 0, 0.225, 0.1499996 ], "texture": "#1" },
				"west": { "uv": [ 0, 0, 0.025, 0.1499996 ], "texture": "#1" },
				"east": { "uv": [ 0, 0, 0.025, 0.1499996 ], "texture": "#1" }
			}
		},
		{
			"__comment": "Element",
			"from": [ 5.41, 3.13, 2.65 ],
			"to": [ 5.585, 3.305, 2.95 ],
			"rotation": { "origin": [ 13.01, 2.805, 8 ], "axis": "z", "angle": -45 },
			"faces": {
				"down": { "uv": [ 0, 0, 0.175, 0.3000002 ], "texture": "#1" },
				"up": { "uv": [ 0, 0, 0.175, 0.3000002 ], "texture": "#1" },
				"north": { "uv": [ 0, 0, 0.175, 0.1750002 ], "texture": "#1" },
				"south": { "uv": [ 0, 0, 0.175, 0.1750002 ], "texture": "#1" },
				"west": { "uv": [ 0, 0, 0.3, 0.1750002 ], "texture": "#1" },
				"east": { "uv": [ 0, 0, 0.3, 0.1750002 ], "texture": "#1" }
			}
		},
		{
			"__comment": "Element",
			"from": [ 5.125, 3.175, 2.925 ],
			"to": [ 5.3, 3.5, 6.875 ],
			"rotation": { "origin": [ 12.725, 2.525, 8 ], "axis": "z", "angle": -45 },
			"faces": {
				"down": { "uv": [ 0, 0, 0.175, 3.95 ], "texture": "#1" },
				"up": { "uv": [ 0, 0, 0.175, 3.95 ], "texture": "#1" },
				"north": { "uv": [ 0, 0, 0.175, 0.3249998 ], "texture": "#1" },
				"south": { "uv": [ 0, 0, 0.175, 0.3249998 ], "texture": "#1" },
				"west": { "uv": [ 0, 0, 3.95, 0.3249998 ], "texture": "#1" },
				"east": { "uv": [ 0, 0, 3.95, 0.3249998 ], "texture": "#1" }
			}
		},
		{
			"__comment": "Element",
			"from": [ 7.95, 8.224999, 2.925 ],
			"to": [ 8.025, 8.599999, 6.875 ],
			"faces": {
				"down": { "uv": [ 0, 0, 0.075, 3.95 ], "texture": "#1" },
				"up": { "uv": [ 0, 0, 0.075, 3.95 ], "texture": "#1" },
				"north": { "uv": [ 0, 0, 0.075, 0.375 ], "texture": "#1" },
				"south": { "uv": [ 0, 0, 0.075, 0.375 ], "texture": "#1" },
				"west": { "uv": [ 0, 0, 3.95, 0.375 ], "texture": "#1" },
				"east": { "uv": [ 0, 0, 3.95, 0.375 ], "texture": "#1" }
			}
		},
		{
			"__comment": "Element",
			"from": [ 7.8, 8.375, 2.925 ],
			"to": [ 8.174999, 8.45, 6.875 ],
			"faces": {
				"down": { "uv": [ 0, 0, 0.375, 3.95 ], "texture": "#1" },
				"up": { "uv": [ 0, 0, 0.375, 3.95 ], "texture": "#1" },
				"north": { "uv": [ 0, 0, 0.375, 0.07499981 ], "texture": "#1" },
				"south": { "uv": [ 0, 0, 0.375, 0.07499981 ], "texture": "#1" },
				"west": { "uv": [ 0, 0, 3.95, 0.07499981 ], "texture": "#1" },
				"east": { "uv": [ 0, 0, 3.95, 0.07499981 ], "texture": "#1" }
			}
		},
		{
			"__comment": "Element",
			"from": [ 5.05, 3.25, 2.925 ],
			"to": [ 5.375, 3.425, 6.875 ],
			"rotation": { "origin": [ 12.725, 2.525, 8 ], "axis": "z", "angle": -45 },
			"faces": {
				"down": { "uv": [ 0, 0, 0.325, 3.95 ], "texture": "#1" },
				"up": { "uv": [ 0, 0, 0.325, 3.95 ], "texture": "#1" },
				"north": { "uv": [ 0, 0, 0.325, 0.1750002 ], "texture": "#1" },
				"south": { "uv": [ 0, 0, 0.325, 0.1750002 ], "texture": "#1" },
				"west": { "uv": [ 0, 0, 3.95, 0.1750002 ], "texture": "#1" },
				"east": { "uv": [ 0, 0, 3.95, 0.1750002 ], "texture": "#1" }
			}
		},
		{
			"__comment": "Element",
			"from": [ 5.125, 3.175, 1.55 ],
			"to": [ 5.3, 3.5, 2.65 ],
			"rotation": { "origin": [ 12.725, 2.525, 6.45 ], "axis": "z", "angle": -45 },
			"faces": {
				"down": { "uv": [ 0, 0, 0.175, 1.1 ], "texture": "#1" },
				"up": { "uv": [ 0, 0, 0.175, 1.1 ], "texture": "#1" },
				"north": { "uv": [ 0, 0, 0.175, 0.3249998 ], "texture": "#1" },
				"south": { "uv": [ 0, 0, 0.175, 0.3249998 ], "texture": "#1" },
				"west": { "uv": [ 0, 0, 1.1, 0.3249998 ], "texture": "#1" },
				"east": { "uv": [ 0, 0, 1.1, 0.3249998 ], "texture": "#1" }
			}
		},
		{
			"__comment": "Element",
			"from": [ 7.95, 8.224999, 1.55 ],
			"to": [ 8.025, 8.599999, 2.65 ],
			"faces": {
				"down": { "uv": [ 0, 0, 0.075, 1.1 ], "texture": "#1" },
				"up": { "uv": [ 0, 0, 0.075, 1.1 ], "texture": "#1" },
				"north": { "uv": [ 0, 0, 0.075, 0.375 ], "texture": "#1" },
				"south": { "uv": [ 0, 0, 0.075, 0.375 ], "texture": "#1" },
				"west": { "uv": [ 0, 0, 1.1, 0.375 ], "texture": "#1" },
				"east": { "uv": [ 0, 0, 1.1, 0.375 ], "texture": "#1" }
			}
		},
		{
			"__comment": "Element",
			"from": [ 7.8, 8.375, 1.55 ],
			"to": [ 8.174999, 8.45, 2.65 ],
			"faces": {
				"down": { "uv": [ 0, 0, 0.375, 1.1 ], "texture": "#1" },
				"up": { "uv": [ 0, 0, 0.375, 1.1 ], "texture": "#1" },
				"north": { "uv": [ 0, 0, 0.375, 0.07499981 ], "texture": "#1" },
				"south": { "uv": [ 0, 0, 0.375, 0.07499981 ], "texture": "#1" },
				"west": { "uv": [ 0, 0, 1.1, 0.07499981 ], "texture": "#1" },
				"east": { "uv": [ 0, 0, 1.1, 0.07499981 ], "texture": "#1" }
			}
		},
		{
			"__comment": "Element",
			"from": [ 5.05, 3.25, 1.55 ],
			"to": [ 5.375, 3.425, 2.65 ],
			"rotation": { "origin": [ 12.725, 2.525, 6.45 ], "axis": "z", "angle": -45 },
			"faces": {
				"down": { "uv": [ 0, 0, 0.325, 1.1 ], "texture": "#1" },
				"up": { "uv": [ 0, 0, 0.325, 1.1 ], "texture": "#1" },
				"north": { "uv": [ 0, 0, 0.325, 0.1750002 ], "texture": "#1" },
				"south": { "uv": [ 0, 0, 0.325, 0.1750002 ], "texture": "#1" },
				"west": { "uv": [ 0, 0, 1.1, 0.1750002 ], "texture": "#1" },
				"east": { "uv": [ 0, 0, 1.1, 0.1750002 ], "texture": "#1" }
			}
		},
		{
			"__comment": "Element",
			"from": [ 5, 3.25, 1.375 ],
			"to": [ 5.425, 3.425, 1.875 ],
			"rotation": { "origin": [ 12.725, 2.525, 6.45 ], "axis": "z", "angle": -45 },
			"faces": {
				"down": { "uv": [ 0, 0, 0.425, 0.5 ], "texture": "#0" },
				"up": { "uv": [ 0, 0, 0.425, 0.5 ], "texture": "#0" },
				"north": { "uv": [ 0, 0, 0.425, 0.1750002 ], "texture": "#0" },
				"south": { "uv": [ 0, 0, 0.425, 0.1750002 ], "texture": "#0" },
				"west": { "uv": [ 0, 0, 0.5, 0.1750002 ], "texture": "#0" },
				"east": { "uv": [ 0, 0, 0.5, 0.1750002 ], "texture": "#0" }
			}
		},
		{
			"__comment": "Element",
			"from": [ 7.9, 8.175, 1.375 ],
			"to": [ 8.074999, 8.65, 1.875 ],
			"faces": {
				"down": { "uv": [ 0, 0, 0.175, 0.5 ], "texture": "#0" },
				"up": { "uv": [ 0, 0, 0.175, 0.5 ], "texture": "#0" },
				"north": { "uv": [ 0, 0, 0.175, 0.4750004 ], "texture": "#0" },
				"south": { "uv": [ 0, 0, 0.175, 0.4750004 ], "texture": "#0" },
				"west": { "uv": [ 0, 0, 0.5, 0.4750004 ], "texture": "#0" },
				"east": { "uv": [ 0, 0, 0.5, 0.4750004 ], "texture": "#0" }
			}
		},
		{
			"__comment": "Element",
			"from": [ 7.75, 8.3, 1.375 ],
			"to": [ 8.225, 8.5, 1.875 ],
			"faces": {
				"down": { "uv": [ 0, 0, 0.475, 0.5 ], "texture": "#0" },
				"up": { "uv": [ 0, 0, 0.475, 0.5 ], "texture": "#0" },
				"north": { "uv": [ 0, 0, 0.475, 0.1999998 ], "texture": "#0" },
				"south": { "uv": [ 0, 0, 0.475, 0.1999998 ], "texture": "#0" },
				"west": { "uv": [ 0, 0, 0.5, 0.1999998 ], "texture": "#0" },
				"east": { "uv": [ 0, 0, 0.5, 0.1999998 ], "texture": "#0" }
			}
		},
		{
			"__comment": "Element",
			"from": [ 5.125, 3.125, 1.375 ],
			"to": [ 5.3, 3.55, 1.875 ],
			"rotation": { "origin": [ 12.725, 2.525, 6.45 ], "axis": "z", "angle": -45 },
			"faces": {
				"down": { "uv": [ 0, 0, 0.175, 0.5 ], "texture": "#0" },
				"up": { "uv": [ 0, 0, 0.175, 0.5 ], "texture": "#0" },
				"north": { "uv": [ 0, 0, 0.175, 0.4250002 ], "texture": "#0" },
				"south": { "uv": [ 0, 0, 0.175, 0.4250002 ], "texture": "#0" },
				"west": { "uv": [ 0, 0, 0.5, 0.4250002 ], "texture": "#0" },
				"east": { "uv": [ 0, 0, 0.5, 0.4250002 ], "texture": "#0" }
			}
		},
		{
			"__comment": "Element",
			"from": [ 7.9, 8.65, 1.6 ],
			"to": [ 8.074999, 8.675, 2.15 ],
			"faces": {
				"down": { "uv": [ 0, 0, 0.175, 0.5500002 ], "texture": "#1" },
				"up": { "uv": [ 0, 0, 0.175, 0.5500002 ], "texture": "#1" },
				"north": { "uv": [ 0, 0, 0.175, 0.02499962 ], "texture": "#1" },
				"south": { "uv": [ 0, 0, 0.175, 0.02499962 ], "texture": "#1" },
				"west": { "uv": [ 0, 0, 0.55, 0.02499962 ], "texture": "#1" },
				"east": { "uv": [ 0, 0, 0.55, 0.02499962 ], "texture": "#1" }
			}
		},
		{
			"__comment": "Element",
			"from": [ 7.75, 8.099999, 4.675 ],
			"to": [ 8.225, 8.699999, 7.4 ],
			"faces": {
				"down": { "uv": [ 0, 0, 0.475, 2.725 ], "texture": "#0" },
				"up": { "uv": [ 0, 0, 0.475, 2.725 ], "texture": "#0" },
				"north": { "uv": [ 0, 0, 0.475, 0.6000004 ], "texture": "#0" },
				"south": { "uv": [ 0, 0, 0.475, 0.6000004 ], "texture": "#0" },
				"west": { "uv": [ 0, 0, 2.725, 0.6000004 ], "texture": "#0" },
				"east": { "uv": [ 0, 0, 2.725, 0.6000004 ], "texture": "#0" }
			}
		},
		{
			"__comment": "Element",
			"from": [ 7.75, 8.175, 8.8 ],
			"to": [ 8.225, 8.975, 10.125 ],
			"faces": {
				"down": { "uv": [ 0, 0, 0.475, 1.325 ], "texture": "#1" },
				"up": { "uv": [ 0, 0, 0.475, 1.325 ], "texture": "#1" },
				"north": { "uv": [ 0, 0, 0.475, 0.8000002 ], "texture": "#1" },
				"south": { "uv": [ 0, 0, 0.475, 0.8000002 ], "texture": "#1" },
				"west": { "uv": [ 0, 0, 1.325, 0.8000002 ], "texture": "#1" },
				"east": { "uv": [ 0, 0, 1.325, 0.8000002 ], "texture": "#1" }
			}
		},
		{
			"__comment": "Element",
			"from": [ 7.775, 7.325, 9.375 ],
			"to": [ 8.199999, 7.75, 10.175 ],
			"rotation": { "origin": [ 15.5, 6.75, 12.9 ], "axis": "x", "angle": 22.5 },
			"faces": {
				"down": { "uv": [ 0, 0, 0.425, 0.8000002 ], "texture": "#1" },
				"up": { "uv": [ 0, 0, 0.425, 0.8000002 ], "texture": "#1" },
				"north": { "uv": [ 0, 0, 0.425, 0.4250002 ], "texture": "#1" },
				"south": { "uv": [ 0, 0, 0.425, 0.4250002 ], "texture": "#1" },
				"west": { "uv": [ 0, 0, 0.8, 0.4250002 ], "texture": "#1" },
				"east": { "uv": [ 0, 0, 0.8, 0.4250002 ], "texture": "#1" }
			}
		},
		{
			"__comment": "Element",
			"from": [ 7.75, 8.3, 10.125 ],
			"to": [ 8.225, 8.7, 10.6 ],
			"faces": {
				"down": { "uv": [ 0, 0, 0.475, 0.4750004 ], "texture": "#1" },
				"up": { "uv": [ 0, 0, 0.475, 0.4750004 ], "texture": "#1" },
				"north": { "uv": [ 0, 0, 0.475, 0.3999996 ], "texture": "#1" },
				"south": { "uv": [ 0, 0, 0.475, 0.3999996 ], "texture": "#1" },
				"west": { "uv": [ 0, 0, 0.475, 0.3999996 ], "texture": "#1" },
				"east": { "uv": [ 0, 0, 0.475, 0.3999996 ], "texture": "#1" }
			}
		},
		{
			"__comment": "Element",
			"from": [ 7.75, 7.325, 9.375 ],
			"to": [ 8.225, 7.625, 9.975 ],
			"rotation": { "origin": [ 15.5, 6.75, 12.9 ], "axis": "x", "angle": 22.5 },
			"faces": {
				"down": { "uv": [ 0, 0, 0.475, 0.6000004 ], "texture": "#1" },
				"up": { "uv": [ 0, 0, 0.475, 0.6000004 ], "texture": "#1" },
				"north": { "uv": [ 0, 0, 0.475, 0.3000002 ], "texture": "#1" },
				"south": { "uv": [ 0, 0, 0.475, 0.3000002 ], "texture": "#1" },
				"west": { "uv": [ 0, 0, 0.6, 0.3000002 ], "texture": "#1" },
				"east": { "uv": [ 0, 0, 0.6, 0.3000002 ], "texture": "#1" }
			}
		},
		{
			"__comment": "Element",
			"from": [ 7.75, 8.7, 7.6 ],
			"to": [ 8.175, 8.975, 8.625 ],
			"faces": {
				"down": { "uv": [ 0, 0, 0.425, 1.025 ], "texture": "#1" },
				"up": { "uv": [ 0, 0, 0.425, 1.025 ], "texture": "#1" },
				"north": { "uv": [ 0, 0, 0.425, 0.2749996 ], "texture": "#1" },
				"south": { "uv": [ 0, 0, 0.425, 0.2749996 ], "texture": "#1" },
				"west": { "uv": [ 0, 0, 1.025, 0.2749996 ], "texture": "#1" },
				"east": { "uv": [ 0, 0, 1.025, 0.2749996 ], "texture": "#1" }
			}
		},
		{
			"__comment": "Element",
			"from": [ 7.75, 8.175, 7.6 ],
			"to": [ 8.225, 8.7, 8.625 ],
			"faces": {
				"down": { "uv": [ 0, 0, 0.475, 1.025 ], "texture": "#1" },
				"up": { "uv": [ 0, 0, 0.475, 1.025 ], "texture": "#1" },
				"north": { "uv": [ 0, 0, 0.475, 0.5249996 ], "texture": "#1" },
				"south": { "uv": [ 0, 0, 0.475, 0.5249996 ], "texture": "#1" },
				"west": { "uv": [ 0, 0, 1.025, 0.5249996 ], "texture": "#1" },
				"east": { "uv": [ 0, 0, 1.025, 0.5249996 ], "texture": "#1" }
			}
		},
		{
			"__comment": "Element",
			"from": [ 7.75, 8.175, 7.4 ],
			"to": [ 8.225, 8.975, 7.599999 ],
			"faces": {
				"down": { "uv": [ 0, 0, 0.475, 0.1999998 ], "texture": "#1" },
				"up": { "uv": [ 0, 0, 0.475, 0.1999998 ], "texture": "#1" },
				"north": { "uv": [ 0, 0, 0.475, 0.8000002 ], "texture": "#1" },
				"south": { "uv": [ 0, 0, 0.475, 0.8000002 ], "texture": "#1" },
				"west": { "uv": [ 0, 0, 0.2, 0.8000002 ], "texture": "#1" },
				"east": { "uv": [ 0, 0, 0.2, 0.8000002 ], "texture": "#1" }
			}
		},
		{
			"__comment": "Element",
			"from": [ 7.75, 8.925, 7.6 ],
			"to": [ 8.225, 8.975, 8.625 ],
			"faces": {
				"down": { "uv": [ 0, 0, 0.475, 1.025 ], "texture": "#1" },
				"up": { "uv": [ 0, 0, 0.475, 1.025 ], "texture": "#1" },
				"north": { "uv": [ 0, 0, 0.475, 0.05000019 ], "texture": "#1" },
				"south": { "uv": [ 0, 0, 0.475, 0.05000019 ], "texture": "#1" },
				"west": { "uv": [ 0, 0, 1.025, 0.05000019 ], "texture": "#1" },
				"east": { "uv": [ 0, 0, 1.025, 0.05000019 ], "texture": "#1" }
			}
		},
		{
			"__comment": "Element",
			"from": [ 7.75, 8.875, 8.625 ],
			"to": [ 8.225, 8.975, 10.125 ],
			"faces": {
				"down": { "uv": [ 0, 0, 0.475, 1.5 ], "texture": "#1" },
				"up": { "uv": [ 0, 0, 0.475, 1.5 ], "texture": "#1" },
				"north": { "uv": [ 0, 0, 0.475, 0.1000004 ], "texture": "#1" },
				"south": { "uv": [ 0, 0, 0.475, 0.1000004 ], "texture": "#1" },
				"west": { "uv": [ 0, 0, 1.5, 0.1000004 ], "texture": "#1" },
				"east": { "uv": [ 0, 0, 1.5, 0.1000004 ], "texture": "#1" }
			}
		},
		{
			"__comment": "Element",
			"from": [ 7.75, 8.7, 8.625 ],
			"to": [ 8.175, 8.875, 8.8 ],
			"faces": {
				"down": { "uv": [ 0, 0, 0.425, 0.1750002 ], "texture": "#1" },
				"up": { "uv": [ 0, 0, 0.425, 0.1750002 ], "texture": "#1" },
				"north": { "uv": [ 0, 0, 0.425, 0.1750002 ], "texture": "#1" },
				"south": { "uv": [ 0, 0, 0.425, 0.1750002 ], "texture": "#1" },
				"west": { "uv": [ 0, 0, 0.175, 0.1750002 ], "texture": "#1" },
				"east": { "uv": [ 0, 0, 0.175, 0.1750002 ], "texture": "#1" }
			}
		},
		{
			"__comment": "Element",
			"from": [ 7.75, 8.175, 8.625 ],
			"to": [ 8.225, 8.725, 8.8 ],
			"faces": {
				"down": { "uv": [ 0, 0, 0.475, 0.1750002 ], "texture": "#1" },
				"up": { "uv": [ 0, 0, 0.475, 0.1750002 ], "texture": "#1" },
				"north": { "uv": [ 0, 0, 0.475, 0.5500002 ], "texture": "#1" },
				"south": { "uv": [ 0, 0, 0.475, 0.5500002 ], "texture": "#1" },
				"west": { "uv": [ 0, 0, 0.175, 0.5500002 ], "texture": "#1" },
				"east": { "uv": [ 0, 0, 0.175, 0.5500002 ], "texture": "#1" }
			}
		},
		{
			"__comment": "Element",
			"from": [ 7.775, 8.7, 7.6 ],
			"to": [ 8.199999, 8.925, 8.625 ],
			"faces": {
				"down": { "uv": [ 0, 0, 0.425, 1.025 ], "texture": "#0" },
				"up": { "uv": [ 0, 0, 0.425, 1.025 ], "texture": "#0" },
				"north": { "uv": [ 0, 0, 0.425, 0.2250004 ], "texture": "#0" },
				"south": { "uv": [ 0, 0, 0.425, 0.2250004 ], "texture": "#0" },
				"west": { "uv": [ 0, 0, 1.025, 0.2250004 ], "texture": "#0" },
				"east": { "uv": [ 0, 0, 1.025, 0.2250004 ], "texture": "#0" }
			}
		},
		{
			"__comment": "Element",
			"from": [ 7.775, 8.7, 8.625 ],
			"to": [ 8.199999, 8.875, 8.8 ],
			"faces": {
				"down": { "uv": [ 0, 0, 0.425, 0.1750002 ], "texture": "#0" },
				"up": { "uv": [ 0, 0, 0.425, 0.1750002 ], "texture": "#0" },
				"north": { "uv": [ 0, 0, 0.425, 0.1750002 ], "texture": "#0" },
				"south": { "uv": [ 0, 0, 0.425, 0.1750002 ], "texture": "#0" },
				"west": { "uv": [ 0, 0, 0.175, 0.1750002 ], "texture": "#0" },
				"east": { "uv": [ 0, 0, 0.175, 0.1750002 ], "texture": "#0" }
			}
		},
		{
			"__comment": "Element",
			"from": [ 8.2, 8.775, 7.75 ],
			"to": [ 8.3, 8.875, 7.85 ],
			"faces": {
				"down": { "uv": [ 0, 0, 0.1, 0.1000004 ], "texture": "#4" },
				"up": { "uv": [ 0, 0, 0.1, 0.1000004 ], "texture": "#4" },
				"north": { "uv": [ 0, 0, 0.1, 0.1000004 ], "texture": "#4" },
				"south": { "uv": [ 0, 0, 0.1, 0.1000004 ], "texture": "#4" },
				"west": { "uv": [ 0, 0, 0.1, 0.1000004 ], "texture": "#4" },
				"east": { "uv": [ 0, 0, 0.1, 0.1000004 ], "texture": "#4" }
			}
		},
		{
			"__comment": "Element",
			"from": [ 8.2, 9.3, 7.375 ],
			"to": [ 8.275, 9.4, 7.475 ],
			"rotation": { "origin": [ 15.5, 9.55, 8.25 ], "axis": "x", "angle": -45 },
			"faces": {
				"down": { "uv": [ 0, 0, 0.075, 0.1000004 ], "texture": "#4", "rotation": 180 },
				"up": { "uv": [ 0, 0, 0.075, 0.1000004 ], "texture": "#4" },
				"north": { "uv": [ 0, 0, 0.075, 0.1000004 ], "texture": "#4", "rotation": 180 },
				"south": { "uv": [ 0, 0, 0.075, 0.1000004 ], "texture": "#4" },
				"west": { "uv": [ 0, 0, 0.1, 0.1000004 ], "texture": "#4", "rotation": 270 },
				"east": { "uv": [ 0, 0, 0.1, 0.1000004 ], "texture": "#4", "rotation": 90 }
			}
		},
		{
			"__comment": "Element",
			"from": [ 7.85, 7.375, 9.3 ],
			"to": [ 8.125, 7.65, 14.2 ],
			"rotation": { "origin": [ 15.5, 6.7, 12.9 ], "axis": "x", "angle": 22.5 },
			"faces": {
				"down": { "uv": [ 0, 0, 0.275, 4.9 ], "texture": "#1" },
				"up": { "uv": [ 0, 0, 4.9, 0.2749996 ], "texture": "#1" },
				"north": { "uv": [ 0, 0, 0.275, 0.2749996 ], "texture": "#1" },
				"south": { "uv": [ 0, 0, 0.275, 0.2749996 ], "texture": "#1" },
				"west": { "uv": [ 0, 0, 4.9, 0.2749996 ], "texture": "#1" },
				"east": { "uv": [ 0, 0, 4.9, 0.2749996 ], "texture": "#1" }
			}
		},
		{
			"__comment": "Element",
			"from": [ 7.75, 8.325, 11.875 ],
			"to": [ 8.225, 8.6, 14.75 ],
			"faces": {
				"down": { "uv": [ 0, 0, 0.475, 2.875 ], "texture": "#1" },
				"up": { "uv": [ 0, 0, 0.475, 2.875 ], "texture": "#1" },
				"north": { "uv": [ 0, 0, 0.475, 0.2749996 ], "texture": "#1", "rotation": 180 },
				"south": { "uv": [ 0, 0, 0.475, 0.2749996 ], "texture": "#1", "rotation": 180 },
				"west": { "uv": [ 0, 0, 4.9, 0.2749996 ], "texture": "#1" },
				"east": { "uv": [ 0, 0, 2.875, 0.2749996 ], "texture": "#1", "rotation": 180 }
			}
		},
		{
			"__comment": "Element",
			"from": [ 7.75, 6.735, 14.35 ],
			"to": [ 8.225, 8.359999, 14.725 ],
			"faces": {
				"down": { "uv": [ 0, 0, 0.475, 0.375 ], "texture": "#1" },
				"up": { "uv": [ 0, 0, 0.475, 0.375 ], "texture": "#1" },
				"north": { "uv": [ 0, 0, 0.475, 1.625 ], "texture": "#1", "rotation": 180 },
				"south": { "uv": [ 0, 0, 0.475, 1.625 ], "texture": "#1", "rotation": 180 },
				"west": { "uv": [ 0, 0, 0.375, 1.625 ], "texture": "#1", "rotation": 180 },
				"east": { "uv": [ 0, 0, 0.375, 1.625 ], "texture": "#1", "rotation": 180 }
			}
		},
		{
			"__comment": "Element",
			"from": [ 7.75, 6.025, 14.15 ],
			"to": [ 8.225, 6.925, 14.5 ],
			"rotation": { "origin": [ 15.5, 7.75, 12.65 ], "axis": "x", "angle": -22.5 },
			"faces": {
				"down": { "uv": [ 0, 0, 0.475, 0.3500004 ], "texture": "#1" },
				"up": { "uv": [ 0, 0, 0.475, 0.3500004 ], "texture": "#1" },
				"north": { "uv": [ 0, 0, 0.475, 0.8999996 ], "texture": "#1", "rotation": 180 },
				"south": { "uv": [ 0, 0, 0.475, 0.8999996 ], "texture": "#1", "rotation": 180 },
				"west": { "uv": [ 0, 0, 0.35, 0.8999996 ], "texture": "#1", "rotation": 180 },
				"east": { "uv": [ 0, 0, 0.35, 0.8999996 ], "texture": "#1", "rotation": 180 }
			}
		},
		{
			"__comment": "Element",
			"from": [ 7.775, 8.025, 12.275 ],
			"to": [ 8.199999, 8.3, 14.2 ],
			"rotation": { "origin": [ 15.5, 8.975, 12.9 ], "axis": "x", "angle": 22.5 },
			"faces": {
				"down": { "uv": [ 0, 0, 0.425, 1.925 ], "texture": "#1" },
				"up": { "uv": [ 0, 0, 0.425, 1.925 ], "texture": "#1" },
				"north": { "uv": [ 0, 0, 0.425, 0.2749996 ], "texture": "#1", "rotation": 180 },
				"south": { "uv": [ 0, 0, 0.425, 0.2749996 ], "texture": "#1", "rotation": 180 },
				"west": { "uv": [ 0, 0, 1.925, 0.2749996 ], "texture": "#1", "rotation": 180 },
				"east": { "uv": [ 0, 0, 1.925, 0.2749996 ], "texture": "#1", "rotation": 180 }
			}
		},
		{
			"__comment": "Element",
			"from": [ 7.775, 8.3, 12.95 ],
			"to": [ 8.199999, 8.575, 14.2 ],
			"rotation": { "origin": [ 15.5, 8.975, 12.9 ], "axis": "x", "angle": 22.5 },
			"faces": {
				"down": { "uv": [ 0, 0, 0.425, 1.25 ], "texture": "#1" },
				"up": { "uv": [ 0, 0, 0.425, 1.25 ], "texture": "#1" },
				"north": { "uv": [ 0, 0, 0.425, 0.2749996 ], "texture": "#1", "rotation": 180 },
				"south": { "uv": [ 0, 0, 0.425, 0.2749996 ], "texture": "#1", "rotation": 180 },
				"west": { "uv": [ 0, 0, 1.25, 0.2749996 ], "texture": "#1", "rotation": 180 },
				"east": { "uv": [ 0, 0, 1.25, 0.2749996 ], "texture": "#1", "rotation": 180 }
			}
		},
		{
			"__comment": "Element",
			"from": [ 7.775, 8.575, 13.55 ],
			"to": [ 8.199999, 8.825, 14.2 ],
			"rotation": { "origin": [ 15.5, 8.975, 12.9 ], "axis": "x", "angle": 22.5 },
			"faces": {
				"down": { "uv": [ 0, 0, 0.425, 0.6499996 ], "texture": "#1" },
				"up": { "uv": [ 0, 0, 0.425, 0.6499996 ], "texture": "#1" },
				"north": { "uv": [ 0, 0, 0.425, 0.25 ], "texture": "#1", "rotation": 180 },
				"south": { "uv": [ 0, 0, 0.425, 0.25 ], "texture": "#1", "rotation": 180 },
				"west": { "uv": [ 0, 0, 0.65, 0.25 ], "texture": "#1", "rotation": 180 },
				"east": { "uv": [ 0, 0, 0.65, 0.25 ], "texture": "#1", "rotation": 180 }
			}
		},
		{
			"__comment": "Element",
			"from": [ 7.775, 8.2, 12.025 ],
			"to": [ 8.199999, 8.35, 12.2 ],
			"rotation": { "origin": [ 15.5, 8.975, 12.65 ], "axis": "x", "angle": 22.5 },
			"faces": {
				"down": { "uv": [ 0, 0, 0.425, 0.1750002 ], "texture": "#1" },
				"up": { "uv": [ 0, 0, 0.425, 0.1750002 ], "texture": "#1" },
				"north": { "uv": [ 0, 0, 0.425, 0.1499996 ], "texture": "#1", "rotation": 180 },
				"south": { "uv": [ 0, 0, 0.425, 0.1499996 ], "texture": "#1", "rotation": 180 },
				"west": { "uv": [ 0, 0, 0.175, 0.1499996 ], "texture": "#1", "rotation": 180 },
				"east": { "uv": [ 0, 0, 0.175, 0.1499996 ], "texture": "#1", "rotation": 180 }
			}
		},
		{
			"__comment": "Element",
			"from": [ 7.9, 7.11, 14.15 ],
			"to": [ 8.074999, 8.359999, 14.175 ],
			"faces": {
				"down": { "uv": [ 0, 0, 0.175, 0.02499962 ], "texture": "#5" },
				"up": { "uv": [ 0, 0, 0.175, 0.02499962 ], "texture": "#5" },
				"north": { "uv": [ 0, 0, 0.175, 1.25 ], "texture": "#5", "rotation": 180 },
				"south": { "uv": [ 0, 0, 0.175, 1.25 ], "texture": "#5", "rotation": 180 },
				"west": { "uv": [ 0, 0, 0.025, 1.25 ], "texture": "#5", "rotation": 180 },
				"east": { "uv": [ 0, 0, 0.025, 1.25 ], "texture": "#5", "rotation": 180 }
			}
		},
		{
			"__comment": "Element",
			"from": [ 7.9, 7.11, 14.05 ],
			"to": [ 8.074999, 8.359999, 14.075 ],
			"faces": {
				"down": { "uv": [ 0, 0, 0.175, 0.02499962 ], "texture": "#5" },
				"up": { "uv": [ 0, 0, 0.175, 0.02499962 ], "texture": "#5" },
				"north": { "uv": [ 0, 0, 0.175, 1.25 ], "texture": "#5", "rotation": 180 },
				"south": { "uv": [ 0, 0, 0.175, 1.25 ], "texture": "#5", "rotation": 180 },
				"west": { "uv": [ 0, 0, 0.025, 1.25 ], "texture": "#5", "rotation": 180 },
				"east": { "uv": [ 0, 0, 0.025, 1.25 ], "texture": "#5", "rotation": 180 }
			}
		},
		{
			"__comment": "Element",
			"from": [ 7.9, 5.025, -0.65 ],
			"to": [ 8.074999, 5.125, -0.35 ],
			"rotation": { "origin": [ 15.5, 3.9, 5.525 ], "axis": "x", "angle": 45 },
			"faces": {
				"down": { "uv": [ 0, 0, 0.175, 0.3000002 ], "texture": "#2" },
				"up": { "uv": [ 0, 0, 0.175, 0.3000002 ], "texture": "#2" },
				"north": { "uv": [ 0, 0, 0.175, 0.1000004 ], "texture": "#2" },
				"south": { "uv": [ 0, 0, 0.175, 0.1000004 ], "texture": "#2" },
				"west": { "uv": [ 0, 0, 0.3, 0.1000004 ], "texture": "#2" },
				"east": { "uv": [ 0, 0, 0.3, 0.1000004 ], "texture": "#2" }
			}
		},
		{
			"__comment": "Element",
			"from": [ 7.9, 13.55, 0.55 ],
			"to": [ 8.074999, 13.65, 0.85 ],
			"rotation": { "origin": [ 15.5, 12.425, 6.725 ], "axis": "x", "angle": -45 },
			"faces": {
				"down": { "uv": [ 0, 0, 0.175, 0.3000002 ], "texture": "#2" },
				"up": { "uv": [ 0, 0, 0.175, 0.3000002 ], "texture": "#2" },
				"north": { "uv": [ 0, 0, 0.175, 0.1000004 ], "texture": "#2" },
				"south": { "uv": [ 0, 0, 0.175, 0.1000004 ], "texture": "#2" },
				"west": { "uv": [ 0, 0, 0.3, 0.1000004 ], "texture": "#2" },
				"east": { "uv": [ 0, 0, 0.3, 0.1000004 ], "texture": "#2" }
			}
		},
		{
			"__comment": "Element",
			"from": [ 7.9, 9.075, 1.7 ],
			"to": [ 8.074999, 9.125, 2.025 ],
			"faces": {
				"down": { "uv": [ 0, 0, 0.175, 0.3249998 ], "texture": "#2" },
				"up": { "uv": [ 0, 0, 0.175, 0.3249998 ], "texture": "#2" },
				"north": { "uv": [ 0, 0, 0.175, 0.05000019 ], "texture": "#2" },
				"south": { "uv": [ 0, 0, 0.175, 0.05000019 ], "texture": "#2" },
				"west": { "uv": [ 0, 0, 0.325, 0.05000019 ], "texture": "#2" },
				"east": { "uv": [ 0, 0, 0.325, 0.05000019 ], "texture": "#2" }
			}
		},
		{
			"__comment": "Element",
			"from": [ 7.9, 9.125, 1.725 ],
			"to": [ 7.949999, 9.175, 2 ],
			"faces": {
				"down": { "uv": [ 0, 0, 0.05, 0.2749996 ], "texture": "#2" },
				"up": { "uv": [ 0, 0, 0.05, 0.2749996 ], "texture": "#2" },
				"north": { "uv": [ 0, 0, 0.05, 0.05000019 ], "texture": "#2" },
				"south": { "uv": [ 0, 0, 0.05, 0.05000019 ], "texture": "#2" },
				"west": { "uv": [ 0, 0, 0.275, 0.05000019 ], "texture": "#2" },
				"east": { "uv": [ 0, 0, 0.275, 0.05000019 ], "texture": "#2" }
			}
		},
		{
			"__comment": "Element",
			"from": [ 7.9, 9.175, 1.75 ],
			"to": [ 7.949999, 9.2, 1.975 ],
			"faces": {
				"down": { "uv": [ 0, 0, 0.05, 0.2250004 ], "texture": "#2" },
				"up": { "uv": [ 0, 0, 0.05, 0.2250004 ], "texture": "#2" },
				"north": { "uv": [ 0, 0, 0.05, 0.02499962 ], "texture": "#2" },
				"south": { "uv": [ 0, 0, 0.05, 0.02499962 ], "texture": "#2" },
				"west": { "uv": [ 0, 0, 0.225, 0.02499962 ], "texture": "#2" },
				"east": { "uv": [ 0, 0, 0.225, 0.02499962 ], "texture": "#2" }
			}
		},
		{
			"__comment": "Element",
			"from": [ 8.025, 9.125, 1.725 ],
			"to": [ 8.075, 9.175, 2 ],
			"faces": {
				"down": { "uv": [ 0, 0, 0.05, 0.2749996 ], "texture": "#2" },
				"up": { "uv": [ 0, 0, 0.05, 0.2749996 ], "texture": "#2" },
				"north": { "uv": [ 0, 0, 0.05, 0.05000019 ], "texture": "#2" },
				"south": { "uv": [ 0, 0, 0.05, 0.05000019 ], "texture": "#2" },
				"west": { "uv": [ 0, 0, 0.275, 0.05000019 ], "texture": "#2" },
				"east": { "uv": [ 0, 0, 0.275, 0.05000019 ], "texture": "#2" }
			}
		},
		{
			"__comment": "Element",
			"from": [ 8.025, 9.175, 1.75 ],
			"to": [ 8.075, 9.2, 1.975 ],
			"faces": {
				"down": { "uv": [ 0, 0, 0.05, 0.2250004 ], "texture": "#2" },
				"up": { "uv": [ 0, 0, 0.05, 0.2250004 ], "texture": "#2" },
				"north": { "uv": [ 0, 0, 0.05, 0.02499962 ], "texture": "#2" },
				"south": { "uv": [ 0, 0, 0.05, 0.02499962 ], "texture": "#2" },
				"west": { "uv": [ 0, 0, 0.225, 0.02499962 ], "texture": "#2" },
				"east": { "uv": [ 0, 0, 0.225, 0.02499962 ], "texture": "#2" }
			}
		},
		{
			"__comment": "Element",
			"from": [ 7.9, 8.974999, 9.375 ],
			"to": [ 8.074999, 9.149999, 10 ],
			"faces": {
				"down": { "uv": [ 0, 0, 0.175, 0.625 ], "texture": "#2" },
				"up": { "uv": [ 0, 0, 0.175, 0.625 ], "texture": "#2" },
				"north": { "uv": [ 0, 0, 0.175, 0.1750002 ], "texture": "#2" },
				"south": { "uv": [ 0, 0, 0.175, 0.1750002 ], "texture": "#2" },
				"west": { "uv": [ 0, 0, 0.625, 0.1750002 ], "texture": "#2" },
				"east": { "uv": [ 0, 0, 0.625, 0.1750002 ], "texture": "#2" }
			}
		},
		{
			"__comment": "Element",
			"from": [ 7.9, 6.565, 8.36 ],
			"to": [ 8.074999, 6.765, 8.56 ],
			"rotation": { "origin": [ 15.5, 5.415, 14.86 ], "axis": "x", "angle": 22.5 },
			"faces": {
				"down": { "uv": [ 0, 0, 0.175, 0.1999998 ], "texture": "#2" },
				"up": { "uv": [ 0, 0, 0.175, 0.1999998 ], "texture": "#2" },
				"north": { "uv": [ 0, 0, 0.175, 0.1999998 ], "texture": "#2" },
				"south": { "uv": [ 0, 0, 0.175, 0.1999998 ], "texture": "#2" },
				"west": { "uv": [ 0, 0, 0.2, 0.1999998 ], "texture": "#2" },
				"east": { "uv": [ 0, 0, 0.2, 0.1999998 ], "texture": "#2" }
			}
		},
		{
			"__comment": "Element",
			"from": [ 7.9, 6.64, 8.66 ],
			"to": [ 7.949999, 6.84, 8.985 ],
			"rotation": { "origin": [ 15.5, 5.49, 15.285 ], "axis": "x", "angle": 22.5 },
			"faces": {
				"down": { "uv": [ 0, 0, 0.05, 0.3249998 ], "texture": "#2" },
				"up": { "uv": [ 0, 0, 0.05, 0.3249998 ], "texture": "#2" },
				"north": { "uv": [ 0, 0, 0.05, 0.1999998 ], "texture": "#2" },
				"south": { "uv": [ 0, 0, 0.05, 0.1999998 ], "texture": "#2" },
				"west": { "uv": [ 0, 0, 0.325, 0.1999998 ], "texture": "#2" },
				"east": { "uv": [ 0, 0, 0.325, 0.1999998 ], "texture": "#2" }
			}
		},
		{
			"__comment": "Element",
			"from": [ 8.025, 6.64, 8.66 ],
			"to": [ 8.075, 6.84, 8.985 ],
			"rotation": { "origin": [ 15.625, 5.49, 15.285 ], "axis": "x", "angle": 22.5 },
			"faces": {
				"down": { "uv": [ 0, 0, 0.05, 0.3249998 ], "texture": "#2" },
				"up": { "uv": [ 0, 0, 0.05, 0.3249998 ], "texture": "#2" },
				"north": { "uv": [ 0, 0, 0.05, 0.1999998 ], "texture": "#2" },
				"south": { "uv": [ 0, 0, 0.05, 0.1999998 ], "texture": "#2" },
				"west": { "uv": [ 0, 0, 0.325, 0.1999998 ], "texture": "#2" },
				"east": { "uv": [ 0, 0, 0.325, 0.1999998 ], "texture": "#2" }
			}
		},
		{
			"__comment": "Element",
			"from": [ 7.975, 9.125, 1.825 ],
			"to": [ 8, 9.175, 1.9 ],
			"faces": {
				"down": { "uv": [ 0, 0, 0.025, 0.07499981 ], "texture": "#2" },
				"up": { "uv": [ 0, 0, 0.025, 0.07499981 ], "texture": "#2" },
				"north": { "uv": [ 0, 0, 0.025, 0.05000019 ], "texture": "#2" },
				"south": { "uv": [ 0, 0, 0.025, 0.05000019 ], "texture": "#2" },
				"west": { "uv": [ 0, 0, 0.075, 0.05000019 ], "texture": "#2" },
				"east": { "uv": [ 0, 0, 0.075, 0.05000019 ], "texture": "#2" }
			}
		},
		{
			"__comment": "Element",
			"from": [ 8.025, 9.139999, 9.735 ],
			"to": [ 8.075, 9.264999, 9.86 ],
			"faces": {
				"down": { "uv": [ 0, 0, 0.05, 0.125 ], "texture": "#2" },
				"up": { "uv": [ 0, 0, 0.05, 0.125 ], "texture": "#2" },
				"north": { "uv": [ 0, 0, 0.05, 0.125 ], "texture": "#2" },
				"south": { "uv": [ 0, 0, 0.05, 0.125 ], "texture": "#2" },
				"west": { "uv": [ 0, 0, 0.125, 0.125 ], "texture": "#2" },
				"east": { "uv": [ 0, 0, 0.125, 0.125 ], "texture": "#2" }
			}
		},
		{
			"__comment": "Element",
			"from": [ 7.9, 9.139999, 9.735 ],
			"to": [ 7.949999, 9.264999, 9.86 ],
			"faces": {
				"down": { "uv": [ 0, 0, 0.05, 0.125 ], "texture": "#2" },
				"up": { "uv": [ 0, 0, 0.05, 0.125 ], "texture": "#2" },
				"north": { "uv": [ 0, 0, 0.05, 0.125 ], "texture": "#2" },
				"south": { "uv": [ 0, 0, 0.05, 0.125 ], "texture": "#2" },
				"west": { "uv": [ 0, 0, 0.125, 0.125 ], "texture": "#2" },
				"east": { "uv": [ 0, 0, 0.125, 0.125 ], "texture": "#2" }
			}
		},
		{
			"__comment": "Element",
			"from": [ 7.9, 8.974999, 7.5 ],
			"to": [ 8.074999, 9.074999, 9.225 ],
			"faces": {
				"down": { "uv": [ 0, 0, 0.175, 1.725 ], "texture": "#2" },
				"up": { "uv": [ 0, 0, 0.175, 1.725 ], "texture": "#2" },
				"north": { "uv": [ 0, 0, 0.175, 0.1000004 ], "texture": "#2" },
				"south": { "uv": [ 0, 0, 0.175, 0.1000004 ], "texture": "#2" },
				"west": { "uv": [ 0, 0, 1.725, 0.1000004 ], "texture": "#2" },
				"east": { "uv": [ 0, 0, 1.725, 0.1000004 ], "texture": "#2" }
			}
		},
		{
			"__comment": "Element",
			"from": [ 7.875, 9.075, 9.15 ],
			"to": [ 8.1, 9.125, 9.2 ],
			"faces": {
				"down": { "uv": [ 0, 0, 0.225, 0.05000019 ], "texture": "#2" },
				"up": { "uv": [ 0, 0, 0.225, 0.05000019 ], "texture": "#2" },
				"north": { "uv": [ 0, 0, 0.225, 0.05000019 ], "texture": "#2" },
				"south": { "uv": [ 0, 0, 0.225, 0.05000019 ], "texture": "#2" },
				"west": { "uv": [ 0, 0, 0.05, 0.05000019 ], "texture": "#2" },
				"east": { "uv": [ 0, 0, 0.05, 0.05000019 ], "texture": "#2" }
			}
		},
		{
			"__comment": "Element",
			"from": [ 7.875, 9.075, 9.025 ],
			"to": [ 8.1, 9.125, 9.075 ],
			"faces": {
				"down": { "uv": [ 0, 0, 0.225, 0.05000019 ], "texture": "#2" },
				"up": { "uv": [ 0, 0, 0.225, 0.05000019 ], "texture": "#2" },
				"north": { "uv": [ 0, 0, 0.225, 0.05000019 ], "texture": "#2" },
				"south": { "uv": [ 0, 0, 0.225, 0.05000019 ], "texture": "#2" },
				"west": { "uv": [ 0, 0, 0.05, 0.05000019 ], "texture": "#2" },
				"east": { "uv": [ 0, 0, 0.05, 0.05000019 ], "texture": "#2" }
			}
		},
		{
			"__comment": "Element",
			"from": [ 7.875, 9.075, 8.9 ],
			"to": [ 8.1, 9.125, 8.95 ],
			"faces": {
				"down": { "uv": [ 0, 0, 0.225, 0.05000019 ], "texture": "#2" },
				"up": { "uv": [ 0, 0, 0.225, 0.05000019 ], "texture": "#2" },
				"north": { "uv": [ 0, 0, 0.225, 0.05000019 ], "texture": "#2" },
				"south": { "uv": [ 0, 0, 0.225, 0.05000019 ], "texture": "#2" },
				"west": { "uv": [ 0, 0, 0.05, 0.05000019 ], "texture": "#2" },
				"east": { "uv": [ 0, 0, 0.05, 0.05000019 ], "texture": "#2" }
			}
		},
		{
			"__comment": "Element",
			"from": [ 7.875, 9.075, 8.775 ],
			"to": [ 8.1, 9.125, 8.825 ],
			"faces": {
				"down": { "uv": [ 0, 0, 0.225, 0.05000019 ], "texture": "#2" },
				"up": { "uv": [ 0, 0, 0.225, 0.05000019 ], "texture": "#2" },
				"north": { "uv": [ 0, 0, 0.225, 0.05000019 ], "texture": "#2" },
				"south": { "uv": [ 0, 0, 0.225, 0.05000019 ], "texture": "#2" },
				"west": { "uv": [ 0, 0, 0.05, 0.05000019 ], "texture": "#2" },
				"east": { "uv": [ 0, 0, 0.05, 0.05000019 ], "texture": "#2" }
			}
		},
		{
			"__comment": "Element",
			"from": [ 7.875, 9.075, 8.65 ],
			"to": [ 8.1, 9.125, 8.7 ],
			"faces": {
				"down": { "uv": [ 0, 0, 0.225, 0.05000019 ], "texture": "#2" },
				"up": { "uv": [ 0, 0, 0.225, 0.05000019 ], "texture": "#2" },
				"north": { "uv": [ 0, 0, 0.225, 0.05000019 ], "texture": "#2" },
				"south": { "uv": [ 0, 0, 0.225, 0.05000019 ], "texture": "#2" },
				"west": { "uv": [ 0, 0, 0.05, 0.05000019 ], "texture": "#2" },
				"east": { "uv": [ 0, 0, 0.05, 0.05000019 ], "texture": "#2" }
			}
		},
		{
			"__comment": "Element",
			"from": [ 7.875, 9.075, 8.525 ],
			"to": [ 8.1, 9.125, 8.575 ],
			"faces": {
				"down": { "uv": [ 0, 0, 0.225, 0.05000019 ], "texture": "#2" },
				"up": { "uv": [ 0, 0, 0.225, 0.05000019 ], "texture": "#2" },
				"north": { "uv": [ 0, 0, 0.225, 0.05000019 ], "texture": "#2" },
				"south": { "uv": [ 0, 0, 0.225, 0.05000019 ], "texture": "#2" },
				"west": { "uv": [ 0, 0, 0.05, 0.05000019 ], "texture": "#2" },
				"east": { "uv": [ 0, 0, 0.05, 0.05000019 ], "texture": "#2" }
			}
		},
		{
			"__comment": "Element",
			"from": [ 7.875, 9.075, 8.4 ],
			"to": [ 8.1, 9.125, 8.45 ],
			"faces": {
				"down": { "uv": [ 0, 0, 0.225, 0.05000019 ], "texture": "#2" },
				"up": { "uv": [ 0, 0, 0.225, 0.05000019 ], "texture": "#2" },
				"north": { "uv": [ 0, 0, 0.225, 0.05000019 ], "texture": "#2" },
				"south": { "uv": [ 0, 0, 0.225, 0.05000019 ], "texture": "#2" },
				"west": { "uv": [ 0, 0, 0.05, 0.05000019 ], "texture": "#2" },
				"east": { "uv": [ 0, 0, 0.05, 0.05000019 ], "texture": "#2" }
			}
		},
		{
			"__comment": "Element",
			"from": [ 7.875, 9.075, 8.275 ],
			"to": [ 8.1, 9.125, 8.325 ],
			"faces": {
				"down": { "uv": [ 0, 0, 0.225, 0.05000019 ], "texture": "#2" },
				"up": { "uv": [ 0, 0, 0.225, 0.05000019 ], "texture": "#2" },
				"north": { "uv": [ 0, 0, 0.225, 0.05000019 ], "texture": "#2" },
				"south": { "uv": [ 0, 0, 0.225, 0.05000019 ], "texture": "#2" },
				"west": { "uv": [ 0, 0, 0.05, 0.05000019 ], "texture": "#2" },
				"east": { "uv": [ 0, 0, 0.05, 0.05000019 ], "texture": "#2" }
			}
		},
		{
			"__comment": "Element",
			"from": [ 7.875, 9.075, 8.15 ],
			"to": [ 8.1, 9.125, 8.2 ],
			"faces": {
				"down": { "uv": [ 0, 0, 0.225, 0.05000019 ], "texture": "#2" },
				"up": { "uv": [ 0, 0, 0.225, 0.05000019 ], "texture": "#2" },
				"north": { "uv": [ 0, 0, 0.225, 0.05000019 ], "texture": "#2" },
				"south": { "uv": [ 0, 0, 0.225, 0.05000019 ], "texture": "#2" },
				"west": { "uv": [ 0, 0, 0.05, 0.05000019 ], "texture": "#2" },
				"east": { "uv": [ 0, 0, 0.05, 0.05000019 ], "texture": "#2" }
			}
		},
		{
			"__comment": "Element",
			"from": [ 7.875, 9.075, 8.025 ],
			"to": [ 8.1, 9.125, 8.075 ],
			"faces": {
				"down": { "uv": [ 0, 0, 0.225, 0.05000019 ], "texture": "#2" },
				"up": { "uv": [ 0, 0, 0.225, 0.05000019 ], "texture": "#2" },
				"north": { "uv": [ 0, 0, 0.225, 0.05000019 ], "texture": "#2" },
				"south": { "uv": [ 0, 0, 0.225, 0.05000019 ], "texture": "#2" },
				"west": { "uv": [ 0, 0, 0.05, 0.05000019 ], "texture": "#2" },
				"east": { "uv": [ 0, 0, 0.05, 0.05000019 ], "texture": "#2" }
			}
		},
		{
			"__comment": "Element",
			"from": [ 7.875, 9.075, 7.9 ],
			"to": [ 8.1, 9.125, 7.949999 ],
			"faces": {
				"down": { "uv": [ 0, 0, 0.225, 0.05000019 ], "texture": "#2" },
				"up": { "uv": [ 0, 0, 0.225, 0.05000019 ], "texture": "#2" },
				"north": { "uv": [ 0, 0, 0.225, 0.05000019 ], "texture": "#2" },
				"south": { "uv": [ 0, 0, 0.225, 0.05000019 ], "texture": "#2" },
				"west": { "uv": [ 0, 0, 0.05, 0.05000019 ], "texture": "#2" },
				"east": { "uv": [ 0, 0, 0.05, 0.05000019 ], "texture": "#2" }
			}
		},
		{
			"__comment": "Element",
			"from": [ 7.875, 9.075, 7.775 ],
			"to": [ 8.1, 9.125, 7.824999 ],
			"faces": {
				"down": { "uv": [ 0, 0, 0.225, 0.05000019 ], "texture": "#2" },
				"up": { "uv": [ 0, 0, 0.225, 0.05000019 ], "texture": "#2" },
				"north": { "uv": [ 0, 0, 0.225, 0.05000019 ], "texture": "#2" },
				"south": { "uv": [ 0, 0, 0.225, 0.05000019 ], "texture": "#2" },
				"west": { "uv": [ 0, 0, 0.05, 0.05000019 ], "texture": "#2" },
				"east": { "uv": [ 0, 0, 0.05, 0.05000019 ], "texture": "#2" }
			}
		},
		{
			"__comment": "Element",
			"from": [ 7.875, 9.075, 7.65 ],
			"to": [ 8.1, 9.125, 7.699999 ],
			"faces": {
				"down": { "uv": [ 0, 0, 0.225, 0.05000019 ], "texture": "#2" },
				"up": { "uv": [ 0, 0, 0.225, 0.05000019 ], "texture": "#2" },
				"north": { "uv": [ 0, 0, 0.225, 0.05000019 ], "texture": "#2" },
				"south": { "uv": [ 0, 0, 0.225, 0.05000019 ], "texture": "#2" },
				"west": { "uv": [ 0, 0, 0.05, 0.05000019 ], "texture": "#2" },
				"east": { "uv": [ 0, 0, 0.05, 0.05000019 ], "texture": "#2" }
			}
		},
		{
			"__comment": "Element",
			"from": [ 7.875, 9.075, 7.525 ],
			"to": [ 8.1, 9.125, 7.574999 ],
			"faces": {
				"down": { "uv": [ 0, 0, 0.225, 0.05000019 ], "texture": "#2" },
				"up": { "uv": [ 0, 0, 0.225, 0.05000019 ], "texture": "#2" },
				"north": { "uv": [ 0, 0, 0.225, 0.05000019 ], "texture": "#2" },
				"south": { "uv": [ 0, 0, 0.225, 0.05000019 ], "texture": "#2" },
				"west": { "uv": [ 0, 0, 0.05, 0.05000019 ], "texture": "#2" },
				"east": { "uv": [ 0, 0, 0.05, 0.05000019 ], "texture": "#2" }
			}
		},
		{
			"__comment": "Element",
			"from": [ 5.125, 3.575, 1.35 ],
			"to": [ 5.3, 3.9, 9.925 ],
			"rotation": { "origin": [ 12.725, 2.925, 8 ], "axis": "z", "angle": -45 },
			"faces": {
				"down": { "uv": [ 0, 0, 0.175, 8.575 ], "texture": "#5" },
				"up": { "uv": [ 0, 0, 0.175, 8.575 ], "texture": "#5" },
				"north": { "uv": [ 0, 0, 0.175, 0.3249998 ], "texture": "#5" },
				"south": { "uv": [ 0, 0, 0.175, 0.3249998 ], "texture": "#5" },
				"west": { "uv": [ 0, 0, 8.575, 0.3249998 ], "texture": "#5" },
				"east": { "uv": [ 0, 0, 8.575, 0.3249998 ], "texture": "#5" }
			}
		},
		{
			"__comment": "Element",
			"from": [ 7.925, 8.625, 1.35 ],
			"to": [ 8.049999, 9, 9.925 ],
			"faces": {
				"down": { "uv": [ 0, 0, 0.075, 8.575 ], "texture": "#5" },
				"up": { "uv": [ 0, 0, 0.075, 8.575 ], "texture": "#5" },
				"north": { "uv": [ 0, 0, 0.075, 0.375 ], "texture": "#5" },
				"south": { "uv": [ 0, 0, 0.075, 0.375 ], "texture": "#5" },
				"west": { "uv": [ 0, 0, 8.575, 0.375 ], "texture": "#5" },
				"east": { "uv": [ 0, 0, 8.575, 0.375 ], "texture": "#5" }
			}
		},
		{
			"__comment": "Element",
			"from": [ 7.8, 8.75, 1.35 ],
			"to": [ 8.174999, 8.875, 9.925 ],
			"faces": {
				"down": { "uv": [ 0, 0, 0.375, 8.575 ], "texture": "#5" },
				"up": { "uv": [ 0, 0, 0.375, 8.575 ], "texture": "#5" },
				"north": { "uv": [ 0, 0, 0.375, 0.07499981 ], "texture": "#5" },
				"south": { "uv": [ 0, 0, 0.375, 0.07499981 ], "texture": "#5" },
				"west": { "uv": [ 0, 0, 8.575, 0.07499981 ], "texture": "#5" },
				"east": { "uv": [ 0, 0, 8.575, 0.07499981 ], "texture": "#5" }
			}
		},
		{
			"__comment": "Element",
			"from": [ 5.05, 3.65, 1.35 ],
			"to": [ 5.375, 3.825, 9.925 ],
			"rotation": { "origin": [ 12.725, 2.925, 8 ], "axis": "z", "angle": -45 },
			"faces": {
				"down": { "uv": [ 0, 0, 0.325, 8.575 ], "texture": "#5" },
				"up": { "uv": [ 0, 0, 0.325, 8.575 ], "texture": "#5" },
				"north": { "uv": [ 0, 0, 0.325, 0.1750002 ], "texture": "#5" },
				"south": { "uv": [ 0, 0, 0.325, 0.1750002 ], "texture": "#5" },
				"west": { "uv": [ 0, 0, 8.575, 0.1750002 ], "texture": "#5" },
				"east": { "uv": [ 0, 0, 8.575, 0.1750002 ], "texture": "#5" }
			}
		},
		{
			"__comment": "Element",
			"from": [ 7.8, 7.95, 10.025 ],
			"to": [ 8.174999, 8.3, 11.025 ],
			"faces": {
				"down": { "uv": [ 0, 0, 0.375, 1 ], "texture": "#2" },
				"up": { "uv": [ 0, 0, 0.375, 1 ], "texture": "#2" },
				"north": { "uv": [ 0, 0, 0.375, 0.3500004 ], "texture": "#2" },
				"south": { "uv": [ 0, 0, 0.375, 0.3500004 ], "texture": "#2" },
				"west": { "uv": [ 0, 0, 1, 0.3500004 ], "texture": "#2" },
				"east": { "uv": [ 0, 0, 1, 0.3500004 ], "texture": "#2" }
			}
		},
		{
			"__comment": "Element",
			"from": [ 7.8, 7.675, 12.5 ],
			"to": [ 8.174999, 8.674999, 12.9 ],
			"rotation": { "origin": [ 15.5, 5.65, 12.85 ], "axis": "x", "angle": -45 },
			"faces": {
				"down": { "uv": [ 0, 0, 0.375, 0.3500004 ], "texture": "#2", "rotation": 180 },
				"up": { "uv": [ 0, 0, 0.375, 0.3500004 ], "texture": "#2" },
				"north": { "uv": [ 0, 0, 0.375, 1 ], "texture": "#2", "rotation": 180 },
				"south": { "uv": [ 0, 0, 0.375, 1 ], "texture": "#2" },
				"west": { "uv": [ 0, 0, 1, 0.3500004 ], "texture": "#2", "rotation": 270 },
				"east": { "uv": [ 0, 0, 1, 0.3500004 ], "texture": "#2", "rotation": 90 }
			}
		},
		{
			"__comment": "Element",
			"from": [ 7.8, 5.95, 10.6 ],
			"to": [ 8.174999, 7.25, 11.2 ],
			"rotation": { "origin": [ 15.5, 6.375, 8.575 ], "axis": "x", "angle": -22.5 },
			"faces": {
				"down": { "uv": [ 0, 0, 0.375, 0.6000004 ], "texture": "#2" },
				"up": { "uv": [ 0, 0, 0.375, 0.6000004 ], "texture": "#2" },
				"north": { "uv": [ 0, 0, 0.375, 1.3 ], "texture": "#2" },
				"south": { "uv": [ 0, 0, 0.375, 1.3 ], "texture": "#2" },
				"west": { "uv": [ 0, 0, 0.6, 1.3 ], "texture": "#2" },
				"east": { "uv": [ 0, 0, 0.6, 1.3 ], "texture": "#2" }
			}
		},
		{
			"__comment": "Element",
			"from": [ 7.8, 6.825, 10.675 ],
			"to": [ 8.174999, 7.175, 11.175 ],
			"faces": {
				"down": { "uv": [ 0, 0, 0.375, 0.5 ], "texture": "#2", "rotation": 180 },
				"up": { "uv": [ 0, 0, 0.375, 0.5 ], "texture": "#2" },
				"north": { "uv": [ 0, 0, 0.375, 0.3500004 ], "texture": "#2", "rotation": 180 },
				"south": { "uv": [ 0, 0, 0.375, 0.3500004 ], "texture": "#2" },
				"west": { "uv": [ 0, 0, 0.35, 0.5 ], "texture": "#2", "rotation": 270 },
				"east": { "uv": [ 0, 0, 0.35, 0.5 ], "texture": "#2", "rotation": 90 }
			}
		},
		{
			"__comment": "Element",
			"from": [ 7.825, 5.95, 10.425 ],
			"to": [ 8.15, 6.1, 11.2 ],
			"rotation": { "origin": [ 15.525, 6.375, 8.575 ], "axis": "x", "angle": -22.5 },
			"faces": {
				"down": { "uv": [ 0, 0, 0.325, 0.7749996 ], "texture": "#2" },
				"up": { "uv": [ 0, 0, 0.325, 0.7749996 ], "texture": "#2" },
				"north": { "uv": [ 0, 0, 0.325, 0.1499996 ], "texture": "#2" },
				"south": { "uv": [ 0, 0, 0.325, 0.1499996 ], "texture": "#2" },
				"west": { "uv": [ 0, 0, 0.775, 0.1499996 ], "texture": "#2" },
				"east": { "uv": [ 0, 0, 0.775, 0.1499996 ], "texture": "#2" }
			}
		},
		{
			"__comment": "Element",
			"from": [ 7.825, 8.025, 10.6 ],
			"to": [ 8.15, 8.375, 10.95 ],
			"faces": {
				"down": { "uv": [ 0, 0, 0.325, 0.3500004 ], "texture": "#2" },
				"up": { "uv": [ 0, 0, 0.325, 0.3500004 ], "texture": "#2" },
				"north": { "uv": [ 0, 0, 0.325, 0.3500004 ], "texture": "#2" },
				"south": { "uv": [ 0, 0, 0.325, 0.3500004 ], "texture": "#2" },
				"west": { "uv": [ 0, 0, 0.35, 0.3500004 ], "texture": "#2" },
				"east": { "uv": [ 0, 0, 0.35, 0.3500004 ], "texture": "#2" }
			}
		},
		{
			"__comment": "Element",
			"from": [ 7.825, 7.125, 10.45 ],
			"to": [ 8.15, 7.3, 10.675 ],
			"rotation": { "origin": [ 15.5, 6.35, 12.9 ], "axis": "x", "angle": 22.5 },
			"faces": {
				"down": { "uv": [ 0, 0, 0.325, 0.2250004 ], "texture": "#2" },
				"up": { "uv": [ 0, 0, 0.325, 0.2250004 ], "texture": "#2" },
				"north": { "uv": [ 0, 0, 0.325, 0.1750002 ], "texture": "#2" },
				"south": { "uv": [ 0, 0, 0.325, 0.1750002 ], "texture": "#2" },
				"west": { "uv": [ 0, 0, 0.225, 0.1750002 ], "texture": "#2" },
				"east": { "uv": [ 0, 0, 0.225, 0.1750002 ], "texture": "#2" }
			}
		},
		{
			"__comment": "Element",
			"from": [ 7.825, 7.9, 11.125 ],
			"to": [ 8.15, 8.074999, 11.225 ],
			"faces": {
				"down": { "uv": [ 0, 0, 0.325, 0.1000004 ], "texture": "#2" },
				"up": { "uv": [ 0, 0, 0.325, 0.1000004 ], "texture": "#2" },
				"north": { "uv": [ 0, 0, 0.325, 0.1750002 ], "texture": "#2" },
				"south": { "uv": [ 0, 0, 0.325, 0.1750002 ], "texture": "#2" },
				"west": { "uv": [ 0, 0, 0.1, 0.1750002 ], "texture": "#2" },
				"east": { "uv": [ 0, 0, 0.1, 0.1750002 ], "texture": "#2" }
			}
		},
		{
			"__comment": "Element",
			"from": [ 7.85, 7, 9.9 ],
			"to": [ 8.075, 7.05, 10.45 ],
			"rotation": { "origin": [ 15.5, 7.325, 7.825 ], "axis": "x", "angle": -22.5 },
			"faces": {
				"down": { "uv": [ 0, 0, 0.225, 0.5500002 ], "texture": "#0" },
				"up": { "uv": [ 0, 0, 0.225, 0.5500002 ], "texture": "#0" },
				"north": { "uv": [ 0, 0, 0.225, 0.05000019 ], "texture": "#0" },
				"south": { "uv": [ 0, 0, 0.225, 0.05000019 ], "texture": "#0" },
				"west": { "uv": [ 0, 0, 0.55, 0.05000019 ], "texture": "#0" },
				"east": { "uv": [ 0, 0, 0.55, 0.05000019 ], "texture": "#0" }
			}
		},
		{
			"__comment": "Element",
			"from": [ 7.85, 7.82, 9.52 ],
			"to": [ 8.075, 7.869999, 9.869999 ],
			"faces": {
				"down": { "uv": [ 0, 0, 0.225, 0.3500004 ], "texture": "#0" },
				"up": { "uv": [ 0, 0, 0.225, 0.3500004 ], "texture": "#0" },
				"north": { "uv": [ 0, 0, 0.225, 0.05000019 ], "texture": "#0" },
				"south": { "uv": [ 0, 0, 0.225, 0.05000019 ], "texture": "#0" },
				"west": { "uv": [ 0, 0, 0.35, 0.05000019 ], "texture": "#0" },
				"east": { "uv": [ 0, 0, 0.35, 0.05000019 ], "texture": "#0" }
			}
		},
		{
			"__comment": "Element",
			"from": [ 7.85, 8.8, 9.625 ],
			"to": [ 8.075, 8.85, 9.85 ],
			"rotation": { "origin": [ 15.5, 9.125, 7.225 ], "axis": "x", "angle": 22.5 },
			"faces": {
				"down": { "uv": [ 0, 0, 0.225, 0.2250004 ], "texture": "#0" },
				"up": { "uv": [ 0, 0, 0.225, 0.2250004 ], "texture": "#0" },
				"north": { "uv": [ 0, 0, 0.225, 0.05000019 ], "texture": "#0" },
				"south": { "uv": [ 0, 0, 0.225, 0.05000019 ], "texture": "#0" },
				"west": { "uv": [ 0, 0, 0.225, 0.05000019 ], "texture": "#0" },
				"east": { "uv": [ 0, 0, 0.225, 0.05000019 ], "texture": "#0" }
			}
		},
		{
			"__comment": "Element",
			"from": [ 7.85, 9.663, 10.1 ],
			"to": [ 8.075, 9.713, 10.325 ],
			"rotation": { "origin": [ 15.5, 9.988, 7.7 ], "axis": "x", "angle": 45 },
			"faces": {
				"down": { "uv": [ 0, 0, 0.225, 0.2250004 ], "texture": "#0" },
				"up": { "uv": [ 0, 0, 0.225, 0.2250004 ], "texture": "#0" },
				"north": { "uv": [ 0, 0, 0.225, 0.05000019 ], "texture": "#0" },
				"south": { "uv": [ 0, 0, 0.225, 0.05000019 ], "texture": "#0" },
				"west": { "uv": [ 0, 0, 0.225, 0.05000019 ], "texture": "#0" },
				"east": { "uv": [ 0, 0, 0.225, 0.05000019 ], "texture": "#0" }
			}
		},
		{
			"__comment": "Element",
			"from": [ 7.85, 8.138, 10.15 ],
			"to": [ 8.075, 8.288, 10.2 ],
			"rotation": { "origin": [ 15.5, 5.638, 9.875 ], "axis": "x", "angle": -22.5 },
			"faces": {
				"down": { "uv": [ 0, 0, 0.225, 0.05000019 ], "texture": "#0", "rotation": 180 },
				"up": { "uv": [ 0, 0, 0.225, 0.05000019 ], "texture": "#0" },
				"north": { "uv": [ 0, 0, 0.225, 0.1499996 ], "texture": "#0", "rotation": 180 },
				"south": { "uv": [ 0, 0, 0.225, 0.1499996 ], "texture": "#0" },
				"west": { "uv": [ 0, 0, 0.15, 0.05000019 ], "texture": "#0", "rotation": 270 },
				"east": { "uv": [ 0, 0, 0.15, 0.05000019 ], "texture": "#0", "rotation": 90 }
			}
		},
		{
			"__comment": "Element",
			"from": [ 7.85, 9.712999, 10.05 ],
			"to": [ 8.075, 9.787999, 10.45 ],
			"rotation": { "origin": [ 15.5, 10.038, 7.7 ], "axis": "x", "angle": 45 },
			"faces": {
				"down": { "uv": [ 0, 0, 0.225, 0.3999996 ], "texture": "#0" },
				"up": { "uv": [ 0, 0, 0.225, 0.3999996 ], "texture": "#0" },
				"north": { "uv": [ 0, 0, 0.225, 0.07499981 ], "texture": "#0" },
				"south": { "uv": [ 0, 0, 0.225, 0.07499981 ], "texture": "#0" },
				"west": { "uv": [ 0, 0, 0.4, 0.07499981 ], "texture": "#0" },
				"east": { "uv": [ 0, 0, 0.4, 0.07499981 ], "texture": "#0" }
			}
		},
		{
			"__comment": "Element",
			"from": [ 7.85, 9.763, 10.45 ],
			"to": [ 8.075, 9.788, 10.5 ],
			"rotation": { "origin": [ 15.5, 10.038, 7.7 ], "axis": "x", "angle": 45 },
			"faces": {
				"down": { "uv": [ 0, 0, 0.225, 0.05000019 ], "texture": "#0" },
				"up": { "uv": [ 0, 0, 0.225, 0.05000019 ], "texture": "#0" },
				"north": { "uv": [ 0, 0, 0.225, 0.02499962 ], "texture": "#0" },
				"south": { "uv": [ 0, 0, 0.225, 0.02499962 ], "texture": "#0" },
				"west": { "uv": [ 0, 0, 0.05, 0.02499962 ], "texture": "#0" },
				"east": { "uv": [ 0, 0, 0.05, 0.02499962 ], "texture": "#0" }
			}
		},
		{
			"__comment": "Element",
			"from": [ 7.85, 8.8, 10.15 ],
			"to": [ 8.075, 8.9, 10.175 ],
			"rotation": { "origin": [ 15.5, 9.125, 7.75 ], "axis": "x", "angle": 22.5 },
			"faces": {
				"down": { "uv": [ 0, 0, 0.225, 0.02499962 ], "texture": "#4" },
				"up": { "uv": [ 0, 0, 0.225, 0.02499962 ], "texture": "#4" },
				"north": { "uv": [ 0, 0, 0.225, 0.1000004 ], "texture": "#4" },
				"south": { "uv": [ 0, 0, 0.225, 0.1000004 ], "texture": "#4" },
				"west": { "uv": [ 0, 0, 0.025, 0.1000004 ], "texture": "#4" },
				"east": { "uv": [ 0, 0, 0.025, 0.1000004 ], "texture": "#4" }
			}
		},
		{
			"__comment": "Element",
			"from": [ 7.85, 7.975, 9.875 ],
			"to": [ 8.075, 8.175, 9.9 ],
			"faces": {
				"down": { "uv": [ 0, 0, 0.225, 0.02499962 ], "texture": "#4" },
				"up": { "uv": [ 0, 0, 0.225, 0.02499962 ], "texture": "#4" },
				"north": { "uv": [ 0, 0, 0.225, 0.1999998 ], "texture": "#4" },
				"south": { "uv": [ 0, 0, 0.225, 0.1999998 ], "texture": "#4" },
				"west": { "uv": [ 0, 0, 0.025, 0.1999998 ], "texture": "#4" },
				"east": { "uv": [ 0, 0, 0.025, 0.1999998 ], "texture": "#4" }
			}
		},
		{
			"__comment": "Element",
			"from": [ 7.85, 7.15, 9.9 ],
			"to": [ 8.075, 7.349999, 9.95 ],
			"rotation": { "origin": [ 15.5, 7.55, 7.5 ], "axis": "x", "angle": -22.5 },
			"faces": {
				"down": { "uv": [ 0, 0, 0.225, 0.05000019 ], "texture": "#4" },
				"up": { "uv": [ 0, 0, 0.225, 0.05000019 ], "texture": "#4" },
				"north": { "uv": [ 0, 0, 0.225, 0.1999998 ], "texture": "#4" },
				"south": { "uv": [ 0, 0, 0.225, 0.1999998 ], "texture": "#4" },
				"west": { "uv": [ 0, 0, 0.05, 0.1999998 ], "texture": "#4" },
				"east": { "uv": [ 0, 0, 0.05, 0.1999998 ], "texture": "#4" }
			}
		},
		{
			"__comment": "Element",
			"from": [ 7.85, 8.965, 10.225 ],
			"to": [ 8.075, 9.215, 10.25 ],
			"rotation": { "origin": [ 15.5, 9.4, 7.825 ], "axis": "x", "angle": 22.5 },
			"faces": {
				"down": { "uv": [ 0, 0, 0.225, 0.02499962 ], "texture": "#4" },
				"up": { "uv": [ 0, 0, 0.225, 0.02499962 ], "texture": "#4" },
				"north": { "uv": [ 0, 0, 0.225, 0.25 ], "texture": "#4" },
				"south": { "uv": [ 0, 0, 0.225, 0.25 ], "texture": "#4" },
				"west": { "uv": [ 0, 0, 0.025, 0.25 ], "texture": "#4" },
				"east": { "uv": [ 0, 0, 0.025, 0.25 ], "texture": "#4" }
			}
		},
		{
			"__comment": "Element",
			"from": [ 7.85, 9.014999, 10.2 ],
			"to": [ 8.075, 9.089999, 10.25 ],
			"rotation": { "origin": [ 15.5, 9.4, 7.825 ], "axis": "x", "angle": 22.5 },
			"faces": {
				"down": { "uv": [ 0, 0, 0.225, 0.05000019 ], "texture": "#4" },
				"up": { "uv": [ 0, 0, 0.225, 0.05000019 ], "texture": "#4" },
				"north": { "uv": [ 0, 0, 0.225, 0.07499981 ], "texture": "#4" },
				"south": { "uv": [ 0, 0, 0.225, 0.07499981 ], "texture": "#4" },
				"west": { "uv": [ 0, 0, 0.05, 0.07499981 ], "texture": "#4" },
				"east": { "uv": [ 0, 0, 0.05, 0.07499981 ], "texture": "#4" }
			}
		},
		{
			"__comment": "Element",
			"from": [ 8.675, 8.175, 10.5 ],
			"to": [ 8.825, 8.4, 10.825 ],
			"rotation": { "origin": [ 9.175, 7.375, 8.825 ], "axis": "y", "angle": -45 },
			"faces": {
				"down": { "uv": [ 0, 0, 16, 16 ], "texture": "#7" },
				"up": { "uv": [ 0, 0, 16, 16 ], "texture": "#7" },
				"north": { "uv": [ 0, 0, 16, 16 ], "texture": "#7" },
				"south": { "uv": [ 0, 0, 16, 16 ], "texture": "#7" },
				"west": { "uv": [ 0, 0, 16, 16 ], "texture": "#7" },
				"east": { "uv": [ 0, 0, 16, 16 ], "texture": "#7" }
			}
		},
		{
			"__comment": "Element",
			"from": [ 7.525, 8.175, 9.65 ],
			"to": [ 7.625, 8.4, 10 ],
			"faces": {
				"down": { "uv": [ 0, 0, 16, 16 ], "texture": "#7" },
				"up": { "uv": [ 0, 0, 16, 16 ], "texture": "#7" },
				"north": { "uv": [ 0, 0, 16, 16 ], "texture": "#7" },
				"south": { "uv": [ 0, 0, 16, 16 ], "texture": "#7" },
				"west": { "uv": [ 0, 0, 16, 16 ], "texture": "#7" },
				"east": { "uv": [ 0, 0, 16, 16 ], "texture": "#7" }
			}
		},
		{
			"__comment": "Element",
			"from": [ 7.4, 8.175, 9.775 ],
			"to": [ 7.75, 8.4, 9.875 ],
			"faces": {
				"down": { "uv": [ 0, 0, 16, 16 ], "texture": "#7" },
				"up": { "uv": [ 0, 0, 16, 16 ], "texture": "#7" },
				"north": { "uv": [ 0, 0, 16, 16 ], "texture": "#7" },
				"south": { "uv": [ 0, 0, 16, 16 ], "texture": "#7" },
				"west": { "uv": [ 0, 0, 16, 16 ], "texture": "#7" },
				"east": { "uv": [ 0, 0, 16, 16 ], "texture": "#7" }
			}
		},
		{
			"__comment": "Element",
			"from": [ 8.599999, 8.175, 10.575 ],
			"to": [ 8.924999, 8.4, 10.735 ],
			"rotation": { "origin": [ 9.175, 7.375, 8.8 ], "axis": "y", "angle": -45 },
			"faces": {
				"down": { "uv": [ 0, 0, 16, 16 ], "texture": "#7" },
				"up": { "uv": [ 0, 0, 16, 16 ], "texture": "#7" },
				"north": { "uv": [ 0, 0, 16, 16 ], "texture": "#7" },
				"south": { "uv": [ 0, 0, 16, 16 ], "texture": "#7" },
				"west": { "uv": [ 0, 0, 16, 16 ], "texture": "#7" },
				"east": { "uv": [ 0, 0, 16, 16 ], "texture": "#7" }
			}
		},
		{
			"__comment": "Element",
			"from": [ 8.675, 8.175, 10 ],
			"to": [ 8.825, 8.4, 10.325 ],
			"rotation": { "origin": [ 9.175, 7.375, 8.325 ], "axis": "y", "angle": -45 },
			"faces": {
				"down": { "uv": [ 0, 0, 16, 16 ], "texture": "#7" },
				"up": { "uv": [ 0, 0, 16, 16 ], "texture": "#7" },
				"north": { "uv": [ 0, 0, 16, 16 ], "texture": "#7" },
				"south": { "uv": [ 0, 0, 16, 16 ], "texture": "#7" },
				"west": { "uv": [ 0, 0, 16, 16 ], "texture": "#7" },
				"east": { "uv": [ 0, 0, 16, 16 ], "texture": "#7" }
			}
		},
		{
			"__comment": "Element",
			"from": [ 7.525, 8.175, 9.15 ],
			"to": [ 7.625, 8.4, 9.5 ],
			"faces": {
				"down": { "uv": [ 0, 0, 16, 16 ], "texture": "#7" },
				"up": { "uv": [ 0, 0, 16, 16 ], "texture": "#7" },
				"north": { "uv": [ 0, 0, 16, 16 ], "texture": "#7" },
				"south": { "uv": [ 0, 0, 16, 16 ], "texture": "#7" },
				"west": { "uv": [ 0, 0, 16, 16 ], "texture": "#7" },
				"east": { "uv": [ 0, 0, 16, 16 ], "texture": "#7" }
			}
		},
		{
			"__comment": "Element",
			"from": [ 7.4, 8.175, 9.275 ],
			"to": [ 7.75, 8.4, 9.375 ],
			"faces": {
				"down": { "uv": [ 0, 0, 16, 16 ], "texture": "#7" },
				"up": { "uv": [ 0, 0, 16, 16 ], "texture": "#7" },
				"north": { "uv": [ 0, 0, 16, 16 ], "texture": "#7" },
				"south": { "uv": [ 0, 0, 16, 16 ], "texture": "#7" },
				"west": { "uv": [ 0, 0, 16, 16 ], "texture": "#7" },
				"east": { "uv": [ 0, 0, 16, 16 ], "texture": "#7" }
			}
		},
		{
			"__comment": "Element",
			"from": [ 8.599999, 8.175, 10.075 ],
			"to": [ 8.924999, 8.4, 10.235 ],
			"rotation": { "origin": [ 9.175, 7.375, 8.3 ], "axis": "y", "angle": -45 },
			"faces": {
				"down": { "uv": [ 0, 0, 16, 16 ], "texture": "#7" },
				"up": { "uv": [ 0, 0, 16, 16 ], "texture": "#7" },
				"north": { "uv": [ 0, 0, 16, 16 ], "texture": "#7" },
				"south": { "uv": [ 0, 0, 16, 16 ], "texture": "#7" },
				"west": { "uv": [ 0, 0, 16, 16 ], "texture": "#7" },
				"east": { "uv": [ 0, 0, 16, 16 ], "texture": "#7" }
			}
		},
		{
			"__comment": "Element",
			"from": [ 8.675, 8.175, 9.5 ],
			"to": [ 8.825, 8.4, 9.825 ],
			"rotation": { "origin": [ 9.175, 7.375, 7.825 ], "axis": "y", "angle": -45 },
			"faces": {
				"down": { "uv": [ 0, 0, 16, 16 ], "texture": "#7" },
				"up": { "uv": [ 0, 0, 16, 16 ], "texture": "#7" },
				"north": { "uv": [ 0, 0, 16, 16 ], "texture": "#7" },
				"south": { "uv": [ 0, 0, 16, 16 ], "texture": "#7" },
				"west": { "uv": [ 0, 0, 16, 16 ], "texture": "#7" },
				"east": { "uv": [ 0, 0, 16, 16 ], "texture": "#7" }
			}
		},
		{
			"__comment": "Element",
			"from": [ 7.525, 8.175, 8.65 ],
			"to": [ 7.625, 8.4, 9 ],
			"faces": {
				"down": { "uv": [ 0, 0, 16, 16 ], "texture": "#7" },
				"up": { "uv": [ 0, 0, 16, 16 ], "texture": "#7" },
				"north": { "uv": [ 0, 0, 16, 16 ], "texture": "#7" },
				"south": { "uv": [ 0, 0, 16, 16 ], "texture": "#7" },
				"west": { "uv": [ 0, 0, 16, 16 ], "texture": "#7" },
				"east": { "uv": [ 0, 0, 16, 16 ], "texture": "#7" }
			}
		},
		{
			"__comment": "Element",
			"from": [ 7.4, 8.175, 8.775 ],
			"to": [ 7.75, 8.4, 8.875 ],
			"faces": {
				"down": { "uv": [ 0, 0, 16, 16 ], "texture": "#7" },
				"up": { "uv": [ 0, 0, 16, 16 ], "texture": "#7" },
				"north": { "uv": [ 0, 0, 16, 16 ], "texture": "#7" },
				"south": { "uv": [ 0, 0, 16, 16 ], "texture": "#7" },
				"west": { "uv": [ 0, 0, 16, 16 ], "texture": "#7" },
				"east": { "uv": [ 0, 0, 16, 16 ], "texture": "#7" }
			}
		},
		{
			"__comment": "Element",
			"from": [ 8.599999, 8.175, 9.575 ],
			"to": [ 8.924999, 8.4, 9.735 ],
			"rotation": { "origin": [ 9.175, 7.375, 7.8 ], "axis": "y", "angle": -45 },
			"faces": {
				"down": { "uv": [ 0, 0, 16, 16 ], "texture": "#7" },
				"up": { "uv": [ 0, 0, 16, 16 ], "texture": "#7" },
				"north": { "uv": [ 0, 0, 16, 16 ], "texture": "#7" },
				"south": { "uv": [ 0, 0, 16, 16 ], "texture": "#7" },
				"west": { "uv": [ 0, 0, 16, 16 ], "texture": "#7" },
				"east": { "uv": [ 0, 0, 16, 16 ], "texture": "#7" }
			}
		},
		{
			"__comment": "Element",
			"from": [ 8.675, 8.175, 9 ],
			"to": [ 8.825, 8.4, 9.325 ],
			"rotation": { "origin": [ 9.175, 7.375, 7.325 ], "axis": "y", "angle": -45 },
			"faces": {
				"down": { "uv": [ 0, 0, 16, 16 ], "texture": "#7" },
				"up": { "uv": [ 0, 0, 16, 16 ], "texture": "#7" },
				"north": { "uv": [ 0, 0, 16, 16 ], "texture": "#7" },
				"south": { "uv": [ 0, 0, 16, 16 ], "texture": "#7" },
				"west": { "uv": [ 0, 0, 16, 16 ], "texture": "#7" },
				"east": { "uv": [ 0, 0, 16, 16 ], "texture": "#7" }
			}
		},
		{
			"__comment": "Element",
			"from": [ 7.525, 8.175, 8.15 ],
			"to": [ 7.625, 8.4, 8.5 ],
			"faces": {
				"down": { "uv": [ 0, 0, 16, 16 ], "texture": "#7" },
				"up": { "uv": [ 0, 0, 16, 16 ], "texture": "#7" },
				"north": { "uv": [ 0, 0, 16, 16 ], "texture": "#7" },
				"south": { "uv": [ 0, 0, 16, 16 ], "texture": "#7" },
				"west": { "uv": [ 0, 0, 16, 16 ], "texture": "#7" },
				"east": { "uv": [ 0, 0, 16, 16 ], "texture": "#7" }
			}
		},
		{
			"__comment": "Element",
			"from": [ 7.4, 8.175, 8.275 ],
			"to": [ 7.75, 8.4, 8.375 ],
			"faces": {
				"down": { "uv": [ 0, 0, 16, 16 ], "texture": "#7" },
				"up": { "uv": [ 0, 0, 16, 16 ], "texture": "#7" },
				"north": { "uv": [ 0, 0, 16, 16 ], "texture": "#7" },
				"south": { "uv": [ 0, 0, 16, 16 ], "texture": "#7" },
				"west": { "uv": [ 0, 0, 16, 16 ], "texture": "#7" },
				"east": { "uv": [ 0, 0, 16, 16 ], "texture": "#7" }
			}
		},
		{
			"__comment": "Element",
			"from": [ 8.599999, 8.175, 9.075 ],
			"to": [ 8.924999, 8.4, 9.235 ],
			"rotation": { "origin": [ 9.175, 7.375, 7.3 ], "axis": "y", "angle": -45 },
			"faces": {
				"down": { "uv": [ 0, 0, 16, 16 ], "texture": "#7" },
				"up": { "uv": [ 0, 0, 16, 16 ], "texture": "#7" },
				"north": { "uv": [ 0, 0, 16, 16 ], "texture": "#7" },
				"south": { "uv": [ 0, 0, 16, 16 ], "texture": "#7" },
				"west": { "uv": [ 0, 0, 16, 16 ], "texture": "#7" },
				"east": { "uv": [ 0, 0, 16, 16 ], "texture": "#7" }
			}
		},
		{
			"__comment": "Element",
			"from": [ 8.675, 8.8, 10.5 ],
			"to": [ 8.825, 9.025, 10.825 ],
			"rotation": { "origin": [ 9.175, 8, 8.825 ], "axis": "y", "angle": -45 },
			"faces": {
				"down": { "uv": [ 0, 0, 16, 16 ], "texture": "#6" },
				"up": { "uv": [ 0, 0, 16, 16 ], "texture": "#6" },
				"north": { "uv": [ 0, 0, 16, 16 ], "texture": "#6" },
				"south": { "uv": [ 0, 0, 16, 16 ], "texture": "#6" },
				"west": { "uv": [ 0, 0, 16, 16 ], "texture": "#6" },
				"east": { "uv": [ 0, 0, 16, 16 ], "texture": "#6" }
			}
		},
		{
			"__comment": "Element",
			"from": [ 7.4, 8.8, 9.775 ],
			"to": [ 7.75, 9.025, 9.875 ],
			"faces": {
				"down": { "uv": [ 0, 0, 16, 16 ], "texture": "#6" },
				"up": { "uv": [ 0, 0, 16, 16 ], "texture": "#6" },
				"north": { "uv": [ 0, 0, 16, 16 ], "texture": "#6" },
				"south": { "uv": [ 0, 0, 16, 16 ], "texture": "#6" },
				"west": { "uv": [ 0, 0, 16, 16 ], "texture": "#6" },
				"east": { "uv": [ 0, 0, 16, 16 ], "texture": "#6" }
			}
		},
		{
			"__comment": "Element",
			"from": [ 8.599999, 8.8, 10.575 ],
			"to": [ 8.924999, 9.025, 10.735 ],
			"rotation": { "origin": [ 9.175, 8, 8.8 ], "axis": "y", "angle": -45 },
			"faces": {
				"down": { "uv": [ 0, 0, 16, 16 ], "texture": "#6" },
				"up": { "uv": [ 0, 0, 16, 16 ], "texture": "#6" },
				"north": { "uv": [ 0, 0, 16, 16 ], "texture": "#6" },
				"south": { "uv": [ 0, 0, 16, 16 ], "texture": "#6" },
				"west": { "uv": [ 0, 0, 16, 16 ], "texture": "#6" },
				"east": { "uv": [ 0, 0, 16, 16 ], "texture": "#6" }
			}
		},
		{
			"__comment": "Element",
			"from": [ 7.525, 8.8, 9.65 ],
			"to": [ 7.625, 9.025, 10 ],
			"faces": {
				"down": { "uv": [ 0, 0, 16, 16 ], "texture": "#6" },
				"up": { "uv": [ 0, 0, 16, 16 ], "texture": "#6" },
				"north": { "uv": [ 0, 0, 16, 16 ], "texture": "#6" },
				"south": { "uv": [ 0, 0, 16, 16 ], "texture": "#6" },
				"west": { "uv": [ 0, 0, 16, 16 ], "texture": "#6" },
				"east": { "uv": [ 0, 0, 16, 16 ], "texture": "#6" }
			}
		},
		{
			"__comment": "Element",
			"from": [ 8.675, 8.8, 10 ],
			"to": [ 8.825, 9.025, 10.325 ],
			"rotation": { "origin": [ 9.175, 8, 8.325 ], "axis": "y", "angle": -45 },
			"faces": {
				"down": { "uv": [ 0, 0, 16, 16 ], "texture": "#6" },
				"up": { "uv": [ 0, 0, 16, 16 ], "texture": "#6" },
				"north": { "uv": [ 0, 0, 16, 16 ], "texture": "#6" },
				"south": { "uv": [ 0, 0, 16, 16 ], "texture": "#6" },
				"west": { "uv": [ 0, 0, 16, 16 ], "texture": "#6" },
				"east": { "uv": [ 0, 0, 16, 16 ], "texture": "#6" }
			}
		},
		{
			"__comment": "Element",
			"from": [ 7.525, 8.8, 9.15 ],
			"to": [ 7.625, 9.025, 9.5 ],
			"faces": {
				"down": { "uv": [ 0, 0, 16, 16 ], "texture": "#6" },
				"up": { "uv": [ 0, 0, 16, 16 ], "texture": "#6" },
				"north": { "uv": [ 0, 0, 16, 16 ], "texture": "#6" },
				"south": { "uv": [ 0, 0, 16, 16 ], "texture": "#6" },
				"west": { "uv": [ 0, 0, 16, 16 ], "texture": "#6" },
				"east": { "uv": [ 0, 0, 16, 16 ], "texture": "#6" }
			}
		},
		{
			"__comment": "Element",
			"from": [ 8.599999, 8.8, 10.075 ],
			"to": [ 8.924999, 9.025, 10.235 ],
			"rotation": { "origin": [ 9.175, 8, 8.3 ], "axis": "y", "angle": -45 },
			"faces": {
				"down": { "uv": [ 0, 0, 16, 16 ], "texture": "#6" },
				"up": { "uv": [ 0, 0, 16, 16 ], "texture": "#6" },
				"north": { "uv": [ 0, 0, 16, 16 ], "texture": "#6" },
				"south": { "uv": [ 0, 0, 16, 16 ], "texture": "#6" },
				"west": { "uv": [ 0, 0, 16, 16 ], "texture": "#6" },
				"east": { "uv": [ 0, 0, 16, 16 ], "texture": "#6" }
			}
		},
		{
			"__comment": "Element",
			"from": [ 7.4, 8.8, 9.275 ],
			"to": [ 7.75, 9.025, 9.375 ],
			"faces": {
				"down": { "uv": [ 0, 0, 16, 16 ], "texture": "#6" },
				"up": { "uv": [ 0, 0, 16, 16 ], "texture": "#6" },
				"north": { "uv": [ 0, 0, 16, 16 ], "texture": "#6" },
				"south": { "uv": [ 0, 0, 16, 16 ], "texture": "#6" },
				"west": { "uv": [ 0, 0, 16, 16 ], "texture": "#6" },
				"east": { "uv": [ 0, 0, 16, 16 ], "texture": "#6" }
			}
		},
		{
			"__comment": "Element",
			"from": [ 8.675, 8.8, 9.5 ],
			"to": [ 8.825, 9.025, 9.825 ],
			"rotation": { "origin": [ 9.175, 8, 7.825 ], "axis": "y", "angle": -45 },
			"faces": {
				"down": { "uv": [ 0, 0, 16, 16 ], "texture": "#6" },
				"up": { "uv": [ 0, 0, 16, 16 ], "texture": "#6" },
				"north": { "uv": [ 0, 0, 16, 16 ], "texture": "#6" },
				"south": { "uv": [ 0, 0, 16, 16 ], "texture": "#6" },
				"west": { "uv": [ 0, 0, 16, 16 ], "texture": "#6" },
				"east": { "uv": [ 0, 0, 16, 16 ], "texture": "#6" }
			}
		},
		{
			"__comment": "Element",
			"from": [ 7.525, 8.8, 8.65 ],
			"to": [ 7.625, 9.025, 9 ],
			"faces": {
				"down": { "uv": [ 0, 0, 16, 16 ], "texture": "#6" },
				"up": { "uv": [ 0, 0, 16, 16 ], "texture": "#6" },
				"north": { "uv": [ 0, 0, 16, 16 ], "texture": "#6" },
				"south": { "uv": [ 0, 0, 16, 16 ], "texture": "#6" },
				"west": { "uv": [ 0, 0, 16, 16 ], "texture": "#6" },
				"east": { "uv": [ 0, 0, 16, 16 ], "texture": "#6" }
			}
		},
		{
			"__comment": "Element",
			"from": [ 8.599999, 8.8, 9.575 ],
			"to": [ 8.924999, 9.025, 9.735 ],
			"rotation": { "origin": [ 9.175, 8, 7.8 ], "axis": "y", "angle": -45 },
			"faces": {
				"down": { "uv": [ 0, 0, 16, 16 ], "texture": "#6" },
				"up": { "uv": [ 0, 0, 16, 16 ], "texture": "#6" },
				"north": { "uv": [ 0, 0, 16, 16 ], "texture": "#6" },
				"south": { "uv": [ 0, 0, 16, 16 ], "texture": "#6" },
				"west": { "uv": [ 0, 0, 16, 16 ], "texture": "#6" },
				"east": { "uv": [ 0, 0, 16, 16 ], "texture": "#6" }
			}
		},
		{
			"__comment": "Element",
			"from": [ 7.4, 8.8, 8.775 ],
			"to": [ 7.75, 9.025, 8.875 ],
			"faces": {
				"down": { "uv": [ 0, 0, 16, 16 ], "texture": "#6" },
				"up": { "uv": [ 0, 0, 16, 16 ], "texture": "#6" },
				"north": { "uv": [ 0, 0, 16, 16 ], "texture": "#6" },
				"south": { "uv": [ 0, 0, 16, 16 ], "texture": "#6" },
				"west": { "uv": [ 0, 0, 16, 16 ], "texture": "#6" },
				"east": { "uv": [ 0, 0, 16, 16 ], "texture": "#6" }
			}
		},
		{
			"__comment": "Element",
			"from": [ 8.675, 8.8, 9 ],
			"to": [ 8.825, 9.025, 9.325 ],
			"rotation": { "origin": [ 9.175, 8, 7.325 ], "axis": "y", "angle": -45 },
			"faces": {
				"down": { "uv": [ 0, 0, 16, 16 ], "texture": "#6" },
				"up": { "uv": [ 0, 0, 16, 16 ], "texture": "#6" },
				"north": { "uv": [ 0, 0, 16, 16 ], "texture": "#6" },
				"south": { "uv": [ 0, 0, 16, 16 ], "texture": "#6" },
				"west": { "uv": [ 0, 0, 16, 16 ], "texture": "#6" },
				"east": { "uv": [ 0, 0, 16, 16 ], "texture": "#6" }
			}
		},
		{
			"__comment": "Element",
			"from": [ 7.525, 8.8, 8.15 ],
			"to": [ 7.625, 9.025, 8.5 ],
			"faces": {
				"down": { "uv": [ 0, 0, 16, 16 ], "texture": "#6" },
				"up": { "uv": [ 0, 0, 16, 16 ], "texture": "#6" },
				"north": { "uv": [ 0, 0, 16, 16 ], "texture": "#6" },
				"south": { "uv": [ 0, 0, 16, 16 ], "texture": "#6" },
				"west": { "uv": [ 0, 0, 16, 16 ], "texture": "#6" },
				"east": { "uv": [ 0, 0, 16, 16 ], "texture": "#6" }
			}
		},
		{
			"__comment": "Element",
			"from": [ 8.599999, 8.8, 9.075 ],
			"to": [ 8.924999, 9.025, 9.235 ],
			"rotation": { "origin": [ 9.175, 8, 7.3 ], "axis": "y", "angle": -45 },
			"faces": {
				"down": { "uv": [ 0, 0, 16, 16 ], "texture": "#6" },
				"up": { "uv": [ 0, 0, 16, 16 ], "texture": "#6" },
				"north": { "uv": [ 0, 0, 16, 16 ], "texture": "#6" },
				"south": { "uv": [ 0, 0, 16, 16 ], "texture": "#6" },
				"west": { "uv": [ 0, 0, 16, 16 ], "texture": "#6" },
				"east": { "uv": [ 0, 0, 16, 16 ], "texture": "#6" }
			}
		},
		{
			"__comment": "Element",
			"from": [ 7.4, 8.8, 8.275 ],
			"to": [ 7.75, 9.025, 8.375 ],
			"faces": {
				"down": { "uv": [ 0, 0, 16, 16 ], "texture": "#6" },
				"up": { "uv": [ 0, 0, 16, 16 ], "texture": "#6" },
				"north": { "uv": [ 0, 0, 16, 16 ], "texture": "#6" },
				"south": { "uv": [ 0, 0, 16, 16 ], "texture": "#6" },
				"west": { "uv": [ 0, 0, 16, 16 ], "texture": "#6" },
				"east": { "uv": [ 0, 0, 16, 16 ], "texture": "#6" }
			}
		},
		{
			"__comment": "Element",
			"from": [ 8.7, 8.4, 9.349999 ],
			"to": [ 8.9, 8.8, 9.399999 ],
			"rotation": { "origin": [ 9.225, 8, 7.325 ], "axis": "y", "angle": -45 },
			"faces": {
				"down": { "uv": [ 0, 0, 0.2, 0.05000019 ], "texture": "#2" },
				"up": { "uv": [ 0, 0, 0.2, 0.05000019 ], "texture": "#2" },
				"north": { "uv": [ 0, 0, 0.2, 0.3999996 ], "texture": "#2" },
				"south": { "uv": [ 0, 0, 0.2, 0.3999996 ], "texture": "#2" },
				"west": { "uv": [ 0, 0, 0.05, 0.3999996 ], "texture": "#2" },
				"east": { "uv": [ 0, 0, 0.05, 0.3999996 ], "texture": "#2" }
			}
		},
		{
			"__comment": "Element",
			"from": [ 8.7, 8.4, 9.849999 ],
			"to": [ 8.9, 8.8, 9.899999 ],
			"rotation": { "origin": [ 9.225, 8, 7.825 ], "axis": "y", "angle": -45 },
			"faces": {
				"down": { "uv": [ 0, 0, 0.2, 0.05000019 ], "texture": "#2" },
				"up": { "uv": [ 0, 0, 0.2, 0.05000019 ], "texture": "#2" },
				"north": { "uv": [ 0, 0, 0.2, 0.3999996 ], "texture": "#2" },
				"south": { "uv": [ 0, 0, 0.2, 0.3999996 ], "texture": "#2" },
				"west": { "uv": [ 0, 0, 0.05, 0.3999996 ], "texture": "#2" },
				"east": { "uv": [ 0, 0, 0.05, 0.3999996 ], "texture": "#2" }
			}
		},
		{
			"__comment": "Element",
			"from": [ 8.7, 8.4, 10.35 ],
			"to": [ 8.9, 8.8, 10.4 ],
			"rotation": { "origin": [ 9.225, 8, 8.325 ], "axis": "y", "angle": -45 },
			"faces": {
				"down": { "uv": [ 0, 0, 0.2, 0.05000019 ], "texture": "#2" },
				"up": { "uv": [ 0, 0, 0.2, 0.05000019 ], "texture": "#2" },
				"north": { "uv": [ 0, 0, 0.2, 0.3999996 ], "texture": "#2" },
				"south": { "uv": [ 0, 0, 0.2, 0.3999996 ], "texture": "#2" },
				"west": { "uv": [ 0, 0, 0.05, 0.3999996 ], "texture": "#2" },
				"east": { "uv": [ 0, 0, 0.05, 0.3999996 ], "texture": "#2" }
			}
		},
		{
			"__comment": "Element",
			"from": [ 8.7, 8.4, 10.85 ],
			"to": [ 8.9, 8.8, 10.9 ],
			"rotation": { "origin": [ 9.225, 8, 8.825 ], "axis": "y", "angle": -45 },
			"faces": {
				"down": { "uv": [ 0, 0, 0.2, 0.05000019 ], "texture": "#2" },
				"up": { "uv": [ 0, 0, 0.2, 0.05000019 ], "texture": "#2" },
				"north": { "uv": [ 0, 0, 0.2, 0.3999996 ], "texture": "#2" },
				"south": { "uv": [ 0, 0, 0.2, 0.3999996 ], "texture": "#2" },
				"west": { "uv": [ 0, 0, 0.05, 0.3999996 ], "texture": "#2" },
				"east": { "uv": [ 0, 0, 0.05, 0.3999996 ], "texture": "#2" }
			}
		},
		{
			"__comment": "Element",
			"from": [ 8.575, 8.4, 10.05 ],
			"to": [ 8.625, 8.8, 10.26 ],
			"rotation": { "origin": [ 9.225, 8, 8.3 ], "axis": "y", "angle": -45 },
			"faces": {
				"down": { "uv": [ 0, 0, 0.05, 0.21 ], "texture": "#2" },
				"up": { "uv": [ 0, 0, 0.05, 0.21 ], "texture": "#2" },
				"north": { "uv": [ 0, 0, 0.05, 0.3999996 ], "texture": "#2" },
				"south": { "uv": [ 0, 0, 0.05, 0.3999996 ], "texture": "#2" },
				"west": { "uv": [ 0, 0, 0.21, 0.3999996 ], "texture": "#2" },
				"east": { "uv": [ 0, 0, 0.21, 0.3999996 ], "texture": "#2" }
			}
		},
		{
			"__comment": "Element",
			"from": [ 7.375, 8.4, 9.224999 ],
			"to": [ 7.8, 8.8, 9.424999 ],
			"faces": {
				"down": { "uv": [ 0, 0, 0.425, 0.1999998 ], "texture": "#2" },
				"up": { "uv": [ 0, 0, 0.425, 0.1999998 ], "texture": "#2" },
				"north": { "uv": [ 0, 0, 0.425, 0.3999996 ], "texture": "#2" },
				"south": { "uv": [ 0, 0, 0.425, 0.3999996 ], "texture": "#2" },
				"west": { "uv": [ 0, 0, 0.2, 0.3999996 ], "texture": "#2" },
				"east": { "uv": [ 0, 0, 0.2, 0.3999996 ], "texture": "#2" }
			}
		},
		{
			"__comment": "Element",
			"from": [ 7.375, 8.4, 9.724999 ],
			"to": [ 7.8, 8.8, 9.924999 ],
			"faces": {
				"down": { "uv": [ 0, 0, 0.425, 0.1999998 ], "texture": "#2" },
				"up": { "uv": [ 0, 0, 0.425, 0.1999998 ], "texture": "#2" },
				"north": { "uv": [ 0, 0, 0.425, 0.3999996 ], "texture": "#2" },
				"south": { "uv": [ 0, 0, 0.425, 0.3999996 ], "texture": "#2" },
				"west": { "uv": [ 0, 0, 0.2, 0.3999996 ], "texture": "#2" },
				"east": { "uv": [ 0, 0, 0.2, 0.3999996 ], "texture": "#2" }
			}
		},
		{
			"__comment": "Element",
			"from": [ 7.375, 8.4, 8.724999 ],
			"to": [ 7.8, 8.8, 8.924999 ],
			"faces": {
				"down": { "uv": [ 0, 0, 0.425, 0.1999998 ], "texture": "#2" },
				"up": { "uv": [ 0, 0, 0.425, 0.1999998 ], "texture": "#2" },
				"north": { "uv": [ 0, 0, 0.425, 0.3999996 ], "texture": "#2" },
				"south": { "uv": [ 0, 0, 0.425, 0.3999996 ], "texture": "#2" },
				"west": { "uv": [ 0, 0, 0.2, 0.3999996 ], "texture": "#2" },
				"east": { "uv": [ 0, 0, 0.2, 0.3999996 ], "texture": "#2" }
			}
		},
		{
			"__comment": "Element",
			"from": [ 7.375, 8.4, 8.224999 ],
			"to": [ 7.8, 8.8, 8.424999 ],
			"faces": {
				"down": { "uv": [ 0, 0, 0.425, 0.1999998 ], "texture": "#2" },
				"up": { "uv": [ 0, 0, 0.425, 0.1999998 ], "texture": "#2" },
				"north": { "uv": [ 0, 0, 0.425, 0.3999996 ], "texture": "#2" },
				"south": { "uv": [ 0, 0, 0.425, 0.3999996 ], "texture": "#2" },
				"west": { "uv": [ 0, 0, 0.2, 0.3999996 ], "texture": "#2" },
				"east": { "uv": [ 0, 0, 0.2, 0.3999996 ], "texture": "#2" }
			}
		},
		{
			"__comment": "Element",
			"from": [ 8.575, 8.4, 9.55 ],
			"to": [ 8.625, 8.8, 9.76 ],
			"rotation": { "origin": [ 9.225, 8, 7.8 ], "axis": "y", "angle": -45 },
			"faces": {
				"down": { "uv": [ 0, 0, 0.05, 0.21 ], "texture": "#2" },
				"up": { "uv": [ 0, 0, 0.05, 0.21 ], "texture": "#2" },
				"north": { "uv": [ 0, 0, 0.05, 0.3999996 ], "texture": "#2" },
				"south": { "uv": [ 0, 0, 0.05, 0.3999996 ], "texture": "#2" },
				"west": { "uv": [ 0, 0, 0.21, 0.3999996 ], "texture": "#2" },
				"east": { "uv": [ 0, 0, 0.21, 0.3999996 ], "texture": "#2" }
			}
		},
		{
			"__comment": "Element",
			"from": [ 8.575, 8.4, 9.05 ],
			"to": [ 8.625, 8.8, 9.26 ],
			"rotation": { "origin": [ 9.225, 8, 7.3 ], "axis": "y", "angle": -45 },
			"faces": {
				"down": { "uv": [ 0, 0, 0.05, 0.21 ], "texture": "#2" },
				"up": { "uv": [ 0, 0, 0.05, 0.21 ], "texture": "#2" },
				"north": { "uv": [ 0, 0, 0.05, 0.3999996 ], "texture": "#2" },
				"south": { "uv": [ 0, 0, 0.05, 0.3999996 ], "texture": "#2" },
				"west": { "uv": [ 0, 0, 0.21, 0.3999996 ], "texture": "#2" },
				"east": { "uv": [ 0, 0, 0.21, 0.3999996 ], "texture": "#2" }
			}
		},
		{
			"__comment": "Element",
			"from": [ 8.575, 8.4, 10.55 ],
			"to": [ 8.625, 8.8, 10.76 ],
			"rotation": { "origin": [ 9.225, 8, 8.8 ], "axis": "y", "angle": -45 },
			"faces": {
				"down": { "uv": [ 0, 0, 0.05, 0.21 ], "texture": "#2" },
				"up": { "uv": [ 0, 0, 0.05, 0.21 ], "texture": "#2" },
				"north": { "uv": [ 0, 0, 0.05, 0.3999996 ], "texture": "#2" },
				"south": { "uv": [ 0, 0, 0.05, 0.3999996 ], "texture": "#2" },
				"west": { "uv": [ 0, 0, 0.21, 0.3999996 ], "texture": "#2" },
				"east": { "uv": [ 0, 0, 0.21, 0.3999996 ], "texture": "#2" }
			}
		},
		{
			"__comment": "Element",
			"from": [ 7.525, 8.4, 9.974999 ],
			"to": [ 7.8, 8.8, 10.075 ],
			"faces": {
				"down": { "uv": [ 0, 0, 0.275, 0.1000004 ], "texture": "#2" },
				"up": { "uv": [ 0, 0, 0.275, 0.1000004 ], "texture": "#2" },
				"north": { "uv": [ 0, 0, 0.275, 0.3999996 ], "texture": "#2" },
				"south": { "uv": [ 0, 0, 0.275, 0.3999996 ], "texture": "#2" },
				"west": { "uv": [ 0, 0, 0.1, 0.3999996 ], "texture": "#2" },
				"east": { "uv": [ 0, 0, 0.1, 0.3999996 ], "texture": "#2" }
			}
		},
		{
			"__comment": "Element",
			"from": [ 7.525, 8.4, 8.075 ],
			"to": [ 7.8, 8.8, 8.175 ],
			"faces": {
				"down": { "uv": [ 0, 0, 0.275, 0.1000004 ], "texture": "#2" },
				"up": { "uv": [ 0, 0, 0.275, 0.1000004 ], "texture": "#2" },
				"north": { "uv": [ 0, 0, 0.275, 0.3999996 ], "texture": "#2" },
				"south": { "uv": [ 0, 0, 0.275, 0.3999996 ], "texture": "#2" },
				"west": { "uv": [ 0, 0, 0.1, 0.3999996 ], "texture": "#2" },
				"east": { "uv": [ 0, 0, 0.1, 0.3999996 ], "texture": "#2" }
			}
		},
		{
			"__comment": "Element",
			"from": [ 7.45, 8.4, 8.175 ],
			"to": [ 7.8, 8.8, 9.975 ],
			"faces": {
				"down": { "uv": [ 0, 0, 0.35, 1.8 ], "texture": "#2" },
				"up": { "uv": [ 0, 0, 0.35, 1.8 ], "texture": "#2" },
				"north": { "uv": [ 0, 0, 0.35, 0.3999996 ], "texture": "#2" },
				"south": { "uv": [ 0, 0, 0.35, 0.3999996 ], "texture": "#2" },
				"west": { "uv": [ 0, 0, 1.8, 0.3999996 ], "texture": "#2" },
				"east": { "uv": [ 0, 0, 1.8, 0.3999996 ], "texture": "#2" }
			}
		}
	],
	"display": {
		"thirdperson_righthand": {
			"translation":  [ -0.5, 0.5, -3.2 ],
			"scale":  [ 2.2, 2.2, 2.2 ]
		},
		"thirdperson_lefthand": {
			"translation":  [ -0.5, 0.5, -3.2 ],
			"scale":  [ 0.0001, 0.0001, 0.0001 ]
		},
		"firstperson_righthand": {
			"rotation":  [ 0, -3.5, 0 ],
			"translation":  [ -2, 3.5, -0.5 ],
			"scale":  [ 0.0001, 0.0001, 0.0001 ]
		},
		"firstperson_lefthand": {
			"rotation":  [ 0, -14, 38 ],
			"translation":  [ -15.98, 3.413, -6.76 ],
			"scale":  [ 2.4, 2.4, 2.4 ]
		},
		"gui": {
			"rotation":  [ 90, 134, -90 ],
			"scale":  [ 1.3, 1.3, 1.3 ]
		},
		"head": {
			"rotation":  [ -62, 8, 50 ],
			"translation":  [ 4, 13, 4.5 ],
			"scale":  [ 3, 3, 3 ]
		},
		"ground": {
			"rotation":  [ 0, 0, -90 ],
			"translation":  [ 0, -4, 0 ],
			"scale":  [ 1.3, 1.3, 1.3 ]
		},
		"fixed": {
			"rotation":  [ 66, -90, 64 ],
			"translation":  [ 1, 0, -1.5 ],
			"scale":  [ 2, 2, 2 ]
		}
	}
}