{
	"__comment": "Designed by I_m_bin2 with Cubik Studio - https://cubik.studio",
	"textures": {
		"0": "blocks/colours/gray - 1first",
		"1": "blocks/colours/gray - 2second",
		"2": "blocks/colours/gray - 3third",
		"3": "blocks/colours/gray - 4fourth",
		"4": "blocks/colours/gray - 5fifth",
		"5": "blocks/colours/gray - 6sixth",
		"6": "blocks/colours/gray - 7seventh",
		"7": "blocks/colours/gray - 8eight",
		"8": "blocks/colours/gray",
		"9": "blocks/colours/gray - 8eight",
		"particle": "blocks/colours/beige",
		"missing": "blocks/colours/green2"
	},
	"elements": [ 	 
		{
			"__comment": "Element",
			"from": [ 3.7876, 4.3812, 7.8438 ],
			"to": [ 4.45947, 4.6937, 8.1563 ],
			"rotation": { "origin": [ 4.50625, 5.0375, 8.0625 ], "axis": "z", "angle": -22.5 },
			"faces": {
				"down": { "uv": [ 7.75, 10.5, 8.25, 11.75 ], "texture": "#2", "rotation": 270 },
				"up": { "uv": [ 1, 1, 15, 15 ], "texture": "#8", "rotation": 180 },
				"north": { "uv": [ 1, 2, 15, 12 ], "texture": "#8" },
				"south": { "uv": [ 1, 2, 15, 12 ], "texture": "#8" },
				"west": { "uv": [ 10, 10, 16, 11 ], "texture": "#2", "rotation": 270 }
			}
		},
		{
			"__comment": "Element",
			"from": [ 8.5, 4.575, 7.6875 ],
			"to": [ 12.25, 5.0375, 8.3125 ],
			"faces": {
				"north": { "uv": [ 3, 1, 11, 2 ], "texture": "#2", "rotation": 270 },
				"south": { "uv": [ 3, 1, 11, 2 ], "texture": "#2", "rotation": 270 },
				"east": { "uv": [ 7, 7, 10, 10 ], "texture": "#0" }
			}
		},
		{
			"__comment": "Element",
			"from": [ 3.1, 4.25, 7.625 ],
			"to": [ 4.25, 4.4375, 8.375 ],
			"faces": {
				"down": { "uv": [ 14, 14, 16, 16 ], "texture": "#2" },
				"up": { "uv": [ 0, 5, 16, 13 ], "texture": "#0", "rotation": 90 },
				"north": { "uv": [ 0, 0, 1, 1 ], "texture": "#0" },
				"south": { "uv": [ 15, 15, 16, 16 ], "texture": "#0" },
				"west": { "uv": [ 0.01, 0.01000023, 0.01, 0.01000023 ], "texture": "#0" }
			}
		},
		{
			"__comment": "Element",
			"from": [ 4.25, 5.4743, 7.9005 ],
			"to": [ 7, 5.7243, 8.09942 ],
			"faces": {
				"up": { "uv": [ 8, 2, 14, 1 ], "texture": "#1", "rotation": 270 },
				"west": { "uv": [ 6, 0, 10, 10 ], "texture": "#0" },
				"east": { "uv": [ 8, 8, 7, 9 ], "texture": "#1", "rotation": 270 }
			}
		},
		{
			"__comment": "Element",
			"from": [ 4.25, 5.4743, 7.9005 ],
			"to": [ 12.25, 5.7243, 8.09942 ],
			"rotation": { "origin": [ 10.625, 5.2243, 8 ], "axis": "x", "angle": -22.5 },
			"faces": {
				"up": { "uv": [ 10, 16, 13, 15 ], "texture": "#1", "rotation": 270 },
				"south": { "uv": [ 14, 5, 15, 6 ], "texture": "#1", "rotation": 270 },
				"west": { "uv": [ 0, 6, 10, 10 ], "texture": "#0", "rotation": 90 },
				"east": { "uv": [ 10, 10, 9, 11 ], "texture": "#0", "rotation": 270 }
			}
		},
		{
			"__comment": "Element",
			"from": [ 4.25, 5.4743, 7.9005 ],
			"to": [ 7, 5.7243, 8.09942 ],
			"rotation": { "origin": [ 10.625, 5.2243, 8 ], "axis": "x", "angle": 22.5 },
			"faces": {
				"up": { "uv": [ 15, 10, 16, 7 ], "texture": "#1", "rotation": 180 },
				"west": { "uv": [ 6, 6, 10, 16 ], "texture": "#0", "rotation": 180 },
				"east": { "uv": [ 8, 6, 7, 7 ], "texture": "#1", "rotation": 270 }
			}
		},
		{
			"__comment": "Element",
			"from": [ 4.25, 5.4743, 7.9005 ],
			"to": [ 12.25, 5.7243, 8.09942 ],
			"rotation": { "origin": [ 10.625, 5.2243, 8 ], "axis": "x", "angle": -45 },
			"faces": {
				"up": { "uv": [ 12, 8, 16, 7 ], "texture": "#0", "rotation": 90 },
				"north": { "uv": [ 0.01, 0.01000023, 0.01, 0.01000023 ], "texture": "#2", "cullface": "north", "rotation": 180 },
				"west": { "uv": [ 6, 6, 10, 16 ], "texture": "#0", "rotation": 180 },
				"east": { "uv": [ 10, 10, 9, 11 ], "texture": "#0", "rotation": 270 }
			}
		},
		{
			"__comment": "Element",
			"from": [ 4.25, 5.4743, 7.9005 ],
			"to": [ 7, 5.7243, 8.09942 ],
			"rotation": { "origin": [ 10.625, 5.2243, 8 ], "axis": "x", "angle": 45 },
			"faces": {
				"up": { "uv": [ 12, 8, 16, 7 ], "texture": "#0", "rotation": 270 },
				"south": { "uv": [ 0.01, 0.01000023, 0.01, 0.01000023 ], "texture": "#2" },
				"west": { "uv": [ 5, 6, 16, 10 ], "texture": "#0", "rotation": 270 },
				"east": { "uv": [ 10, 10, 9, 11 ], "texture": "#2", "rotation": 270 }
			}
		},
		{
			"__comment": "Element",
			"from": [ 8.5, 4.325, 7.9378 ],
			"to": [ 12.25, 4.5125, 8.062119 ],
			"faces": {
				"down": { "uv": [ 10, 9, 16, 10 ], "texture": "#2" },
				"east": { "uv": [ 7, 7, 10, 10 ], "texture": "#0" }
			}
		},
		{
			"__comment": "Element",
			"from": [ 8.5, 4.325, 7.9378 ],
			"to": [ 12.25, 4.5125, 8.062119 ],
			"rotation": { "origin": [ 10.375, 4.6375, 8 ], "axis": "x", "angle": 22.5 },
			"faces": {
				"down": { "uv": [ 10, 8, 16, 9 ], "texture": "#2" },
				"east": { "uv": [ 7, 7, 10, 10 ], "texture": "#0" }
			}
		},
		{
			"__comment": "Element",
			"from": [ 8.5, 4.325, 7.9378 ],
			"to": [ 12.25, 4.5125, 8.062119 ],
			"rotation": { "origin": [ 10.375, 4.6375, 8 ], "axis": "x", "angle": -22.5 },
			"faces": {
				"down": { "uv": [ 10, 8, 16, 9 ], "texture": "#2" },
				"east": { "uv": [ 7, 7, 10, 10 ], "texture": "#0" }
			}
		},
		{
			"__comment": "Element",
			"from": [ 8.5, 4.325, 7.9378 ],
			"to": [ 12.25, 4.5125, 8.062119 ],
			"rotation": { "origin": [ 10.375, 4.6375, 8 ], "axis": "x", "angle": -45 },
			"faces": {
				"down": { "uv": [ 9, 9, 15, 10 ], "texture": "#2" },
				"east": { "uv": [ 7, 7, 10, 10 ], "texture": "#0" }
			}
		},
		{
			"__comment": "Element",
			"from": [ 8.5, 4.325, 7.9378 ],
			"to": [ 12.25, 4.5125, 8.062119 ],
			"rotation": { "origin": [ 10.375, 4.6375, 8 ], "axis": "x", "angle": 45 },
			"faces": {
				"down": { "uv": [ 10, 9, 16, 10 ], "texture": "#2" },
				"east": { "uv": [ 7, 7, 10, 10 ], "texture": "#0" }
			}
		},
		{
			"__comment": "Element",
			"from": [ 8.5, 4.5753, 8.125 ],
			"to": [ 12.25, 4.69962, 8.3125 ],
			"rotation": { "origin": [ 10.375, 4.6375, 8 ], "axis": "x", "angle": 22.5 },
			"faces": {
				"south": { "uv": [ 10, 9, 16, 10 ], "texture": "#2" },
				"east": { "uv": [ 7, 7, 10, 10 ], "texture": "#0", "rotation": 90 }
			}
		},
		{
			"__comment": "Element",
			"from": [ 8.5, 4.5753, 7.6875 ],
			"to": [ 12.25, 4.69962, 7.875 ],
			"rotation": { "origin": [ 10.375, 4.6375, 8 ], "axis": "x", "angle": -22.5 },
			"faces": {
				"north": { "uv": [ 10, 9, 16, 10 ], "texture": "#2", "rotation": 180 },
				"east": { "uv": [ 7, 7, 10, 10 ], "texture": "#0", "rotation": 270 }
			}
		},
		{
			"__comment": "Element",
			"from": [ 10.375, 4.675, 7.7 ],
			"to": [ 12.25, 4.949999, 7.875 ],
			"rotation": { "origin": [ 10.375, 4.975, 8 ], "axis": "x", "angle": 45 },
			"faces": {
				"down": { "uv": [ 14, 12, 15, 14 ], "texture": "#2", "rotation": 90 },
				"east": { "uv": [ 7, 7, 10, 10 ], "texture": "#0" }
			}
		},
		{
			"__comment": "Element",
			"from": [ 10.375, 4.675, 8.125 ],
			"to": [ 12.25, 4.949999, 8.3 ],
			"rotation": { "origin": [ 10.375, 4.975, 8 ], "axis": "x", "angle": -45 },
			"faces": {
				"down": { "uv": [ 7, 11, 8, 10 ], "texture": "#2", "rotation": 270 },
				"east": { "uv": [ 10, 7, 7, 10 ], "texture": "#0" }
			}
		},
		{
			"__comment": "Element",
			"from": [ 12.2, 4.375, 7.9503 ],
			"to": [ 12.325, 4.875, 8.04976 ],
			"faces": {
				"down": { "uv": [ 13, 14, 16, 16 ], "texture": "#2" },
				"up": { "uv": [ 9, 13, 13, 14 ], "texture": "#3" },
				"east": { "uv": [ 0, 6, 16, 7 ], "texture": "#0", "rotation": 90 }
			}
		},
		{
			"__comment": "Element",
			"from": [ 12.2, 4.375, 7.9503 ],
			"to": [ 12.325, 4.875, 8.04976 ],
			"rotation": { "origin": [ 12.2625, 4.625, 8 ], "axis": "x", "angle": 22.5 },
			"faces": {
				"down": { "uv": [ 10, 10, 16, 11 ], "texture": "#2", "rotation": 270 },
				"up": { "uv": [ 6, 13, 10, 14 ], "texture": "#3" },
				"east": { "uv": [ 0, 6, 16, 7 ], "texture": "#0", "rotation": 270 }
			}
		},
		{
			"__comment": "Element",
			"from": [ 12.2, 4.375, 7.9503 ],
			"to": [ 12.325, 4.875, 8.04976 ],
			"rotation": { "origin": [ 12.2625, 4.625, 8 ], "axis": "x", "angle": -22.5 },
			"faces": {
				"down": { "uv": [ 10, 10, 16, 11 ], "texture": "#2", "rotation": 90 },
				"up": { "uv": [ 6, 13, 10, 14 ], "texture": "#3" },
				"east": { "uv": [ 0, 6, 16, 7 ], "texture": "#0", "rotation": 90 }
			}
		},
		{
			"__comment": "Element",
			"from": [ 12.2, 4.375, 7.9503 ],
			"to": [ 12.325, 4.875, 8.04976 ],
			"rotation": { "origin": [ 12.2625, 4.625, 8 ], "axis": "x", "angle": 45 },
			"faces": {
				"down": { "uv": [ 15, 7, 16, 14 ], "texture": "#1", "rotation": 180 },
				"up": { "uv": [ 11, 14, 15, 15 ], "texture": "#3" },
				"east": { "uv": [ 0, 6, 16, 7 ], "texture": "#0", "rotation": 90 }
			}
		},
		{
			"__comment": "Element",
			"from": [ 12.2, 4.5753, 7.75 ],
			"to": [ 12.325, 4.674759, 8.25 ],
			"rotation": { "origin": [ 12.2625, 4.625, 8 ], "axis": "x", "angle": 45 },
			"faces": {
				"north": { "uv": [ 9, 13, 13, 14 ], "texture": "#3", "rotation": 180 },
				"south": { "uv": [ 9, 15, 14, 16 ], "texture": "#1", "rotation": 90 },
				"east": { "uv": [ 0, 6, 16, 7 ], "texture": "#0", "rotation": 180 }
			}
		},
		{
			"__comment": "Element",
			"from": [ 12.2, 4.5753, 7.75 ],
			"to": [ 12.325, 4.674759, 8.25 ],
			"rotation": { "origin": [ 12.2625, 4.625, 8 ], "axis": "x", "angle": 22.5 },
			"faces": {
				"north": { "uv": [ 9, 13, 13, 14 ], "texture": "#3", "rotation": 180 },
				"south": { "uv": [ 11, 8, 14, 9 ], "texture": "#1", "rotation": 90 },
				"east": { "uv": [ 0, 7, 16, 8 ], "texture": "#0" }
			}
		},
		{
			"__comment": "Element",
			"from": [ 12.2, 4.5753, 7.75 ],
			"to": [ 12.325, 4.674759, 8.25 ],
			"rotation": { "origin": [ 12.2625, 4.625, 8 ], "axis": "x", "angle": -22.5 },
			"faces": {
				"north": { "uv": [ 9, 8, 14, 9 ], "texture": "#1", "rotation": 90 },
				"south": { "uv": [ 12, 15, 16, 16 ], "texture": "#3" },
				"east": { "uv": [ 0, 7, 16, 8 ], "texture": "#0" }
			}
		},
		{
			"__comment": "Element",
			"from": [ 12.2, 4.5753, 7.75 ],
			"to": [ 12.325, 4.674759, 8.25 ],
			"faces": {
				"north": { "uv": [ 7, 8, 10, 9 ], "texture": "#1", "rotation": 90 },
				"south": { "uv": [ 9, 14, 12, 15 ], "texture": "#1", "rotation": 90 },
				"east": { "uv": [ 0, 7, 16, 8 ], "texture": "#0" }
			}
		},
		{
			"__comment": "Element",
			"from": [ 6.925, 5.5375, 7.9204 ],
			"to": [ 12.3, 5.65, 8.079519 ],
			"faces": {
				"down": { "uv": [ 0, 0, 4, 2 ], "texture": "#7" },
				"up": { "uv": [ 0, 0, 2, 5 ], "texture": "#7", "rotation": 180 },
				"east": { "uv": [ 7, 7, 9, 11 ], "texture": "#7" }
			}
		},
		{
			"__comment": "Element",
			"from": [ 6.925, 5.5375, 7.9204 ],
			"to": [ 12.3, 5.65, 8.079519 ],
			"rotation": { "origin": [ 6.9875, 5.25, 8 ], "axis": "x", "angle": 22.5 },
			"faces": {
				"down": { "uv": [ 0, 0, 4, 2 ], "texture": "#7" },
				"up": { "uv": [ 3, 13, 4, 14 ], "texture": "#7", "rotation": 90 },
				"east": { "uv": [ 7, 7, 9, 11 ], "texture": "#7" }
			}
		},
		{
			"__comment": "Element",
			"from": [ 12.175, 5.5375, 7.9204 ],
			"to": [ 12.3, 5.65, 8.079519 ],
			"rotation": { "origin": [ 12.2375, 5.25, 8 ], "axis": "x", "angle": -22.5 },
			"faces": {
				"down": { "uv": [ 0, 0, 4, 2 ], "texture": "#2" },
				"up": { "uv": [ 13, 6, 14, 7 ], "texture": "#3" },
				"east": { "uv": [ 7, 7, 9, 11 ], "texture": "#3" }
			}
		},
		{
			"__comment": "Element",
			"from": [ 12.175, 5.5375, 7.9204 ],
			"to": [ 12.3, 5.65, 8.079519 ],
			"rotation": { "origin": [ 12.2375, 5.25, 8 ], "axis": "x", "angle": -45 },
			"faces": {
				"down": { "uv": [ 0, 0, 4, 2 ], "texture": "#2" },
				"up": { "uv": [ 13, 5, 14, 8 ], "texture": "#3" },
				"east": { "uv": [ 7, 7, 9, 11 ], "texture": "#3" }
			}
		},
		{
			"__comment": "Element",
			"from": [ 6.925, 5.5375, 7.9204 ],
			"to": [ 12.3, 5.65, 8.079519 ],
			"rotation": { "origin": [ 6.9875, 5.25, 8 ], "axis": "x", "angle": 45 },
			"faces": {
				"down": { "uv": [ 0, 0, 4, 2 ], "texture": "#7" },
				"up": { "uv": [ 8, 8, 11, 9 ], "texture": "#7", "rotation": 90 },
				"east": { "uv": [ 7, 7, 9, 11 ], "texture": "#7" }
			}
		},
		{
			"__comment": "Element",
			"from": [ 12.1748, 4.7954, 8.287499 ],
			"to": [ 12.2998, 5.329519, 8.399999 ],
			"rotation": { "origin": [ 12.2375, 5.25, 8 ], "axis": "x", "angle": 22.5 },
			"faces": {
				"north": { "uv": [ 10, 10, 14, 11 ], "texture": "#2", "rotation": 180 },
				"south": { "uv": [ 0, 0, 1, 1 ], "texture": "#1" },
				"east": { "uv": [ 7, 7, 9, 11 ], "texture": "#3", "rotation": 270 }
			}
		},
		{
			"__comment": "Element",
			"from": [ 6.925, 5.1704, 8.287499 ],
			"to": [ 12.3, 5.329519, 8.399999 ],
			"faces": {
				"north": { "uv": [ 0, 0, 4, 2 ], "texture": "#2", "rotation": 180 },
				"south": { "uv": [ 2, 12, 3, 13 ], "texture": "#1" },
				"east": { "uv": [ 7, 7, 9, 11 ], "texture": "#3", "rotation": 270 }
			}
		},
		{
			"__comment": "Element",
			"from": [ 6.925, 5.1704, 8.287499 ],
			"to": [ 12.3, 5.329519, 8.399999 ],
			"rotation": { "origin": [ 6.9875, 5.25, 8 ], "axis": "x", "angle": -22.5 },
			"faces": {
				"north": { "uv": [ 0, 0, 4, 2 ], "texture": "#7", "rotation": 180 },
				"south": { "uv": [ 10, 8, 14, 9 ], "texture": "#7", "rotation": 90 },
				"east": { "uv": [ 7, 7, 9, 11 ], "texture": "#7", "rotation": 270 }
			}
		},
		{
			"__comment": "Element",
			"from": [ 12.175, 4.85, 7.9204 ],
			"to": [ 12.3, 4.9625, 8.079519 ],
			"rotation": { "origin": [ 12.2375, 5.25, 8 ], "axis": "x", "angle": -45 },
			"faces": {
				"up": { "uv": [ 10, 10, 14, 11 ], "texture": "#2" },
				"south": { "uv": [ 7, 6, 11, 9 ], "texture": "#2" },
				"east": { "uv": [ 7, 7, 9, 11 ], "texture": "#3", "rotation": 180 }
			}
		},
		{
			"__comment": "Element",
			"from": [ 12.1747, 4.7875, 7.9204 ],
			"to": [ 12.2997, 4.9625, 8.079519 ],
			"rotation": { "origin": [ 12.2375, 5.25, 8 ], "axis": "x", "angle": -22.5 },
			"faces": {
				"up": { "uv": [ 10, 10, 14, 11 ], "texture": "#2" },
				"east": { "uv": [ 7, 5, 9, 11 ], "texture": "#3", "rotation": 180 }
			}
		},
		{
			"__comment": "Element",
			"from": [ 12.175, 4.85, 7.9204 ],
			"to": [ 12.3, 4.9625, 8.079519 ],
			"faces": {
				"up": { "uv": [ 10, 10, 14, 11 ], "texture": "#2" },
				"east": { "uv": [ 7, 7, 9, 11 ], "texture": "#3", "rotation": 180 }
			}
		},
		{
			"__comment": "Element",
			"from": [ 12.1747, 4.7875, 7.9204 ],
			"to": [ 12.2997, 4.9625, 8.079519 ],
			"rotation": { "origin": [ 12.2375, 5.25, 8 ], "axis": "x", "angle": 22.5 },
			"faces": {
				"up": { "uv": [ 10, 10, 14, 11 ], "texture": "#2" },
				"east": { "uv": [ 7, 5, 9, 11 ], "texture": "#3", "rotation": 180 }
			}
		},
		{
			"__comment": "Element",
			"from": [ 12.175, 4.85, 7.9204 ],
			"to": [ 12.3, 4.9625, 8.079519 ],
			"rotation": { "origin": [ 12.2375, 5.25, 8 ], "axis": "x", "angle": 45 },
			"faces": {
				"up": { "uv": [ 10, 10, 14, 11 ], "texture": "#2" },
				"north": { "uv": [ 9, 6, 13, 9 ], "texture": "#2" },
				"east": { "uv": [ 7, 7, 9, 11 ], "texture": "#3", "rotation": 180 }
			}
		},
		{
			"__comment": "Element",
			"from": [ 12.1748, 4.7954, 7.6 ],
			"to": [ 12.2998, 5.329519, 7.7125 ],
			"rotation": { "origin": [ 12.2375, 5.25, 8 ], "axis": "x", "angle": -22.5 },
			"faces": {
				"north": { "uv": [ 0, 0, 4, 1 ], "texture": "#1", "rotation": 180 },
				"south": { "uv": [ 10, 10, 14, 11 ], "texture": "#2" },
				"east": { "uv": [ 7, 7, 9, 11 ], "texture": "#3", "rotation": 90 }
			}
		},
		{
			"__comment": "Element",
			"from": [ 12.175, 5.1704, 7.6 ],
			"to": [ 12.3, 5.329519, 7.7125 ],
			"faces": {
				"north": { "uv": [ 8, 8, 14, 9 ], "texture": "#1", "rotation": 90 },
				"south": { "uv": [ 10, 10, 14, 11 ], "texture": "#2" },
				"west": { "uv": [ 8, 9, 9, 10 ], "texture": "#missing", "rotation": 90 },
				"east": { "uv": [ 7, 7, 9, 11 ], "texture": "#3", "rotation": 90 }
			}
		},
		{
			"__comment": "Element",
			"from": [ 12.175, 5.1704, 7.6 ],
			"to": [ 12.3, 5.329519, 7.7125 ],
			"rotation": { "origin": [ 12.2375, 5.25, 8 ], "axis": "x", "angle": 22.5 },
			"faces": {
				"north": { "uv": [ 3, 8, 5, 9 ], "texture": "#1", "rotation": 270 },
				"south": { "uv": [ 0, 0, 4, 2 ], "texture": "#2" },
				"east": { "uv": [ 7, 7, 9, 11 ], "texture": "#3", "rotation": 90 }
			}
		},
		{
			"__comment": "Element",
			"from": [ 10.625, 4.975, 8.2 ],
			"to": [ 12.25, 5.50625, 8.425 ],
			"faces": {
				"up": { "uv": [ 10, 10, 14, 11 ], "texture": "#2", "rotation": 90 },
				"south": { "uv": [ 7, 12, 11, 13 ], "texture": "#2", "rotation": 90 },
				"east": { "uv": [ 7, 7, 9, 11 ], "texture": "#0" }
			}
		},
		{
			"__comment": "Element",
			"from": [ 9.825, 5.2003, 7.75 ],
			"to": [ 12.325, 5.299759, 7.8125 ],
			"rotation": { "origin": [ 9.8875, 5.25, 8 ], "axis": "x", "angle": 45 },
			"faces": {
				"north": { "uv": [ 7, 8, 11, 9 ], "texture": "#7", "rotation": 180 },
				"south": { "uv": [ 13, 14, 16, 16 ], "texture": "#7" },
				"east": { "uv": [ 9, 4, 10, 12 ], "texture": "#7", "rotation": 90 }
			}
		},
		{
			"__comment": "Element",
			"from": [ 9.825, 5, 7.9503 ],
			"to": [ 12.325, 5.0625, 8.04976 ],
			"rotation": { "origin": [ 9.8875, 5.25, 8 ], "axis": "x", "angle": -22.5 },
			"faces": {
				"down": { "uv": [ 13, 14, 16, 16 ], "texture": "#7" },
				"up": { "uv": [ 7, 13, 15, 14 ], "texture": "#7", "rotation": 90 },
				"east": { "uv": [ 11, 1, 15, 2 ], "texture": "#7", "rotation": 270 }
			}
		},
		{
			"__comment": "Element",
			"from": [ 9.825, 5, 7.9503 ],
			"to": [ 12.325, 5.0625, 8.04976 ],
			"faces": {
				"down": { "uv": [ 13, 14, 16, 16 ], "texture": "#7" },
				"up": { "uv": [ 9, 10, 16, 11 ], "texture": "#7", "rotation": 270 },
				"east": { "uv": [ 6, 14, 10, 15 ], "texture": "#7", "rotation": 270 }
			}
		},
		{
			"__comment": "Element",
			"from": [ 9.825, 5, 7.9503 ],
			"to": [ 12.325, 5.0625, 8.04976 ],
			"rotation": { "origin": [ 9.8875, 5.25, 8 ], "axis": "x", "angle": 22.5 },
			"faces": {
				"down": { "uv": [ 13, 14, 16, 16 ], "texture": "#7" },
				"up": { "uv": [ 10, 8, 14, 9 ], "texture": "#7", "rotation": 270 },
				"east": { "uv": [ 3, 9, 8, 10 ], "texture": "#7", "rotation": 90 }
			}
		},
		{
			"__comment": "Element",
			"from": [ 9.825, 5, 7.9503 ],
			"to": [ 12.325, 5.0625, 8.04976 ],
			"rotation": { "origin": [ 9.8875, 5.25, 8 ], "axis": "x", "angle": 45 },
			"faces": {
				"down": { "uv": [ 13, 14, 16, 16 ], "texture": "#7" },
				"up": { "uv": [ 10, 10, 14, 11 ], "texture": "#7", "rotation": 90 },
				"east": { "uv": [ 9, 4, 10, 12 ], "texture": "#7" }
			}
		},
		{
			"__comment": "Element",
			"from": [ 9.825, 5.2003, 7.75 ],
			"to": [ 12.325, 5.299759, 7.8125 ],
			"rotation": { "origin": [ 9.8875, 5.25, 8 ], "axis": "x", "angle": -22.5 },
			"faces": {
				"north": { "uv": [ 13, 14, 16, 16 ], "texture": "#7", "rotation": 180 },
				"south": { "uv": [ 8, 14, 14, 15 ], "texture": "#7", "rotation": 90 },
				"east": { "uv": [ 9, 4, 10, 12 ], "texture": "#7", "rotation": 270 }
			}
		},
		{
			"__comment": "Element",
			"from": [ 9.825, 5.2003, 7.75 ],
			"to": [ 12.325, 5.299759, 7.8125 ],
			"faces": {
				"north": { "uv": [ 10, 8, 14, 9 ], "texture": "#7", "rotation": 180 },
				"south": { "uv": [ 10, 10, 16, 11 ], "texture": "#7", "rotation": 270 },
				"east": { "uv": [ 9, 4, 10, 12 ], "texture": "#7", "rotation": 270 }
			}
		},
		{
			"__comment": "Element",
			"from": [ 9.825, 5.2003, 7.75 ],
			"to": [ 12.325, 5.299759, 7.8125 ],
			"rotation": { "origin": [ 9.8875, 5.25, 8 ], "axis": "x", "angle": 22.5 },
			"faces": {
				"north": { "uv": [ 8, 14, 12, 15 ], "texture": "#7", "rotation": 180 },
				"south": { "uv": [ 0, 5, 1, 12 ], "texture": "#7" },
				"east": { "uv": [ 9, 4, 10, 13 ], "texture": "#7", "rotation": 90 }
			}
		},
		{
			"__comment": "Element",
			"from": [ 9.825, 5.2003, 8.1875 ],
			"to": [ 12.325, 5.299759, 8.25 ],
			"faces": {
				"north": { "uv": [ 13, 14, 16, 16 ], "texture": "#7", "rotation": 180 },
				"south": { "uv": [ 12, 15, 16, 16 ], "texture": "#7" },
				"east": { "uv": [ 3, 9, 8, 10 ], "texture": "#7", "rotation": 180 }
			}
		},
		{
			"__comment": "Element",
			"from": [ 9.825, 5.2003, 8.1875 ],
			"to": [ 12.325, 5.299759, 8.25 ],
			"rotation": { "origin": [ 9.8875, 5.25, 8 ], "axis": "x", "angle": 22.5 },
			"faces": {
				"north": { "uv": [ 8, 14, 15, 15 ], "texture": "#7", "rotation": 90 },
				"south": { "uv": [ 13, 14, 16, 16 ], "texture": "#7" },
				"east": { "uv": [ 6, 14, 10, 15 ], "texture": "#7" }
			}
		},
		{
			"__comment": "Element",
			"from": [ 9.825, 5.2003, 8.1875 ],
			"to": [ 12.325, 5.299759, 8.25 ],
			"rotation": { "origin": [ 9.8875, 5.25, 8 ], "axis": "x", "angle": 45 },
			"faces": {
				"north": { "uv": [ 10, 10, 16, 11 ], "texture": "#7", "rotation": 270 },
				"south": { "uv": [ 13, 14, 16, 16 ], "texture": "#7" },
				"east": { "uv": [ 11, 1, 15, 2 ], "texture": "#7" }
			}
		},
		{
			"__comment": "Element",
			"from": [ 9.825, 5.2003, 8.1875 ],
			"to": [ 12.325, 5.299759, 8.25 ],
			"rotation": { "origin": [ 9.8875, 5.25, 8 ], "axis": "x", "angle": -22.5 },
			"faces": {
				"north": { "uv": [ 9, 0, 14, 1 ], "texture": "#7", "rotation": 90 },
				"south": { "uv": [ 12, 15, 16, 16 ], "texture": "#7" },
				"east": { "uv": [ 9, 4, 10, 12 ], "texture": "#7", "rotation": 270 }
			}
		},
		{
			"__comment": "Element",
			"from": [ 9.825, 5.4375, 7.9503 ],
			"to": [ 12.325, 5.5, 8.04976 ],
			"rotation": { "origin": [ 9.8875, 5.25, 8 ], "axis": "x", "angle": 45 },
			"faces": {
				"down": { "uv": [ 13, 14, 16, 16 ], "texture": "#7" },
				"up": { "uv": [ 9, 14, 13, 15 ], "texture": "#7" },
				"east": { "uv": [ 9, 4, 10, 12 ], "texture": "#7" }
			}
		},
		{
			"__comment": "Element",
			"from": [ 9.825, 5.4375, 7.9503 ],
			"to": [ 12.325, 5.5, 8.04976 ],
			"rotation": { "origin": [ 9.8875, 5.25, 8 ], "axis": "x", "angle": 22.5 },
			"faces": {
				"down": { "uv": [ 13, 14, 16, 16 ], "texture": "#7" },
				"up": { "uv": [ 11, 13, 15, 14 ], "texture": "#7" },
				"east": { "uv": [ 9, 4, 10, 12 ], "texture": "#7" }
			}
		},
		{
			"__comment": "Element",
			"from": [ 9.825, 5.4375, 7.9503 ],
			"to": [ 12.325, 5.5, 8.04976 ],
			"faces": {
				"down": { "uv": [ 13, 14, 16, 16 ], "texture": "#7" },
				"up": { "uv": [ 9, 13, 13, 14 ], "texture": "#7" },
				"east": { "uv": [ 9, 4, 10, 12 ], "texture": "#7" }
			}
		},
		{
			"__comment": "Element",
			"from": [ 9.825, 5.4375, 7.9503 ],
			"to": [ 12.325, 5.5, 8.04976 ],
			"rotation": { "origin": [ 9.8875, 5.25, 8 ], "axis": "x", "angle": -22.5 },
			"faces": {
				"down": { "uv": [ 13, 14, 16, 16 ], "texture": "#7" },
				"up": { "uv": [ 10, 13, 14, 14 ], "texture": "#7" },
				"east": { "uv": [ 9, 4, 10, 13 ], "texture": "#7" }
			}
		},
		{
			"__comment": "Element",
			"from": [ 10.4875, 5.05, 7.5751 ],
			"to": [ 10.925, 5.20625, 8.4249 ],
			"rotation": { "origin": [ 11.15625, 5.24062, 7.6875 ], "axis": "z", "angle": 22.5 },
			"faces": {
				"down": { "uv": [ 0, 0, 4, 2 ], "texture": "#2" },
				"north": { "uv": [ 12, 2, 13, 3 ], "texture": "#2" },
				"south": { "uv": [ 12, 2, 13, 3 ], "texture": "#2", "cullface": "south" },
				"east": { "uv": [ 7, 7, 9, 11 ], "texture": "#2" }
			}
		},
		{
			"__comment": "Element",
			"from": [ 10.625, 4.975, 7.575 ],
			"to": [ 12.25, 5.50625, 7.8 ],
			"faces": {
				"up": { "uv": [ 10, 10, 14, 11 ], "texture": "#2", "rotation": 90 },
				"north": { "uv": [ 7, 12, 11, 13 ], "texture": "#2", "rotation": 90 },
				"west": { "uv": [ 8, 3, 9, 4 ], "texture": "#2" },
				"east": { "uv": [ 7, 7, 9, 11 ], "texture": "#0" }
			}
		},
		{
			"__comment": "Element",
			"from": [ 8.45, 4.5125, 7.625 ],
			"to": [ 10.6125, 4.8125, 8.375 ],
			"faces": {
				"down": { "uv": [ 0, 0, 4, 2 ], "texture": "#0" },
				"north": { "uv": [ 3, 9, 6, 10 ], "texture": "#0", "rotation": 270 },
				"south": { "uv": [ 3, 8, 6, 9 ], "texture": "#0", "cullface": "south", "rotation": 270 },
				"east": { "uv": [ 7, 7, 9, 11 ], "texture": "#2" }
			}
		},
		{
			"__comment": "Element",
			"from": [ 7.925, 4.25, 7.9204 ],
			"to": [ 10.6125, 4.3625, 8.079519 ],
			"rotation": { "origin": [ 9.8625, 4.65, 8 ], "axis": "x", "angle": 45 },
			"faces": {
				"down": { "uv": [ 0, 0, 4, 2 ], "texture": "#2" },
				"east": { "uv": [ 7, 7, 9, 11 ], "texture": "#2" }
			}
		},
		{
			"__comment": "Element",
			"from": [ 8.8375, 4.5704, 8.287499 ],
			"to": [ 10.6125, 4.66702, 8.399999 ],
			"rotation": { "origin": [ 9.8625, 4.65, 8 ], "axis": "x", "angle": 22.5 },
			"faces": {
				"up": { "uv": [ 7, 6, 11, 9 ], "texture": "#2" },
				"south": { "uv": [ 3, 9, 5, 10 ], "texture": "#0", "rotation": 90 },
				"east": { "uv": [ 7, 7, 9, 11 ], "texture": "#2", "rotation": 90 }
			}
		},
		{
			"__comment": "Element",
			"from": [ 7.925, 4.25, 7.9204 ],
			"to": [ 10.6125, 4.3625, 8.079519 ],
			"rotation": { "origin": [ 9.8625, 4.65, 8 ], "axis": "x", "angle": -45 },
			"faces": {
				"down": { "uv": [ 0, 0, 2, 2 ], "texture": "#2" },
				"east": { "uv": [ 7, 7, 9, 11 ], "texture": "#2" }
			}
		},
		{
			"__comment": "Element",
			"from": [ 7.925, 4.25, 7.9204 ],
			"to": [ 10.6125, 4.3625, 8.079519 ],
			"rotation": { "origin": [ 9.8625, 4.65, 8 ], "axis": "x", "angle": -22.5 },
			"faces": {
				"down": { "uv": [ 0, 0, 2, 2 ], "texture": "#2" },
				"east": { "uv": [ 7, 7, 9, 11 ], "texture": "#2" }
			}
		},
		{
			"__comment": "Element",
			"from": [ 7.925, 4.25, 7.9204 ],
			"to": [ 10.6125, 4.3625, 8.079519 ],
			"faces": {
				"down": { "uv": [ 0, 0, 2, 2 ], "texture": "#2" },
				"east": { "uv": [ 7, 7, 9, 11 ], "texture": "#2" }
			}
		},
		{
			"__comment": "Element",
			"from": [ 7.925, 4.25, 7.9204 ],
			"to": [ 10.6125, 4.3625, 8.079519 ],
			"rotation": { "origin": [ 9.8625, 4.65, 8 ], "axis": "x", "angle": 22.5 },
			"faces": {
				"down": { "uv": [ 0, 0, 2, 2 ], "texture": "#2" },
				"east": { "uv": [ 7, 7, 9, 11 ], "texture": "#2" }
			}
		},
		{
			"__comment": "Element",
			"from": [ 8.675, 4.5704, 7.6 ],
			"to": [ 10.6125, 4.66702, 7.7125 ],
			"rotation": { "origin": [ 9.8625, 4.65, 8 ], "axis": "x", "angle": -22.5 },
			"faces": {
				"up": { "uv": [ 9, 6, 13, 9 ], "texture": "#2", "rotation": 180 },
				"north": { "uv": [ 3, 9, 5, 10 ], "texture": "#0", "rotation": 90 },
				"east": { "uv": [ 7, 7, 9, 11 ], "texture": "#2", "rotation": 270 }
			}
		},
		{
			"__comment": "Element",
			"from": [ 8.375, 4.475, 7.6251 ],
			"to": [ 9.2375, 4.8375, 8.3731 ],
			"rotation": { "origin": [ 8.99375, 4.56875, 8.025 ], "axis": "z", "angle": 22.5 },
			"faces": {
				"down": { "uv": [ 0, 0, 4, 2 ], "texture": "#2" },
				"north": { "uv": [ 1, 8, 3, 9 ], "texture": "#0", "rotation": 270 },
				"south": { "uv": [ 1, 8, 3, 9 ], "texture": "#0", "cullface": "south", "rotation": 270 },
				"west": { "uv": [ 8, 9, 9, 10 ], "texture": "#2" }
			}
		},
		{
			"__comment": "Element",
			"from": [ 4.25, 4.25, 7.625 ],
			"to": [ 8.45625, 4.8125, 8.375 ],
			"faces": {
				"down": { "uv": [ 0, 0, 2, 2 ], "texture": "#2" },
				"north": { "uv": [ 0, 8, 6, 9 ], "texture": "#0", "rotation": 270 },
				"south": { "uv": [ 0, 8, 6, 9 ], "texture": "#0", "cullface": "south", "rotation": 270 },
				"west": { "uv": [ 8, 9, 9, 10 ], "texture": "#2" },
				"east": { "uv": [ 7, 7, 9, 11 ], "texture": "#0" }
			}
		},
		{
			"__comment": "Element",
			"from": [ 4.12, 4.84, 7.5751 ],
			"to": [ 4.4325, 5.483749, 7.8251 ],
			"rotation": { "origin": [ 4.225, 5.15937, 8 ], "axis": "z", "angle": -22.5 },
			"faces": {
				"down": { "uv": [ 0, 0, 4, 2 ], "texture": "#2" },
				"up": { "uv": [ 10, 10, 14, 11 ], "texture": "#0" },
				"north": { "uv": [ 7, 3, 11, 4 ], "texture": "#2", "rotation": 90 },
				"south": { "uv": [ 0.01, 0.01000023, 0.01, 0.01000023 ], "texture": "#2", "cullface": "south" },
				"west": { "uv": [ 10, 10, 16, 11 ], "texture": "#2" },
				"east": { "uv": [ 7, 7, 9, 11 ], "texture": "#2" }
			}
		},
		{
			"__comment": "Element",
			"from": [ 4.12, 4.84, 8.1749 ],
			"to": [ 4.42, 5.483749, 8.4249 ],
			"rotation": { "origin": [ 4.225, 5.15937, 8 ], "axis": "z", "angle": -22.5 },
			"faces": {
				"down": { "uv": [ 0, 2, 4, 0 ], "texture": "#2" },
				"up": { "uv": [ 10, 11, 14, 10 ], "texture": "#0" },
				"north": { "uv": [ 0.01, 0.01000023, 0.01, 0.01000023 ], "texture": "#2", "cullface": "south" },
				"south": { "uv": [ 11, 3, 7, 4 ], "texture": "#2", "rotation": 270 },
				"west": { "uv": [ 16, 10, 10, 11 ], "texture": "#2" },
				"east": { "uv": [ 9, 7, 7, 11 ], "texture": "#2" }
			}
		},
		{
			"__comment": "Element",
			"from": [ 3.775, 4.2875, 7.75 ],
			"to": [ 4.525, 4.475, 8.25 ],
			"rotation": { "origin": [ 3.875, 4.34375, 8.0625 ], "axis": "z", "angle": 22.5 },
			"faces": {
				"up": { "uv": [ 0, 8, 16, 9 ], "texture": "#0", "rotation": 90 },
				"north": { "uv": [ 0, 0, 1, 1 ], "texture": "#0" },
				"south": { "uv": [ 15, 15, 16, 16 ], "texture": "#0" }
			}
		},
		{
			"__comment": "Element",
			"from": [ 3.5062, 4.225, 7.8438 ],
			"to": [ 3.58432, 4.35, 8.1563 ],
			"rotation": { "origin": [ 4.50625, 5.0375, 8.0625 ], "axis": "z", "angle": -22.5 },
			"faces": {
				"down": { "uv": [ 7.75, 10.5, 8.25, 11.75 ], "texture": "#2", "rotation": 270 },
				"north": { "uv": [ 8.25, 10.5, 8.5, 11.75 ], "texture": "#0", "rotation": 90 },
				"south": { "uv": [ 7.5, 10.5, 7.75, 11.75 ], "texture": "#0", "rotation": 270 },
				"west": { "uv": [ 5, 0, 8, 5 ], "texture": "#8" },
				"east": { "uv": [ 7.5, 7.75, 7.75, 8.25 ], "texture": "#2", "rotation": 270 }
			}
		},
		{
			"__comment": "Element",
			"from": [ 3.3657, 4.8992, 7.8439 ],
			"to": [ 3.45163, 5.10233, 8.1562 ],
			"faces": {
				"down": { "uv": [ 7.75, 10.5, 8.25, 11.75 ], "texture": "#2", "rotation": 270 },
				"up": { "uv": [ 5, 2, 10, 3 ], "texture": "#1" },
				"north": { "uv": [ 8.25, 10.5, 8.5, 11.75 ], "texture": "#0", "rotation": 90 },
				"south": { "uv": [ 7.5, 10.5, 7.75, 11.75 ], "texture": "#0", "rotation": 270 },
				"west": { "uv": [ 5, 1, 7, 7 ], "texture": "#8" },
				"east": { "uv": [ 7.5, 7.75, 7.75, 8.25 ], "texture": "#2", "rotation": 270 }
			}
		},
		{
			"__comment": "Element",
			"from": [ 3.5062, 4.5375, 7.8438 ],
			"to": [ 3.7876, 4.69375, 8.1563 ],
			"rotation": { "origin": [ 4.50625, 5.0375, 8.0625 ], "axis": "z", "angle": -22.5 },
			"faces": {
				"down": { "uv": [ 7.75, 10.5, 8.25, 11.75 ], "texture": "#2", "rotation": 270 },
				"up": { "uv": [ 0, 0, 16, 16 ], "texture": "#0", "rotation": 270 },
				"north": { "uv": [ 1, 2, 9, 7 ], "texture": "#8" },
				"south": { "uv": [ 9, 2, 13, 7 ], "texture": "#8" },
				"west": { "uv": [ 0.01, 0.01000023, 0.01, 0.01000023 ], "texture": "#2", "rotation": 90 },
				"east": { "uv": [ 7.5, 7.75, 7.75, 8.25 ], "texture": "#missing", "rotation": 270 }
			}
		},
		{
			"__comment": "Element",
			"from": [ 3.2719, 4.5164, 7.8438 ],
			"to": [ 3.35002, 4.67265, 8.1563 ],
			"faces": {
				"down": { "uv": [ 7.75, 10.5, 8.25, 11.75 ], "texture": "#2", "rotation": 270 },
				"up": { "uv": [ 7.75, 10.5, 8.25, 11.75 ], "texture": "#0", "rotation": 270 },
				"north": { "uv": [ 8.25, 10.5, 8.5, 11.75 ], "texture": "#0", "rotation": 90 },
				"south": { "uv": [ 7.5, 10.5, 7.75, 11.75 ], "texture": "#0", "rotation": 270 },
				"west": { "uv": [ 4, 0, 7, 5 ], "texture": "#8", "rotation": 180 },
				"east": { "uv": [ 0, 2, 0.25, 2.5 ], "texture": "#1", "rotation": 270 }
			}
		},
		{
			"__comment": "Element",
			"from": [ 3.5688, 4.0844, 7.8438 ],
			"to": [ 3.80317, 4.162529, 8.1563 ],
			"rotation": { "origin": [ 4.50625, 5.0375, 8.0625 ], "axis": "z", "angle": -22.5 },
			"faces": {
				"down": { "uv": [ 7.75, 10.5, 8.25, 11.75 ], "texture": "#2", "rotation": 270 },
				"up": { "uv": [ 5, 10, 5.5, 11.25 ], "texture": "#1", "rotation": 270 },
				"north": { "uv": [ 8.25, 10.5, 8.5, 11.75 ], "texture": "#0", "rotation": 180 },
				"south": { "uv": [ 7.5, 10.5, 7.75, 11.75 ], "texture": "#0", "rotation": 180 },
				"west": { "uv": [ 0.01, 0.01000023, 0.01, 0.01000023 ], "texture": "#2", "rotation": 90 }
			}
		},
		{
			"__comment": "Element",
			"from": [ 3.475, 4.4513, 7.8438 ],
			"to": [ 3.63125, 4.529419, 8.1563 ],
			"rotation": { "origin": [ 3.51407, 4.4591, 8.0625 ], "axis": "z", "angle": 45 },
			"faces": {
				"down": { "uv": [ 7.75, 10.5, 8.25, 11.75 ], "texture": "#2", "rotation": 270 },
				"up": { "uv": [ 10, 8, 14, 9 ], "texture": "#1" },
				"north": { "uv": [ 8.25, 10.5, 8.5, 11.75 ], "texture": "#0", "rotation": 180 },
				"south": { "uv": [ 7.5, 10.5, 7.75, 11.75 ], "texture": "#0", "rotation": 180 }
			}
		},
		{
			"__comment": "Element",
			"from": [ 3.7875, 4.225, 7.8437 ],
			"to": [ 3.86563, 4.54375, 8.1564 ],
			"rotation": { "origin": [ 4.50625, 5.0375, 8.0625 ], "axis": "z", "angle": -22.5 },
			"faces": {
				"north": { "uv": [ 8.25, 10.5, 8.5, 11.75 ], "texture": "#0", "rotation": 180 },
				"south": { "uv": [ 7.5, 10.5, 7.75, 11.75 ], "texture": "#0", "rotation": 90 },
				"west": { "uv": [ 15, 0, 16, 4 ], "texture": "#1", "rotation": 180 },
				"east": { "uv": [ 7.5, 7.75, 7.75, 8.25 ], "texture": "#2", "rotation": 270 }
			}
		},
		{
			"__comment": "Element",
			"from": [ 6.5212, 3.0125, 7.8312 ],
			"to": [ 7.63841, 3.15, 8.168699 ],
			"faces": {
				"down": { "uv": [ 15, 11, 16, 14 ], "texture": "#1" },
				"up": { "uv": [ 3, 3, 10, 4 ], "texture": "#3", "rotation": 90 },
				"north": { "uv": [ 2, 13, 16, 16 ], "texture": "#3" },
				"south": { "uv": [ 13, 0, 16, 16 ], "texture": "#3", "rotation": 90 }
			}
		},
		{
			"__comment": "Element",
			"from": [ 8.0517, 3.5633, 7.8312 ],
			"to": [ 8.189199, 3.83676, 8.168699 ],
			"rotation": { "origin": [ 7.50173, 3.7, 8.0375 ], "axis": "z", "angle": -22.5 },
			"faces": {
				"north": { "uv": [ 9, 4, 12, 7 ], "texture": "#3", "rotation": 270 },
				"south": { "uv": [ 13, 13, 16, 16 ], "texture": "#3", "rotation": 270 },
				"west": { "uv": [ 9, 8, 10.5, 8.5 ], "texture": "#1", "rotation": 270 },
				"east": { "uv": [ 8, 8, 12, 9 ], "texture": "#1", "rotation": 90 }
			}
		},
		{
			"__comment": "Element",
			"from": [ 7.365, 3.0125, 7.8312 ],
			"to": [ 7.63846, 3.15, 8.168699 ],
			"rotation": { "origin": [ 7.50173, 3.7, 8.0375 ], "axis": "z", "angle": 22.5 },
			"faces": {
				"down": { "uv": [ 15, 8, 16, 11 ], "texture": "#1", "rotation": 90 },
				"up": { "uv": [ 9, 0, 16, 1 ], "texture": "#3", "rotation": 90 },
				"north": { "uv": [ 3, 4, 6, 12 ], "texture": "#3", "rotation": 90 },
				"south": { "uv": [ 3, 4, 6, 12 ], "texture": "#3", "rotation": 90 }
			}
		},
		{
			"__comment": "Element",
			"from": [ 7.365, 3.0125, 7.8312 ],
			"to": [ 7.63846, 3.15, 8.168699 ],
			"rotation": { "origin": [ 7.50173, 3.7, 8.0375 ], "axis": "z", "angle": 45 },
			"faces": {
				"down": { "uv": [ 11, 8, 14, 9 ], "texture": "#1", "rotation": 180 },
				"up": { "uv": [ 1, 1, 2.5, 1.5 ], "texture": "#3" },
				"north": { "uv": [ 3, 4, 6, 12 ], "texture": "#3", "rotation": 90 },
				"south": { "uv": [ 3, 4, 6, 12 ], "texture": "#3", "rotation": 90 }
			}
		},
		{
			"__comment": "Element",
			"from": [ 8.0517, 3.5633, 7.8312 ],
			"to": [ 8.189199, 4.24926, 8.1689 ],
			"faces": {
				"north": { "uv": [ 11, 6, 12, 13 ], "texture": "#3", "cullface": "north", "rotation": 180 },
				"south": { "uv": [ 11, 4, 12, 12 ], "texture": "#3", "rotation": 180 },
				"west": { "uv": [ 10, 8, 14, 9 ], "texture": "#1", "rotation": 270 },
				"east": { "uv": [ 7, 8, 14, 9 ], "texture": "#1", "rotation": 270 }
			}
		},
		{
			"__comment": "Element",
			"from": [ 8.0517, 3.5633, 7.8314 ],
			"to": [ 8.189199, 3.83676, 8.1687 ],
			"rotation": { "origin": [ 7.50173, 3.7, 8.0375 ], "axis": "z", "angle": 22.5 },
			"faces": {
				"north": { "uv": [ 9, 10, 12, 12 ], "texture": "#3", "rotation": 90 },
				"south": { "uv": [ 11, 8, 12, 9 ], "texture": "#1", "rotation": 270 },
				"west": { "uv": [ 12, 8, 13.5, 8.5 ], "texture": "#1", "rotation": 270 }
			}
		},
		{
			"__comment": "Element",
			"from": [ 7.365, 4.25, 7.8312 ],
			"to": [ 7.63846, 4.3875, 8.1689 ],
			"rotation": { "origin": [ 7.50173, 3.7, 8.0375 ], "axis": "z", "angle": -22.5 },
			"faces": {
				"down": { "uv": [ 6, 7.75, 7.5, 8.25 ], "texture": "#0" },
				"north": { "uv": [ 9, 15, 14, 16 ], "texture": "#1" },
				"south": { "uv": [ 12, 8, 14, 9 ], "texture": "#1", "rotation": 180 }
			}
		},
		{
			"__comment": "Element",
			"from": [ 7.365, 4.25, 7.8312 ],
			"to": [ 7.63846, 4.525, 8.168699 ],
			"rotation": { "origin": [ 7.50173, 3.7, 8.0375 ], "axis": "z", "angle": -45 },
			"faces": {
				"down": { "uv": [ 9, 15, 10.5, 15.5 ], "texture": "#1", "rotation": 270 },
				"north": { "uv": [ 11, 8, 14, 9 ], "texture": "#1" },
				"south": { "uv": [ 11, 8, 13, 9 ], "texture": "#1" }
			}
		},
		{
			"__comment": "Element",
			"from": [ 8.575, 4.25, 7.8312 ],
			"to": [ 8.91721, 4.46313, 8.168699 ],
			"rotation": { "origin": [ 8.71173, 3.7, 8.0375 ], "axis": "z", "angle": 45 },
			"faces": {
				"down": { "uv": [ 11, 8, 14, 9 ], "texture": "#1" },
				"north": { "uv": [ 11, 8, 14, 9 ], "texture": "#1", "rotation": 180 },
				"south": { "uv": [ 11, 8, 14, 9 ], "texture": "#1" }
			}
		},
		{
			"__comment": "Element",
			"from": [ 8.024199, 3.632, 7.8314 ],
			"to": [ 8.161699, 3.83671, 8.1687 ],
			"rotation": { "origin": [ 8.71173, 3.7, 8.0375 ], "axis": "z", "angle": -22.5 },
			"faces": {
				"north": { "uv": [ 8.5, 11.75, 10, 12 ], "texture": "#3", "rotation": 90 },
				"south": { "uv": [ 11, 8, 12, 9 ], "texture": "#1", "rotation": 270 },
				"east": { "uv": [ 13, 10, 14, 11 ], "texture": "#1", "rotation": 270 }
			}
		},
		{
			"__comment": "Element",
			"from": [ 6.98, 2.9375, 7.8314 ],
			"to": [ 7.25346, 3.15, 8.1687 ],
			"rotation": { "origin": [ 7.11673, 3.7, 8.0375 ], "axis": "z", "angle": -45 },
			"faces": {
				"up": { "uv": [ 11, 13, 12.5, 13.5 ], "texture": "#3" },
				"north": { "uv": [ 8.5, 11.75, 10, 12 ], "texture": "#3" },
				"south": { "uv": [ 6, 7, 7.5, 7.25 ], "texture": "#3" }
			}
		},
		{
			"__comment": "Element",
			"from": [ 6.98, 3.0125, 7.8314 ],
			"to": [ 7.25346, 3.15, 8.1687 ],
			"rotation": { "origin": [ 7.11673, 3.7, 8.0375 ], "axis": "z", "angle": -22.5 },
			"faces": {
				"up": { "uv": [ 11, 13, 12.5, 13.5 ], "texture": "#3", "rotation": 180 },
				"north": { "uv": [ 8.5, 11.75, 10, 12 ], "texture": "#3", "rotation": 180 },
				"south": { "uv": [ 6, 7, 7.5, 7.25 ], "texture": "#3", "rotation": 180 }
			}
		},
		{
			"__comment": "Element",
			"from": [ 6.1792, 3.3758, 7.8314 ],
			"to": [ 6.5667, 3.83676, 8.1687 ],
			"rotation": { "origin": [ 7.11673, 3.7, 8.0375 ], "axis": "z", "angle": 22.5 },
			"faces": {
				"north": { "uv": [ 8.5, 11.75, 10, 12 ], "texture": "#3", "rotation": 90 },
				"south": { "uv": [ 6, 7, 7.5, 7.25 ], "texture": "#3", "rotation": 270 },
				"east": { "uv": [ 9, 14, 10.5, 14.5 ], "texture": "#3", "rotation": 270 }
			}
		},
		{
			"__comment": "Element",
			"from": [ 4.2917, 2.8258, 7.625 ],
			"to": [ 6.5667, 4.25551, 8.375 ],
			"faces": {
				"down": { "uv": [ 0, 4, 16, 12 ], "texture": "#8", "rotation": 180 },
				"north": { "uv": [ 0, 6, 16, 9 ], "texture": "#0" },
				"south": { "uv": [ 1, 7, 16, 8 ], "texture": "#0", "rotation": 180 },
				"west": { "uv": [ 11, 10, 16, 11 ], "texture": "#2" },
				"east": { "uv": [ 11, 10, 16, 11 ], "texture": "#2", "rotation": 270 }
			}
		},
		{
			"__comment": "Element",
			"from": [ 6.4292, 3.5633, 7.6255 ],
			"to": [ 6.5667, 3.83676, 8.3745 ],
			"rotation": { "origin": [ 7.11673, 3.7, 7.83175 ], "axis": "z", "angle": -22.5 },
			"faces": {
				"north": { "uv": [ 1, 9, 2.5, 9.25 ], "texture": "#0", "rotation": 90 },
				"south": { "uv": [ 1, 9, 2.5, 9.25 ], "texture": "#0", "rotation": 270 },
				"east": { "uv": [ 6, 7.75, 7.5, 8.25 ], "texture": "#2", "rotation": 270 }
			}
		},
		{
			"__comment": "Element",
			"from": [ 6.98, 4.25, 7.6255 ],
			"to": [ 7.25346, 4.525, 8.3745 ],
			"rotation": { "origin": [ 7.11673, 3.7, 7.83175 ], "axis": "z", "angle": 45 },
			"faces": {
				"down": { "uv": [ 6, 7.75, 7.5, 8.25 ], "texture": "#2" },
				"north": { "uv": [ 1, 9, 2.5, 9.25 ], "texture": "#0" },
				"south": { "uv": [ 1, 9, 2.5, 9.25 ], "texture": "#0" }
			}
		},
		{
			"__comment": "Element",
			"from": [ 6.98, 4.25, 7.6255 ],
			"to": [ 7.25346, 4.3875, 8.3745 ],
			"rotation": { "origin": [ 7.11673, 3.7, 7.83175 ], "axis": "z", "angle": 22.5 },
			"faces": {
				"down": { "uv": [ 6, 7.75, 7.5, 8.25 ], "texture": "#2" },
				"north": { "uv": [ 1, 9, 2.5, 9.25 ], "texture": "#0" },
				"south": { "uv": [ 1, 9, 2.5, 9.25 ], "texture": "#0" }
			}
		},
		{
			"__comment": "Element",
			"from": [ 3.64, 4.25, 7.6255 ],
			"to": [ 3.91346, 4.3875, 8.3745 ],
			"rotation": { "origin": [ 3.77673, 3.7, 7.83175 ], "axis": "z", "angle": -22.5 },
			"faces": {
				"down": { "uv": [ 6, 7.75, 7.5, 8.25 ], "texture": "#2" },
				"north": { "uv": [ 4, 13, 5.5, 13.25 ], "texture": "#0", "rotation": 180 },
				"south": { "uv": [ 4, 13, 5.5, 13.25 ], "texture": "#0", "rotation": 180 }
			}
		},
		{
			"__comment": "Element",
			"from": [ 3.64, 4.25, 7.6255 ],
			"to": [ 3.91346, 4.525, 8.3745 ],
			"rotation": { "origin": [ 3.77673, 3.7, 7.83175 ], "axis": "z", "angle": -45 },
			"faces": {
				"down": { "uv": [ 6, 7.75, 7.5, 8.25 ], "texture": "#2" },
				"north": { "uv": [ 4, 13, 5.5, 13.25 ], "texture": "#0" },
				"south": { "uv": [ 4, 13, 5.5, 13.25 ], "texture": "#0" }
			}
		},
		{
			"__comment": "Element",
			"from": [ 4.3267, 3.5633, 7.6255 ],
			"to": [ 4.4642, 3.83676, 8.3745 ],
			"rotation": { "origin": [ 3.77673, 3.7, 7.83175 ], "axis": "z", "angle": 22.5 },
			"faces": {
				"down": { "uv": [ 0.01, 0.01000023, 0.01, 0.01000023 ], "texture": "#missing", "rotation": 270 },
				"north": { "uv": [ 4, 13, 5.5, 13.25 ], "texture": "#0", "rotation": 90 },
				"south": { "uv": [ 4, 13, 5.5, 13.25 ], "texture": "#0", "rotation": 270 },
				"west": { "uv": [ 10, 10, 16, 11 ], "texture": "#2" }
			}
		},
		{
			"__comment": "Element",
			"from": [ 4.6625, -0.2576, 7.626 ],
			"to": [ 6.725, 3.7799, 8.366 ],
			"rotation": { "origin": [ 5.61875, 4.25, 8.175 ], "axis": "z", "angle": -22.5 },
			"faces": {
				"down": { "uv": [ 0, 3, 16, 13 ], "texture": "#8" },
				"north": { "uv": [ 12, 0, 16, 16 ], "texture": "#0" },
				"south": { "uv": [ 12, 0, 16, 16 ], "texture": "#0" },
				"west": { "uv": [ 11, 10, 16, 11 ], "texture": "#2" },
				"east": { "uv": [ 0, 4, 16, 12 ], "texture": "#8", "rotation": 90 }
			}
		},
		{
			"__comment": "Element",
			"from": [ 4.9625, -0.3, 7.676 ],
			"to": [ 6.925, -0.2576, 8.316 ],
			"rotation": { "origin": [ 5.61875, 4.25, 8.175 ], "axis": "z", "angle": -22.5 },
			"faces": {
				"down": { "uv": [ 0, 5, 4, 12 ], "texture": "#8" },
				"up": { "uv": [ 0, 0, 16, 16 ], "texture": "#0", "rotation": 180 },
				"north": { "uv": [ 5, 10, 6, 11 ], "texture": "#2" },
				"south": { "uv": [ 6, 10, 7, 11 ], "texture": "#2" },
				"west": { "uv": [ 7, 11, 8, 12 ], "texture": "#2" },
				"east": { "uv": [ 0, 7, 16, 8 ], "texture": "#8", "rotation": 180 }
			}
		},
		{
			"__comment": "Element",
			"from": [ 3.3525, 4.2, 7.75 ],
			"to": [ 3.81346, 4.3375, 8.25 ],
			"rotation": { "origin": [ 3.67673, 3.65, 7.95625 ], "axis": "z", "angle": -22.5 },
			"faces": {
				"down": { "uv": [ 6, 7.75, 7.5, 8.25 ], "texture": "#2" },
				"north": { "uv": [ 6, 5, 7.5, 5.25 ], "texture": "#8", "rotation": 180 },
				"south": { "uv": [ 6, 5, 7.5, 5.25 ], "texture": "#8", "rotation": 180 }
			}
		},
		{
			"__comment": "Element",
			"from": [ 3.54, 4.2, 7.75 ],
			"to": [ 3.81346, 4.475, 8.25 ],
			"rotation": { "origin": [ 3.67673, 3.65, 7.95625 ], "axis": "z", "angle": -45 },
			"faces": {
				"down": { "uv": [ 6, 7.75, 7.5, 8.25 ], "texture": "#2" },
				"north": { "uv": [ 6, 5, 7.5, 5.25 ], "texture": "#8" },
				"south": { "uv": [ 6, 5, 7.5, 5.25 ], "texture": "#8" }
			}
		},
		{
			"__comment": "Element",
			"from": [ 4.2267, 3.5133, 7.75 ],
			"to": [ 4.3642, 3.78676, 8.25 ],
			"rotation": { "origin": [ 3.67673, 3.65, 7.95625 ], "axis": "z", "angle": 22.5 },
			"faces": {
				"north": { "uv": [ 6, 5, 7.5, 5.25 ], "texture": "#8", "rotation": 90 },
				"south": { "uv": [ 6, 5, 7.5, 5.25 ], "texture": "#8", "rotation": 270 },
				"west": { "uv": [ 6, 4, 7.5, 4.5 ], "texture": "#8", "rotation": 90 }
			}
		},
		{
			"__comment": "Element",
			"from": [ 4.2292, 3.5258, 7.75 ],
			"to": [ 4.3542, 3.82426, 8.25 ],
			"faces": {
				"north": { "uv": [ 6, 5, 7.5, 5.25 ], "texture": "#8", "rotation": 90 },
				"south": { "uv": [ 6, 5, 7.5, 5.25 ], "texture": "#8", "rotation": 270 },
				"west": { "uv": [ 4, 4, 5.5, 4.5 ], "texture": "#8", "rotation": 90 }
			}
		},
		{
			"__comment": "Element",
			"from": [ 4.5375, 1.4425, 7.749 ],
			"to": [ 4.6625, 3.4425, 8.250999 ],
			"rotation": { "origin": [ 5.61875, 4.2, 8.3 ], "axis": "z", "angle": -22.5 },
			"faces": {
				"down": { "uv": [ 0.01, 0.01000023, 0.01, 0.01000023 ], "texture": "#2" },
				"north": { "uv": [ 1, 11, 15, 14 ], "texture": "#8", "rotation": 270 },
				"south": { "uv": [ 1, 11, 15, 14 ], "texture": "#8", "rotation": 90 },
				"west": { "uv": [ 0, 4, 16, 5 ], "texture": "#8", "rotation": 90 }
			}
		},
		{
			"__comment": "Element",
			"from": [ 4.7875, -0.1575, 7.55 ],
			"to": [ 6.475, 4.4051, 8.449999 ],
			"rotation": { "origin": [ 5.61875, 4.25, 8.1 ], "axis": "z", "angle": -22.5 },
			"faces": {
				"down": { "uv": [ 1, 6, 15, 9 ], "texture": "#0" },
				"up": { "uv": [ 0, 0, 16, 16 ], "texture": "#9" },
				"north": { "uv": [ 0, 0, 16, 16 ], "texture": "#9" },
				"south": { "uv": [ 0, 0, 16, 16 ], "texture": "#9" },
				"west": { "uv": [ 7, 0, 10, 16 ], "texture": "#9", "rotation": 90 },
				"east": { "uv": [ 7, 0, 11, 16 ], "texture": "#9", "rotation": 90 }
			}
		},
		{
			"__comment": "Element",
			"from": [ 8.25, 5.4743, 7.9005 ],
			"to": [ 12.25, 5.7243, 8.09942 ],
			"rotation": { "origin": [ 14.625, 5.2243, 8 ], "axis": "x", "angle": 45 },
			"faces": {
				"up": { "uv": [ 12, 8, 16, 7 ], "texture": "#0", "rotation": 270 },
				"south": { "uv": [ 0.01, 0.01000023, 0.01, 0.01000023 ], "texture": "#2" },
				"west": { "uv": [ 0.01, 0.01000023, 0.01, 0.01000023 ], "texture": "#2", "rotation": 90 },
				"east": { "uv": [ 10, 10, 9, 11 ], "texture": "#0", "rotation": 270 }
			}
		},
		{
			"__comment": "Element",
			"from": [ 8.25, 5.4743, 7.9005 ],
			"to": [ 12.25, 5.7243, 8.09942 ],
			"rotation": { "origin": [ 14.625, 5.2243, 8 ], "axis": "x", "angle": 22.5 },
			"faces": {
				"up": { "uv": [ 9, 16, 13, 15 ], "texture": "#1", "rotation": 90 },
				"west": { "uv": [ 0, 0, 1, 1 ], "texture": "#1", "rotation": 90 },
				"east": { "uv": [ 10, 10, 9, 11 ], "texture": "#0", "rotation": 270 }
			}
		},
		{
			"__comment": "Element",
			"from": [ 8.25, 5.4743, 7.9005 ],
			"to": [ 12.25, 5.7243, 8.09942 ],
			"faces": {
				"up": { "uv": [ 8, 2, 14, 1 ], "texture": "#1", "rotation": 270 },
				"west": { "uv": [ 8, 6, 9, 7 ], "texture": "#1", "rotation": 90 },
				"east": { "uv": [ 10, 10, 9, 11 ], "texture": "#0", "rotation": 270 }
			}
		},
		{
			"__comment": "Element",
			"from": [ 4.25, 4.8125, 7.575 ],
			"to": [ 10.625, 5.50625, 8.3 ],
			"faces": {
				"down": { "uv": [ 0, 0, 4, 2 ], "texture": "#2" },
				"up": { "uv": [ 0.01, 0.01000023, 0.01, 0.01000023 ], "texture": "#2" },
				"north": { "uv": [ 2, 13.5, 7, 13.51 ], "texture": "#2", "cullface": "north", "rotation": 270 },
				"west": { "uv": [ 4, 6, 11, 16 ], "texture": "#0" },
				"east": { "uv": [ 0, 13, 1, 14 ], "texture": "#2" }
			}
		},
		{
			"__comment": "Element",
			"from": [ 8.25, 4.8125, 8.3 ],
			"to": [ 10.625, 5.50625, 8.425 ],
			"faces": {
				"down": { "uv": [ 0, 0, 4, 2 ], "texture": "#2" },
				"up": { "uv": [ 10, 10, 14, 11 ], "texture": "#2", "rotation": 90 },
				"south": { "uv": [ 2, 13.5, 7, 13.51 ], "texture": "#2", "cullface": "south", "rotation": 270 },
				"west": { "uv": [ 8, 9, 9, 10 ], "texture": "#2" }
			}
		},
		{
			"__comment": "Element",
			"from": [ 7, 4.8125, 8.3 ],
			"to": [ 8.25, 5.31875, 8.425 ],
			"faces": {
				"down": { "uv": [ 0, 0, 4, 2 ], "texture": "#2" },
				"up": { "uv": [ 0, 10, 16, 11 ], "texture": "#1" },
				"south": { "uv": [ 2, 13.5, 6, 13.51 ], "texture": "#2", "cullface": "south", "rotation": 270 }
			}
		},
		{
			"__comment": "Element",
			"from": [ 6.875, 5.3125, 8.299 ],
			"to": [ 7.0625, 5.50625, 8.424 ],
			"rotation": { "origin": [ 6.875, 5.31562, 8.3625 ], "axis": "z", "angle": -45 },
			"faces": {
				"up": { "uv": [ 10, 10, 14, 11 ], "texture": "#2" },
				"south": { "uv": [ 0, 0, 1, 1 ], "texture": "#2", "cullface": "south" }
			}
		},
		{
			"__comment": "Element",
			"from": [ 8.1719, 5.2281, 8.299 ],
			"to": [ 8.36564, 5.4156, 8.424 ],
			"rotation": { "origin": [ 8.26875, 5.32187, 8.3625 ], "axis": "z", "angle": -45 },
			"faces": {
				"south": { "uv": [ 0, 0, 1, 1 ], "texture": "#2", "cullface": "south", "rotation": 90 },
				"west": { "uv": [ 0, 0, 2, 2 ], "texture": "#2", "rotation": 270 }
			}
		},
		{
			"__comment": "Element",
			"from": [ 6.15, 2.975, 7.5 ],
			"to": [ 6.4, 3.225, 7.75 ],
			"faces": {
				"down": { "uv": [ 0, 0, 0.25, 0.25 ], "texture": "#1" },
				"up": { "uv": [ 8, 9, 9, 13 ], "texture": "#3", "rotation": 90 },
				"north": { "uv": [ 2, 5, 5, 8 ], "texture": "#4" },
				"south": { "uv": [ 0, 0, 0.25, 0.25 ], "texture": "#missing" },
				"west": { "uv": [ 1, 3, 1.25, 3.25 ], "texture": "#1" },
				"east": { "uv": [ 7, 9, 8, 13 ], "texture": "#3" }
			}
		},
		{
			"__comment": "Element",
			"from": [ 7.28, 4.25, 7.875 ],
			"to": [ 7.55346, 4.3875, 8.125 ],
			"rotation": { "origin": [ 7.41673, 3.7, 8.08125 ], "axis": "z", "angle": 22.5 },
			"faces": {
				"down": { "uv": [ 6, 7.75, 7.5, 8.25 ], "texture": "#2" },
				"north": { "uv": [ 8, 3, 9.5, 3.25 ], "texture": "#2" },
				"south": { "uv": [ 6, 6, 7, 7 ], "texture": "#2" },
				"east": { "uv": [ 10, 10, 10.5, 10.25 ], "texture": "#2" }
			}
		},
		{
			"__comment": "Element",
			"from": [ 7.28, 4.25, 7.875 ],
			"to": [ 7.55346, 4.525, 8.125 ],
			"rotation": { "origin": [ 7.41673, 3.7, 8.08125 ], "axis": "z", "angle": 45 },
			"faces": {
				"down": { "uv": [ 6, 7.75, 7.5, 8.25 ], "texture": "#2" },
				"north": { "uv": [ 8, 3, 9.5, 3.25 ], "texture": "#2" },
				"south": { "uv": [ 6, 6, 7, 7 ], "texture": "#2" },
				"east": { "uv": [ 10, 10, 10.5, 10.25 ], "texture": "#2" }
			}
		},
		{
			"__comment": "Element",
			"from": [ 6.7292, 3.5633, 7.875 ],
			"to": [ 6.8667, 3.83676, 8.125 ],
			"rotation": { "origin": [ 7.41673, 3.7, 8.08125 ], "axis": "z", "angle": -22.5 },
			"faces": {
				"north": { "uv": [ 8, 3, 9.5, 3.25 ], "texture": "#2", "rotation": 90 },
				"south": { "uv": [ 6, 6, 7, 7 ], "texture": "#2", "rotation": 270 },
				"east": { "uv": [ 9, 9, 9.5, 9.25 ], "texture": "#2", "rotation": 270 }
			}
		},
		{
			"__comment": "Element",
			"from": [ 6.3542, 3.1383, 7.875 ],
			"to": [ 6.8542, 4.24926, 8.125 ],
			"faces": {
				"north": { "uv": [ 8, 3, 9.5, 3.25 ], "texture": "#2", "rotation": 90 },
				"south": { "uv": [ 5, 6, 6, 7 ], "texture": "#2", "rotation": 270 },
				"east": { "uv": [ 7, 12, 7.5, 12.25 ], "texture": "#2", "rotation": 270 }
			}
		},
		{
			"__comment": "Element",
			"from": [ 7.28, 2.8875, 7.875 ],
			"to": [ 7.55346, 3.1375, 8.125 ],
			"rotation": { "origin": [ 7.41673, 3.7, 8.08125 ], "axis": "z", "angle": -45 },
			"faces": {
				"down": { "uv": [ 0.01, 0.01000023, 0.01, 0.01000023 ], "texture": "#2" },
				"up": { "uv": [ 15, 0, 16, 1 ], "texture": "#1" },
				"north": { "uv": [ 8, 3, 9.5, 3.25 ], "texture": "#2" },
				"south": { "uv": [ 5, 6, 7, 7 ], "texture": "#2" },
				"east": { "uv": [ 10, 10, 10.5, 10.25 ], "texture": "#2" }
			}
		},
		{
			"__comment": "Element",
			"from": [ 6.6667, 3.5633, 7.875 ],
			"to": [ 6.8542, 3.83676, 8.125 ],
			"rotation": { "origin": [ 7.41673, 3.7, 8.08125 ], "axis": "z", "angle": 22.5 },
			"faces": {
				"north": { "uv": [ 8, 3, 9.5, 3.25 ], "texture": "#2", "rotation": 90 },
				"south": { "uv": [ 6, 6, 7, 7 ], "texture": "#2", "rotation": 270 },
				"east": { "uv": [ 15, 2, 15.5, 2.25 ], "texture": "#1", "rotation": 270 }
			}
		},
		{
			"__comment": "Element",
			"from": [ 4.75, 4.625, 7.5 ],
			"to": [ 6.25, 4.75, 7.65 ],
			"faces": {
				"down": { "uv": [ 0, 0, 1.5, 0.25 ], "texture": "#2" },
				"up": { "uv": [ 7, 8, 14, 9 ], "texture": "#1", "rotation": 90 },
				"north": { "uv": [ 15, 0, 16, 5 ], "texture": "#1" },
				"west": { "uv": [ 0, 0, 0.25, 0.125 ], "texture": "#2" },
				"east": { "uv": [ 3, 3, 12, 12 ], "texture": "#3" }
			}
		},
		{
			"__comment": "Element",
			"from": [ 5.075, -0.1574, 7.45 ],
			"to": [ 6.325, 4.4686, 8.55 ],
			"rotation": { "origin": [ 5.61875, 4.25, 8 ], "axis": "z", "angle": -22.5 },
			"faces": {
				"down": { "uv": [ 0.01, 0.01000023, 0.01, 0.01000023 ], "texture": "#0" },
				"up": { "uv": [ 0, 8, 16, 9 ], "texture": "#9" },
				"north": { "uv": [ 0, 0, 16, 16 ], "texture": "#9" },
				"south": { "uv": [ 0, 0, 16, 16 ], "texture": "#9" },
				"west": { "uv": [ 7, 0, 10, 16 ], "texture": "#9", "rotation": 180 },
				"east": { "uv": [ 6, 0, 10, 16 ], "texture": "#9", "rotation": 90 }
			}
		},
		{
			"__comment": "Element",
			"from": [ 4.1604, 4.1914, 7.5 ],
			"to": [ 4.8104, 4.6914, 7.75 ],
			"rotation": { "origin": [ 4.56036, 4.49142, 7.625 ], "axis": "z", "angle": 22.5 },
			"faces": {
				"down": { "uv": [ 0, 0, 0.65, 0.25 ], "texture": "#2" },
				"up": { "uv": [ 3, 2, 10, 11 ], "texture": "#0" },
				"north": { "uv": [ 1, 0, 5, 5 ], "texture": "#2", "rotation": 180 },
				"west": { "uv": [ 0, 6, 8, 7 ], "texture": "#3", "rotation": 90 },
				"east": { "uv": [ 0, 0, 0.25, 0.5 ], "texture": "#2" }
			}
		},
		{
			"__comment": "Element",
			"from": [ 4.4104, 4.5664, 7.375 ],
			"to": [ 4.8104, 4.6914, 7.5 ],
			"rotation": { "origin": [ 4.56036, 4.49142, 7.625 ], "axis": "z", "angle": 22.5 },
			"faces": {
				"down": { "uv": [ 0, 0, 0.4, 0.125 ], "texture": "#2" },
				"up": { "uv": [ 0, 0, 2, 2 ], "texture": "#1", "rotation": 270 },
				"north": { "uv": [ 2, 7, 7, 8 ], "texture": "#0", "rotation": 90 },
				"west": { "uv": [ 0, 0, 0.125, 0.125 ], "texture": "#0" },
				"east": { "uv": [ 0, 0, 0.125, 0.125 ], "texture": "#2" }
			}
		},
		{
			"__comment": "Element",
			"from": [ 6.275, 4.525, 7.45 ],
			"to": [ 7.025, 4.775, 7.7 ],
			"rotation": { "origin": [ 7, 4.6, 7.625 ], "axis": "x", "angle": -45 },
			"faces": {
				"up": { "uv": [ 7, 0, 9, 8 ], "texture": "#4", "rotation": 180 },
				"north": { "uv": [ 1, 0, 9, 1 ], "texture": "#1" },
				"south": { "uv": [ 0, 0, 0.75, 0.25 ], "texture": "#2" },
				"west": { "uv": [ 0, 0, 0.25, 0.25 ], "texture": "#0" },
				"east": { "uv": [ 5, 1, 5.25, 1.25 ], "texture": "#1" }
			}
		},
		{
			"__comment": "Element",
			"from": [ 7.025, 4.425, 7.5625 ],
			"to": [ 7.65, 4.7375, 7.65 ],
			"faces": {
				"down": { "uv": [ 0, 0, 0.625, 0.08749962 ], "texture": "#2" },
				"up": { "uv": [ 0, 0, 0.625, 0.08749962 ], "texture": "#1" },
				"north": { "uv": [ 2, 4, 4, 7 ], "texture": "#1", "rotation": 180 },
				"east": { "uv": [ 15, 0, 16, 5 ], "texture": "#1" }
			}
		},
		{
			"__comment": "Element",
			"from": [ 11.8, 5.6375, 7.9625 ],
			"to": [ 12.175, 5.8875, 8.0375 ],
			"faces": {
				"down": { "uv": [ 0, 0, 0.375, 0.07499981 ], "texture": "#2" },
				"up": { "uv": [ 7, 3, 8, 12 ], "texture": "#3", "rotation": 90 },
				"north": { "uv": [ 7, 8, 14, 9 ], "texture": "#1", "rotation": 180 },
				"south": { "uv": [ 7, 8, 14, 9 ], "texture": "#1", "rotation": 180 },
				"west": { "uv": [ 6, 0, 10, 8 ], "texture": "#missing", "rotation": 180 },
				"east": { "uv": [ 8, 8, 14, 9 ], "texture": "#6" }
			}
		},
		{
			"__comment": "Element",
			"from": [ 4.624, 5.92, 7.9 ],
			"to": [ 4.649, 5.945, 7.925 ],
			"faces": {
				"west": { "uv": [ 7, 6, 9, 8 ], "texture": "#missing", "rotation": 180 }
			}
		},
		{
			"__comment": "Element",
			"from": [ 4.624, 5.92, 8.075 ],
			"to": [ 4.649, 5.945, 8.1 ],
			"faces": {
				"west": { "uv": [ 9, 6, 7, 8 ], "texture": "#missing", "rotation": 180 }
			}
		},
		{
			"__comment": "Element",
			"from": [ 4.5498, 5.4584, 7.7375 ],
			"to": [ 5.2998, 5.9584, 7.8375 ],
			"rotation": { "origin": [ 4.72475, 5.85839, 8.0625 ], "axis": "z", "angle": -22.5 },
			"faces": {
				"up": { "uv": [ 0, 7, 11, 8 ], "texture": "#1", "rotation": 270 },
				"north": { "uv": [ 0, 0, 8, 9 ], "texture": "#0" },
				"south": { "uv": [ 0, 0, 0.65, 0.5 ], "texture": "#2" },
				"west": { "uv": [ 2, 0, 3, 16 ], "texture": "#2" },
				"east": { "uv": [ 0, 0, 1, 1 ], "texture": "#2" }
			}
		},
		{
			"__comment": "Element",
			"from": [ 4.5498, 5.4584, 8.162499 ],
			"to": [ 5.2998, 5.9584, 8.262499 ],
			"rotation": { "origin": [ 4.72475, 5.85839, 7.9375 ], "axis": "z", "angle": -22.5 },
			"faces": {
				"up": { "uv": [ 0, 7, 11, 8 ], "texture": "#1", "rotation": 90 },
				"north": { "uv": [ 0.65, 0, 1.3, 0.5 ], "texture": "#2" },
				"south": { "uv": [ 0, 0, 8, 9 ], "texture": "#0", "rotation": 90 },
				"west": { "uv": [ 13, 0, 14, 16 ], "texture": "#2" },
				"east": { "uv": [ 1, 0, 2, 1 ], "texture": "#2" }
			}
		},
		{
			"__comment": "Element",
			"from": [ 4.5248, 5.4584, 7.8375 ],
			"to": [ 5.174799, 5.820899, 8.1625 ],
			"faces": {
				"up": { "uv": [ 3, 6, 12, 9 ], "texture": "#3", "rotation": 90 },
				"north": { "uv": [ 0.65, 0, 1.3, 0.3625002 ], "texture": "#3" },
				"south": { "uv": [ 0.65, 0, 1.3, 0.3625002 ], "texture": "#3" },
				"west": { "uv": [ 0.1, 0, 0.425, 0.3625002 ], "texture": "#0" },
				"east": { "uv": [ 10, 10, 16, 11 ], "texture": "#2", "rotation": 90 }
			}
		},
		{
			"__comment": "Element",
			"from": [ 4.6247, 5.8084, 7.8375 ],
			"to": [ 4.7122, 5.9584, 7.9375 ],
			"faces": {
				"up": { "uv": [ 5, 5.5, 11, 6.5 ], "texture": "#6", "rotation": 90 },
				"west": { "uv": [ 5, 6, 11, 9 ], "texture": "#6" },
				"east": { "uv": [ 5, 6, 11, 9 ], "texture": "#6" }
			}
		},
		{
			"__comment": "Element",
			"from": [ 4.2248, 5.0584, 7.835 ],
			"to": [ 4.3123, 5.358399, 8.165 ],
			"faces": {
				"up": { "uv": [ 5, 3, 11, 5 ], "texture": "#6", "rotation": 90 },
				"north": { "uv": [ 0.65, 0, 0.7375, 0.3000002 ], "texture": "#0" },
				"south": { "uv": [ 0.65, 0, 0.7375, 0.3000002 ], "texture": "#0" },
				"west": { "uv": [ 5, 3, 11, 9 ], "texture": "#6" }
			}
		},
		{
			"__comment": "Element",
			"from": [ 3.5062, 4.35, 7.8438 ],
			"to": [ 3.58432, 4.475, 8.1563 ],
			"rotation": { "origin": [ 4.50625, 5.0375, 8.0625 ], "axis": "z", "angle": -22.5 },
			"faces": {
				"north": { "uv": [ 8.25, 10.5, 8.5, 11.75 ], "texture": "#0", "rotation": 90 },
				"south": { "uv": [ 7.5, 10.5, 7.75, 11.75 ], "texture": "#0", "rotation": 270 },
				"west": { "uv": [ 5, 0, 8, 5 ], "texture": "#8" },
				"east": { "uv": [ 7.5, 7.75, 7.75, 8.25 ], "texture": "#2", "rotation": 270 }
			}
		},
		{
			"__comment": "Element",
			"from": [ 3.5062, 4.475, 7.8439 ],
			"to": [ 3.58432, 4.6, 8.1562 ],
			"rotation": { "origin": [ 4.50625, 5.0375, 8.0625 ], "axis": "z", "angle": -22.5 },
			"faces": {
				"up": { "uv": [ 7.75, 10.5, 8.25, 11.75 ], "texture": "#missing", "rotation": 270 },
				"north": { "uv": [ 8.25, 10.5, 8.5, 11.75 ], "texture": "#0", "rotation": 90 },
				"south": { "uv": [ 7.5, 10.5, 7.75, 11.75 ], "texture": "#0", "rotation": 270 },
				"west": { "uv": [ 5, 0, 8, 5 ], "texture": "#8" },
				"east": { "uv": [ 7.5, 7.75, 7.75, 8.25 ], "texture": "#2", "rotation": 270 }
			}
		},
		{
			"__comment": "Element",
			"from": [ 7.25, 4.4, 8.276 ],
			"to": [ 7.5, 4.65, 8.376 ],
			"faces": {
				"down": { "uv": [ 0, 0, 2, 2 ], "texture": "#2" },
				"north": { "uv": [ 0, 8, 6, 9 ], "texture": "#0", "rotation": 270 },
				"south": { "uv": [ 2, 2, 5, 5 ], "texture": "#8", "cullface": "south" },
				"west": { "uv": [ 8, 9, 9, 10 ], "texture": "#2" },
				"east": { "uv": [ 7, 7, 9, 11 ], "texture": "#0" }
			}
		},
		{
			"__comment": "Element",
			"from": [ 6.15, 3, 8.276 ],
			"to": [ 6.4, 3.25, 8.376 ],
			"rotation": { "origin": [ 6.275, 3.125, 8.326 ], "axis": "z", "angle": -45 },
			"faces": {
				"down": { "uv": [ 8, 9, 9, 10 ], "texture": "#2", "rotation": 270 },
				"up": { "uv": [ 7, 7, 9, 11 ], "texture": "#0", "rotation": 270 },
				"north": { "uv": [ 0, 8, 6, 9 ], "texture": "#0" },
				"south": { "uv": [ 1, 1, 7, 7 ], "texture": "#8", "cullface": "south", "rotation": 270 },
				"east": { "uv": [ 0, 0, 2, 2 ], "texture": "#2", "rotation": 270 }
			}
		},
		{
			"__comment": "Element",
			"from": [ 4.35, 4.5, 7.606 ],
			"to": [ 4.45, 4.6, 8.376 ],
			"faces": {
				"down": { "uv": [ 0, 0, 2, 2 ], "texture": "#2" },
				"north": { "uv": [ 0, 8, 6, 9 ], "texture": "#0", "rotation": 270 },
				"south": { "uv": [ 2, 2, 5, 5 ], "texture": "#8", "cullface": "south" },
				"west": { "uv": [ 8, 9, 9, 10 ], "texture": "#2" },
				"east": { "uv": [ 7, 7, 9, 11 ], "texture": "#0" }
			}
		},
		{
			"__comment": "Element",
			"from": [ 4, 4.3, 7.624 ],
			"to": [ 4.1, 4.4, 8.375999 ],
			"faces": {
				"down": { "uv": [ 0, 0, 2, 2 ], "texture": "#2" },
				"north": { "uv": [ 0, 2, 3, 5 ], "texture": "#8" },
				"south": { "uv": [ 2, 2, 5, 5 ], "texture": "#8", "cullface": "south" },
				"west": { "uv": [ 8, 9, 9, 10 ], "texture": "#2" },
				"east": { "uv": [ 7, 7, 9, 11 ], "texture": "#0" }
			}
		},
		{
			"__comment": "Element",
			"from": [ 5.45, 3.9, 7.449 ],
			"to": [ 5.7, 4.15, 8.551 ],
			"faces": {
				"north": { "uv": [ 0, 2, 3, 5 ], "texture": "#8" },
				"south": { "uv": [ 2, 2, 5, 5 ], "texture": "#8", "cullface": "south" }
			}
		},
		{
			"__comment": "Element",
			"from": [ 4, 0.5, 7.449 ],
			"to": [ 4.25, 0.75, 8.551 ],
			"faces": {
				"north": { "uv": [ 0, 2, 3, 5 ], "texture": "#8" },
				"south": { "uv": [ 2, 2, 5, 5 ], "texture": "#8", "cullface": "south" }
			}
		},
		{
			"__comment": "Element",
			"from": [ 4.9105, 4.0631, 7.551 ],
			"to": [ 6.473, 4.7257, 8.448999 ],
			"faces": {
				"down": { "uv": [ 1, 6, 15, 9 ], "texture": "#0" },
				"up": { "uv": [ 0, 0, 16, 16 ], "texture": "#9" },
				"north": { "uv": [ 0, 0, 16, 16 ], "texture": "#9" },
				"south": { "uv": [ 0, 0, 16, 16 ], "texture": "#9" },
				"west": { "uv": [ 7, 0, 10, 16 ], "texture": "#9", "rotation": 90 },
				"east": { "uv": [ 7, 0, 11, 16 ], "texture": "#9", "rotation": 90 }
			}
		},
		{
			"__comment": "Element",
			"from": [ 4.25, 4.8125, 8.3 ],
			"to": [ 7, 5.50625, 8.425 ],
			"faces": {
				"down": { "uv": [ 0, 0, 4, 2 ], "texture": "#2" },
				"up": { "uv": [ 10, 10, 14, 11 ], "texture": "#2", "rotation": 90 },
				"south": { "uv": [ 2, 13.5, 7, 13.51 ], "texture": "#2", "cullface": "south", "rotation": 270 },
				"west": { "uv": [ 8, 9, 9, 10 ], "texture": "#2" },
				"east": { "uv": [ 7, 7, 9, 11 ], "texture": "#2" }
			}
		},
		{
			"__comment": "Element",
			"from": [ 5.05, 4.9625, 7.574 ],
			"to": [ 5.25, 5.51875, 7.699 ],
			"faces": {
				"north": { "uv": [ 1, 3, 0, 7 ], "texture": "#2", "cullface": "south", "rotation": 90 }
			}
		},
		{
			"__comment": "Element",
			"from": [ 5.05, 4.9625, 8.301 ],
			"to": [ 5.25, 5.51875, 8.426 ],
			"faces": {
				"south": { "uv": [ 1, 7, 0, 3 ], "texture": "#2", "cullface": "south", "rotation": 90 }
			}
		},
		{
			"__comment": "Element",
			"from": [ 5.45, 4.9625, 7.574 ],
			"to": [ 5.65, 5.51875, 7.699 ],
			"faces": {
				"north": { "uv": [ 1, 3, 0, 7 ], "texture": "#2", "cullface": "south", "rotation": 90 }
			}
		},
		{
			"__comment": "Element",
			"from": [ 5.45, 4.9625, 8.301 ],
			"to": [ 5.65, 5.51875, 8.426 ],
			"faces": {
				"south": { "uv": [ 1, 7, 0, 3 ], "texture": "#2", "cullface": "south", "rotation": 90 }
			}
		},
		{
			"__comment": "Element",
			"from": [ 5.85, 4.9625, 7.574 ],
			"to": [ 6.05, 5.51875, 7.699 ],
			"faces": {
				"north": { "uv": [ 1, 3, 0, 7 ], "texture": "#2", "cullface": "south", "rotation": 90 }
			}
		},
		{
			"__comment": "Element",
			"from": [ 5.85, 4.9625, 8.301 ],
			"to": [ 6.05, 5.51875, 8.426 ],
			"faces": {
				"south": { "uv": [ 1, 7, 0, 3 ], "texture": "#2", "cullface": "south", "rotation": 90 }
			}
		},
		{
			"__comment": "Element",
			"from": [ 5.25, 4.9625, 7.574 ],
			"to": [ 5.45, 5.51875, 7.699 ],
			"faces": {
				"north": { "uv": [ 1, 3, 0, 7 ], "texture": "#2", "cullface": "south", "rotation": 90 }
			}
		},
		{
			"__comment": "Element",
			"from": [ 5.25, 4.9625, 8.301 ],
			"to": [ 5.45, 5.51875, 8.426 ],
			"faces": {
				"south": { "uv": [ 1, 7, 0, 3 ], "texture": "#2", "cullface": "south", "rotation": 90 }
			}
		},
		{
			"__comment": "Element",
			"from": [ 5.65, 4.9625, 7.574 ],
			"to": [ 5.85, 5.51875, 7.699 ],
			"faces": {
				"north": { "uv": [ 1, 3, 0, 7 ], "texture": "#2", "cullface": "south", "rotation": 90 }
			}
		},
		{
			"__comment": "Element",
			"from": [ 5.65, 4.9625, 8.301 ],
			"to": [ 5.85, 5.51875, 8.426 ],
			"faces": {
				"south": { "uv": [ 1, 7, 0, 3 ], "texture": "#2", "cullface": "south", "rotation": 90 }
			}
		},
		{
			"__comment": "Element",
			"from": [ 6.05, 4.9625, 7.574 ],
			"to": [ 6.25, 5.51875, 7.699 ],
			"faces": {
				"north": { "uv": [ 1, 3, 0, 7 ], "texture": "#2", "cullface": "south", "rotation": 90 }
			}
		},
		{
			"__comment": "Element",
			"from": [ 6.05, 4.9625, 8.301 ],
			"to": [ 6.25, 5.51875, 8.426 ],
			"faces": {
				"south": { "uv": [ 1, 7, 0, 3 ], "texture": "#2", "cullface": "south", "rotation": 90 }
			}
		},
		{
			"__comment": "Element",
			"from": [ 4.6247, 5.8084, 8.07 ],
			"to": [ 4.7122, 5.9584, 8.17 ],
			"faces": {
				"up": { "uv": [ 5, 5.5, 11, 6.5 ], "texture": "#6", "rotation": 90 },
				"west": { "uv": [ 5, 6, 11, 9 ], "texture": "#6" },
				"east": { "uv": [ 5, 6, 11, 9 ], "texture": "#6" }
			}
		}
	],
	"display": {
		"thirdperson_righthand": {
			"rotation":  [ 5.5, 90, 0 ],
			"translation":  [ 0, 4.25, -0.5 ]
		},
		"thirdperson_lefthand": {
			"rotation":  [ 5.5, 90, 144 ],
			"translation":  [ -2, -6.5, 6 ],
			"scale":  [ 0.0001, 0.0001, 0.0001 ]
		},
		"firstperson_righthand": {
			"rotation":  [ 0, 80, 0 ],
			"translation":  [ 0.75, 8, -2.5 ],
			"scale":  [ 0.0001, 0.0001, 0.0001 ]
		},
		"firstperson_lefthand": {
			"rotation":  [ 0, -90, 0 ],
			"translation":  [ -8.986, 10.45, 4.3915 ],
			"scale":  [ 0.8608, 1, 1.1043 ]
		},
		"gui": {
			"rotation":  [ 0, 180, -46 ],
			"translation":  [ -5.391, 3.413, -0.5 ],
			"scale":  [ 1.5, 1.5, 1.5 ]
		},
		"head": {
			"scale":  [ 2, 2, 2 ]
		},
		"ground": {
			"translation":  [ 0, 4.75, 0 ]
		},
		"fixed": {
			"translation":  [ 0, 9.5, -2 ],
			"scale":  [ -2, 2, -2 ]
		}
	}
}