{
	"__comment": "Designed by I_m_bin2 with Cubik Studio - https://cubik.studio",
	"textures": {
		"particle": "blocks/e_particle",
		"texture": "blocks/colours/gray - 8eight",
		"0": "blocks/colours/gray - 7seventh",
		"1": "blocks/colours/gray - 4fourth",
		"2": "blocks/colours/darkgray",
		"3": "blocks/colours/gray - 6sixth",
		"4": "blocks/colours/gray - 7seventh",
		"5": "blocks/colours/green2",
		"-1": "blocks/colours/gray - 3third"
	},
	"elements": [ 	 
		{
			"__comment": "Box187",
			"from": [ 4.5, 8.5, -2 ],
			"to": [ 12.4, 10.4, -0.5 ],
			"faces": {
				"down": { "uv": [ 4.5, 0.5, 12.4, 2 ], "texture": "#3" },
				"up": { "uv": [ 4.5, 14, 12.4, 15.5 ], "texture": "#3" },
				"north": { "uv": [ 3.6, 5.6, 11.5, 7.5 ], "texture": "#3" },
				"south": { "uv": [ 4.5, 5.6, 12.4, 7.5 ], "texture": "#3" },
				"west": { "uv": [ 14, 5.6, 15.5, 7.5 ], "texture": "#3" },
				"east": { "uv": [ 0.5, 5.6, 2, 7.5 ], "texture": "#3" }
			}
		},
		{
			"__comment": "Box187",
			"from": [ 4.5, 8, -2.125 ],
			"to": [ 12.5, 9.2, -0.425 ],
			"faces": {
				"down": { "uv": [ 4.5, 0.4250002, 12.5, 2.125 ], "texture": "#texture" },
				"up": { "uv": [ 4.5, 13.875, 12.5, 15.575 ], "texture": "#texture" },
				"north": { "uv": [ 3.5, 6.8, 11.5, 8 ], "texture": "#texture" },
				"south": { "uv": [ 4.5, 6.8, 12.5, 8 ], "texture": "#texture" },
				"west": { "uv": [ 13.875, 6.8, 15.575, 8 ], "texture": "#texture" },
				"east": { "uv": [ 0.4249992, 6.8, 2.125, 8 ], "texture": "#texture" }
			}
		},
		{
			"__comment": "Box187",
			"from": [ 10.125, 8, -2.125 ],
			"to": [ 12.615, 9.2, -0.425 ],
			"rotation": { "origin": [ 10.125, 8, -2.125 ], "axis": "z", "angle": 45 },
			"faces": {
				"down": { "uv": [ 10.125, 0.3000002, 16, 2 ], "texture": "#texture" },
				"up": { "uv": [ 10.125, 14, 16, 15.7 ], "texture": "#texture" },
				"north": { "uv": [ 0, 6.8, 5.875, 8 ], "texture": "#texture" },
				"south": { "uv": [ 10.125, 6.8, 16, 8 ], "texture": "#texture" },
				"west": { "uv": [ 14, 6.8, 15.7, 8 ], "texture": "#texture" },
				"east": { "uv": [ 0.2999992, 6.8, 2, 8 ], "texture": "#texture" }
			}
		},
		{
			"__comment": "Box187",
			"from": [ 11.3, 8, -2.125 ],
			"to": [ 12.5, 10.6, -0.425 ],
			"faces": {
				"down": { "uv": [ 15.7, 8, 14, 6.8 ], "texture": "#texture", "rotation": 90 },
				"up": { "uv": [ 0.2999992, 6.8, 2, 8 ], "texture": "#texture", "rotation": 270 },
				"north": { "uv": [ 5.875, 8, 0, 6.8 ], "texture": "#texture", "rotation": 270 },
				"south": { "uv": [ 16, 8, 10.125, 6.8 ], "texture": "#texture", "rotation": 90 },
				"west": { "uv": [ 16, 15.7, 10.125, 14 ], "texture": "#texture", "rotation": 90 },
				"east": { "uv": [ 10.125, 0.3000002, 16, 2 ], "texture": "#texture", "rotation": 270 }
			}
		},
		{
			"__comment": "Box191",
			"from": [ 7.5, 5, -1.5 ],
			"to": [ 9, 8, -1.01 ],
			"faces": {
				"down": { "uv": [ 7.5, 1.01, 9, 1.5 ], "texture": "#3" },
				"up": { "uv": [ 7.5, 14.5, 9, 14.99 ], "texture": "#3" },
				"north": { "uv": [ 7, 8, 8.5, 11 ], "texture": "#3" },
				"south": { "uv": [ 7.5, 8, 9, 11 ], "texture": "#3" },
				"west": { "uv": [ 14.5, 8, 14.99, 11 ], "texture": "#3" },
				"east": { "uv": [ 1.01, 8, 1.5, 11 ], "texture": "#3" }
			}
		},
		{
			"__comment": "Box191",
			"from": [ 7.5, 5, -1.7 ],
			"to": [ 7.7, 8, -1.5 ],
			"rotation": { "origin": [ 7.5, 5, -1.5 ], "axis": "y", "angle": -22.5 },
			"faces": {
				"down": { "uv": [ 7.5, 13.5, 9, 14.5 ], "texture": "#3", "rotation": 90 },
				"up": { "uv": [ 7.5, 1.5, 9, 2.5 ], "texture": "#3", "rotation": 270 },
				"north": { "uv": [ 13.5, 8, 14.5, 11 ], "texture": "#3" },
				"south": { "uv": [ 1.5, 8, 2.5, 11 ], "texture": "#3" },
				"west": { "uv": [ 7, 8, 8.5, 11 ], "texture": "#3" },
				"east": { "uv": [ 7.5, 8, 9, 11 ], "texture": "#3" }
			}
		},
		{
			"__comment": "Box191",
			"from": [ 7.58, 5, -1.88 ],
			"to": [ 7.78, 8, -1.68 ],
			"rotation": { "origin": [ 7.58, 5, -1.68 ], "axis": "y", "angle": -45 },
			"faces": {
				"down": { "uv": [ 7.5, 13.5, 9, 14.5 ], "texture": "#3", "rotation": 90 },
				"up": { "uv": [ 7.5, 1.5, 9, 2.5 ], "texture": "#3", "rotation": 270 },
				"north": { "uv": [ 13.5, 8, 14.5, 11 ], "texture": "#3" },
				"south": { "uv": [ 1.5, 8, 2.5, 11 ], "texture": "#3" },
				"west": { "uv": [ 7, 8, 8.5, 11 ], "texture": "#3" },
				"east": { "uv": [ 7.5, 8, 9, 11 ], "texture": "#3" }
			}
		},
		{
			"__comment": "Box191",
			"from": [ 7.73, 5, -1.82 ],
			"to": [ 7.93, 8, -1.62 ],
			"rotation": { "origin": [ 7.73, 5, -1.82 ], "axis": "y", "angle": 22.5 },
			"faces": {
				"down": { "uv": [ 7.5, 13.5, 9, 14.5 ], "texture": "#3" },
				"up": { "uv": [ 7.5, 1.5, 9, 2.5 ], "texture": "#3" },
				"north": { "uv": [ 7, 8, 8.5, 11 ], "texture": "#3" },
				"south": { "uv": [ 7.5, 8, 9, 11 ], "texture": "#3" },
				"west": { "uv": [ 1.5, 8, 2.5, 11 ], "texture": "#3" },
				"east": { "uv": [ 13.5, 8, 14.5, 11 ], "texture": "#3" }
			}
		},
		{
			"__comment": "Box191",
			"from": [ 7.9138, 5, -1.8907 ],
			"to": [ 8.413799, 8, -1.6907 ],
			"faces": {
				"down": { "uv": [ 7.5, 13.5, 9, 14.5 ], "texture": "#3" },
				"up": { "uv": [ 7.5, 1.5, 9, 2.5 ], "texture": "#3" },
				"north": { "uv": [ 7, 8, 8.5, 11 ], "texture": "#3" },
				"south": { "uv": [ 7.5, 8, 9, 11 ], "texture": "#3" },
				"west": { "uv": [ 1.5, 8, 2.5, 11 ], "texture": "#3" },
				"east": { "uv": [ 13.5, 8, 14.5, 11 ], "texture": "#3" }
			}
		},
		{
			"__comment": "Box191",
			"from": [ 8.79, 5, -1.81 ],
			"to": [ 8.99, 8, -1.61 ],
			"rotation": { "origin": [ 8.79, 5, -1.81 ], "axis": "y", "angle": -45 },
			"faces": {
				"down": { "uv": [ 7.5, 13.5, 9, 14.5 ], "texture": "#3" },
				"up": { "uv": [ 7.5, 1.5, 9, 2.5 ], "texture": "#3" },
				"north": { "uv": [ 7, 8, 8.5, 11 ], "texture": "#3" },
				"south": { "uv": [ 7.5, 8, 9, 11 ], "texture": "#3" },
				"west": { "uv": [ 1.5, 8, 2.5, 11 ], "texture": "#3" },
				"east": { "uv": [ 13.5, 8, 14.5, 11 ], "texture": "#3" }
			}
		},
		{
			"__comment": "Box191",
			"from": [ 8.5849, 5, -1.8171 ],
			"to": [ 8.7849, 8, -1.6171 ],
			"rotation": { "origin": [ 8.79, 5, -1.81 ], "axis": "y", "angle": -22.5 },
			"faces": {
				"down": { "uv": [ 7.5, 13.5, 9, 14.5 ], "texture": "#3" },
				"up": { "uv": [ 7.5, 1.5, 9, 2.5 ], "texture": "#3" },
				"north": { "uv": [ 7, 8, 8.5, 11 ], "texture": "#3" },
				"south": { "uv": [ 7.5, 8, 9, 11 ], "texture": "#3" },
				"west": { "uv": [ 1.5, 8, 2.5, 11 ], "texture": "#3" },
				"east": { "uv": [ 13.5, 8, 14.5, 11 ], "texture": "#3" }
			}
		},
		{
			"__comment": "Box191",
			"from": [ 8.4063, 5, -1.9 ],
			"to": [ 8.606299, 8, -1.7 ],
			"faces": {
				"down": { "uv": [ 7.5, 13.5, 9, 14.5 ], "texture": "#3" },
				"up": { "uv": [ 7.5, 1.5, 9, 2.5 ], "texture": "#3" },
				"north": { "uv": [ 7, 8, 8.5, 11 ], "texture": "#3" },
				"south": { "uv": [ 7.5, 8, 9, 11 ], "texture": "#3" },
				"west": { "uv": [ 1.5, 8, 2.5, 11 ], "texture": "#3" },
				"east": { "uv": [ 13.5, 8, 14.5, 11 ], "texture": "#3" }
			}
		},
		{
			"__comment": "Box191",
			"from": [ 8.6607, 5, -1.6262 ],
			"to": [ 8.8607, 8, -1.4262 ],
			"rotation": { "origin": [ 8.79, 5, -1.81 ], "axis": "y", "angle": 22.5 },
			"faces": {
				"down": { "uv": [ 7.5, 13.5, 9, 14.5 ], "texture": "#texture", "rotation": 270 },
				"up": { "uv": [ 7.5, 1.5, 9, 2.5 ], "texture": "#texture", "rotation": 90 },
				"north": { "uv": [ 1.5, 8, 2.5, 11 ], "texture": "#texture" },
				"south": { "uv": [ 13.5, 8, 14.5, 11 ], "texture": "#texture" },
				"west": { "uv": [ 7.5, 8, 9, 11 ], "texture": "#texture" },
				"east": { "uv": [ 7, 8, 8.5, 11 ], "texture": "#texture" }
			}
		},
		{
			"__comment": "Box191",
			"from": [ 7.6293, 5, -1.0839 ],
			"to": [ 7.829298, 8, -0.8839 ],
			"rotation": { "origin": [ 7.7, 5, -0.7 ], "axis": "y", "angle": 22.5 },
			"faces": {
				"down": { "uv": [ 7.5, 13.5, 9, 14.5 ], "texture": "#3", "rotation": 90 },
				"up": { "uv": [ 7.5, 1.5, 9, 2.5 ], "texture": "#3", "rotation": 270 },
				"north": { "uv": [ 13.5, 8, 14.5, 11 ], "texture": "#3" },
				"south": { "uv": [ 1.5, 8, 2.5, 11 ], "texture": "#3" },
				"west": { "uv": [ 7, 8, 8.5, 11 ], "texture": "#3" },
				"east": { "uv": [ 7.5, 8, 9, 11 ], "texture": "#3" }
			}
		},
		{
			"__comment": "Box191",
			"from": [ 7.7, 5, -0.9 ],
			"to": [ 7.9, 8, -0.7 ],
			"rotation": { "origin": [ 7.7, 5, -0.7 ], "axis": "y", "angle": 45 },
			"faces": {
				"down": { "uv": [ 7.5, 13.5, 9, 14.5 ], "texture": "#3", "rotation": 90 },
				"up": { "uv": [ 7.5, 1.5, 9, 2.5 ], "texture": "#3", "rotation": 270 },
				"north": { "uv": [ 13.5, 8, 14.5, 11 ], "texture": "#3" },
				"south": { "uv": [ 1.5, 8, 2.5, 11 ], "texture": "#3" },
				"west": { "uv": [ 7, 8, 8.5, 11 ], "texture": "#3" },
				"east": { "uv": [ 7.5, 8, 9, 11 ], "texture": "#3" }
			}
		},
		{
			"__comment": "Box191",
			"from": [ 7.7051, 5, -0.8929 ],
			"to": [ 7.905097, 8, -0.6929 ],
			"rotation": { "origin": [ 7.7, 5, -0.7 ], "axis": "y", "angle": -22.5 },
			"faces": {
				"down": { "uv": [ 7.5, 13.5, 9, 14.5 ], "texture": "#3", "rotation": 180 },
				"up": { "uv": [ 7.5, 1.5, 9, 2.5 ], "texture": "#3", "rotation": 180 },
				"north": { "uv": [ 7.5, 8, 9, 11 ], "texture": "#3" },
				"south": { "uv": [ 7, 8, 8.5, 11 ], "texture": "#3" },
				"west": { "uv": [ 13.5, 8, 14.5, 11 ], "texture": "#3" },
				"east": { "uv": [ 1.5, 8, 2.5, 11 ], "texture": "#3" }
			}
		},
		{
			"__comment": "Box191",
			"from": [ 7.8837, 5, -0.81 ],
			"to": [ 8.383699, 8, -0.61 ],
			"faces": {
				"down": { "uv": [ 7.5, 13.5, 9, 14.5 ], "texture": "#3", "rotation": 180 },
				"up": { "uv": [ 7.5, 1.5, 9, 2.5 ], "texture": "#3", "rotation": 180 },
				"north": { "uv": [ 7.5, 8, 9, 11 ], "texture": "#3" },
				"south": { "uv": [ 7, 8, 8.5, 11 ], "texture": "#3" },
				"west": { "uv": [ 13.5, 8, 14.5, 11 ], "texture": "#3" },
				"east": { "uv": [ 1.5, 8, 2.5, 11 ], "texture": "#3" }
			}
		},
		{
			"__comment": "Box191",
			"from": [ 8.3762, 5, -0.8193 ],
			"to": [ 8.5762, 8, -0.6193 ],
			"faces": {
				"down": { "uv": [ 7.5, 13.5, 9, 14.5 ], "texture": "#3", "rotation": 180 },
				"up": { "uv": [ 7.5, 1.5, 9, 2.5 ], "texture": "#3", "rotation": 180 },
				"north": { "uv": [ 7.5, 8, 9, 11 ], "texture": "#3" },
				"south": { "uv": [ 7, 8, 8.5, 11 ], "texture": "#3" },
				"west": { "uv": [ 13.5, 8, 14.5, 11 ], "texture": "#3" },
				"east": { "uv": [ 1.5, 8, 2.5, 11 ], "texture": "#3" }
			}
		},
		{
			"__comment": "Box191",
			"from": [ 8.4755, 5, -0.4851 ],
			"to": [ 8.6755, 8, -0.2851 ],
			"rotation": { "origin": [ 7.7, 5, -0.7 ], "axis": "y", "angle": 22.5 },
			"faces": {
				"down": { "uv": [ 7.5, 13.5, 9, 14.5 ], "texture": "#3", "rotation": 180 },
				"up": { "uv": [ 7.5, 1.5, 9, 2.5 ], "texture": "#3", "rotation": 180 },
				"north": { "uv": [ 7.5, 8, 9, 11 ], "texture": "#3" },
				"south": { "uv": [ 7, 8, 8.5, 11 ], "texture": "#3" },
				"west": { "uv": [ 13.5, 8, 14.5, 11 ], "texture": "#3" },
				"east": { "uv": [ 1.5, 8, 2.5, 11 ], "texture": "#3" }
			}
		},
		{
			"__comment": "Box191",
			"from": [ 8.4475, 5, -0.1363 ],
			"to": [ 8.6475, 8, 0.06370002 ],
			"rotation": { "origin": [ 7.7, 5, -0.7 ], "axis": "y", "angle": 45 },
			"faces": {
				"down": { "uv": [ 7.5, 13.5, 9, 14.5 ], "texture": "#3", "rotation": 180 },
				"up": { "uv": [ 7.5, 1.5, 9, 2.5 ], "texture": "#3", "rotation": 180 },
				"north": { "uv": [ 7.5, 8, 9, 11 ], "texture": "#3" },
				"south": { "uv": [ 7, 8, 8.5, 11 ], "texture": "#3" },
				"west": { "uv": [ 13.5, 8, 14.5, 11 ], "texture": "#3" },
				"east": { "uv": [ 1.5, 8, 2.5, 11 ], "texture": "#3" }
			}
		},
		{
			"__comment": "Box191",
			"from": [ 8.5732, 5, -1.4801 ],
			"to": [ 8.7732, 8, -1.2801 ],
			"rotation": { "origin": [ 7.7, 5, -0.7 ], "axis": "y", "angle": -22.5 },
			"faces": {
				"down": { "uv": [ 7.5, 13.5, 9, 14.5 ], "texture": "#3", "rotation": 270 },
				"up": { "uv": [ 7.5, 1.5, 9, 2.5 ], "texture": "#3", "rotation": 90 },
				"north": { "uv": [ 1.5, 8, 2.5, 11 ], "texture": "#3" },
				"south": { "uv": [ 13.5, 8, 14.5, 11 ], "texture": "#3" },
				"west": { "uv": [ 7.5, 8, 9, 11 ], "texture": "#3" },
				"east": { "uv": [ 7, 8, 8.5, 11 ], "texture": "#3" }
			}
		},
		{
			"__comment": "Box191",
			"from": [ 7.5, 4.5, -1.5 ],
			"to": [ 9, 7.5, -1.01 ],
			"faces": {
				"down": { "uv": [ 7.5, 1.01, 9, 1.5 ], "texture": "#3" },
				"up": { "uv": [ 7.5, 14.5, 9, 14.99 ], "texture": "#3" },
				"north": { "uv": [ 7, 8.5, 8.5, 11.5 ], "texture": "#3" },
				"south": { "uv": [ 7.5, 8.5, 9, 11.5 ], "texture": "#3" },
				"west": { "uv": [ 14.5, 8.5, 14.99, 11.5 ], "texture": "#3" },
				"east": { "uv": [ 1.01, 8.5, 1.5, 11.5 ], "texture": "#3" }
			}
		},
		{
			"__comment": "Box191",
			"from": [ 7.5, 4.5, -1.7 ],
			"to": [ 7.7, 7.5, -1.5 ],
			"rotation": { "origin": [ 7.5, 4.5, -1.5 ], "axis": "y", "angle": -22.5 },
			"faces": {
				"down": { "uv": [ 7.5, 13.5, 9, 14.5 ], "texture": "#3", "rotation": 90 },
				"up": { "uv": [ 7.5, 1.5, 9, 2.5 ], "texture": "#3", "rotation": 270 },
				"north": { "uv": [ 13.5, 8, 14.5, 11 ], "texture": "#3" },
				"south": { "uv": [ 1.5, 8, 2.5, 11 ], "texture": "#3" },
				"west": { "uv": [ 7, 8, 8.5, 11 ], "texture": "#3" },
				"east": { "uv": [ 7.5, 8, 9, 11 ], "texture": "#3" }
			}
		},
		{
			"__comment": "Box191",
			"from": [ 7.58, 4.5, -1.88 ],
			"to": [ 7.78, 7.5, -1.68 ],
			"rotation": { "origin": [ 7.58, 4.5, -1.68 ], "axis": "y", "angle": -45 },
			"faces": {
				"down": { "uv": [ 7.5, 13.5, 9, 14.5 ], "texture": "#3", "rotation": 90 },
				"up": { "uv": [ 7.5, 1.5, 9, 2.5 ], "texture": "#3", "rotation": 270 },
				"north": { "uv": [ 13.5, 8, 14.5, 11 ], "texture": "#3" },
				"south": { "uv": [ 1.5, 8, 2.5, 11 ], "texture": "#3" },
				"west": { "uv": [ 7, 8, 8.5, 11 ], "texture": "#3" },
				"east": { "uv": [ 7.5, 8, 9, 11 ], "texture": "#3" }
			}
		},
		{
			"__comment": "Box191",
			"from": [ 7.73, 4.5, -1.82 ],
			"to": [ 7.93, 7.5, -1.62 ],
			"rotation": { "origin": [ 7.73, 4.5, -1.82 ], "axis": "y", "angle": 22.5 },
			"faces": {
				"down": { "uv": [ 7.5, 13.5, 9, 14.5 ], "texture": "#3" },
				"up": { "uv": [ 7.5, 1.5, 9, 2.5 ], "texture": "#3" },
				"north": { "uv": [ 7, 8, 8.5, 11 ], "texture": "#3" },
				"south": { "uv": [ 7.5, 8, 9, 11 ], "texture": "#3" },
				"west": { "uv": [ 1.5, 8, 2.5, 11 ], "texture": "#3" },
				"east": { "uv": [ 13.5, 8, 14.5, 11 ], "texture": "#3" }
			}
		},
		{
			"__comment": "Box191",
			"from": [ 7.9138, 4.5, -1.8907 ],
			"to": [ 8.413799, 7.5, -1.6907 ],
			"faces": {
				"down": { "uv": [ 7.5, 13.5, 9, 14.5 ], "texture": "#3" },
				"up": { "uv": [ 7.5, 1.5, 9, 2.5 ], "texture": "#3" },
				"north": { "uv": [ 7, 8, 8.5, 11 ], "texture": "#3" },
				"south": { "uv": [ 7.5, 8, 9, 11 ], "texture": "#3" },
				"west": { "uv": [ 1.5, 8, 2.5, 11 ], "texture": "#3" },
				"east": { "uv": [ 13.5, 8, 14.5, 11 ], "texture": "#3" }
			}
		},
		{
			"__comment": "Box191",
			"from": [ 8.79, 4.5, -1.81 ],
			"to": [ 8.99, 7.5, -1.61 ],
			"rotation": { "origin": [ 8.79, 4.5, -1.81 ], "axis": "y", "angle": -45 },
			"faces": {
				"down": { "uv": [ 7.5, 13.5, 9, 14.5 ], "texture": "#3" },
				"up": { "uv": [ 7.5, 1.5, 9, 2.5 ], "texture": "#3" },
				"north": { "uv": [ 7, 8, 8.5, 11 ], "texture": "#3" },
				"south": { "uv": [ 7.5, 8, 9, 11 ], "texture": "#3" },
				"west": { "uv": [ 1.5, 8, 2.5, 11 ], "texture": "#3" },
				"east": { "uv": [ 13.5, 8, 14.5, 11 ], "texture": "#3" }
			}
		},
		{
			"__comment": "Box191",
			"from": [ 8.5849, 4.5, -1.8171 ],
			"to": [ 8.7849, 7.5, -1.6171 ],
			"rotation": { "origin": [ 8.79, 4.5, -1.81 ], "axis": "y", "angle": -22.5 },
			"faces": {
				"down": { "uv": [ 7.5, 13.5, 9, 14.5 ], "texture": "#3" },
				"up": { "uv": [ 7.5, 1.5, 9, 2.5 ], "texture": "#3" },
				"north": { "uv": [ 7, 8, 8.5, 11 ], "texture": "#3" },
				"south": { "uv": [ 7.5, 8, 9, 11 ], "texture": "#3" },
				"west": { "uv": [ 1.5, 8, 2.5, 11 ], "texture": "#3" },
				"east": { "uv": [ 13.5, 8, 14.5, 11 ], "texture": "#3" }
			}
		},
		{
			"__comment": "Box191",
			"from": [ 8.4063, 4.5, -1.9 ],
			"to": [ 8.606299, 7.5, -1.7 ],
			"faces": {
				"down": { "uv": [ 7.5, 13.5, 9, 14.5 ], "texture": "#3" },
				"up": { "uv": [ 7.5, 1.5, 9, 2.5 ], "texture": "#3" },
				"north": { "uv": [ 7, 8, 8.5, 11 ], "texture": "#3" },
				"south": { "uv": [ 7.5, 8, 9, 11 ], "texture": "#3" },
				"west": { "uv": [ 1.5, 8, 2.5, 11 ], "texture": "#3" },
				"east": { "uv": [ 13.5, 8, 14.5, 11 ], "texture": "#3" }
			}
		},
		{
			"__comment": "Box191",
			"from": [ 8.6607, 4.5, -1.6262 ],
			"to": [ 8.8607, 7.5, -1.4262 ],
			"rotation": { "origin": [ 8.79, 4.5, -1.81 ], "axis": "y", "angle": 22.5 },
			"faces": {
				"down": { "uv": [ 7.5, 13.5, 9, 14.5 ], "texture": "#texture", "rotation": 270 },
				"up": { "uv": [ 7.5, 1.5, 9, 2.5 ], "texture": "#texture", "rotation": 90 },
				"north": { "uv": [ 1.5, 8, 2.5, 11 ], "texture": "#texture" },
				"south": { "uv": [ 13.5, 8, 14.5, 11 ], "texture": "#texture" },
				"west": { "uv": [ 7.5, 8, 9, 11 ], "texture": "#texture" },
				"east": { "uv": [ 7, 8, 8.5, 11 ], "texture": "#texture" }
			}
		},
		{
			"__comment": "Box191",
			"from": [ 7.6293, 4.5, -1.0839 ],
			"to": [ 7.829298, 7.5, -0.8839 ],
			"rotation": { "origin": [ 7.7, 4.5, -0.7 ], "axis": "y", "angle": 22.5 },
			"faces": {
				"down": { "uv": [ 7.5, 13.5, 9, 14.5 ], "texture": "#3", "rotation": 90 },
				"up": { "uv": [ 7.5, 1.5, 9, 2.5 ], "texture": "#3", "rotation": 270 },
				"north": { "uv": [ 13.5, 8, 14.5, 11 ], "texture": "#3" },
				"south": { "uv": [ 1.5, 8, 2.5, 11 ], "texture": "#3" },
				"west": { "uv": [ 7, 8, 8.5, 11 ], "texture": "#3" },
				"east": { "uv": [ 7.5, 8, 9, 11 ], "texture": "#3" }
			}
		},
		{
			"__comment": "Box191",
			"from": [ 7.7, 4.5, -0.9 ],
			"to": [ 7.9, 7.5, -0.7 ],
			"rotation": { "origin": [ 7.7, 4.5, -0.7 ], "axis": "y", "angle": 45 },
			"faces": {
				"down": { "uv": [ 7.5, 13.5, 9, 14.5 ], "texture": "#3", "rotation": 90 },
				"up": { "uv": [ 7.5, 1.5, 9, 2.5 ], "texture": "#3", "rotation": 270 },
				"north": { "uv": [ 13.5, 8, 14.5, 11 ], "texture": "#3" },
				"south": { "uv": [ 1.5, 8, 2.5, 11 ], "texture": "#3" },
				"west": { "uv": [ 7, 8, 8.5, 11 ], "texture": "#3" },
				"east": { "uv": [ 7.5, 8, 9, 11 ], "texture": "#3" }
			}
		},
		{
			"__comment": "Box191",
			"from": [ 7.7051, 4.5, -0.8929 ],
			"to": [ 7.905097, 7.5, -0.6929 ],
			"rotation": { "origin": [ 7.7, 4.5, -0.7 ], "axis": "y", "angle": -22.5 },
			"faces": {
				"down": { "uv": [ 7.5, 13.5, 9, 14.5 ], "texture": "#3", "rotation": 180 },
				"up": { "uv": [ 7.5, 1.5, 9, 2.5 ], "texture": "#3", "rotation": 180 },
				"north": { "uv": [ 7.5, 8, 9, 11 ], "texture": "#3" },
				"south": { "uv": [ 7, 8, 8.5, 11 ], "texture": "#3" },
				"west": { "uv": [ 13.5, 8, 14.5, 11 ], "texture": "#3" },
				"east": { "uv": [ 1.5, 8, 2.5, 11 ], "texture": "#3" }
			}
		},
		{
			"__comment": "Box191",
			"from": [ 7.8837, 4.5, -0.81 ],
			"to": [ 8.383699, 7.5, -0.61 ],
			"faces": {
				"down": { "uv": [ 7.5, 13.5, 9, 14.5 ], "texture": "#3", "rotation": 180 },
				"up": { "uv": [ 7.5, 1.5, 9, 2.5 ], "texture": "#3", "rotation": 180 },
				"north": { "uv": [ 7.5, 8, 9, 11 ], "texture": "#3" },
				"south": { "uv": [ 7, 8, 8.5, 11 ], "texture": "#3" },
				"west": { "uv": [ 13.5, 8, 14.5, 11 ], "texture": "#3" },
				"east": { "uv": [ 1.5, 8, 2.5, 11 ], "texture": "#3" }
			}
		},
		{
			"__comment": "Box191",
			"from": [ 8.3762, 4.5, -0.8193 ],
			"to": [ 8.5762, 7.5, -0.6193 ],
			"faces": {
				"down": { "uv": [ 7.5, 13.5, 9, 14.5 ], "texture": "#3", "rotation": 180 },
				"up": { "uv": [ 7.5, 1.5, 9, 2.5 ], "texture": "#3", "rotation": 180 },
				"north": { "uv": [ 7.5, 8, 9, 11 ], "texture": "#3" },
				"south": { "uv": [ 7, 8, 8.5, 11 ], "texture": "#3" },
				"west": { "uv": [ 13.5, 8, 14.5, 11 ], "texture": "#3" },
				"east": { "uv": [ 1.5, 8, 2.5, 11 ], "texture": "#3" }
			}
		},
		{
			"__comment": "Box191",
			"from": [ 8.4755, 4.5, -0.4851 ],
			"to": [ 8.6755, 7.5, -0.2851 ],
			"rotation": { "origin": [ 7.7, 4.5, -0.7 ], "axis": "y", "angle": 22.5 },
			"faces": {
				"down": { "uv": [ 7.5, 13.5, 9, 14.5 ], "texture": "#3", "rotation": 180 },
				"up": { "uv": [ 7.5, 1.5, 9, 2.5 ], "texture": "#3", "rotation": 180 },
				"north": { "uv": [ 7.5, 8, 9, 11 ], "texture": "#3" },
				"south": { "uv": [ 7, 8, 8.5, 11 ], "texture": "#3" },
				"west": { "uv": [ 13.5, 8, 14.5, 11 ], "texture": "#3" },
				"east": { "uv": [ 1.5, 8, 2.5, 11 ], "texture": "#3" }
			}
		},
		{
			"__comment": "Box191",
			"from": [ 8.4475, 4.5, -0.1363 ],
			"to": [ 8.6475, 7.5, 0.06370002 ],
			"rotation": { "origin": [ 7.7, 4.5, -0.7 ], "axis": "y", "angle": 45 },
			"faces": {
				"down": { "uv": [ 7.5, 13.5, 9, 14.5 ], "texture": "#3", "rotation": 180 },
				"up": { "uv": [ 7.5, 1.5, 9, 2.5 ], "texture": "#3", "rotation": 180 },
				"north": { "uv": [ 7.5, 8, 9, 11 ], "texture": "#3" },
				"south": { "uv": [ 7, 8, 8.5, 11 ], "texture": "#3" },
				"west": { "uv": [ 13.5, 8, 14.5, 11 ], "texture": "#3" },
				"east": { "uv": [ 1.5, 8, 2.5, 11 ], "texture": "#3" }
			}
		},
		{
			"__comment": "Box191",
			"from": [ 8.5732, 4.5, -1.4801 ],
			"to": [ 8.7732, 7.5, -1.2801 ],
			"rotation": { "origin": [ 7.7, 4.5, -0.7 ], "axis": "y", "angle": -22.5 },
			"faces": {
				"down": { "uv": [ 7.5, 13.5, 9, 14.5 ], "texture": "#texture", "rotation": 270 },
				"up": { "uv": [ 7.5, 1.5, 9, 2.5 ], "texture": "#texture", "rotation": 90 },
				"north": { "uv": [ 1.5, 8, 2.5, 11 ], "texture": "#texture" },
				"south": { "uv": [ 13.5, 8, 14.5, 11 ], "texture": "#texture" },
				"west": { "uv": [ 7.5, 8, 9, 11 ], "texture": "#texture" },
				"east": { "uv": [ 7, 8, 8.5, 11 ], "texture": "#texture" }
			}
		},
		{
			"__comment": "Box39",
			"from": [ 8.125, 4.5, -1.75 ],
			"to": [ 9.125, 8, -0.75 ],
			"faces": {
				"down": { "uv": [ 8.125, 0.75, 9.125, 1.75 ], "texture": "#0" },
				"up": { "uv": [ 8.125, 14.25, 9.125, 15.25 ], "texture": "#0" },
				"north": { "uv": [ 6.875, 8, 7.875, 11.5 ], "texture": "#0" },
				"south": { "uv": [ 8.125, 8, 9.125, 11.5 ], "texture": "#0" },
				"west": { "uv": [ 14.25, 8, 15.25, 11.5 ], "texture": "#0" },
				"east": { "uv": [ 0.75, 8, 1.75, 11.5 ], "texture": "#0" }
			}
		},
		{
			"__comment": "Box39",
			"from": [ 8.875, 7.125, -1.75 ],
			"to": [ 9.875, 8.125, -0.75 ],
			"rotation": { "origin": [ 8.875, 7.125, -1.75 ], "axis": "z", "angle": 45 },
			"faces": {
				"down": { "uv": [ 8.75, 1, 9.75, 2 ], "texture": "#0" },
				"up": { "uv": [ 8.75, 14, 9.75, 15 ], "texture": "#0" },
				"north": { "uv": [ 6.25, 7.875, 7.25, 8.875 ], "texture": "#0" },
				"south": { "uv": [ 8.75, 7.875, 9.75, 8.875 ], "texture": "#0" },
				"west": { "uv": [ 14, 7.875, 15, 8.875 ], "texture": "#0" },
				"east": { "uv": [ 1, 7.875, 2, 8.875 ], "texture": "#0" }
			}
		},
		{
			"__comment": "Box39",
			"from": [ 9.25, 7.625, -1.75 ],
			"to": [ 10.25, 8.625, -0.75 ],
			"rotation": { "origin": [ 9.25, 7.625, -1.75 ], "axis": "z", "angle": 22.5 },
			"faces": {
				"down": { "uv": [ 8.75, 1, 9.75, 2 ], "texture": "#0" },
				"up": { "uv": [ 8.75, 14, 9.75, 15 ], "texture": "#0" },
				"north": { "uv": [ 6.25, 7.875, 7.25, 8.875 ], "texture": "#0" },
				"south": { "uv": [ 8.75, 7.875, 9.75, 8.875 ], "texture": "#0" },
				"west": { "uv": [ 14, 7.875, 15, 8.875 ], "texture": "#0" },
				"east": { "uv": [ 1, 7.875, 2, 8.875 ], "texture": "#0" }
			}
		},
		{
			"__comment": "Box39",
			"from": [ 8.375, 7, -1.75 ],
			"to": [ 9.375, 8, -0.75 ],
			"rotation": { "origin": [ 8.375, 8, -1.75 ], "axis": "z", "angle": -22.5 },
			"faces": {
				"down": { "uv": [ 1, 7.875, 2, 8.875 ], "texture": "#0", "rotation": 90 },
				"up": { "uv": [ 15, 8.875, 14, 7.875 ], "texture": "#0", "rotation": 270 },
				"north": { "uv": [ 6.25, 7.875, 7.25, 8.875 ], "texture": "#0", "rotation": 270 },
				"south": { "uv": [ 8.75, 7.875, 9.75, 8.875 ], "texture": "#0", "rotation": 90 },
				"west": { "uv": [ 8.75, 1, 9.75, 2 ], "texture": "#0", "rotation": 90 },
				"east": { "uv": [ 9.75, 15, 8.75, 14 ], "texture": "#0", "rotation": 270 }
			}
		},
		{
			"__comment": "Box39",
			"from": [ 8.5, 5.5, -1.75 ],
			"to": [ 9.5, 6.5, -0.75 ],
			"rotation": { "origin": [ 8.5, 5.5, -1.75 ], "axis": "z", "angle": 22.5 },
			"faces": {
				"down": { "uv": [ 9.75, 2, 8.75, 1 ], "texture": "#0", "rotation": 180 },
				"up": { "uv": [ 9.75, 15, 8.75, 14 ], "texture": "#0", "rotation": 180 },
				"north": { "uv": [ 6.25, 7.875, 7.25, 8.875 ], "texture": "#0" },
				"south": { "uv": [ 8.75, 7.875, 9.75, 8.875 ], "texture": "#0" },
				"west": { "uv": [ 15, 8.875, 14, 7.875 ], "texture": "#0", "rotation": 180 },
				"east": { "uv": [ 2, 8.875, 1, 7.875 ], "texture": "#0", "rotation": 180 }
			}
		},
		{
			"__comment": "Box39",
			"from": [ 8.42, 4.5, -1.75 ],
			"to": [ 9.42, 5.88, -0.75 ],
			"faces": {
				"down": { "uv": [ 9.75, 2, 8.75, 1 ], "texture": "#0", "rotation": 180 },
				"up": { "uv": [ 9.75, 15, 8.75, 14 ], "texture": "#0", "rotation": 180 },
				"north": { "uv": [ 6.25, 7.875, 7.25, 8.875 ], "texture": "#0" },
				"south": { "uv": [ 8.75, 7.875, 9.75, 8.875 ], "texture": "#0" },
				"west": { "uv": [ 15, 8.875, 14, 7.875 ], "texture": "#0", "rotation": 180 },
				"east": { "uv": [ 2, 8.875, 1, 7.875 ], "texture": "#0", "rotation": 180 }
			}
		},
		{
			"__comment": "Box187",
			"from": [ 3.875, 8.5, -2 ],
			"to": [ 11.775, 10.4, -0.5 ],
			"faces": {
				"down": { "uv": [ 3.875, 0.5, 11.775, 2 ], "texture": "#3" },
				"up": { "uv": [ 3.875, 14, 11.775, 15.5 ], "texture": "#3" },
				"north": { "uv": [ 4.225, 5.6, 12.125, 7.5 ], "texture": "#3" },
				"south": { "uv": [ 3.875, 5.6, 11.775, 7.5 ], "texture": "#3" },
				"west": { "uv": [ 14, 5.6, 15.5, 7.5 ], "texture": "#3" },
				"east": { "uv": [ 0.5, 5.6, 2, 7.5 ], "texture": "#3" }
			}
		},
		{
			"__comment": "Box187",
			"from": [ 3.875, 8, -2.125 ],
			"to": [ 11.875, 9.2, -0.425 ],
			"faces": {
				"down": { "uv": [ 3.875, 0.4250002, 11.875, 2.125 ], "texture": "#texture" },
				"up": { "uv": [ 3.875, 13.875, 11.875, 15.575 ], "texture": "#texture" },
				"north": { "uv": [ 4.125, 6.8, 12.125, 8 ], "texture": "#texture" },
				"south": { "uv": [ 3.875, 6.8, 11.875, 8 ], "texture": "#texture" },
				"west": { "uv": [ 13.875, 6.8, 15.575, 8 ], "texture": "#texture" },
				"east": { "uv": [ 0.4249992, 6.8, 2.125, 8 ], "texture": "#texture" }
			}
		},
		{
			"__comment": "Box47",
			"from": [ 6.375, 6.75, -1.5 ],
			"to": [ 7.375, 6.95, -1 ],
			"faces": {
				"down": { "uv": [ 6.375, 1, 7.375, 1.5 ], "texture": "#texture" },
				"up": { "uv": [ 6.375, 14.5, 7.375, 15 ], "texture": "#texture" },
				"north": { "uv": [ 8.625, 9.05, 9.625, 9.25 ], "texture": "#texture" },
				"south": { "uv": [ 6.375, 9.05, 7.375, 9.25 ], "texture": "#texture" },
				"west": { "uv": [ 14.5, 9.05, 15, 9.25 ], "texture": "#texture" },
				"east": { "uv": [ 1, 9.05, 1.5, 9.25 ], "texture": "#texture" }
			}
		},
		{
			"__comment": "Box47",
			"from": [ 5.925, 6.55, -1.5 ],
			"to": [ 6.425, 6.75, -1 ],
			"rotation": { "origin": [ 6.925, 6.75, -1.5 ], "axis": "z", "angle": -22.5 },
			"faces": {
				"down": { "uv": [ 4.5, 14, 5.5, 14.5 ], "texture": "#texture", "rotation": 180 },
				"up": { "uv": [ 4.5, 1.5, 5.5, 2 ], "texture": "#texture", "rotation": 180 },
				"north": { "uv": [ 11.5, 10, 10.5, 9.8 ], "texture": "#texture" },
				"south": { "uv": [ 5.5, 10, 4.5, 9.8 ], "texture": "#texture" },
				"west": { "uv": [ 1.5, 9.8, 2, 10 ], "texture": "#texture", "rotation": 180 },
				"east": { "uv": [ 14, 9.8, 14.5, 10 ], "texture": "#texture", "rotation": 180 }
			}
		},
		{
			"__comment": "Box47",
			"from": [ 5.425, 6.55, -1.5 ],
			"to": [ 5.925, 6.75, -1 ],
			"rotation": { "origin": [ 6.425, 6.75, -1.5 ], "axis": "z", "angle": -45 },
			"faces": {
				"down": { "uv": [ 4.5, 14, 5.5, 14.5 ], "texture": "#texture", "rotation": 180 },
				"up": { "uv": [ 4.5, 1.5, 5.5, 2 ], "texture": "#texture", "rotation": 180 },
				"north": { "uv": [ 11.5, 10, 10.5, 9.8 ], "texture": "#texture" },
				"south": { "uv": [ 5.5, 10, 4.5, 9.8 ], "texture": "#texture" },
				"west": { "uv": [ 1.5, 9.8, 2, 10 ], "texture": "#texture", "rotation": 180 },
				"east": { "uv": [ 14, 9.8, 14.5, 10 ], "texture": "#texture", "rotation": 180 }
			}
		},
		{
			"__comment": "Box47",
			"from": [ 5.225, 7.2, -1.5 ],
			"to": [ 5.425, 7.7, -1 ],
			"rotation": { "origin": [ 5.225, 8.2, -1.5 ], "axis": "z", "angle": 22.5 },
			"faces": {
				"down": { "uv": [ 2, 10, 1.5, 9.8 ], "texture": "#texture", "rotation": 270 },
				"up": { "uv": [ 14, 9.8, 14.5, 10 ], "texture": "#texture", "rotation": 90 },
				"north": { "uv": [ 11.5, 10, 10.5, 9.8 ], "texture": "#texture", "rotation": 90 },
				"south": { "uv": [ 5.5, 10, 4.5, 9.8 ], "texture": "#texture", "rotation": 270 },
				"west": { "uv": [ 4.5, 1.5, 5.5, 2 ], "texture": "#texture", "rotation": 90 },
				"east": { "uv": [ 5.5, 14.5, 4.5, 14 ], "texture": "#texture", "rotation": 270 }
			}
		},
		{
			"__comment": "Box47",
			"from": [ 5.425, 7.75, -1.5 ],
			"to": [ 5.625, 8.75, -1 ],
			"faces": {
				"down": { "uv": [ 14.5, 9, 14, 8.8 ], "texture": "#texture", "rotation": 90 },
				"up": { "uv": [ 1.5, 8.8, 2, 9 ], "texture": "#texture", "rotation": 270 },
				"north": { "uv": [ 13, 9, 12, 8.8 ], "texture": "#texture", "rotation": 270 },
				"south": { "uv": [ 4, 9, 3, 8.8 ], "texture": "#texture", "rotation": 90 },
				"west": { "uv": [ 4, 14.5, 3, 14 ], "texture": "#texture", "rotation": 90 },
				"east": { "uv": [ 3, 1.5, 4, 2 ], "texture": "#texture", "rotation": 270 }
			}
		},
		{
			"__comment": "Box47",
			"from": [ 7.375, 6.75, -1.5 ],
			"to": [ 8.375, 6.95, -1 ],
			"rotation": { "origin": [ 7.375, 6.75, -1.5 ], "axis": "z", "angle": 22.5 },
			"faces": {
				"down": { "uv": [ 7.375, 1.5, 8.375, 2 ], "texture": "#texture" },
				"up": { "uv": [ 7.375, 14, 8.375, 14.5 ], "texture": "#texture" },
				"north": { "uv": [ 7.625, 9.05, 8.625, 9.25 ], "texture": "#texture" },
				"south": { "uv": [ 7.375, 9.05, 8.375, 9.25 ], "texture": "#texture" },
				"west": { "uv": [ 14, 9.05, 14.5, 9.25 ], "texture": "#texture" },
				"east": { "uv": [ 1.5, 9.05, 2, 9.25 ], "texture": "#texture" }
			}
		},
		{
			"__comment": "Box187",
			"from": [ 11.3, 8, -2.125 ],
			"to": [ 12.5, 10.6, -0.425 ],
			"faces": {
				"down": { "uv": [ 15.7, 8, 14, 6.8 ], "texture": "#texture", "rotation": 90 },
				"up": { "uv": [ 0.2999992, 6.8, 2, 8 ], "texture": "#texture", "rotation": 270 },
				"north": { "uv": [ 5.875, 8, 0, 6.8 ], "texture": "#texture", "rotation": 270 },
				"south": { "uv": [ 16, 8, 10.125, 6.8 ], "texture": "#texture", "rotation": 90 },
				"west": { "uv": [ 16, 15.7, 10.125, 14 ], "texture": "#texture", "rotation": 90 },
				"east": { "uv": [ 10.125, 0.3000002, 16, 2 ], "texture": "#texture", "rotation": 270 }
			}
		},
		{
			"__comment": "Box187",
			"from": [ 11.05, 8, -2.125 ],
			"to": [ 12.25, 10.6, -0.425 ],
			"faces": {
				"down": { "uv": [ 15.7, 8, 14, 6.8 ], "texture": "#texture", "rotation": 90 },
				"up": { "uv": [ 0.2999992, 6.8, 2, 8 ], "texture": "#texture", "rotation": 270 },
				"north": { "uv": [ 5.875, 8, 0, 6.8 ], "texture": "#texture", "rotation": 270 },
				"south": { "uv": [ 16, 8, 10.125, 6.8 ], "texture": "#texture", "rotation": 90 },
				"west": { "uv": [ 16, 15.7, 10.125, 14 ], "texture": "#texture", "rotation": 90 },
				"east": { "uv": [ 10.125, 0.3000002, 16, 2 ], "texture": "#texture", "rotation": 270 }
			}
		},
		{
			"__comment": "Box47",
			"from": [ 6.875, 7.125, -1.5 ],
			"to": [ 7.075, 8.125, -1 ],
			"rotation": { "origin": [ 6.875, 8.125, -1.5 ], "axis": "z", "angle": -22.5 },
			"faces": {
				"down": { "uv": [ 1, 9.8, 1.5, 10 ], "texture": "#texture", "rotation": 90 },
				"up": { "uv": [ 15, 10, 14.5, 9.8 ], "texture": "#texture", "rotation": 270 },
				"north": { "uv": [ 11.5, 9.8, 12.5, 10 ], "texture": "#texture", "rotation": 270 },
				"south": { "uv": [ 3.5, 9.8, 4.5, 10 ], "texture": "#texture", "rotation": 90 },
				"west": { "uv": [ 3.5, 1, 4.5, 1.5 ], "texture": "#texture", "rotation": 90 },
				"east": { "uv": [ 4.5, 15, 3.5, 14.5 ], "texture": "#texture", "rotation": 270 }
			}
		},
		{
			"__comment": "Box56",
			"from": [ 7.625, 0, -1.75 ],
			"to": [ 8.825, 4.5, -0.75 ],
			"faces": {
				"down": { "uv": [ 7.625, 0.75, 8.825, 1.75 ], "texture": "#1" },
				"up": { "uv": [ 7.625, 14.25, 8.825, 15.25 ], "texture": "#1" },
				"north": { "uv": [ 7.175, 11.5, 8.375, 16 ], "texture": "#1" },
				"south": { "uv": [ 7.625, 11.5, 8.825, 16 ], "texture": "#1" },
				"west": { "uv": [ 14.25, 11.5, 15.25, 16 ], "texture": "#1" },
				"east": { "uv": [ 0.75, 11.5, 1.75, 16 ], "texture": "#1" }
			}
		},
		{
			"__comment": "Box56",
			"from": [ 7.5, 0, -1.875 ],
			"to": [ 8.9, 0.2, -0.675 ],
			"faces": {
				"down": { "uv": [ 7.5, 0.6750002, 8.9, 1.875 ], "texture": "#texture" },
				"up": { "uv": [ 7.5, 14.125, 8.9, 15.325 ], "texture": "#texture" },
				"north": { "uv": [ 7.1, 15.8, 8.5, 16 ], "texture": "#texture" },
				"south": { "uv": [ 7.5, 15.8, 8.9, 16 ], "texture": "#texture" },
				"west": { "uv": [ 14.125, 15.8, 15.325, 16 ], "texture": "#texture" },
				"east": { "uv": [ 0.6749992, 15.8, 1.875, 16 ], "texture": "#texture" }
			}
		},
		{
			"__comment": "Box58",
			"from": [ 5.125, 8.5, -0.875 ],
			"to": [ 6.125, 8.8, -0.405 ],
			"faces": {
				"down": { "uv": [ 5.125, 0.4049997, 6.125, 0.875 ], "texture": "#-1" },
				"up": { "uv": [ 5.125, 15.125, 6.125, 15.595 ], "texture": "#-1" },
				"north": { "uv": [ 9.875, 7.2, 10.875, 7.5 ], "texture": "#-1" },
				"south": { "uv": [ 5.125, 7.2, 6.125, 7.5 ], "texture": "#-1" },
				"west": { "uv": [ 15.125, 7.2, 15.595, 7.5 ], "texture": "#-1" },
				"east": { "uv": [ 0.4050007, 7.2, 0.875, 7.5 ], "texture": "#-1" }
			}
		},
		{
			"__comment": "Box58",
			"from": [ 5, 8.375, -0.875 ],
			"to": [ 5.5, 8.875, -0.375 ],
			"faces": {
				"down": { "uv": [ 5, 0.375, 5.5, 0.875 ], "texture": "#-1" },
				"up": { "uv": [ 5, 15.125, 5.5, 15.625 ], "texture": "#-1" },
				"north": { "uv": [ 10.5, 7.125, 11, 7.625 ], "texture": "#-1" },
				"south": { "uv": [ 5, 7.125, 5.5, 7.625 ], "texture": "#-1" },
				"west": { "uv": [ 15.125, 7.125, 15.625, 7.625 ], "texture": "#-1" },
				"east": { "uv": [ 0.375, 7.125, 0.875, 7.625 ], "texture": "#-1" }
			}
		},
		{
			"__comment": "Box60",
			"from": [ 12.5, 8.125, -2 ],
			"to": [ 19.5, 8.625, -1.8 ],
			"faces": {
				"down": { "uv": [ 12.5, 1.8, 16, 2 ], "texture": "#4" },
				"up": { "uv": [ 12.5, 14, 16, 14.2 ], "texture": "#4" },
				"north": { "uv": [ 0, 7.375, 3.5, 7.875 ], "texture": "#4" },
				"south": { "uv": [ 12.5, 7.375, 16, 7.875 ], "texture": "#4" },
				"west": { "uv": [ 14, 7.375, 14.2, 7.875 ], "texture": "#4" },
				"east": { "uv": [ 1.799999, 7.375, 2, 7.875 ], "texture": "#4" }
			}
		},
		{
			"__comment": "Box60",
			"from": [ 12.5, 8.125, -0.75 ],
			"to": [ 19.5, 8.625, -0.55 ],
			"faces": {
				"down": { "uv": [ 12.5, 0.5500002, 16, 0.75 ], "texture": "#4" },
				"up": { "uv": [ 12.5, 15.25, 16, 15.45 ], "texture": "#4" },
				"north": { "uv": [ 0, 7.375, 3.5, 7.875 ], "texture": "#4" },
				"south": { "uv": [ 12.5, 7.375, 16, 7.875 ], "texture": "#4" },
				"west": { "uv": [ 15.25, 7.375, 15.45, 7.875 ], "texture": "#4" },
				"east": { "uv": [ 0.5499992, 7.375, 0.75, 7.875 ], "texture": "#4" }
			}
		},
		{
			"__comment": "Box62",
			"from": [ 12.5, 8, -2.1 ],
			"to": [ 12.6, 10.5, -0.4499999 ],
			"faces": {
				"down": { "uv": [ 12.5, 0.4499998, 12.6, 2.1 ], "texture": "#texture" },
				"up": { "uv": [ 12.5, 13.9, 12.6, 15.55 ], "texture": "#texture" },
				"north": { "uv": [ 3.4, 5.5, 3.5, 8 ], "texture": "#texture" },
				"south": { "uv": [ 12.5, 5.5, 12.6, 8 ], "texture": "#texture" },
				"west": { "uv": [ 13.9, 5.5, 15.55, 8 ], "texture": "#texture" },
				"east": { "uv": [ 0.4500008, 5.5, 2.1, 8 ], "texture": "#texture" }
			}
		},
		{
			"__comment": "Box62",
			"from": [ 12.5, 9.7, -1.255 ],
			"to": [ 12.6, 10.5, -0.455 ],
			"rotation": { "origin": [ 12.5, 10.5, -0.4549999 ], "axis": "x", "angle": 45 },
			"faces": {
				"down": { "uv": [ 12.5, 0, 12.6, 0.5 ], "texture": "#texture" },
				"up": { "uv": [ 12.5, 15.5, 12.6, 16 ], "texture": "#texture" },
				"north": { "uv": [ 12.6, 5.5, 12.5, 4.5 ], "texture": "#texture" },
				"south": { "uv": [ 3.5, 5.5, 3.4, 4.5 ], "texture": "#texture" },
				"west": { "uv": [ 0, 4.5, 0.5, 5.5 ], "texture": "#texture", "rotation": 180 },
				"east": { "uv": [ 15.5, 4.5, 16, 5.5 ], "texture": "#texture", "rotation": 180 }
			}
		},
		{
			"__comment": "Box62",
			"from": [ 12.5, 9.7, -1.775 ],
			"to": [ 12.6, 10.5, -0.975 ],
			"rotation": { "origin": [ 12.5, 10.5, -0.9749999 ], "axis": "x", "angle": 45 },
			"faces": {
				"down": { "uv": [ 12.5, 0, 12.6, 0.5 ], "texture": "#texture" },
				"up": { "uv": [ 12.5, 15.5, 12.6, 16 ], "texture": "#texture" },
				"north": { "uv": [ 12.6, 5.5, 12.5, 4.5 ], "texture": "#texture" },
				"south": { "uv": [ 3.5, 5.5, 3.4, 4.5 ], "texture": "#texture" },
				"west": { "uv": [ 0, 4.5, 0.5, 5.5 ], "texture": "#texture", "rotation": 180 },
				"east": { "uv": [ 15.5, 4.5, 16, 5.5 ], "texture": "#texture", "rotation": 180 }
			}
		},
		{
			"__comment": "Box187",
			"from": [ 3.875, 10.375, -2 ],
			"to": [ 11.775, 10.475, -1.7 ],
			"faces": {
				"down": { "uv": [ 3.875, 1.5, 11.775, 2 ], "texture": "#3" },
				"up": { "uv": [ 3.875, 14, 11.775, 14.5 ], "texture": "#3" },
				"north": { "uv": [ 4.225, 5.525, 12.125, 5.625 ], "texture": "#3" },
				"south": { "uv": [ 3.875, 5.525, 11.775, 5.625 ], "texture": "#3" },
				"west": { "uv": [ 14, 5.525, 14.5, 5.625 ], "texture": "#3" },
				"east": { "uv": [ 1.5, 5.525, 2, 5.625 ], "texture": "#3" }
			}
		},
		{
			"__comment": "Box187",
			"from": [ 3.875, 10.375, -0.8 ],
			"to": [ 11.775, 10.475, -0.4999999 ],
			"faces": {
				"down": { "uv": [ 3.875, 0.5, 11.775, 0.8000002 ], "texture": "#3" },
				"up": { "uv": [ 3.875, 15.2, 11.775, 15.5 ], "texture": "#3" },
				"north": { "uv": [ 4.225, 5.525, 12.125, 5.625 ], "texture": "#3" },
				"south": { "uv": [ 3.875, 5.525, 11.775, 5.625 ], "texture": "#3" },
				"west": { "uv": [ 15.2, 5.525, 15.5, 5.625 ], "texture": "#3" },
				"east": { "uv": [ 0.5, 5.525, 0.7999992, 5.625 ], "texture": "#3" }
			}
		},
		{
			"__comment": "Box67",
			"from": [ 9, 10.375, -2 ],
			"to": [ 9.3, 10.475, -1.7 ],
			"rotation": { "origin": [ 9, 10.375, -2 ], "axis": "y", "angle": -22.5 },
			"faces": {
				"down": { "uv": [ 0, 2.575, 0.05000001, 2.875 ], "texture": "#3" },
				"up": { "uv": [ 0, 13.125, 0.05000001, 13.425 ], "texture": "#3" },
				"north": { "uv": [ 15.95, 15.9, 16, 16 ], "texture": "#3" },
				"south": { "uv": [ 0, 15.9, 0.05000001, 16 ], "texture": "#3" },
				"west": { "uv": [ 13.125, 15.9, 13.425, 16 ], "texture": "#3" },
				"east": { "uv": [ 2.575001, 15.9, 2.875, 16 ], "texture": "#3" }
			}
		},
		{
			"__comment": "Box67",
			"from": [ 8.7, 10.375, -2 ],
			"to": [ 9, 10.475, -1.7 ],
			"faces": {
				"down": { "uv": [ 0, 2.575, 0.05000001, 2.875 ], "texture": "#3", "rotation": 270 },
				"up": { "uv": [ 0, 13.125, 0.05000001, 13.425 ], "texture": "#3", "rotation": 90 },
				"north": { "uv": [ 13.125, 15.9, 13.425, 16 ], "texture": "#3" },
				"south": { "uv": [ 2.575001, 15.9, 2.875, 16 ], "texture": "#3" },
				"west": { "uv": [ 0, 15.9, 0.05000001, 16 ], "texture": "#3" },
				"east": { "uv": [ 15.95, 15.9, 16, 16 ], "texture": "#3" }
			}
		},
		{
			"__comment": "Box67",
			"from": [ 9.2772, 10.375, -2.1148 ],
			"to": [ 9.5772, 10.475, -1.8148 ],
			"rotation": { "origin": [ 9, 10.375, -2 ], "axis": "y", "angle": -45 },
			"faces": {
				"down": { "uv": [ 0.05, 2.575, 0.35, 2.875 ], "texture": "#3" },
				"up": { "uv": [ 0.05, 13.125, 0.35, 13.425 ], "texture": "#3" },
				"north": { "uv": [ 15.65, 15.9, 15.95, 16 ], "texture": "#3" },
				"south": { "uv": [ 0.05, 15.9, 0.35, 16 ], "texture": "#3" },
				"west": { "uv": [ 13.125, 15.9, 13.425, 16 ], "texture": "#3" },
				"east": { "uv": [ 2.575001, 15.9, 2.875, 16 ], "texture": "#3" }
			}
		},
		{
			"__comment": "Box67",
			"from": [ 9.2963, 10.375, -1.4012 ],
			"to": [ 9.5963, 10.475, -1.1012 ],
			"faces": {
				"down": { "uv": [ 0.05, 2.575, 0.35, 2.875 ], "texture": "#3", "rotation": 270 },
				"up": { "uv": [ 0.05, 13.125, 0.35, 13.425 ], "texture": "#3", "rotation": 90 },
				"north": { "uv": [ 13.125, 15.9, 13.425, 16 ], "texture": "#3" },
				"south": { "uv": [ 2.575001, 15.9, 2.875, 16 ], "texture": "#3" },
				"west": { "uv": [ 0.05, 15.9, 0.35, 16 ], "texture": "#3" },
				"east": { "uv": [ 15.65, 15.9, 15.95, 16 ], "texture": "#3" }
			}
		},
		{
			"__comment": "Box67",
			"from": [ 9.0217, 10.375, -1.5186 ],
			"to": [ 9.3217, 10.475, -1.2186 ],
			"rotation": { "origin": [ 9, 10.375, -2 ], "axis": "y", "angle": 22.5 },
			"faces": {
				"down": { "uv": [ 0, 2.575, 0.05000001, 2.875 ], "texture": "#3", "rotation": 270 },
				"up": { "uv": [ 0, 13.125, 0.05000001, 13.425 ], "texture": "#3", "rotation": 90 },
				"north": { "uv": [ 13.125, 15.9, 13.425, 16 ], "texture": "#3" },
				"south": { "uv": [ 2.575001, 15.9, 2.875, 16 ], "texture": "#3" },
				"west": { "uv": [ 0, 15.9, 0.05000001, 16 ], "texture": "#3" },
				"east": { "uv": [ 15.95, 15.9, 16, 16 ], "texture": "#3" }
			}
		},
		{
			"__comment": "Box67",
			"from": [ 9.267799, 10.375, -2.113 ],
			"to": [ 9.5678, 10.475, -1.813 ],
			"rotation": { "origin": [ 9, 10.375, -2 ], "axis": "y", "angle": -45 },
			"faces": {
				"down": { "uv": [ 0, 2.575, 0.05000001, 2.875 ], "texture": "#3", "rotation": 270 },
				"up": { "uv": [ 0, 13.125, 0.05000001, 13.425 ], "texture": "#3", "rotation": 90 },
				"north": { "uv": [ 13.125, 15.9, 13.425, 16 ], "texture": "#3" },
				"south": { "uv": [ 2.575001, 15.9, 2.875, 16 ], "texture": "#3" },
				"west": { "uv": [ 0, 15.9, 0.05000001, 16 ], "texture": "#3" },
				"east": { "uv": [ 15.95, 15.9, 16, 16 ], "texture": "#3" }
			}
		},
		{
			"__comment": "Box67",
			"from": [ 8.6912, 10.375, -0.8154 ],
			"to": [ 8.9912, 10.475, -0.5154 ],
			"faces": {
				"down": { "uv": [ 0.05, 2.575, 0.35, 2.875 ], "texture": "#3", "rotation": 180 },
				"up": { "uv": [ 0.05, 13.125, 0.35, 13.425 ], "texture": "#3", "rotation": 180 },
				"north": { "uv": [ 0.05, 15.9, 0.35, 16 ], "texture": "#3" },
				"south": { "uv": [ 15.65, 15.9, 15.95, 16 ], "texture": "#3" },
				"west": { "uv": [ 2.575001, 15.9, 2.875, 16 ], "texture": "#3" },
				"east": { "uv": [ 13.125, 15.9, 13.425, 16 ], "texture": "#3" }
			}
		},
		{
			"__comment": "Box67",
			"from": [ 8.423699, 10.375, -0.9317 ],
			"to": [ 8.7237, 10.475, -0.6317 ],
			"rotation": { "origin": [ 9, 10.375, -2 ], "axis": "y", "angle": 22.5 },
			"faces": {
				"down": { "uv": [ 0, 2.575, 0.05000001, 2.875 ], "texture": "#3", "rotation": 180 },
				"up": { "uv": [ 0, 13.125, 0.05000001, 13.425 ], "texture": "#3", "rotation": 180 },
				"north": { "uv": [ 0, 15.9, 0.05000001, 16 ], "texture": "#3" },
				"south": { "uv": [ 15.95, 15.9, 16, 16 ], "texture": "#3" },
				"west": { "uv": [ 2.575001, 15.9, 2.875, 16 ], "texture": "#3" },
				"east": { "uv": [ 13.125, 15.9, 13.425, 16 ], "texture": "#3" }
			}
		},
		{
			"__comment": "Box67",
			"from": [ 9.858399, 10.375, -1.5211 ],
			"to": [ 10.1584, 10.475, -1.2211 ],
			"rotation": { "origin": [ 9, 10.375, -2 ], "axis": "y", "angle": -45 },
			"faces": {
				"down": { "uv": [ 0, 2.575, 0.05000001, 2.875 ], "texture": "#3", "rotation": 180 },
				"up": { "uv": [ 0, 13.125, 0.05000001, 13.425 ], "texture": "#3", "rotation": 180 },
				"north": { "uv": [ 0, 15.9, 0.05000001, 16 ], "texture": "#3" },
				"south": { "uv": [ 15.95, 15.9, 16, 16 ], "texture": "#3" },
				"west": { "uv": [ 2.575001, 15.9, 2.875, 16 ], "texture": "#3" },
				"east": { "uv": [ 13.125, 15.9, 13.425, 16 ], "texture": "#3" }
			}
		},
		{
			"__comment": "Box67",
			"from": [ 9.585, 10.375, -1.405 ],
			"to": [ 9.885, 10.475, -1.105 ],
			"rotation": { "origin": [ 9, 10.375, -2 ], "axis": "y", "angle": -22.5 },
			"faces": {
				"down": { "uv": [ 0, 2.575, 0.05000001, 2.875 ], "texture": "#3", "rotation": 270 },
				"up": { "uv": [ 0, 13.125, 0.05000001, 13.425 ], "texture": "#3", "rotation": 90 },
				"north": { "uv": [ 13.125, 15.9, 13.425, 16 ], "texture": "#3" },
				"south": { "uv": [ 2.575001, 15.9, 2.875, 16 ], "texture": "#3" },
				"west": { "uv": [ 0, 15.9, 0.05000001, 16 ], "texture": "#3" },
				"east": { "uv": [ 15.95, 15.9, 16, 16 ], "texture": "#3" }
			}
		},
		{
			"__comment": "Box67",
			"from": [ 9.2899, 10.375, -1.4116 ],
			"to": [ 9.5899, 10.475, -1.1116 ],
			"faces": {
				"down": { "uv": [ 0, 2.575, 0.05000001, 2.875 ], "texture": "#3", "rotation": 180 },
				"up": { "uv": [ 0, 13.125, 0.05000001, 13.425 ], "texture": "#3", "rotation": 180 },
				"north": { "uv": [ 0, 15.9, 0.05000001, 16 ], "texture": "#3" },
				"south": { "uv": [ 15.95, 15.9, 16, 16 ], "texture": "#3" },
				"west": { "uv": [ 2.575001, 15.9, 2.875, 16 ], "texture": "#3" },
				"east": { "uv": [ 13.125, 15.9, 13.425, 16 ], "texture": "#3" }
			}
		},
		{
			"__comment": "Box67",
			"from": [ 8.95, 10.375, -0.8 ],
			"to": [ 9.25, 10.475, -0.4999999 ],
			"rotation": { "origin": [ 9, 10.375, -2 ], "axis": "y", "angle": -22.5 },
			"faces": {
				"down": { "uv": [ 0.05, 2.575, 0.35, 2.875 ], "texture": "#3", "rotation": 180 },
				"up": { "uv": [ 0.05, 13.125, 0.35, 13.425 ], "texture": "#3", "rotation": 180 },
				"north": { "uv": [ 0.05, 15.9, 0.35, 16 ], "texture": "#3" },
				"south": { "uv": [ 15.65, 15.9, 15.95, 16 ], "texture": "#3" },
				"west": { "uv": [ 2.575001, 15.9, 2.875, 16 ], "texture": "#3" },
				"east": { "uv": [ 13.125, 15.9, 13.425, 16 ], "texture": "#3" }
			}
		},
		{
			"__comment": "Box67",
			"from": [ 8.656899, 10.375, -0.8185 ],
			"to": [ 8.9569, 10.475, -0.5185 ],
			"faces": {
				"down": { "uv": [ 0, 2.575, 0.05000001, 2.875 ], "texture": "#3", "rotation": 180 },
				"up": { "uv": [ 0, 13.125, 0.05000001, 13.425 ], "texture": "#3", "rotation": 180 },
				"north": { "uv": [ 0, 15.9, 0.05000001, 16 ], "texture": "#3" },
				"south": { "uv": [ 15.95, 15.9, 16, 16 ], "texture": "#3" },
				"west": { "uv": [ 2.575001, 15.9, 2.875, 16 ], "texture": "#3" },
				"east": { "uv": [ 13.125, 15.9, 13.425, 16 ], "texture": "#3" }
			}
		},
		{
			"__comment": "Box67",
			"from": [ 8.3252, 10.375, -2.1556 ],
			"to": [ 8.6252, 10.475, -1.8556 ],
			"rotation": { "origin": [ 9, 10.375, -2 ], "axis": "y", "angle": 22.5 },
			"faces": {
				"down": { "uv": [ 0, 2.575, 0.05000001, 2.875 ], "texture": "#3", "rotation": 270 },
				"up": { "uv": [ 0, 13.125, 0.05000001, 13.425 ], "texture": "#3", "rotation": 90 },
				"north": { "uv": [ 13.125, 15.9, 13.425, 16 ], "texture": "#3" },
				"south": { "uv": [ 2.575001, 15.9, 2.875, 16 ], "texture": "#3" },
				"west": { "uv": [ 0, 15.9, 0.05000001, 16 ], "texture": "#3" },
				"east": { "uv": [ 15.95, 15.9, 16, 16 ], "texture": "#3" }
			}
		},
		{
			"__comment": "Box67",
			"from": [ 8.5942, 10.375, -2.0003 ],
			"to": [ 8.8942, 10.475, -1.7003 ],
			"faces": {
				"down": { "uv": [ 0, 2.575, 0.05000001, 2.875 ], "texture": "#3" },
				"up": { "uv": [ 0, 13.125, 0.05000001, 13.425 ], "texture": "#3" },
				"north": { "uv": [ 15.95, 15.9, 16, 16 ], "texture": "#3" },
				"south": { "uv": [ 0, 15.9, 0.05000001, 16 ], "texture": "#3" },
				"west": { "uv": [ 13.125, 15.9, 13.425, 16 ], "texture": "#3" },
				"east": { "uv": [ 2.575001, 15.9, 2.875, 16 ], "texture": "#3" }
			}
		},
		{
			"__comment": "Box187",
			"from": [ 3.875, 10.375, -1.875 ],
			"to": [ 8.425, 10.475, -1.575 ],
			"faces": {
				"down": { "uv": [ 3.875, 1.575, 8.425, 1.875 ], "texture": "#3" },
				"up": { "uv": [ 3.875, 14.125, 8.425, 14.425 ], "texture": "#3" },
				"north": { "uv": [ 7.575, 5.525, 12.125, 5.625 ], "texture": "#3" },
				"south": { "uv": [ 3.875, 5.525, 8.425, 5.625 ], "texture": "#3" },
				"west": { "uv": [ 14.125, 5.525, 14.425, 5.625 ], "texture": "#3" },
				"east": { "uv": [ 1.575001, 5.525, 1.875, 5.625 ], "texture": "#3" }
			}
		},
		{
			"__comment": "Box187",
			"from": [ 3.875, 10.375, -0.9 ],
			"to": [ 8.495, 10.475, -0.6 ],
			"faces": {
				"down": { "uv": [ 3.875, 0.6000004, 8.425, 0.8999996 ], "texture": "#3" },
				"up": { "uv": [ 3.875, 15.1, 8.425, 15.4 ], "texture": "#3" },
				"north": { "uv": [ 7.575, 5.4, 12.125, 5.5 ], "texture": "#3" },
				"south": { "uv": [ 3.875, 5.4, 8.425, 5.5 ], "texture": "#3" },
				"west": { "uv": [ 15.1, 5.4, 15.4, 5.5 ], "texture": "#3" },
				"east": { "uv": [ 0.6000004, 5.4, 0.8999996, 5.5 ], "texture": "#3" }
			}
		},
		{
			"__comment": "Box187",
			"from": [ 3.875, 10.375, -2 ],
			"to": [ 5.875, 10.475, -0.7 ],
			"faces": {
				"down": { "uv": [ 3.875, 0.3000002, 6.875, 2 ], "texture": "#3" },
				"up": { "uv": [ 3.875, 14, 6.875, 15.7 ], "texture": "#3" },
				"north": { "uv": [ 9.125, 5.525, 12.125, 5.625 ], "texture": "#3" },
				"south": { "uv": [ 3.875, 5.525, 6.875, 5.625 ], "texture": "#3" },
				"west": { "uv": [ 14, 5.525, 15.7, 5.625 ], "texture": "#3" },
				"east": { "uv": [ 0.2999992, 5.525, 2, 5.625 ], "texture": "#3" }
			}
		},
		{
			"__comment": "Element",
			"from": [ 5.9005, 10.575, -1.75 ],
			"to": [ 6.099421, 10.9, -1.35 ],
			"rotation": { "origin": [ 6, 10.675, -1.25 ], "axis": "y", "angle": -45 },
			"faces": {
				"down": { "uv": [ 0, 0, 0.19891, 0.3999996 ], "texture": "#0" },
				"up": { "uv": [ 0, 0, 0.19891, 0.3999996 ], "texture": "#0" },
				"north": { "uv": [ 0, 0, 0.19891, 0.3249998 ], "texture": "#0" },
				"south": { "uv": [ 0, 0, 0.19891, 0.3249998 ], "texture": "#0" },
				"west": { "uv": [ 0, 0, 0.4, 0.3249998 ], "texture": "#0" },
				"east": { "uv": [ 0, 0, 0.4, 0.3249998 ], "texture": "#0" }
			}
		},
		{
			"__comment": "Element",
			"from": [ 5.9005, 10.575, -1.75 ],
			"to": [ 6.099421, 10.9, -1.35 ],
			"rotation": { "origin": [ 6, 10.675, -1.25 ], "axis": "y", "angle": -22.5 },
			"faces": {
				"down": { "uv": [ 0, 0, 0.19891, 0.3999996 ], "texture": "#0" },
				"up": { "uv": [ 0, 0, 0.19891, 0.3999996 ], "texture": "#0" },
				"north": { "uv": [ 0, 0, 0.19891, 0.3249998 ], "texture": "#0" },
				"south": { "uv": [ 0, 0, 0.19891, 0.3249998 ], "texture": "#0" },
				"west": { "uv": [ 0, 0, 0.4, 0.3249998 ], "texture": "#0" },
				"east": { "uv": [ 0, 0, 0.4, 0.3249998 ], "texture": "#0" }
			}
		},
		{
			"__comment": "Element",
			"from": [ 5.9005, 10.575, -1.75 ],
			"to": [ 6.099421, 10.9, -1.35 ],
			"faces": {
				"down": { "uv": [ 0, 0, 0.19891, 0.3999996 ], "texture": "#0" },
				"up": { "uv": [ 0, 0, 0.19891, 0.3999996 ], "texture": "#0" },
				"north": { "uv": [ 0, 0, 0.19891, 0.3249998 ], "texture": "#0" },
				"south": { "uv": [ 0, 0, 0.19891, 0.3249998 ], "texture": "#0" },
				"west": { "uv": [ 0, 0, 0.4, 0.3249998 ], "texture": "#0" },
				"east": { "uv": [ 0, 0, 0.4, 0.3249998 ], "texture": "#0" }
			}
		},
		{
			"__comment": "Element",
			"from": [ 5.9005, 10.575, -1.75 ],
			"to": [ 6.099421, 10.9, -1.35 ],
			"rotation": { "origin": [ 6, 10.675, -1.25 ], "axis": "y", "angle": 22.5 },
			"faces": {
				"down": { "uv": [ 0, 0, 0.19891, 0.3999996 ], "texture": "#0" },
				"up": { "uv": [ 0, 0, 0.19891, 0.3999996 ], "texture": "#0" },
				"north": { "uv": [ 0, 0, 0.19891, 0.3249998 ], "texture": "#0" },
				"south": { "uv": [ 0, 0, 0.19891, 0.3249998 ], "texture": "#0" },
				"west": { "uv": [ 0, 0, 0.4, 0.3249998 ], "texture": "#0" },
				"east": { "uv": [ 0, 0, 0.4, 0.3249998 ], "texture": "#0" }
			}
		},
		{
			"__comment": "Element",
			"from": [ 5.9005, 10.575, -1.75 ],
			"to": [ 6.099421, 10.9, -1.35 ],
			"rotation": { "origin": [ 6, 10.675, -1.25 ], "axis": "y", "angle": 45 },
			"faces": {
				"down": { "uv": [ 0, 0, 0.19891, 0.3999996 ], "texture": "#0" },
				"up": { "uv": [ 0, 0, 0.19891, 0.3999996 ], "texture": "#0" },
				"north": { "uv": [ 0, 0, 0.19891, 0.3249998 ], "texture": "#0" },
				"south": { "uv": [ 0, 0, 0.19891, 0.3249998 ], "texture": "#0" },
				"west": { "uv": [ 0, 0, 0.4, 0.3249998 ], "texture": "#0" },
				"east": { "uv": [ 0, 0, 0.4, 0.3249998 ], "texture": "#0" }
			}
		},
		{
			"__comment": "Element",
			"from": [ 5.9005, 10.575, -1.15 ],
			"to": [ 6.099421, 10.9, -0.7500001 ],
			"rotation": { "origin": [ 6, 10.675, -1.25 ], "axis": "y", "angle": -45 },
			"faces": {
				"down": { "uv": [ 0, 0, 0.19891, 0.3999996 ], "texture": "#0" },
				"up": { "uv": [ 0, 0, 0.19891, 0.3999996 ], "texture": "#0" },
				"north": { "uv": [ 0, 0, 0.19891, 0.3249998 ], "texture": "#0" },
				"south": { "uv": [ 0, 0, 0.19891, 0.3249998 ], "texture": "#0" },
				"west": { "uv": [ 0, 0, 0.4, 0.3249998 ], "texture": "#0" },
				"east": { "uv": [ 0, 0, 0.4, 0.3249998 ], "texture": "#0" }
			}
		},
		{
			"__comment": "Element",
			"from": [ 5.9005, 10.575, -1.15 ],
			"to": [ 6.099421, 10.9, -0.7500001 ],
			"rotation": { "origin": [ 6, 10.675, -1.25 ], "axis": "y", "angle": -22.5 },
			"faces": {
				"down": { "uv": [ 0, 0, 0.19891, 0.3999996 ], "texture": "#0" },
				"up": { "uv": [ 0, 0, 0.19891, 0.3999996 ], "texture": "#0" },
				"north": { "uv": [ 0, 0, 0.19891, 0.3249998 ], "texture": "#0" },
				"south": { "uv": [ 0, 0, 0.19891, 0.3249998 ], "texture": "#0" },
				"west": { "uv": [ 0, 0, 0.4, 0.3249998 ], "texture": "#0" },
				"east": { "uv": [ 0, 0, 0.4, 0.3249998 ], "texture": "#0" }
			}
		},
		{
			"__comment": "Element",
			"from": [ 5.9005, 10.575, -1.15 ],
			"to": [ 6.099421, 10.9, -0.7500001 ],
			"faces": {
				"down": { "uv": [ 0, 0, 0.19891, 0.3999996 ], "texture": "#0" },
				"up": { "uv": [ 0, 0, 0.19891, 0.3999996 ], "texture": "#0" },
				"north": { "uv": [ 0, 0, 0.19891, 0.3249998 ], "texture": "#0" },
				"south": { "uv": [ 0, 0, 0.19891, 0.3249998 ], "texture": "#0" },
				"west": { "uv": [ 0, 0, 0.4, 0.3249998 ], "texture": "#0" },
				"east": { "uv": [ 0, 0, 0.4, 0.3249998 ], "texture": "#0" }
			}
		},
		{
			"__comment": "Element",
			"from": [ 5.9005, 10.575, -1.15 ],
			"to": [ 6.099421, 10.9, -0.7500001 ],
			"rotation": { "origin": [ 6, 10.675, -1.25 ], "axis": "y", "angle": 22.5 },
			"faces": {
				"down": { "uv": [ 0, 0, 0.19891, 0.3999996 ], "texture": "#0" },
				"up": { "uv": [ 0, 0, 0.19891, 0.3999996 ], "texture": "#0" },
				"north": { "uv": [ 0, 0, 0.19891, 0.3249998 ], "texture": "#0" },
				"south": { "uv": [ 0, 0, 0.19891, 0.3249998 ], "texture": "#0" },
				"west": { "uv": [ 0, 0, 0.4, 0.3249998 ], "texture": "#0" },
				"east": { "uv": [ 0, 0, 0.4, 0.3249998 ], "texture": "#0" }
			}
		},
		{
			"__comment": "Element",
			"from": [ 5.9005, 10.575, -1.15 ],
			"to": [ 6.099421, 10.9, -0.7500001 ],
			"rotation": { "origin": [ 6, 10.675, -1.25 ], "axis": "y", "angle": 45 },
			"faces": {
				"down": { "uv": [ 0, 0, 0.19891, 0.3999996 ], "texture": "#0" },
				"up": { "uv": [ 0, 0, 0.19891, 0.3999996 ], "texture": "#0" },
				"north": { "uv": [ 0, 0, 0.19891, 0.3249998 ], "texture": "#0" },
				"south": { "uv": [ 0, 0, 0.19891, 0.3249998 ], "texture": "#0" },
				"west": { "uv": [ 0, 0, 0.4, 0.3249998 ], "texture": "#0" },
				"east": { "uv": [ 0, 0, 0.4, 0.3249998 ], "texture": "#0" }
			}
		},
		{
			"__comment": "Element",
			"from": [ 5.5, 10.575, -1.3495 ],
			"to": [ 5.9, 10.9, -1.15058 ],
			"rotation": { "origin": [ 6, 10.675, -1.25 ], "axis": "y", "angle": -22.5 },
			"faces": {
				"down": { "uv": [ 0, 0, 0.4, 0.1989098 ], "texture": "#0" },
				"up": { "uv": [ 0, 0, 0.4, 0.1989098 ], "texture": "#0" },
				"north": { "uv": [ 0, 0, 0.4, 0.3249998 ], "texture": "#0" },
				"south": { "uv": [ 0, 0, 0.4, 0.3249998 ], "texture": "#0" },
				"west": { "uv": [ 0, 0, 0.19891, 0.3249998 ], "texture": "#0" },
				"east": { "uv": [ 0, 0, 0.19891, 0.3249998 ], "texture": "#0" }
			}
		},
		{
			"__comment": "Element",
			"from": [ 5.5, 10.575, -1.3495 ],
			"to": [ 5.9, 10.9, -1.15058 ],
			"faces": {
				"down": { "uv": [ 0, 0, 0.4, 0.1989098 ], "texture": "#0" },
				"up": { "uv": [ 0, 0, 0.4, 0.1989098 ], "texture": "#0" },
				"north": { "uv": [ 0, 0, 0.4, 0.3249998 ], "texture": "#0" },
				"south": { "uv": [ 0, 0, 0.4, 0.3249998 ], "texture": "#0" },
				"west": { "uv": [ 0, 0, 0.19891, 0.3249998 ], "texture": "#0" },
				"east": { "uv": [ 0, 0, 0.19891, 0.3249998 ], "texture": "#0" }
			}
		},
		{
			"__comment": "Element",
			"from": [ 5.5, 10.575, -1.3495 ],
			"to": [ 5.9, 10.9, -1.15058 ],
			"rotation": { "origin": [ 6, 10.675, -1.25 ], "axis": "y", "angle": 22.5 },
			"faces": {
				"down": { "uv": [ 0, 0, 0.4, 0.1989098 ], "texture": "#0" },
				"up": { "uv": [ 0, 0, 0.4, 0.1989098 ], "texture": "#0" },
				"north": { "uv": [ 0, 0, 0.4, 0.3249998 ], "texture": "#0" },
				"south": { "uv": [ 0, 0, 0.4, 0.3249998 ], "texture": "#0" },
				"west": { "uv": [ 0, 0, 0.19891, 0.3249998 ], "texture": "#0" },
				"east": { "uv": [ 0, 0, 0.19891, 0.3249998 ], "texture": "#0" }
			}
		},
		{
			"__comment": "Element",
			"from": [ 6.1, 10.575, -1.3495 ],
			"to": [ 6.5, 10.9, -1.15058 ],
			"rotation": { "origin": [ 6, 10.675, -1.25 ], "axis": "y", "angle": -22.5 },
			"faces": {
				"down": { "uv": [ 0, 0, 0.4, 0.1989098 ], "texture": "#0" },
				"up": { "uv": [ 0, 0, 0.4, 0.1989098 ], "texture": "#0" },
				"north": { "uv": [ 0, 0, 0.4, 0.3249998 ], "texture": "#0" },
				"south": { "uv": [ 0, 0, 0.4, 0.3249998 ], "texture": "#0" },
				"west": { "uv": [ 0, 0, 0.19891, 0.3249998 ], "texture": "#0" },
				"east": { "uv": [ 0, 0, 0.19891, 0.3249998 ], "texture": "#0" }
			}
		},
		{
			"__comment": "Element",
			"from": [ 6.1, 10.575, -1.3495 ],
			"to": [ 6.5, 10.9, -1.15058 ],
			"faces": {
				"down": { "uv": [ 0, 0, 0.4, 0.1989098 ], "texture": "#0" },
				"up": { "uv": [ 0, 0, 0.4, 0.1989098 ], "texture": "#0" },
				"north": { "uv": [ 0, 0, 0.4, 0.3249998 ], "texture": "#0" },
				"south": { "uv": [ 0, 0, 0.4, 0.3249998 ], "texture": "#0" },
				"west": { "uv": [ 0, 0, 0.19891, 0.3249998 ], "texture": "#0" },
				"east": { "uv": [ 0, 0, 0.19891, 0.3249998 ], "texture": "#0" }
			}
		},
		{
			"__comment": "Element",
			"from": [ 6.1, 10.575, -1.3495 ],
			"to": [ 6.5, 10.9, -1.15058 ],
			"rotation": { "origin": [ 6, 10.675, -1.25 ], "axis": "y", "angle": 22.5 },
			"faces": {
				"down": { "uv": [ 0, 0, 0.4, 0.1989098 ], "texture": "#0" },
				"up": { "uv": [ 0, 0, 0.4, 0.1989098 ], "texture": "#0" },
				"north": { "uv": [ 0, 0, 0.4, 0.3249998 ], "texture": "#0" },
				"south": { "uv": [ 0, 0, 0.4, 0.3249998 ], "texture": "#0" },
				"west": { "uv": [ 0, 0, 0.19891, 0.3249998 ], "texture": "#0" },
				"east": { "uv": [ 0, 0, 0.19891, 0.3249998 ], "texture": "#0" }
			}
		},
		{
			"__comment": "Element",
			"from": [ 5.9254, 10.375, -1.625 ],
			"to": [ 6.07458, 10.575, -1.525 ],
			"rotation": { "origin": [ 6, 10.875, -1.25 ], "axis": "y", "angle": -45 },
			"faces": {
				"down": { "uv": [ 0, 0, 0.14918, 0.1000004 ], "texture": "#0" },
				"up": { "uv": [ 0, 0, 0.14918, 0.1000004 ], "texture": "#0" },
				"north": { "uv": [ 0, 0, 0.14918, 0.1999998 ], "texture": "#0" },
				"south": { "uv": [ 0, 0, 0.14918, 0.1999998 ], "texture": "#0" },
				"west": { "uv": [ 0, 0, 0.1, 0.1999998 ], "texture": "#0" },
				"east": { "uv": [ 0, 0, 0.1, 0.1999998 ], "texture": "#0" }
			}
		},
		{
			"__comment": "Element",
			"from": [ 5.9254, 10.375, -1.625 ],
			"to": [ 6.07458, 10.575, -1.525 ],
			"rotation": { "origin": [ 6, 10.875, -1.25 ], "axis": "y", "angle": -22.5 },
			"faces": {
				"down": { "uv": [ 0, 0, 0.14918, 0.1000004 ], "texture": "#0" },
				"up": { "uv": [ 0, 0, 0.14918, 0.1000004 ], "texture": "#0" },
				"north": { "uv": [ 0, 0, 0.14918, 0.1999998 ], "texture": "#0" },
				"south": { "uv": [ 0, 0, 0.14918, 0.1999998 ], "texture": "#0" },
				"west": { "uv": [ 0, 0, 0.1, 0.1999998 ], "texture": "#0" },
				"east": { "uv": [ 0, 0, 0.1, 0.1999998 ], "texture": "#0" }
			}
		},
		{
			"__comment": "Element",
			"from": [ 5.9254, 10.375, -1.625 ],
			"to": [ 6.07458, 10.575, -1.525 ],
			"faces": {
				"down": { "uv": [ 0, 0, 0.14918, 0.1000004 ], "texture": "#0" },
				"up": { "uv": [ 0, 0, 0.14918, 0.1000004 ], "texture": "#0" },
				"north": { "uv": [ 0, 0, 0.14918, 0.1999998 ], "texture": "#0" },
				"south": { "uv": [ 0, 0, 0.14918, 0.1999998 ], "texture": "#0" },
				"west": { "uv": [ 0, 0, 0.1, 0.1999998 ], "texture": "#0" },
				"east": { "uv": [ 0, 0, 0.1, 0.1999998 ], "texture": "#0" }
			}
		},
		{
			"__comment": "Element",
			"from": [ 5.9254, 10.375, -1.625 ],
			"to": [ 6.07458, 10.575, -1.525 ],
			"rotation": { "origin": [ 6, 10.875, -1.25 ], "axis": "y", "angle": 22.5 },
			"faces": {
				"down": { "uv": [ 0, 0, 0.14918, 0.1000004 ], "texture": "#0" },
				"up": { "uv": [ 0, 0, 0.14918, 0.1000004 ], "texture": "#0" },
				"north": { "uv": [ 0, 0, 0.14918, 0.1999998 ], "texture": "#0" },
				"south": { "uv": [ 0, 0, 0.14918, 0.1999998 ], "texture": "#0" },
				"west": { "uv": [ 0, 0, 0.1, 0.1999998 ], "texture": "#0" },
				"east": { "uv": [ 0, 0, 0.1, 0.1999998 ], "texture": "#0" }
			}
		},
		{
			"__comment": "Element",
			"from": [ 5.9254, 10.375, -1.625 ],
			"to": [ 6.07458, 10.575, -1.525 ],
			"rotation": { "origin": [ 6, 10.875, -1.25 ], "axis": "y", "angle": 45 },
			"faces": {
				"down": { "uv": [ 0, 0, 0.14918, 0.1000004 ], "texture": "#0" },
				"up": { "uv": [ 0, 0, 0.14918, 0.1000004 ], "texture": "#0" },
				"north": { "uv": [ 0, 0, 0.14918, 0.1999998 ], "texture": "#0" },
				"south": { "uv": [ 0, 0, 0.14918, 0.1999998 ], "texture": "#0" },
				"west": { "uv": [ 0, 0, 0.1, 0.1999998 ], "texture": "#0" },
				"east": { "uv": [ 0, 0, 0.1, 0.1999998 ], "texture": "#0" }
			}
		},
		{
			"__comment": "Element",
			"from": [ 5.9254, 10.375, -0.975 ],
			"to": [ 6.07458, 10.575, -0.8749998 ],
			"rotation": { "origin": [ 6, 10.875, -1.25 ], "axis": "y", "angle": -45 },
			"faces": {
				"down": { "uv": [ 0, 0, 0.14918, 0.1000004 ], "texture": "#0" },
				"up": { "uv": [ 0, 0, 0.14918, 0.1000004 ], "texture": "#0" },
				"north": { "uv": [ 0, 0, 0.14918, 0.1999998 ], "texture": "#0" },
				"south": { "uv": [ 0, 0, 0.14918, 0.1999998 ], "texture": "#0" },
				"west": { "uv": [ 0, 0, 0.1, 0.1999998 ], "texture": "#0" },
				"east": { "uv": [ 0, 0, 0.1, 0.1999998 ], "texture": "#0" }
			}
		},
		{
			"__comment": "Element",
			"from": [ 5.9254, 10.375, -0.975 ],
			"to": [ 6.07458, 10.575, -0.8749998 ],
			"rotation": { "origin": [ 6, 10.875, -1.25 ], "axis": "y", "angle": -22.5 },
			"faces": {
				"down": { "uv": [ 0, 0, 0.14918, 0.1000004 ], "texture": "#0" },
				"up": { "uv": [ 0, 0, 0.14918, 0.1000004 ], "texture": "#0" },
				"north": { "uv": [ 0, 0, 0.14918, 0.1999998 ], "texture": "#0" },
				"south": { "uv": [ 0, 0, 0.14918, 0.1999998 ], "texture": "#0" },
				"west": { "uv": [ 0, 0, 0.1, 0.1999998 ], "texture": "#0" },
				"east": { "uv": [ 0, 0, 0.1, 0.1999998 ], "texture": "#0" }
			}
		},
		{
			"__comment": "Element",
			"from": [ 5.9254, 10.375, -0.975 ],
			"to": [ 6.07458, 10.575, -0.8749998 ],
			"faces": {
				"down": { "uv": [ 0, 0, 0.14918, 0.1000004 ], "texture": "#0" },
				"up": { "uv": [ 0, 0, 0.14918, 0.1000004 ], "texture": "#0" },
				"north": { "uv": [ 0, 0, 0.14918, 0.1999998 ], "texture": "#0" },
				"south": { "uv": [ 0, 0, 0.14918, 0.1999998 ], "texture": "#0" },
				"west": { "uv": [ 0, 0, 0.1, 0.1999998 ], "texture": "#0" },
				"east": { "uv": [ 0, 0, 0.1, 0.1999998 ], "texture": "#0" }
			}
		},
		{
			"__comment": "Element",
			"from": [ 5.9254, 10.375, -0.975 ],
			"to": [ 6.07458, 10.575, -0.8749998 ],
			"rotation": { "origin": [ 6, 10.875, -1.25 ], "axis": "y", "angle": 22.5 },
			"faces": {
				"down": { "uv": [ 0, 0, 0.14918, 0.1000004 ], "texture": "#0" },
				"up": { "uv": [ 0, 0, 0.14918, 0.1000004 ], "texture": "#0" },
				"north": { "uv": [ 0, 0, 0.14918, 0.1999998 ], "texture": "#0" },
				"south": { "uv": [ 0, 0, 0.14918, 0.1999998 ], "texture": "#0" },
				"west": { "uv": [ 0, 0, 0.1, 0.1999998 ], "texture": "#0" },
				"east": { "uv": [ 0, 0, 0.1, 0.1999998 ], "texture": "#0" }
			}
		},
		{
			"__comment": "Element",
			"from": [ 5.9254, 10.375, -0.975 ],
			"to": [ 6.07458, 10.575, -0.8749998 ],
			"rotation": { "origin": [ 6, 10.875, -1.25 ], "axis": "y", "angle": 45 },
			"faces": {
				"down": { "uv": [ 0, 0, 0.14918, 0.1000004 ], "texture": "#0" },
				"up": { "uv": [ 0, 0, 0.14918, 0.1000004 ], "texture": "#0" },
				"north": { "uv": [ 0, 0, 0.14918, 0.1999998 ], "texture": "#0" },
				"south": { "uv": [ 0, 0, 0.14918, 0.1999998 ], "texture": "#0" },
				"west": { "uv": [ 0, 0, 0.1, 0.1999998 ], "texture": "#0" },
				"east": { "uv": [ 0, 0, 0.1, 0.1999998 ], "texture": "#0" }
			}
		},
		{
			"__comment": "Element",
			"from": [ 5.625, 10.375, -1.3246 ],
			"to": [ 5.725, 10.575, -1.17542 ],
			"rotation": { "origin": [ 6, 10.875, -1.25 ], "axis": "y", "angle": -22.5 },
			"faces": {
				"down": { "uv": [ 0, 0, 0.1, 0.1491804 ], "texture": "#0" },
				"up": { "uv": [ 0, 0, 0.1, 0.1491804 ], "texture": "#0" },
				"north": { "uv": [ 0, 0, 0.1, 0.1999998 ], "texture": "#0" },
				"south": { "uv": [ 0, 0, 0.1, 0.1999998 ], "texture": "#0" },
				"west": { "uv": [ 0, 0, 0.14918, 0.1999998 ], "texture": "#0" },
				"east": { "uv": [ 0, 0, 0.14918, 0.1999998 ], "texture": "#0" }
			}
		},
		{
			"__comment": "Element",
			"from": [ 5.625, 10.375, -1.3246 ],
			"to": [ 5.725, 10.575, -1.17542 ],
			"faces": {
				"down": { "uv": [ 0, 0, 0.1, 0.1491804 ], "texture": "#0" },
				"up": { "uv": [ 0, 0, 0.1, 0.1491804 ], "texture": "#0" },
				"north": { "uv": [ 0, 0, 0.1, 0.1999998 ], "texture": "#0" },
				"south": { "uv": [ 0, 0, 0.1, 0.1999998 ], "texture": "#0" },
				"west": { "uv": [ 0, 0, 0.14918, 0.1999998 ], "texture": "#0" },
				"east": { "uv": [ 0, 0, 0.14918, 0.1999998 ], "texture": "#0" }
			}
		},
		{
			"__comment": "Element",
			"from": [ 5.625, 10.375, -1.3246 ],
			"to": [ 5.725, 10.575, -1.17542 ],
			"rotation": { "origin": [ 6, 10.875, -1.25 ], "axis": "y", "angle": 22.5 },
			"faces": {
				"down": { "uv": [ 0, 0, 0.1, 0.1491804 ], "texture": "#0" },
				"up": { "uv": [ 0, 0, 0.1, 0.1491804 ], "texture": "#0" },
				"north": { "uv": [ 0, 0, 0.1, 0.1999998 ], "texture": "#0" },
				"south": { "uv": [ 0, 0, 0.1, 0.1999998 ], "texture": "#0" },
				"west": { "uv": [ 0, 0, 0.14918, 0.1999998 ], "texture": "#0" },
				"east": { "uv": [ 0, 0, 0.14918, 0.1999998 ], "texture": "#0" }
			}
		},
		{
			"__comment": "Element",
			"from": [ 6.275, 10.375, -1.3246 ],
			"to": [ 6.375, 10.575, -1.17542 ],
			"rotation": { "origin": [ 6, 10.875, -1.25 ], "axis": "y", "angle": -22.5 },
			"faces": {
				"down": { "uv": [ 0, 0, 0.1, 0.1491804 ], "texture": "#0" },
				"up": { "uv": [ 0, 0, 0.1, 0.1491804 ], "texture": "#0" },
				"north": { "uv": [ 0, 0, 0.1, 0.1999998 ], "texture": "#0" },
				"south": { "uv": [ 0, 0, 0.1, 0.1999998 ], "texture": "#0" },
				"west": { "uv": [ 0, 0, 0.14918, 0.1999998 ], "texture": "#0" },
				"east": { "uv": [ 0, 0, 0.14918, 0.1999998 ], "texture": "#0" }
			}
		},
		{
			"__comment": "Element",
			"from": [ 6.275, 10.375, -1.3246 ],
			"to": [ 6.375, 10.575, -1.17542 ],
			"faces": {
				"down": { "uv": [ 0, 0, 0.1, 0.1491804 ], "texture": "#0" },
				"up": { "uv": [ 0, 0, 0.1, 0.1491804 ], "texture": "#0" },
				"north": { "uv": [ 0, 0, 0.1, 0.1999998 ], "texture": "#0" },
				"south": { "uv": [ 0, 0, 0.1, 0.1999998 ], "texture": "#0" },
				"west": { "uv": [ 0, 0, 0.14918, 0.1999998 ], "texture": "#0" },
				"east": { "uv": [ 0, 0, 0.14918, 0.1999998 ], "texture": "#0" }
			}
		},
		{
			"__comment": "Element",
			"from": [ 6.275, 10.375, -1.3246 ],
			"to": [ 6.375, 10.575, -1.17542 ],
			"rotation": { "origin": [ 6, 10.875, -1.25 ], "axis": "y", "angle": 22.5 },
			"faces": {
				"down": { "uv": [ 0, 0, 0.1, 0.1491804 ], "texture": "#0" },
				"up": { "uv": [ 0, 0, 0.1, 0.1491804 ], "texture": "#0" },
				"north": { "uv": [ 0, 0, 0.1, 0.1999998 ], "texture": "#0" },
				"south": { "uv": [ 0, 0, 0.1, 0.1999998 ], "texture": "#0" },
				"west": { "uv": [ 0, 0, 0.14918, 0.1999998 ], "texture": "#0" },
				"east": { "uv": [ 0, 0, 0.14918, 0.1999998 ], "texture": "#0" }
			}
		},
		{
			"__comment": "Element",
			"from": [ 2.7, 9.1903, -1.55 ],
			"to": [ 4, 9.30964, -1.475 ],
			"rotation": { "origin": [ 3.75, 9.25, -1.25 ], "axis": "x", "angle": -45 },
			"faces": {
				"down": { "uv": [ 0, 0, 1.3, 0.07499981 ], "texture": "#0" },
				"up": { "uv": [ 0, 0, 1.3, 0.07499981 ], "texture": "#0" },
				"north": { "uv": [ 0, 0, 1.3, 0.1193504 ], "texture": "#0" },
				"south": { "uv": [ 0, 0, 1.3, 0.1193504 ], "texture": "#0" },
				"west": { "uv": [ 0, 0, 0.075, 0.1193504 ], "texture": "#0" },
				"east": { "uv": [ 0, 0, 0.075, 0.1193504 ], "texture": "#0" }
			}
		},
		{
			"__comment": "Element",
			"from": [ 2.7, 9.1903, -1.55 ],
			"to": [ 4, 9.30964, -1.475 ],
			"rotation": { "origin": [ 3.75, 9.25, -1.25 ], "axis": "x", "angle": -22.5 },
			"faces": {
				"down": { "uv": [ 0, 0, 1.3, 0.07499981 ], "texture": "#0" },
				"up": { "uv": [ 0, 0, 1.3, 0.07499981 ], "texture": "#0" },
				"north": { "uv": [ 0, 0, 1.3, 0.1193504 ], "texture": "#0" },
				"south": { "uv": [ 0, 0, 1.3, 0.1193504 ], "texture": "#0" },
				"west": { "uv": [ 0, 0, 0.075, 0.1193504 ], "texture": "#0" },
				"east": { "uv": [ 0, 0, 0.075, 0.1193504 ], "texture": "#0" }
			}
		},
		{
			"__comment": "Element",
			"from": [ 2.7, 9.1903, -1.55 ],
			"to": [ 4, 9.30964, -1.475 ],
			"faces": {
				"down": { "uv": [ 0, 0, 1.3, 0.07499981 ], "texture": "#0" },
				"up": { "uv": [ 0, 0, 1.3, 0.07499981 ], "texture": "#0" },
				"north": { "uv": [ 0, 0, 1.3, 0.1193504 ], "texture": "#0" },
				"south": { "uv": [ 0, 0, 1.3, 0.1193504 ], "texture": "#0" },
				"west": { "uv": [ 0, 0, 0.075, 0.1193504 ], "texture": "#0" },
				"east": { "uv": [ 0, 0, 0.075, 0.1193504 ], "texture": "#0" }
			}
		},
		{
			"__comment": "Element",
			"from": [ 2.7, 9.1903, -1.55 ],
			"to": [ 4, 9.30964, -1.475 ],
			"rotation": { "origin": [ 3.75, 9.25, -1.25 ], "axis": "x", "angle": 22.5 },
			"faces": {
				"down": { "uv": [ 0, 0, 1.3, 0.07499981 ], "texture": "#0" },
				"up": { "uv": [ 0, 0, 1.3, 0.07499981 ], "texture": "#0" },
				"north": { "uv": [ 0, 0, 1.3, 0.1193504 ], "texture": "#0" },
				"south": { "uv": [ 0, 0, 1.3, 0.1193504 ], "texture": "#0" },
				"west": { "uv": [ 0, 0, 0.075, 0.1193504 ], "texture": "#0" },
				"east": { "uv": [ 0, 0, 0.075, 0.1193504 ], "texture": "#0" }
			}
		},
		{
			"__comment": "Element",
			"from": [ 2.7, 9.1903, -1.55 ],
			"to": [ 4, 9.30964, -1.475 ],
			"rotation": { "origin": [ 3.75, 9.25, -1.25 ], "axis": "x", "angle": 45 },
			"faces": {
				"down": { "uv": [ 0, 0, 1.3, 0.07499981 ], "texture": "#0" },
				"up": { "uv": [ 0, 0, 1.3, 0.07499981 ], "texture": "#0" },
				"north": { "uv": [ 0, 0, 1.3, 0.1193504 ], "texture": "#0" },
				"south": { "uv": [ 0, 0, 1.3, 0.1193504 ], "texture": "#0" },
				"west": { "uv": [ 0, 0, 0.075, 0.1193504 ], "texture": "#0" },
				"east": { "uv": [ 0, 0, 0.075, 0.1193504 ], "texture": "#0" }
			}
		},
		{
			"__comment": "Element",
			"from": [ 2.7, 9.1903, -1.025 ],
			"to": [ 4, 9.30964, -0.95 ],
			"rotation": { "origin": [ 3.75, 9.25, -1.25 ], "axis": "x", "angle": -45 },
			"faces": {
				"down": { "uv": [ 0, 0, 1.3, 0.07499981 ], "texture": "#0" },
				"up": { "uv": [ 0, 0, 1.3, 0.07499981 ], "texture": "#0" },
				"north": { "uv": [ 0, 0, 1.3, 0.1193504 ], "texture": "#0" },
				"south": { "uv": [ 0, 0, 1.3, 0.1193504 ], "texture": "#0" },
				"west": { "uv": [ 0, 0, 0.075, 0.1193504 ], "texture": "#0" },
				"east": { "uv": [ 0, 0, 0.075, 0.1193504 ], "texture": "#0" }
			}
		},
		{
			"__comment": "Element",
			"from": [ 2.7, 9.1903, -1.025 ],
			"to": [ 4, 9.30964, -0.95 ],
			"rotation": { "origin": [ 3.75, 9.25, -1.25 ], "axis": "x", "angle": -22.5 },
			"faces": {
				"down": { "uv": [ 0, 0, 1.3, 0.07499981 ], "texture": "#0" },
				"up": { "uv": [ 0, 0, 1.3, 0.07499981 ], "texture": "#0" },
				"north": { "uv": [ 0, 0, 1.3, 0.1193504 ], "texture": "#0" },
				"south": { "uv": [ 0, 0, 1.3, 0.1193504 ], "texture": "#0" },
				"west": { "uv": [ 0, 0, 0.075, 0.1193504 ], "texture": "#0" },
				"east": { "uv": [ 0, 0, 0.075, 0.1193504 ], "texture": "#0" }
			}
		},
		{
			"__comment": "Element",
			"from": [ 2.7, 9.1903, -1.025 ],
			"to": [ 4, 9.30964, -0.95 ],
			"faces": {
				"down": { "uv": [ 0, 0, 1.3, 0.07499981 ], "texture": "#0" },
				"up": { "uv": [ 0, 0, 1.3, 0.07499981 ], "texture": "#0" },
				"north": { "uv": [ 0, 0, 1.3, 0.1193504 ], "texture": "#0" },
				"south": { "uv": [ 0, 0, 1.3, 0.1193504 ], "texture": "#0" },
				"west": { "uv": [ 0, 0, 0.075, 0.1193504 ], "texture": "#0" },
				"east": { "uv": [ 0, 0, 0.075, 0.1193504 ], "texture": "#0" }
			}
		},
		{
			"__comment": "Element",
			"from": [ 2.7, 9.1903, -1.025 ],
			"to": [ 4, 9.30964, -0.95 ],
			"rotation": { "origin": [ 3.75, 9.25, -1.25 ], "axis": "x", "angle": 22.5 },
			"faces": {
				"down": { "uv": [ 0, 0, 1.3, 0.07499981 ], "texture": "#0" },
				"up": { "uv": [ 0, 0, 1.3, 0.07499981 ], "texture": "#0" },
				"north": { "uv": [ 0, 0, 1.3, 0.1193504 ], "texture": "#0" },
				"south": { "uv": [ 0, 0, 1.3, 0.1193504 ], "texture": "#0" },
				"west": { "uv": [ 0, 0, 0.075, 0.1193504 ], "texture": "#0" },
				"east": { "uv": [ 0, 0, 0.075, 0.1193504 ], "texture": "#0" }
			}
		},
		{
			"__comment": "Element",
			"from": [ 2.7, 9.1903, -1.025 ],
			"to": [ 4, 9.30964, -0.95 ],
			"rotation": { "origin": [ 3.75, 9.25, -1.25 ], "axis": "x", "angle": 45 },
			"faces": {
				"down": { "uv": [ 0, 0, 1.3, 0.07499981 ], "texture": "#0" },
				"up": { "uv": [ 0, 0, 1.3, 0.07499981 ], "texture": "#0" },
				"north": { "uv": [ 0, 0, 1.3, 0.1193504 ], "texture": "#0" },
				"south": { "uv": [ 0, 0, 1.3, 0.1193504 ], "texture": "#0" },
				"west": { "uv": [ 0, 0, 0.075, 0.1193504 ], "texture": "#0" },
				"east": { "uv": [ 0, 0, 0.075, 0.1193504 ], "texture": "#0" }
			}
		},
		{
			"__comment": "Element",
			"from": [ 2.7, 8.95, -1.3097 ],
			"to": [ 4, 9.025, -1.19036 ],
			"rotation": { "origin": [ 3.75, 9.25, -1.25 ], "axis": "x", "angle": -22.5 },
			"faces": {
				"down": { "uv": [ 0, 0, 1.3, 0.1193504 ], "texture": "#0" },
				"up": { "uv": [ 0, 0, 1.3, 0.1193504 ], "texture": "#0" },
				"north": { "uv": [ 0, 0, 1.3, 0.07499981 ], "texture": "#0" },
				"south": { "uv": [ 0, 0, 1.3, 0.07499981 ], "texture": "#0" },
				"west": { "uv": [ 0, 0, 0.11935, 0.07499981 ], "texture": "#0" },
				"east": { "uv": [ 0, 0, 0.11935, 0.07499981 ], "texture": "#0" }
			}
		},
		{
			"__comment": "Element",
			"from": [ 2.7, 8.95, -1.3097 ],
			"to": [ 4, 9.025, -1.19036 ],
			"faces": {
				"down": { "uv": [ 0, 0, 1.3, 0.1193504 ], "texture": "#0" },
				"up": { "uv": [ 0, 0, 1.3, 0.1193504 ], "texture": "#0" },
				"north": { "uv": [ 0, 0, 1.3, 0.07499981 ], "texture": "#0" },
				"south": { "uv": [ 0, 0, 1.3, 0.07499981 ], "texture": "#0" },
				"west": { "uv": [ 0, 0, 0.11935, 0.07499981 ], "texture": "#0" },
				"east": { "uv": [ 0, 0, 0.11935, 0.07499981 ], "texture": "#0" }
			}
		},
		{
			"__comment": "Element",
			"from": [ 2.7, 8.95, -1.3097 ],
			"to": [ 4, 9.025, -1.19036 ],
			"rotation": { "origin": [ 3.75, 9.25, -1.25 ], "axis": "x", "angle": 22.5 },
			"faces": {
				"down": { "uv": [ 0, 0, 1.3, 0.1193504 ], "texture": "#0" },
				"up": { "uv": [ 0, 0, 1.3, 0.1193504 ], "texture": "#0" },
				"north": { "uv": [ 0, 0, 1.3, 0.07499981 ], "texture": "#0" },
				"south": { "uv": [ 0, 0, 1.3, 0.07499981 ], "texture": "#0" },
				"west": { "uv": [ 0, 0, 0.11935, 0.07499981 ], "texture": "#0" },
				"east": { "uv": [ 0, 0, 0.11935, 0.07499981 ], "texture": "#0" }
			}
		},
		{
			"__comment": "Element",
			"from": [ 2.7, 9.474999, -1.3097 ],
			"to": [ 4, 9.549999, -1.19036 ],
			"rotation": { "origin": [ 3.75, 9.25, -1.25 ], "axis": "x", "angle": -22.5 },
			"faces": {
				"down": { "uv": [ 0, 0, 1.3, 0.1193504 ], "texture": "#0" },
				"up": { "uv": [ 0, 0, 1.3, 0.1193504 ], "texture": "#0" },
				"north": { "uv": [ 0, 0, 1.3, 0.07499981 ], "texture": "#0" },
				"south": { "uv": [ 0, 0, 1.3, 0.07499981 ], "texture": "#0" },
				"west": { "uv": [ 0, 0, 0.11935, 0.07499981 ], "texture": "#0" },
				"east": { "uv": [ 0, 0, 0.11935, 0.07499981 ], "texture": "#0" }
			}
		},
		{
			"__comment": "Element",
			"from": [ 2.7, 9.474999, -1.3097 ],
			"to": [ 4, 9.549999, -1.19036 ],
			"faces": {
				"down": { "uv": [ 0, 0, 1.3, 0.1193504 ], "texture": "#0" },
				"up": { "uv": [ 0, 0, 1.3, 0.1193504 ], "texture": "#0" },
				"north": { "uv": [ 0, 0, 1.3, 0.07499981 ], "texture": "#0" },
				"south": { "uv": [ 0, 0, 1.3, 0.07499981 ], "texture": "#0" },
				"west": { "uv": [ 0, 0, 0.11935, 0.07499981 ], "texture": "#0" },
				"east": { "uv": [ 0, 0, 0.11935, 0.07499981 ], "texture": "#0" }
			}
		},
		{
			"__comment": "Element",
			"from": [ 2.7, 9.474999, -1.3097 ],
			"to": [ 4, 9.549999, -1.19036 ],
			"rotation": { "origin": [ 3.75, 9.25, -1.25 ], "axis": "x", "angle": 22.5 },
			"faces": {
				"down": { "uv": [ 0, 0, 1.3, 0.1193504 ], "texture": "#0" },
				"up": { "uv": [ 0, 0, 1.3, 0.1193504 ], "texture": "#0" },
				"north": { "uv": [ 0, 0, 1.3, 0.07499981 ], "texture": "#0" },
				"south": { "uv": [ 0, 0, 1.3, 0.07499981 ], "texture": "#0" },
				"west": { "uv": [ 0, 0, 0.11935, 0.07499981 ], "texture": "#0" },
				"east": { "uv": [ 0, 0, 0.11935, 0.07499981 ], "texture": "#0" }
			}
		},
		{
			"__comment": "Box187",
			"from": [ 9.375, 10.375, -2 ],
			"to": [ 11.375, 10.475, -0.7 ],
			"faces": {
				"down": { "uv": [ 3.875, 0.3000002, 6.875, 2 ], "texture": "#3" },
				"up": { "uv": [ 3.875, 14, 6.875, 15.7 ], "texture": "#3" },
				"north": { "uv": [ 9.125, 5.525, 12.125, 5.625 ], "texture": "#3" },
				"south": { "uv": [ 3.875, 5.525, 6.875, 5.625 ], "texture": "#3" },
				"west": { "uv": [ 14, 5.525, 15.7, 5.625 ], "texture": "#3" },
				"east": { "uv": [ 0.2999992, 5.525, 2, 5.625 ], "texture": "#3" }
			}
		},
		{
			"__comment": "Box134",
			"from": [ 19.5, 6.75, -2.03 ],
			"to": [ 19.7, 8.75, -0.53 ],
			"faces": {
				"down": { "uv": [ 3.5, 0.5299997, 3.700001, 2.03 ], "texture": "#texture" },
				"up": { "uv": [ 3.5, 13.97, 3.700001, 15.47 ], "texture": "#texture" },
				"north": { "uv": [ 12.3, 7.25, 12.5, 9.25 ], "texture": "#texture" },
				"south": { "uv": [ 3.5, 7.25, 3.700001, 9.25 ], "texture": "#texture" },
				"west": { "uv": [ 13.97, 7.25, 15.47, 9.25 ], "texture": "#texture" },
				"east": { "uv": [ 0.5300007, 7.25, 2.030001, 9.25 ], "texture": "#texture" }
			}
		},
		{
			"__comment": "Box134",
			"from": [ 19.5, 6.75, -2.075 ],
			"to": [ 21, 7.75, -1.875 ],
			"faces": {
				"down": { "uv": [ 3.5, 0.5, 3.700001, 2 ], "texture": "#texture", "rotation": 90 },
				"up": { "uv": [ 3.5, 14, 3.700001, 15.5 ], "texture": "#texture", "rotation": 270 },
				"north": { "uv": [ 0.5, 7, 2, 9 ], "texture": "#texture" },
				"south": { "uv": [ 14, 7, 15.5, 9 ], "texture": "#texture" },
				"west": { "uv": [ 12.3, 7, 12.5, 9 ], "texture": "#texture" },
				"east": { "uv": [ 3.5, 7, 3.700001, 9 ], "texture": "#texture" }
			}
		},
		{
			"__comment": "Box134",
			"from": [ 19.5, 6.75, -0.7 ],
			"to": [ 21, 7.75, -0.5 ],
			"faces": {
				"down": { "uv": [ 3.5, 0.5, 3.700001, 2 ], "texture": "#texture", "rotation": 90 },
				"up": { "uv": [ 3.5, 14, 3.700001, 15.5 ], "texture": "#texture", "rotation": 270 },
				"north": { "uv": [ 0.5, 7, 2, 9 ], "texture": "#texture" },
				"south": { "uv": [ 14, 7, 15.5, 9 ], "texture": "#texture" },
				"west": { "uv": [ 12.3, 7, 12.5, 9 ], "texture": "#texture" },
				"east": { "uv": [ 3.5, 7, 3.700001, 9 ], "texture": "#texture" }
			}
		},
		{
			"__comment": "Box137",
			"from": [ 20.5, 7, -2.25 ],
			"to": [ 23.5, 7.3, -1.95 ],
			"rotation": { "origin": [ 20.5, 7, -2.25 ], "axis": "z", "angle": -22.5 },
			"faces": {
				"down": { "uv": [ 5, 1.5, 6, 2 ], "texture": "#4" },
				"up": { "uv": [ 5, 14, 6, 14.5 ], "texture": "#4" },
				"north": { "uv": [ 10, 8.5, 11, 9 ], "texture": "#4" },
				"south": { "uv": [ 5, 8.5, 6, 9 ], "texture": "#4" },
				"west": { "uv": [ 14, 8.5, 14.5, 9 ], "texture": "#4" },
				"east": { "uv": [ 1.5, 8.5, 2, 9 ], "texture": "#4" }
			}
		},
		{
			"__comment": "Box137",
			"from": [ 20.5, 7, -0.625 ],
			"to": [ 23.5, 7.3, -0.325 ],
			"rotation": { "origin": [ 20.5, 7, -0.625 ], "axis": "z", "angle": -22.5 },
			"faces": {
				"down": { "uv": [ 5, 1.5, 6, 2 ], "texture": "#4" },
				"up": { "uv": [ 5, 14, 6, 14.5 ], "texture": "#4" },
				"north": { "uv": [ 10, 8.5, 11, 9 ], "texture": "#4" },
				"south": { "uv": [ 5, 8.5, 6, 9 ], "texture": "#4" },
				"west": { "uv": [ 14, 8.5, 14.5, 9 ], "texture": "#4" },
				"east": { "uv": [ 1.5, 8.5, 2, 9 ], "texture": "#4" }
			}
		},
		{
			"__comment": "Box137",
			"from": [ 23.25, 5.86, -0.625 ],
			"to": [ 23.75, 6.159999, -0.325 ],
			"faces": {
				"down": { "uv": [ 5, 1.5, 6, 2 ], "texture": "#4" },
				"up": { "uv": [ 5, 14, 6, 14.5 ], "texture": "#4" },
				"north": { "uv": [ 10, 8.5, 11, 9 ], "texture": "#4" },
				"south": { "uv": [ 5, 8.5, 6, 9 ], "texture": "#4" },
				"west": { "uv": [ 14, 8.5, 14.5, 9 ], "texture": "#4" },
				"east": { "uv": [ 1.5, 8.5, 2, 9 ], "texture": "#4" }
			}
		},
		{
			"__comment": "Box137",
			"from": [ 23.75, 5.86, -0.625 ],
			"to": [ 24.05, 6.159999, -0.325 ],
			"rotation": { "origin": [ 23.75, 5.86, -0.625 ], "axis": "z", "angle": 22.5 },
			"faces": {
				"down": { "uv": [ 5, 1.5, 6, 2 ], "texture": "#4" },
				"up": { "uv": [ 5, 14, 6, 14.5 ], "texture": "#4" },
				"north": { "uv": [ 10, 8.5, 11, 9 ], "texture": "#4" },
				"south": { "uv": [ 5, 8.5, 6, 9 ], "texture": "#4" },
				"west": { "uv": [ 14, 8.5, 14.5, 9 ], "texture": "#4" },
				"east": { "uv": [ 1.5, 8.5, 2, 9 ], "texture": "#4" }
			}
		},
		{
			"__comment": "Box137",
			"from": [ 24.03, 5.985, -0.625 ],
			"to": [ 24.33, 6.284999, -0.325 ],
			"rotation": { "origin": [ 24.03, 5.985, -0.625 ], "axis": "z", "angle": 45 },
			"faces": {
				"down": { "uv": [ 5, 1.5, 6, 2 ], "texture": "#4" },
				"up": { "uv": [ 5, 14, 6, 14.5 ], "texture": "#4" },
				"north": { "uv": [ 10, 8.5, 11, 9 ], "texture": "#4" },
				"south": { "uv": [ 5, 8.5, 6, 9 ], "texture": "#4" },
				"west": { "uv": [ 14, 8.5, 14.5, 9 ], "texture": "#4" },
				"east": { "uv": [ 1.5, 8.5, 2, 9 ], "texture": "#4" }
			}
		},
		{
			"__comment": "Box137",
			"from": [ 24.08, 6.29, -0.625 ],
			"to": [ 24.38, 6.59, -0.325 ],
			"rotation": { "origin": [ 24.08, 6.59, -0.625 ], "axis": "z", "angle": -22.5 },
			"faces": {
				"down": { "uv": [ 1.5, 8.5, 2, 9 ], "texture": "#4", "rotation": 90 },
				"up": { "uv": [ 14.5, 9, 14, 8.5 ], "texture": "#4", "rotation": 270 },
				"north": { "uv": [ 10, 8.5, 11, 9 ], "texture": "#4", "rotation": 270 },
				"south": { "uv": [ 5, 8.5, 6, 9 ], "texture": "#4", "rotation": 90 },
				"west": { "uv": [ 5, 1.5, 6, 2 ], "texture": "#4", "rotation": 90 },
				"east": { "uv": [ 6, 14.5, 5, 14 ], "texture": "#4", "rotation": 270 }
			}
		},
		{
			"__comment": "Box137",
			"from": [ 24.05, 6.45, -0.625 ],
			"to": [ 24.35, 9.45, -0.325 ],
			"faces": {
				"down": { "uv": [ 6, 2, 5, 1.5 ], "texture": "#4", "rotation": 180 },
				"up": { "uv": [ 6, 14.5, 5, 14 ], "texture": "#4", "rotation": 180 },
				"north": { "uv": [ 11, 9, 10, 8.5 ], "texture": "#4", "rotation": 180 },
				"south": { "uv": [ 6, 9, 5, 8.5 ], "texture": "#4", "rotation": 180 },
				"west": { "uv": [ 14, 8.5, 14.5, 9 ], "texture": "#4" },
				"east": { "uv": [ 1.5, 8.5, 2, 9 ], "texture": "#4" }
			}
		},
		{
			"__comment": "Box137",
			"from": [ 24.03, 5.985, -2.25 ],
			"to": [ 24.33, 6.284999, -1.95 ],
			"rotation": { "origin": [ 24.03, 5.985, -2.25 ], "axis": "z", "angle": 45 },
			"faces": {
				"down": { "uv": [ 5, 1.5, 6, 2 ], "texture": "#4" },
				"up": { "uv": [ 5, 14, 6, 14.5 ], "texture": "#4" },
				"north": { "uv": [ 10, 8.5, 11, 9 ], "texture": "#4" },
				"south": { "uv": [ 5, 8.5, 6, 9 ], "texture": "#4" },
				"west": { "uv": [ 14, 8.5, 14.5, 9 ], "texture": "#4" },
				"east": { "uv": [ 1.5, 8.5, 2, 9 ], "texture": "#4" }
			}
		},
		{
			"__comment": "Box137",
			"from": [ 24.08, 6.29, -2.25 ],
			"to": [ 24.38, 6.59, -1.95 ],
			"rotation": { "origin": [ 24.08, 6.59, -2.25 ], "axis": "z", "angle": -22.5 },
			"faces": {
				"down": { "uv": [ 1.5, 8.5, 2, 9 ], "texture": "#4", "rotation": 90 },
				"up": { "uv": [ 14.5, 9, 14, 8.5 ], "texture": "#4", "rotation": 270 },
				"north": { "uv": [ 10, 8.5, 11, 9 ], "texture": "#4", "rotation": 270 },
				"south": { "uv": [ 5, 8.5, 6, 9 ], "texture": "#4", "rotation": 90 },
				"west": { "uv": [ 5, 1.5, 6, 2 ], "texture": "#4", "rotation": 90 },
				"east": { "uv": [ 6, 14.5, 5, 14 ], "texture": "#4", "rotation": 270 }
			}
		},
		{
			"__comment": "Box137",
			"from": [ 24.05, 6.45, -2.25 ],
			"to": [ 24.35, 9.45, -1.95 ],
			"faces": {
				"down": { "uv": [ 6, 2, 5, 1.5 ], "texture": "#4", "rotation": 180 },
				"up": { "uv": [ 6, 14.5, 5, 14 ], "texture": "#4", "rotation": 180 },
				"north": { "uv": [ 11, 9, 10, 8.5 ], "texture": "#4", "rotation": 180 },
				"south": { "uv": [ 6, 9, 5, 8.5 ], "texture": "#4", "rotation": 180 },
				"west": { "uv": [ 14, 8.5, 14.5, 9 ], "texture": "#4" },
				"east": { "uv": [ 1.5, 8.5, 2, 9 ], "texture": "#4" }
			}
		},
		{
			"__comment": "Box137",
			"from": [ 23.75, 5.86, -2.25 ],
			"to": [ 24.05, 6.159999, -1.95 ],
			"rotation": { "origin": [ 23.75, 5.86, -2.25 ], "axis": "z", "angle": 22.5 },
			"faces": {
				"down": { "uv": [ 5, 1.5, 6, 2 ], "texture": "#4" },
				"up": { "uv": [ 5, 14, 6, 14.5 ], "texture": "#4" },
				"north": { "uv": [ 10, 8.5, 11, 9 ], "texture": "#4" },
				"south": { "uv": [ 5, 8.5, 6, 9 ], "texture": "#4" },
				"west": { "uv": [ 14, 8.5, 14.5, 9 ], "texture": "#4" },
				"east": { "uv": [ 1.5, 8.5, 2, 9 ], "texture": "#4" }
			}
		},
		{
			"__comment": "Box137",
			"from": [ 23.25, 5.86, -2.25 ],
			"to": [ 23.75, 6.159999, -1.95 ],
			"faces": {
				"down": { "uv": [ 5, 1.5, 6, 2 ], "texture": "#4" },
				"up": { "uv": [ 5, 14, 6, 14.5 ], "texture": "#4" },
				"north": { "uv": [ 10, 8.5, 11, 9 ], "texture": "#4" },
				"south": { "uv": [ 5, 8.5, 6, 9 ], "texture": "#4" },
				"west": { "uv": [ 14, 8.5, 14.5, 9 ], "texture": "#4" },
				"east": { "uv": [ 1.5, 8.5, 2, 9 ], "texture": "#4" }
			}
		},
		{
			"__comment": "Box137",
			"from": [ 24.05, 9.45, -0.63 ],
			"to": [ 24.35, 9.75, -0.33 ],
			"rotation": { "origin": [ 24.05, 9.45, -0.33 ], "axis": "x", "angle": -22.5 },
			"faces": {
				"down": { "uv": [ 10, 8.5, 11, 9 ], "texture": "#4", "rotation": 180 },
				"up": { "uv": [ 6, 9, 5, 8.5 ], "texture": "#4", "rotation": 180 },
				"north": { "uv": [ 5, 14, 6, 14.5 ], "texture": "#4", "rotation": 180 },
				"south": { "uv": [ 6, 2, 5, 1.5 ], "texture": "#4", "rotation": 180 },
				"west": { "uv": [ 14, 8.5, 14.5, 9 ], "texture": "#4", "rotation": 270 },
				"east": { "uv": [ 1.5, 8.5, 2, 9 ], "texture": "#4", "rotation": 90 }
			}
		},
		{
			"__comment": "Box137",
			"from": [ 24.05, 9.45, -2.25 ],
			"to": [ 24.35, 9.75, -1.95 ],
			"rotation": { "origin": [ 24.05, 9.45, -2.25 ], "axis": "x", "angle": 22.5 },
			"faces": {
				"down": { "uv": [ 6, 2, 5, 1.5 ], "texture": "#4", "rotation": 180 },
				"up": { "uv": [ 6, 14.5, 5, 14 ], "texture": "#4", "rotation": 180 },
				"north": { "uv": [ 11, 9, 10, 8.5 ], "texture": "#4", "rotation": 180 },
				"south": { "uv": [ 6, 9, 5, 8.5 ], "texture": "#4", "rotation": 180 },
				"west": { "uv": [ 14, 8.5, 14.5, 9 ], "texture": "#4" },
				"east": { "uv": [ 1.5, 8.5, 2, 9 ], "texture": "#4" }
			}
		},
		{
			"__comment": "Box137",
			"from": [ 24.05, 9.44, -2.125 ],
			"to": [ 24.35, 9.74, -0.465 ],
			"faces": {
				"down": { "uv": [ 6, 14.5, 5, 14 ], "texture": "#4", "rotation": 180 },
				"up": { "uv": [ 6, 2, 5, 1.5 ], "texture": "#4", "rotation": 180 },
				"north": { "uv": [ 5, 8.5, 6, 9 ], "texture": "#4", "rotation": 180 },
				"south": { "uv": [ 10, 8.5, 11, 9 ], "texture": "#4", "rotation": 180 },
				"west": { "uv": [ 14, 8.5, 14.5, 9 ], "texture": "#4", "rotation": 180 },
				"east": { "uv": [ 1.5, 8.5, 2, 9 ], "texture": "#4", "rotation": 180 }
			}
		},
		{
			"__comment": "Box152",
			"from": [ 4.625, 9.875, -1.5 ],
			"to": [ 9.625, 10.125, -0.45 ],
			"faces": {
				"down": { "uv": [ 4.625, 0.4499998, 9.625, 1.5 ], "texture": "#texture" },
				"up": { "uv": [ 4.625, 14.5, 9.625, 15.55 ], "texture": "#texture" },
				"north": { "uv": [ 6.375, 5.875, 11.375, 6.125 ], "texture": "#texture" },
				"south": { "uv": [ 4.625, 5.875, 9.625, 6.125 ], "texture": "#texture" },
				"west": { "uv": [ 14.5, 5.875, 15.55, 6.125 ], "texture": "#texture" },
				"east": { "uv": [ 0.4500008, 5.875, 1.5, 6.125 ], "texture": "#texture" }
			}
		},
		{
			"__comment": "Box152",
			"from": [ 4.625, 9.375, -1.5 ],
			"to": [ 9.625, 9.625, -0.45 ],
			"faces": {
				"down": { "uv": [ 4.625, 0.4499998, 9.625, 1.5 ], "texture": "#texture" },
				"up": { "uv": [ 4.625, 14.5, 9.625, 15.55 ], "texture": "#texture" },
				"north": { "uv": [ 6.375, 6.375, 11.375, 6.625 ], "texture": "#texture" },
				"south": { "uv": [ 4.625, 6.375, 9.625, 6.625 ], "texture": "#texture" },
				"west": { "uv": [ 14.5, 6.375, 15.55, 6.625 ], "texture": "#texture" },
				"east": { "uv": [ 0.4500008, 6.375, 1.5, 6.625 ], "texture": "#texture" }
			}
		},
		{
			"__comment": "Box154",
			"from": [ 4, 10.5, -1.75 ],
			"to": [ 5, 10.6, -0.75 ],
			"faces": {
				"down": { "uv": [ 4, 1, 5, 2 ], "texture": "#texture" },
				"up": { "uv": [ 4, 14, 5, 15 ], "texture": "#texture" },
				"north": { "uv": [ 11, 4.4, 12, 4.5 ], "texture": "#texture" },
				"south": { "uv": [ 4, 4.4, 5, 4.5 ], "texture": "#texture" },
				"west": { "uv": [ 14, 4.4, 15, 4.5 ], "texture": "#texture" },
				"east": { "uv": [ 1, 4.4, 2, 4.5 ], "texture": "#texture" }
			}
		},
		{
			"__comment": "Box154",
			"from": [ 4, 10.5, -1.85 ],
			"to": [ 5, 10.6, -1.75 ],
			"rotation": { "origin": [ 4, 10.5, -1.75 ], "axis": "x", "angle": 22.5 },
			"faces": {
				"down": { "uv": [ 12, 4.5, 11, 4.4 ], "texture": "#texture" },
				"up": { "uv": [ 4, 4.4, 5, 4.5 ], "texture": "#texture" },
				"north": { "uv": [ 5, 15, 4, 14 ], "texture": "#texture" },
				"south": { "uv": [ 4, 1, 5, 2 ], "texture": "#texture" },
				"west": { "uv": [ 14, 4.4, 15, 4.5 ], "texture": "#texture", "rotation": 270 },
				"east": { "uv": [ 1, 4.4, 2, 4.5 ], "texture": "#texture", "rotation": 90 }
			}
		},
		{
			"__comment": "Box154",
			"from": [ 4, 10.54, -1.94 ],
			"to": [ 5, 10.64, -1.84 ],
			"rotation": { "origin": [ 4, 10.54, -1.84 ], "axis": "x", "angle": 45 },
			"faces": {
				"down": { "uv": [ 12, 4.5, 11, 4.4 ], "texture": "#texture" },
				"up": { "uv": [ 4, 4.4, 5, 4.5 ], "texture": "#texture" },
				"north": { "uv": [ 5, 15, 4, 14 ], "texture": "#texture" },
				"south": { "uv": [ 4, 1, 5, 2 ], "texture": "#texture" },
				"west": { "uv": [ 14, 4.4, 15, 4.5 ], "texture": "#texture", "rotation": 270 },
				"east": { "uv": [ 1, 4.4, 2, 4.5 ], "texture": "#texture", "rotation": 90 }
			}
		},
		{
			"__comment": "Box154",
			"from": [ 4, 10.61, -1.91 ],
			"to": [ 5, 10.71, -1.81 ],
			"rotation": { "origin": [ 4, 10.61, -1.91 ], "axis": "x", "angle": -22.5 },
			"faces": {
				"down": { "uv": [ 4, 1, 5, 2 ], "texture": "#texture" },
				"up": { "uv": [ 4, 14, 5, 15 ], "texture": "#texture" },
				"north": { "uv": [ 11, 4.4, 12, 4.5 ], "texture": "#texture" },
				"south": { "uv": [ 4, 4.4, 5, 4.5 ], "texture": "#texture" },
				"west": { "uv": [ 14, 4.4, 15, 4.5 ], "texture": "#texture" },
				"east": { "uv": [ 1, 4.4, 2, 4.5 ], "texture": "#texture" }
			}
		},
		{
			"__comment": "Box154",
			"from": [ 4, 10.7, -1.95 ],
			"to": [ 5, 10.8, -1.85 ],
			"faces": {
				"down": { "uv": [ 4, 1, 5, 2 ], "texture": "#texture" },
				"up": { "uv": [ 4, 14, 5, 15 ], "texture": "#texture" },
				"north": { "uv": [ 11, 4.4, 12, 4.5 ], "texture": "#texture" },
				"south": { "uv": [ 4, 4.4, 5, 4.5 ], "texture": "#texture" },
				"west": { "uv": [ 14, 4.4, 15, 4.5 ], "texture": "#texture" },
				"east": { "uv": [ 1, 4.4, 2, 4.5 ], "texture": "#texture" }
			}
		},
		{
			"__comment": "Box154",
			"from": [ 4, 10.7, -1.95 ],
			"to": [ 5, 11.2, -1.85 ],
			"faces": {
				"down": { "uv": [ 4, 1, 5, 2 ], "texture": "#texture" },
				"up": { "uv": [ 4, 14, 5, 15 ], "texture": "#texture" },
				"north": { "uv": [ 11, 4.4, 12, 4.5 ], "texture": "#texture" },
				"south": { "uv": [ 4, 4.4, 5, 4.5 ], "texture": "#texture" },
				"west": { "uv": [ 14, 4.4, 15, 4.5 ], "texture": "#texture" },
				"east": { "uv": [ 1, 4.4, 2, 4.5 ], "texture": "#texture" }
			}
		},
		{
			"__comment": "Box154",
			"from": [ 4, 10.61, -1.91 ],
			"to": [ 5, 10.71, -1.81 ],
			"rotation": { "origin": [ 4, 10.61, -1.91 ], "axis": "x", "angle": -22.5 },
			"faces": {
				"down": { "uv": [ 4, 1, 5, 2 ], "texture": "#texture" },
				"up": { "uv": [ 4, 14, 5, 15 ], "texture": "#texture" },
				"north": { "uv": [ 11, 4.4, 12, 4.5 ], "texture": "#texture" },
				"south": { "uv": [ 4, 4.4, 5, 4.5 ], "texture": "#texture" },
				"west": { "uv": [ 14, 4.4, 15, 4.5 ], "texture": "#texture" },
				"east": { "uv": [ 1, 4.4, 2, 4.5 ], "texture": "#texture" }
			}
		},
		{
			"__comment": "Box154",
			"from": [ 4, 10.54, -1.94 ],
			"to": [ 5, 10.64, -1.84 ],
			"rotation": { "origin": [ 4, 10.54, -1.84 ], "axis": "x", "angle": 45 },
			"faces": {
				"down": { "uv": [ 12, 4.5, 11, 4.4 ], "texture": "#texture" },
				"up": { "uv": [ 4, 4.4, 5, 4.5 ], "texture": "#texture" },
				"north": { "uv": [ 5, 15, 4, 14 ], "texture": "#texture" },
				"south": { "uv": [ 4, 1, 5, 2 ], "texture": "#texture" },
				"west": { "uv": [ 14, 4.4, 15, 4.5 ], "texture": "#texture", "rotation": 270 },
				"east": { "uv": [ 1, 4.4, 2, 4.5 ], "texture": "#texture", "rotation": 90 }
			}
		},
		{
			"__comment": "Box154",
			"from": [ 4, 10.5, -1.85 ],
			"to": [ 5, 10.6, -1.75 ],
			"rotation": { "origin": [ 4, 10.5, -1.75 ], "axis": "x", "angle": 22.5 },
			"faces": {
				"down": { "uv": [ 12, 4.5, 11, 4.4 ], "texture": "#texture" },
				"up": { "uv": [ 4, 4.4, 5, 4.5 ], "texture": "#texture" },
				"north": { "uv": [ 5, 15, 4, 14 ], "texture": "#texture" },
				"south": { "uv": [ 4, 1, 5, 2 ], "texture": "#texture" },
				"west": { "uv": [ 14, 4.4, 15, 4.5 ], "texture": "#texture", "rotation": 270 },
				"east": { "uv": [ 1, 4.4, 2, 4.5 ], "texture": "#texture", "rotation": 90 }
			}
		},
		{
			"__comment": "Box154",
			"from": [ 4, 10.55, -0.75 ],
			"to": [ 5, 10.65, -0.65 ],
			"rotation": { "origin": [ 4, 10.55, -0.65 ], "axis": "x", "angle": -22.5 },
			"faces": {
				"down": { "uv": [ 12, 4.5, 11, 4.4 ], "texture": "#texture" },
				"up": { "uv": [ 4, 4.4, 5, 4.5 ], "texture": "#texture" },
				"north": { "uv": [ 5, 15, 4, 14 ], "texture": "#texture" },
				"south": { "uv": [ 4, 1, 5, 2 ], "texture": "#texture" },
				"west": { "uv": [ 14, 4.4, 15, 4.5 ], "texture": "#texture", "rotation": 270 },
				"east": { "uv": [ 1, 4.4, 2, 4.5 ], "texture": "#texture", "rotation": 90 }
			}
		},
		{
			"__comment": "Box154",
			"from": [ 4, 10.5485, -0.7525 ],
			"to": [ 5, 10.6485, -0.6525 ],
			"rotation": { "origin": [ 4, 10.55, -0.65 ], "axis": "x", "angle": 45 },
			"faces": {
				"down": { "uv": [ 4, 14, 5, 15 ], "texture": "#texture" },
				"up": { "uv": [ 4, 1, 5, 2 ], "texture": "#texture" },
				"north": { "uv": [ 5, 4.5, 4, 4.4 ], "texture": "#texture" },
				"south": { "uv": [ 12, 4.5, 11, 4.4 ], "texture": "#texture" },
				"west": { "uv": [ 14, 4.4, 15, 4.5 ], "texture": "#texture", "rotation": 180 },
				"east": { "uv": [ 1, 4.4, 2, 4.5 ], "texture": "#texture", "rotation": 180 }
			}
		},
		{
			"__comment": "Box154",
			"from": [ 4, 10.6409, -0.7146 ],
			"to": [ 5, 10.7409, -0.6145998 ],
			"rotation": { "origin": [ 4, 10.55, -0.65 ], "axis": "x", "angle": 22.5 },
			"faces": {
				"down": { "uv": [ 4, 14, 5, 15 ], "texture": "#texture" },
				"up": { "uv": [ 4, 1, 5, 2 ], "texture": "#texture" },
				"north": { "uv": [ 5, 4.5, 4, 4.4 ], "texture": "#texture" },
				"south": { "uv": [ 12, 4.5, 11, 4.4 ], "texture": "#texture" },
				"west": { "uv": [ 14, 4.4, 15, 4.5 ], "texture": "#texture", "rotation": 180 },
				"east": { "uv": [ 1, 4.4, 2, 4.5 ], "texture": "#texture", "rotation": 180 }
			}
		},
		{
			"__comment": "Box154",
			"from": [ 4, 10.7113, -0.6418 ],
			"to": [ 5, 11.2113, -0.5418 ],
			"faces": {
				"down": { "uv": [ 4, 14, 5, 15 ], "texture": "#texture" },
				"up": { "uv": [ 4, 1, 5, 2 ], "texture": "#texture" },
				"north": { "uv": [ 5, 4.5, 4, 4.4 ], "texture": "#texture" },
				"south": { "uv": [ 12, 4.5, 11, 4.4 ], "texture": "#texture" },
				"west": { "uv": [ 14, 4.4, 15, 4.5 ], "texture": "#texture", "rotation": 180 },
				"east": { "uv": [ 1, 4.4, 2, 4.5 ], "texture": "#texture", "rotation": 180 }
			}
		},
		{
			"__comment": "Box168",
			"from": [ 4.5, 10.375, -1.375 ],
			"to": [ 4.7, 10.775, -1.175 ],
			"faces": {
				"down": { "uv": [ 4.5, 1.175, 4.7, 1.375 ], "texture": "#texture" },
				"up": { "uv": [ 4.5, 14.625, 4.7, 14.825 ], "texture": "#texture" },
				"north": { "uv": [ 11.3, 5.225, 11.5, 5.625 ], "texture": "#texture" },
				"south": { "uv": [ 4.5, 5.225, 4.7, 5.625 ], "texture": "#texture" },
				"west": { "uv": [ 14.625, 5.225, 14.825, 5.625 ], "texture": "#texture" },
				"east": { "uv": [ 1.174999, 5.225, 1.375, 5.625 ], "texture": "#texture" }
			}
		},
		{
			"__comment": "Box168",
			"from": [ 4.5, 10.625, -1.32 ],
			"to": [ 4.6, 11.025, -1.22 ],
			"faces": {
				"down": { "uv": [ 4.5, 1.22, 4.6, 1.32 ], "texture": "#5" },
				"up": { "uv": [ 4.5, 14.68, 4.6, 14.78 ], "texture": "#5" },
				"north": { "uv": [ 11.4, 4.975, 11.5, 5.375 ], "texture": "#5" },
				"south": { "uv": [ 4.5, 4.975, 4.6, 5.375 ], "texture": "#5" },
				"west": { "uv": [ 14.68, 4.975, 14.78, 5.375 ], "texture": "#5" },
				"east": { "uv": [ 1.219999, 4.975, 1.32, 5.375 ], "texture": "#5" }
			}
		},
		{
			"__comment": "Box170",
			"from": [ 3.25, 7.75, -1.75 ],
			"to": [ 4.25, 8.25, -0.75 ],
			"faces": {
				"down": { "uv": [ 3.25, 0.75, 4.25, 1.75 ], "texture": "#texture" },
				"up": { "uv": [ 3.25, 14.25, 4.25, 15.25 ], "texture": "#texture" },
				"north": { "uv": [ 11.75, 7.75, 12.75, 8.25 ], "texture": "#texture" },
				"south": { "uv": [ 3.25, 7.75, 4.25, 8.25 ], "texture": "#texture" },
				"west": { "uv": [ 14.25, 7.75, 15.25, 8.25 ], "texture": "#texture" },
				"east": { "uv": [ 0.75, 7.75, 1.75, 8.25 ], "texture": "#texture" }
			}
		}
	],
	"display": {
		"thirdperson_righthand": {
			"rotation":  [ 0, -90, 0 ],
			"translation":  [ -7, -0.282, 0 ],
			"scale":  [ 0.6217, 0.726, 0.7608 ]
		},
		"thirdperson_lefthand": {
			"rotation":  [ 0, 90, 0 ],
			"translation":  [ 6.5, 2.5, 0 ],
			"scale":  [ 0.0001, 0.0001, 0.0001 ]
		},
		"firstperson_righthand": {
			"rotation":  [ 0, -90, 0 ],
			"translation":  [ -21.05, 4.4, -0.695 ],
			"scale":  [ 0.0001, 0.0001, 0.0001 ]
		},
		"firstperson_lefthand": {
			"rotation":  [ 0, 90, 0 ],
			"translation":  [ 0.28, 5.3, -0.521 ]
		},
		"gui": {
			"rotation":  [ 0, 0, 45 ],
			"translation":  [ -2.217, -1.869, 0 ]
		},
		"head": {
			"scale":  [ 0.0001, 0.0001, 0.0001 ]
		},
		"ground": {
			"rotation":  [ 90, 0, 0 ],
			"translation":  [ 0, -6, 1 ],
			"scale":  [ 0.8, 0.8, 0.8 ]
		},
		"fixed": {
			"rotation":  [ 0, 180, 0 ],
			"translation":  [ 3, 3, -11 ],
			"scale":  [ 1.2, 1.2, 1.2 ]
		}
	}
}