{
	"__comment": "Designed by I_m_bin2 with Cubik Studio - https://cubik.studio",
	"textures": {
		"0": "colors/gray_darkest",
		"1": "colors/black",
		"3": "colors/gray_dark",
		"5": "colors/gray_light",
		"6": "colors/gray_normal",
		"7": "colors/brown_lighter",
		"8": "colors/brown_lighter",
		"particle": "colors/gray_darkest"
	},
	"elements": [ 	 
		{
			"__comment": "Box694",
			"from": [ 8, 6.5, 7.5 ],
			"to": [ 8.3, 6.8, 11.5 ],
			"faces": {
				"down": { "uv": [ 8, 4.5, 8.3, 8.5 ], "texture": "#0" },
				"up": { "uv": [ 8, 7.5, 8.3, 11.5 ], "texture": "#0" },
				"north": { "uv": [ 7.7, 9.2, 8, 9.5 ], "texture": "#0" },
				"south": { "uv": [ 8, 9.2, 8.3, 9.5 ], "texture": "#0" },
				"west": { "uv": [ 7.5, 9.2, 11.5, 9.5 ], "texture": "#0" },
				"east": { "uv": [ 4.5, 9.2, 8.5, 9.5 ], "texture": "#0" }
			}
		},
		{
			"__comment": "Box694",
			"from": [ 8, 6.5, 7.5 ],
			"to": [ 8.3, 6.8, 11.5 ],
			"faces": {
				"down": { "uv": [ 4.625, 11, 4.925, 15 ], "texture": "#0" },
				"up": { "uv": [ 4.625, 1, 4.925, 5 ], "texture": "#0" },
				"north": { "uv": [ 11.075, 9.075, 11.375, 9.375 ], "texture": "#0" },
				"south": { "uv": [ 4.625, 9.075, 4.925, 9.375 ], "texture": "#0" },
				"west": { "uv": [ 1, 9.075, 5, 9.375 ], "texture": "#0" },
				"east": { "uv": [ 11, 9.075, 15, 9.375 ], "texture": "#0" }
			}
		},
		{
			"__comment": "Box694",
			"from": [ 8, 6.875, 7.5 ],
			"to": [ 8.3, 7.175, 11.5 ],
			"faces": {
				"down": { "uv": [ 4.625, 11, 4.925, 15 ], "texture": "#0" },
				"up": { "uv": [ 4.625, 1, 4.925, 5 ], "texture": "#0" },
				"north": { "uv": [ 11.075, 8.7, 11.375, 9 ], "texture": "#0" },
				"south": { "uv": [ 4.625, 8.7, 4.925, 9 ], "texture": "#0" },
				"west": { "uv": [ 1, 8.7, 5, 9 ], "texture": "#0" },
				"east": { "uv": [ 11, 8.7, 15, 9 ], "texture": "#0" }
			}
		},
		{
			"__comment": "Box694",
			"from": [ 8, 6.75, 7.5 ],
			"to": [ 8.3, 7.05, 11.5 ],
			"faces": {
				"down": { "uv": [ 4.625, 11, 4.925, 15 ], "texture": "#0" },
				"up": { "uv": [ 4.625, 1, 4.925, 5 ], "texture": "#0" },
				"north": { "uv": [ 11.075, 8.825, 11.375, 9.125 ], "texture": "#0" },
				"south": { "uv": [ 4.625, 8.825, 4.925, 9.125 ], "texture": "#0" },
				"west": { "uv": [ 1, 8.825, 5, 9.125 ], "texture": "#0" },
				"east": { "uv": [ 11, 8.825, 15, 9.125 ], "texture": "#0" }
			}
		},
		{
			"__comment": "Box694",
			"from": [ 8, 6.25, 7.5 ],
			"to": [ 8.3, 6.55, 11.5 ],
			"faces": {
				"down": { "uv": [ 4.625, 11, 4.925, 15 ], "texture": "#0" },
				"up": { "uv": [ 4.625, 1, 4.925, 5 ], "texture": "#0" },
				"north": { "uv": [ 11.075, 9.325, 11.375, 9.625 ], "texture": "#0" },
				"south": { "uv": [ 4.625, 9.325, 4.925, 9.625 ], "texture": "#0" },
				"west": { "uv": [ 1, 9.325, 5, 9.625 ], "texture": "#0" },
				"east": { "uv": [ 11, 9.325, 15, 9.625 ], "texture": "#0" }
			}
		},
		{
			"__comment": "Box694",
			"from": [ 8, 6.125, 7.5 ],
			"to": [ 8.3, 6.425, 11.5 ],
			"faces": {
				"down": { "uv": [ 4.625, 11, 4.925, 15 ], "texture": "#0" },
				"up": { "uv": [ 4.625, 1, 4.925, 5 ], "texture": "#0" },
				"north": { "uv": [ 11.075, 9.45, 11.375, 9.75 ], "texture": "#0" },
				"south": { "uv": [ 4.625, 9.45, 4.925, 9.75 ], "texture": "#0" },
				"west": { "uv": [ 1, 9.45, 5, 9.75 ], "texture": "#0" },
				"east": { "uv": [ 11, 9.45, 15, 9.75 ], "texture": "#0" }
			}
		},
		{
			"__comment": "Box694",
			"from": [ 8.375, 5.875, 4.5 ],
			"to": [ 8.675, 6.175, 8.5 ],
			"faces": {
				"down": { "uv": [ 5, 0, 5.3, 2 ], "texture": "#0" },
				"up": { "uv": [ 5, 14, 5.3, 16 ], "texture": "#0" },
				"north": { "uv": [ 10.7, 9.7, 11, 10 ], "texture": "#0" },
				"south": { "uv": [ 5, 9.7, 5.3, 10 ], "texture": "#0" },
				"west": { "uv": [ 14, 9.7, 16, 10 ], "texture": "#0" },
				"east": { "uv": [ 0, 9.7, 2, 10 ], "texture": "#0" }
			}
		},
		{
			"__comment": "Box694",
			"from": [ 8.075, 5.875, 4.5 ],
			"to": [ 8.375, 6.175, 8.5 ],
			"rotation": { "origin": [ 8.375, 5.875, 4.5 ], "axis": "z", "angle": -22.5 },
			"faces": {
				"down": { "uv": [ 2, 10, 0, 9.7 ], "texture": "#0", "rotation": 90 },
				"up": { "uv": [ 14, 9.7, 16, 10 ], "texture": "#0", "rotation": 270 },
				"north": { "uv": [ 1, 10, 0.7000008, 9.7 ], "texture": "#0", "rotation": 270 },
				"south": { "uv": [ 15.3, 10, 15, 9.7 ], "texture": "#0", "rotation": 90 },
				"west": { "uv": [ 15.3, 2, 15, 0 ], "texture": "#0", "rotation": 90 },
				"east": { "uv": [ 15, 14, 15.3, 16 ], "texture": "#0", "rotation": 270 }
			}
		},
		{
			"__comment": "Box694",
			"from": [ 8.375, 5.875, 7.5 ],
			"to": [ 8.675, 6.175, 11.5 ],
			"faces": {
				"down": { "uv": [ 5, 11, 5.3, 15 ], "texture": "#0" },
				"up": { "uv": [ 5, 1, 5.3, 5 ], "texture": "#0" },
				"north": { "uv": [ 10.7, 9.7, 11, 10 ], "texture": "#0" },
				"south": { "uv": [ 5, 9.7, 5.3, 10 ], "texture": "#0" },
				"west": { "uv": [ 1, 9.7, 5, 10 ], "texture": "#0" },
				"east": { "uv": [ 11, 9.7, 15, 10 ], "texture": "#0" }
			}
		},
		{
			"__comment": "Box694",
			"from": [ 8.075, 5.875, 7.5 ],
			"to": [ 8.375, 6.175, 11.5 ],
			"rotation": { "origin": [ 8.375, 5.875, 7.5 ], "axis": "z", "angle": -22.5 },
			"faces": {
				"down": { "uv": [ 2, 10, 0, 9.7 ], "texture": "#0", "rotation": 90 },
				"up": { "uv": [ 14, 9.7, 16, 10 ], "texture": "#0", "rotation": 270 },
				"north": { "uv": [ 1, 10, 0.7000008, 9.7 ], "texture": "#0", "rotation": 270 },
				"south": { "uv": [ 15.3, 10, 15, 9.7 ], "texture": "#0", "rotation": 90 },
				"west": { "uv": [ 15.3, 2, 15, 0 ], "texture": "#0", "rotation": 90 },
				"east": { "uv": [ 15, 14, 15.3, 16 ], "texture": "#0", "rotation": 270 }
			}
		},
		{
			"__comment": "Box694",
			"from": [ 8.375, 6.125, 7.5 ],
			"to": [ 8.675, 6.425, 11.5 ],
			"faces": {
				"down": { "uv": [ 5, 11, 5.3, 15 ], "texture": "#0" },
				"up": { "uv": [ 5, 1, 5.3, 5 ], "texture": "#0" },
				"north": { "uv": [ 10.7, 9.45, 11, 9.75 ], "texture": "#0" },
				"south": { "uv": [ 5, 9.45, 5.3, 9.75 ], "texture": "#0" },
				"west": { "uv": [ 1, 9.45, 5, 9.75 ], "texture": "#0" },
				"east": { "uv": [ 11, 9.45, 15, 9.75 ], "texture": "#0" }
			}
		},
		{
			"__comment": "Box694",
			"from": [ 8.375, 6.875, 7.5 ],
			"to": [ 8.675, 7.175, 11.5 ],
			"faces": {
				"down": { "uv": [ 5, 11, 5.3, 15 ], "texture": "#0" },
				"up": { "uv": [ 5, 1, 5.3, 5 ], "texture": "#0" },
				"north": { "uv": [ 10.7, 8.7, 11, 9 ], "texture": "#0" },
				"south": { "uv": [ 5, 8.7, 5.3, 9 ], "texture": "#0" },
				"west": { "uv": [ 1, 8.7, 5, 9 ], "texture": "#0" },
				"east": { "uv": [ 11, 8.7, 15, 9 ], "texture": "#0" }
			}
		},
		{
			"__comment": "Box694",
			"from": [ 8.375, 6.875, 7.5 ],
			"to": [ 8.675, 7.175, 11.5 ],
			"faces": {
				"down": { "uv": [ 5, 11, 5.3, 15 ], "texture": "#0" },
				"up": { "uv": [ 5, 1, 5.3, 5 ], "texture": "#0" },
				"north": { "uv": [ 10.7, 8.7, 11, 9 ], "texture": "#0" },
				"south": { "uv": [ 5, 8.7, 5.3, 9 ], "texture": "#0" },
				"west": { "uv": [ 1, 8.7, 5, 9 ], "texture": "#0" },
				"east": { "uv": [ 11, 8.7, 15, 9 ], "texture": "#0" }
			}
		},
		{
			"__comment": "Box694",
			"from": [ 8.375, 6.125, 7.5 ],
			"to": [ 8.675, 6.425, 11.5 ],
			"faces": {
				"down": { "uv": [ 5, 11, 5.3, 15 ], "texture": "#0" },
				"up": { "uv": [ 5, 1, 5.3, 5 ], "texture": "#0" },
				"north": { "uv": [ 10.7, 9.45, 11, 9.75 ], "texture": "#0" },
				"south": { "uv": [ 5, 9.45, 5.3, 9.75 ], "texture": "#0" },
				"west": { "uv": [ 1, 9.45, 5, 9.75 ], "texture": "#0" },
				"east": { "uv": [ 11, 9.45, 15, 9.75 ], "texture": "#0" }
			}
		},
		{
			"__comment": "Box694",
			"from": [ 8.25, 6.875, 7.5 ],
			"to": [ 8.55, 7.175, 11.5 ],
			"faces": {
				"down": { "uv": [ 4.875, 11, 5.175, 15 ], "texture": "#0" },
				"up": { "uv": [ 4.875, 1, 5.175, 5 ], "texture": "#0" },
				"north": { "uv": [ 10.825, 8.7, 11.125, 9 ], "texture": "#0" },
				"south": { "uv": [ 4.875, 8.7, 5.175, 9 ], "texture": "#0" },
				"west": { "uv": [ 1, 8.7, 5, 9 ], "texture": "#0" },
				"east": { "uv": [ 11, 8.7, 15, 9 ], "texture": "#0" }
			}
		},
		{
			"__comment": "Box694",
			"from": [ 8.125, 6.125, 7.5 ],
			"to": [ 8.425, 6.425, 11.5 ],
			"faces": {
				"down": { "uv": [ 4.75, 11, 5.05, 15 ], "texture": "#0" },
				"up": { "uv": [ 4.75, 1, 5.05, 5 ], "texture": "#0" },
				"north": { "uv": [ 10.95, 9.45, 11.25, 9.75 ], "texture": "#0" },
				"south": { "uv": [ 4.75, 9.45, 5.05, 9.75 ], "texture": "#0" },
				"west": { "uv": [ 1, 9.45, 5, 9.75 ], "texture": "#0" },
				"east": { "uv": [ 11, 9.45, 15, 9.75 ], "texture": "#0" }
			}
		},
		{
			"__comment": "Box694",
			"from": [ 8.675, 5.875, 4.5 ],
			"to": [ 8.975, 6.175, 8.5 ],
			"rotation": { "origin": [ 8.675, 5.875, 4.5 ], "axis": "z", "angle": 22.5 },
			"faces": {
				"down": { "uv": [ 15, 14, 15.3, 16 ], "texture": "#0" },
				"up": { "uv": [ 15, 0, 15.3, 2 ], "texture": "#0" },
				"north": { "uv": [ 0.7000008, 9.7, 1, 10 ], "texture": "#0" },
				"south": { "uv": [ 15, 9.7, 15.3, 10 ], "texture": "#0" },
				"west": { "uv": [ 0, 9.7, 2, 10 ], "texture": "#0" },
				"east": { "uv": [ 14, 9.7, 16, 10 ], "texture": "#0" }
			}
		},
		{
			"__comment": "Box694",
			"from": [ 8.9522, 5.7602, 4.5 ],
			"to": [ 9.2522, 6.0602, 8.5 ],
			"rotation": { "origin": [ 8.675, 5.875, 4.5 ], "axis": "z", "angle": 45 },
			"faces": {
				"down": { "uv": [ 15, 14, 15.3, 16 ], "texture": "#0" },
				"up": { "uv": [ 15, 0, 15.3, 2 ], "texture": "#0" },
				"north": { "uv": [ 0.7000008, 9.7, 1, 10 ], "texture": "#0" },
				"south": { "uv": [ 15, 9.7, 15.3, 10 ], "texture": "#0" },
				"west": { "uv": [ 0, 9.7, 2, 10 ], "texture": "#0" },
				"east": { "uv": [ 14, 9.7, 16, 10 ], "texture": "#0" }
			}
		},
		{
			"__comment": "Box694",
			"from": [ 8.7019, 6.3643, 4.5 ],
			"to": [ 9.0019, 6.6643, 8.5 ],
			"rotation": { "origin": [ 8.675, 5.875, 4.5 ], "axis": "z", "angle": -22.5 },
			"faces": {
				"down": { "uv": [ 2, 10, 0, 9.7 ], "texture": "#0", "rotation": 90 },
				"up": { "uv": [ 14, 9.7, 16, 10 ], "texture": "#0", "rotation": 270 },
				"north": { "uv": [ 1, 10, 0.7000008, 9.7 ], "texture": "#0", "rotation": 270 },
				"south": { "uv": [ 15.3, 10, 15, 9.7 ], "texture": "#0", "rotation": 90 },
				"west": { "uv": [ 15.3, 2, 15, 0 ], "texture": "#0", "rotation": 90 },
				"east": { "uv": [ 15, 14, 15.3, 16 ], "texture": "#0", "rotation": 270 }
			}
		},
		{
			"__comment": "Box694",
			"from": [ 8.9791, 6.4791, 4.5 ],
			"to": [ 9.2791, 6.7791, 8.5 ],
			"faces": {
				"down": { "uv": [ 2, 10, 0, 9.7 ], "texture": "#0", "rotation": 90 },
				"up": { "uv": [ 14, 9.7, 16, 10 ], "texture": "#0", "rotation": 270 },
				"north": { "uv": [ 1, 10, 0.7000008, 9.7 ], "texture": "#0", "rotation": 270 },
				"south": { "uv": [ 15.3, 10, 15, 9.7 ], "texture": "#0", "rotation": 90 },
				"west": { "uv": [ 15.3, 2, 15, 0 ], "texture": "#0", "rotation": 90 },
				"east": { "uv": [ 15, 14, 15.3, 16 ], "texture": "#0", "rotation": 270 }
			}
		},
		{
			"__comment": "Box694",
			"from": [ 9.279099, 6.4791, 4.5 ],
			"to": [ 9.5791, 6.7791, 8.5 ],
			"rotation": { "origin": [ 8.675, 5.875, 4.5 ], "axis": "z", "angle": 22.5 },
			"faces": {
				"down": { "uv": [ 2, 10, 0, 9.7 ], "texture": "#0", "rotation": 90 },
				"up": { "uv": [ 14, 9.7, 16, 10 ], "texture": "#0", "rotation": 270 },
				"north": { "uv": [ 1, 10, 0.7000008, 9.7 ], "texture": "#0", "rotation": 270 },
				"south": { "uv": [ 15.3, 10, 15, 9.7 ], "texture": "#0", "rotation": 90 },
				"west": { "uv": [ 15.3, 2, 15, 0 ], "texture": "#0", "rotation": 90 },
				"east": { "uv": [ 15, 14, 15.3, 16 ], "texture": "#0", "rotation": 270 }
			}
		},
		{
			"__comment": "Box694",
			"from": [ 9.5563, 6.3643, 4.5 ],
			"to": [ 9.8563, 6.6643, 8.5 ],
			"rotation": { "origin": [ 8.675, 5.875, 4.5 ], "axis": "z", "angle": 45 },
			"faces": {
				"down": { "uv": [ 2, 10, 0, 9.7 ], "texture": "#0", "rotation": 90 },
				"up": { "uv": [ 14, 9.7, 16, 10 ], "texture": "#0", "rotation": 270 },
				"north": { "uv": [ 1, 10, 0.7000008, 9.7 ], "texture": "#0", "rotation": 270 },
				"south": { "uv": [ 15.3, 10, 15, 9.7 ], "texture": "#0", "rotation": 90 },
				"west": { "uv": [ 15.3, 2, 15, 0 ], "texture": "#0", "rotation": 90 },
				"east": { "uv": [ 15, 14, 15.3, 16 ], "texture": "#0", "rotation": 270 }
			}
		},
		{
			"__comment": "Box694",
			"from": [ 8.0978, 6.9684, 4.5 ],
			"to": [ 8.3978, 7.2684, 8.5 ],
			"rotation": { "origin": [ 8.675, 5.875, 4.5 ], "axis": "z", "angle": -22.5 },
			"faces": {
				"down": { "uv": [ 15, 0, 15.3, 2 ], "texture": "#0", "rotation": 180 },
				"up": { "uv": [ 15, 14, 15.3, 16 ], "texture": "#0", "rotation": 180 },
				"north": { "uv": [ 0.7000008, 9.7, 1, 10 ], "texture": "#0", "rotation": 180 },
				"south": { "uv": [ 15, 9.7, 15.3, 10 ], "texture": "#0", "rotation": 180 },
				"west": { "uv": [ 16, 10, 14, 9.7 ], "texture": "#0" },
				"east": { "uv": [ 2, 10, 0, 9.7 ], "texture": "#0" }
			}
		},
		{
			"__comment": "Box694",
			"from": [ 8.375, 7.0832, 4.5 ],
			"to": [ 8.675, 7.3832, 8.5 ],
			"faces": {
				"down": { "uv": [ 15, 0, 15.3, 2 ], "texture": "#0", "rotation": 180 },
				"up": { "uv": [ 15, 14, 15.3, 16 ], "texture": "#0", "rotation": 180 },
				"north": { "uv": [ 0.7000008, 9.7, 1, 10 ], "texture": "#0", "rotation": 180 },
				"south": { "uv": [ 15, 9.7, 15.3, 10 ], "texture": "#0", "rotation": 180 },
				"west": { "uv": [ 16, 10, 14, 9.7 ], "texture": "#0" },
				"east": { "uv": [ 2, 10, 0, 9.7 ], "texture": "#0" }
			}
		},
		{
			"__comment": "Box694",
			"from": [ 8.675, 7.0832, 4.5 ],
			"to": [ 8.975, 7.3832, 8.5 ],
			"rotation": { "origin": [ 8.675, 5.875, 4.5 ], "axis": "z", "angle": 22.5 },
			"faces": {
				"down": { "uv": [ 15, 0, 15.3, 2 ], "texture": "#0", "rotation": 180 },
				"up": { "uv": [ 15, 14, 15.3, 16 ], "texture": "#0", "rotation": 180 },
				"north": { "uv": [ 0.7000008, 9.7, 1, 10 ], "texture": "#0", "rotation": 180 },
				"south": { "uv": [ 15, 9.7, 15.3, 10 ], "texture": "#0", "rotation": 180 },
				"west": { "uv": [ 16, 10, 14, 9.7 ], "texture": "#0" },
				"east": { "uv": [ 2, 10, 0, 9.7 ], "texture": "#0" }
			}
		},
		{
			"__comment": "Box694",
			"from": [ 8.9522, 6.9684, 4.5 ],
			"to": [ 9.2522, 7.2684, 8.5 ],
			"rotation": { "origin": [ 8.675, 5.875, 4.5 ], "axis": "z", "angle": 45 },
			"faces": {
				"down": { "uv": [ 15, 0, 15.3, 2 ], "texture": "#0", "rotation": 180 },
				"up": { "uv": [ 15, 14, 15.3, 16 ], "texture": "#0", "rotation": 180 },
				"north": { "uv": [ 0.7000008, 9.7, 1, 10 ], "texture": "#0", "rotation": 180 },
				"south": { "uv": [ 15, 9.7, 15.3, 10 ], "texture": "#0", "rotation": 180 },
				"west": { "uv": [ 16, 10, 14, 9.7 ], "texture": "#0" },
				"east": { "uv": [ 2, 10, 0, 9.7 ], "texture": "#0" }
			}
		},
		{
			"__comment": "Box694",
			"from": [ 7.4937, 6.3643, 4.5 ],
			"to": [ 7.7937, 6.6643, 8.5 ],
			"rotation": { "origin": [ 8.675, 5.875, 4.5 ], "axis": "z", "angle": -22.5 },
			"faces": {
				"down": { "uv": [ 14, 9.7, 16, 10 ], "texture": "#0", "rotation": 90 },
				"up": { "uv": [ 2, 10, 0, 9.7 ], "texture": "#0", "rotation": 270 },
				"north": { "uv": [ 1, 10, 0.7000008, 9.7 ], "texture": "#0", "rotation": 90 },
				"south": { "uv": [ 15.3, 10, 15, 9.7 ], "texture": "#0", "rotation": 270 },
				"west": { "uv": [ 15.3, 16, 15, 14 ], "texture": "#0", "rotation": 270 },
				"east": { "uv": [ 15, 0, 15.3, 2 ], "texture": "#0", "rotation": 90 }
			}
		},
		{
			"__comment": "Box694",
			"from": [ 7.7709, 6.4791, 4.5 ],
			"to": [ 8.0709, 6.7791, 8.5 ],
			"faces": {
				"down": { "uv": [ 14, 9.7, 16, 10 ], "texture": "#0", "rotation": 90 },
				"up": { "uv": [ 2, 10, 0, 9.7 ], "texture": "#0", "rotation": 270 },
				"north": { "uv": [ 1, 10, 0.7000008, 9.7 ], "texture": "#0", "rotation": 90 },
				"south": { "uv": [ 15.3, 10, 15, 9.7 ], "texture": "#0", "rotation": 270 },
				"west": { "uv": [ 15.3, 16, 15, 14 ], "texture": "#0", "rotation": 270 },
				"east": { "uv": [ 15, 0, 15.3, 2 ], "texture": "#0", "rotation": 90 }
			}
		},
		{
			"__comment": "Box694",
			"from": [ 8.0709, 6.4791, 4.5 ],
			"to": [ 8.3709, 6.7791, 8.5 ],
			"rotation": { "origin": [ 8.675, 5.875, 4.5 ], "axis": "z", "angle": 22.5 },
			"faces": {
				"down": { "uv": [ 14, 9.7, 16, 10 ], "texture": "#0", "rotation": 90 },
				"up": { "uv": [ 2, 10, 0, 9.7 ], "texture": "#0", "rotation": 270 },
				"north": { "uv": [ 1, 10, 0.7000008, 9.7 ], "texture": "#0", "rotation": 90 },
				"south": { "uv": [ 15.3, 10, 15, 9.7 ], "texture": "#0", "rotation": 270 },
				"west": { "uv": [ 15.3, 16, 15, 14 ], "texture": "#0", "rotation": 270 },
				"east": { "uv": [ 15, 0, 15.3, 2 ], "texture": "#0", "rotation": 90 }
			}
		},
		{
			"__comment": "Box694",
			"from": [ 8.3481, 6.3643, 4.5 ],
			"to": [ 8.6481, 6.6643, 8.5 ],
			"rotation": { "origin": [ 8.675, 5.875, 4.5 ], "axis": "z", "angle": 45 },
			"faces": {
				"down": { "uv": [ 14, 9.7, 16, 10 ], "texture": "#0", "rotation": 90 },
				"up": { "uv": [ 2, 10, 0, 9.7 ], "texture": "#0", "rotation": 270 },
				"north": { "uv": [ 1, 10, 0.7000008, 9.7 ], "texture": "#0", "rotation": 90 },
				"south": { "uv": [ 15.3, 10, 15, 9.7 ], "texture": "#0", "rotation": 270 },
				"west": { "uv": [ 15.3, 16, 15, 14 ], "texture": "#0", "rotation": 270 },
				"east": { "uv": [ 15, 0, 15.3, 2 ], "texture": "#0", "rotation": 90 }
			}
		},
		{
			"__comment": "Box694",
			"from": [ 8.675, 5.875, 7.5 ],
			"to": [ 8.975, 6.175, 11.5 ],
			"rotation": { "origin": [ 8.675, 5.875, 7.5 ], "axis": "z", "angle": 22.5 },
			"faces": {
				"down": { "uv": [ 15, 14, 15.3, 16 ], "texture": "#0" },
				"up": { "uv": [ 15, 0, 15.3, 2 ], "texture": "#0" },
				"north": { "uv": [ 0.7000008, 9.7, 1, 10 ], "texture": "#0" },
				"south": { "uv": [ 15, 9.7, 15.3, 10 ], "texture": "#0" },
				"west": { "uv": [ 0, 9.7, 2, 10 ], "texture": "#0" },
				"east": { "uv": [ 14, 9.7, 16, 10 ], "texture": "#0" }
			}
		},
		{
			"__comment": "Box694",
			"from": [ 8.9522, 5.7602, 7.5 ],
			"to": [ 9.2522, 6.0602, 11.5 ],
			"rotation": { "origin": [ 8.675, 5.875, 7.5 ], "axis": "z", "angle": 45 },
			"faces": {
				"down": { "uv": [ 15, 14, 15.3, 16 ], "texture": "#0" },
				"up": { "uv": [ 15, 0, 15.3, 2 ], "texture": "#0" },
				"north": { "uv": [ 0.7000008, 9.7, 1, 10 ], "texture": "#0" },
				"south": { "uv": [ 15, 9.7, 15.3, 10 ], "texture": "#0" },
				"west": { "uv": [ 0, 9.7, 2, 10 ], "texture": "#0" },
				"east": { "uv": [ 14, 9.7, 16, 10 ], "texture": "#0" }
			}
		},
		{
			"__comment": "Box694",
			"from": [ 8.7019, 6.3643, 7.5 ],
			"to": [ 9.0019, 6.6643, 11.5 ],
			"rotation": { "origin": [ 8.675, 5.875, 7.5 ], "axis": "z", "angle": -22.5 },
			"faces": {
				"down": { "uv": [ 2, 10, 0, 9.7 ], "texture": "#0", "rotation": 90 },
				"up": { "uv": [ 14, 9.7, 16, 10 ], "texture": "#0", "rotation": 270 },
				"north": { "uv": [ 1, 10, 0.7000008, 9.7 ], "texture": "#0", "rotation": 270 },
				"south": { "uv": [ 15.3, 10, 15, 9.7 ], "texture": "#0", "rotation": 90 },
				"west": { "uv": [ 15.3, 2, 15, 0 ], "texture": "#0", "rotation": 90 },
				"east": { "uv": [ 15, 14, 15.3, 16 ], "texture": "#0", "rotation": 270 }
			}
		},
		{
			"__comment": "Box694",
			"from": [ 8.9791, 6.4791, 7.5 ],
			"to": [ 9.2791, 6.7791, 11.5 ],
			"faces": {
				"down": { "uv": [ 2, 10, 0, 9.7 ], "texture": "#0", "rotation": 90 },
				"up": { "uv": [ 14, 9.7, 16, 10 ], "texture": "#0", "rotation": 270 },
				"north": { "uv": [ 1, 10, 0.7000008, 9.7 ], "texture": "#0", "rotation": 270 },
				"south": { "uv": [ 15.3, 10, 15, 9.7 ], "texture": "#0", "rotation": 90 },
				"west": { "uv": [ 15.3, 2, 15, 0 ], "texture": "#0", "rotation": 90 },
				"east": { "uv": [ 15, 14, 15.3, 16 ], "texture": "#0", "rotation": 270 }
			}
		},
		{
			"__comment": "Box694",
			"from": [ 9.279099, 6.4791, 7.5 ],
			"to": [ 9.5791, 6.7791, 11.5 ],
			"rotation": { "origin": [ 8.675, 5.875, 7.5 ], "axis": "z", "angle": 22.5 },
			"faces": {
				"down": { "uv": [ 2, 10, 0, 9.7 ], "texture": "#0", "rotation": 90 },
				"up": { "uv": [ 14, 9.7, 16, 10 ], "texture": "#0", "rotation": 270 },
				"north": { "uv": [ 1, 10, 0.7000008, 9.7 ], "texture": "#0", "rotation": 270 },
				"south": { "uv": [ 15.3, 10, 15, 9.7 ], "texture": "#0", "rotation": 90 },
				"west": { "uv": [ 15.3, 2, 15, 0 ], "texture": "#0", "rotation": 90 },
				"east": { "uv": [ 15, 14, 15.3, 16 ], "texture": "#0", "rotation": 270 }
			}
		},
		{
			"__comment": "Box694",
			"from": [ 9.5563, 6.3643, 7.5 ],
			"to": [ 9.8563, 6.6643, 11.5 ],
			"rotation": { "origin": [ 8.675, 5.875, 7.5 ], "axis": "z", "angle": 45 },
			"faces": {
				"down": { "uv": [ 2, 10, 0, 9.7 ], "texture": "#0", "rotation": 90 },
				"up": { "uv": [ 14, 9.7, 16, 10 ], "texture": "#0", "rotation": 270 },
				"north": { "uv": [ 1, 10, 0.7000008, 9.7 ], "texture": "#0", "rotation": 270 },
				"south": { "uv": [ 15.3, 10, 15, 9.7 ], "texture": "#0", "rotation": 90 },
				"west": { "uv": [ 15.3, 2, 15, 0 ], "texture": "#0", "rotation": 90 },
				"east": { "uv": [ 15, 14, 15.3, 16 ], "texture": "#0", "rotation": 270 }
			}
		},
		{
			"__comment": "Box694",
			"from": [ 8.0978, 6.9684, 7.5 ],
			"to": [ 8.3978, 7.2684, 11.5 ],
			"rotation": { "origin": [ 8.675, 5.875, 7.5 ], "axis": "z", "angle": -22.5 },
			"faces": {
				"down": { "uv": [ 15, 0, 15.3, 2 ], "texture": "#0", "rotation": 180 },
				"up": { "uv": [ 15, 14, 15.3, 16 ], "texture": "#0", "rotation": 180 },
				"north": { "uv": [ 0.7000008, 9.7, 1, 10 ], "texture": "#0", "rotation": 180 },
				"south": { "uv": [ 15, 9.7, 15.3, 10 ], "texture": "#0", "rotation": 180 },
				"west": { "uv": [ 16, 10, 14, 9.7 ], "texture": "#0" },
				"east": { "uv": [ 2, 10, 0, 9.7 ], "texture": "#0" }
			}
		},
		{
			"__comment": "Box694",
			"from": [ 8.375, 7.0832, 7.5 ],
			"to": [ 8.675, 7.3832, 11.5 ],
			"faces": {
				"down": { "uv": [ 15, 0, 15.3, 2 ], "texture": "#0", "rotation": 180 },
				"up": { "uv": [ 15, 14, 15.3, 16 ], "texture": "#0", "rotation": 180 },
				"north": { "uv": [ 0.7000008, 9.7, 1, 10 ], "texture": "#0", "rotation": 180 },
				"south": { "uv": [ 15, 9.7, 15.3, 10 ], "texture": "#0", "rotation": 180 },
				"west": { "uv": [ 16, 10, 14, 9.7 ], "texture": "#0" },
				"east": { "uv": [ 2, 10, 0, 9.7 ], "texture": "#0" }
			}
		},
		{
			"__comment": "Box694",
			"from": [ 8.675, 7.0832, 7.5 ],
			"to": [ 8.975, 7.3832, 11.5 ],
			"rotation": { "origin": [ 8.675, 5.875, 7.5 ], "axis": "z", "angle": 22.5 },
			"faces": {
				"down": { "uv": [ 15, 0, 15.3, 2 ], "texture": "#0", "rotation": 180 },
				"up": { "uv": [ 15, 14, 15.3, 16 ], "texture": "#0", "rotation": 180 },
				"north": { "uv": [ 0.7000008, 9.7, 1, 10 ], "texture": "#0", "rotation": 180 },
				"south": { "uv": [ 15, 9.7, 15.3, 10 ], "texture": "#0", "rotation": 180 },
				"west": { "uv": [ 16, 10, 14, 9.7 ], "texture": "#0" },
				"east": { "uv": [ 2, 10, 0, 9.7 ], "texture": "#0" }
			}
		},
		{
			"__comment": "Box694",
			"from": [ 8.9522, 6.9684, 7.5 ],
			"to": [ 9.2522, 7.2684, 11.5 ],
			"rotation": { "origin": [ 8.675, 5.875, 7.5 ], "axis": "z", "angle": 45 },
			"faces": {
				"down": { "uv": [ 15, 0, 15.3, 2 ], "texture": "#0", "rotation": 180 },
				"up": { "uv": [ 15, 14, 15.3, 16 ], "texture": "#0", "rotation": 180 },
				"north": { "uv": [ 0.7000008, 9.7, 1, 10 ], "texture": "#0", "rotation": 180 },
				"south": { "uv": [ 15, 9.7, 15.3, 10 ], "texture": "#0", "rotation": 180 },
				"west": { "uv": [ 16, 10, 14, 9.7 ], "texture": "#0" },
				"east": { "uv": [ 2, 10, 0, 9.7 ], "texture": "#0" }
			}
		},
		{
			"__comment": "Box694",
			"from": [ 7.4937, 6.3643, 7.5 ],
			"to": [ 7.7937, 6.6643, 11.5 ],
			"rotation": { "origin": [ 8.675, 5.875, 7.5 ], "axis": "z", "angle": -22.5 },
			"faces": {
				"down": { "uv": [ 14, 9.7, 16, 10 ], "texture": "#0", "rotation": 90 },
				"up": { "uv": [ 2, 10, 0, 9.7 ], "texture": "#0", "rotation": 270 },
				"north": { "uv": [ 1, 10, 0.7000008, 9.7 ], "texture": "#0", "rotation": 90 },
				"south": { "uv": [ 15.3, 10, 15, 9.7 ], "texture": "#0", "rotation": 270 },
				"west": { "uv": [ 15.3, 16, 15, 14 ], "texture": "#0", "rotation": 270 },
				"east": { "uv": [ 15, 0, 15.3, 2 ], "texture": "#0", "rotation": 90 }
			}
		},
		{
			"__comment": "Box694",
			"from": [ 7.7709, 6.4791, 7.5 ],
			"to": [ 8.0709, 6.7791, 11.5 ],
			"faces": {
				"down": { "uv": [ 14, 9.7, 16, 10 ], "texture": "#0", "rotation": 90 },
				"up": { "uv": [ 2, 10, 0, 9.7 ], "texture": "#0", "rotation": 270 },
				"north": { "uv": [ 1, 10, 0.7000008, 9.7 ], "texture": "#0", "rotation": 90 },
				"south": { "uv": [ 15.3, 10, 15, 9.7 ], "texture": "#0", "rotation": 270 },
				"west": { "uv": [ 15.3, 16, 15, 14 ], "texture": "#0", "rotation": 270 },
				"east": { "uv": [ 15, 0, 15.3, 2 ], "texture": "#0", "rotation": 90 }
			}
		},
		{
			"__comment": "Box694",
			"from": [ 8.0709, 6.4791, 7.5 ],
			"to": [ 8.3709, 6.7791, 11.5 ],
			"rotation": { "origin": [ 8.675, 5.875, 7.5 ], "axis": "z", "angle": 22.5 },
			"faces": {
				"down": { "uv": [ 14, 9.7, 16, 10 ], "texture": "#0", "rotation": 90 },
				"up": { "uv": [ 2, 10, 0, 9.7 ], "texture": "#0", "rotation": 270 },
				"north": { "uv": [ 1, 10, 0.7000008, 9.7 ], "texture": "#0", "rotation": 90 },
				"south": { "uv": [ 15.3, 10, 15, 9.7 ], "texture": "#0", "rotation": 270 },
				"west": { "uv": [ 15.3, 16, 15, 14 ], "texture": "#0", "rotation": 270 },
				"east": { "uv": [ 15, 0, 15.3, 2 ], "texture": "#0", "rotation": 90 }
			}
		},
		{
			"__comment": "Box694",
			"from": [ 8.3481, 6.3643, 7.5 ],
			"to": [ 8.6481, 6.6643, 11.5 ],
			"rotation": { "origin": [ 8.675, 5.875, 7.5 ], "axis": "z", "angle": 45 },
			"faces": {
				"down": { "uv": [ 14, 9.7, 16, 10 ], "texture": "#0", "rotation": 90 },
				"up": { "uv": [ 2, 10, 0, 9.7 ], "texture": "#0", "rotation": 270 },
				"north": { "uv": [ 1, 10, 0.7000008, 9.7 ], "texture": "#0", "rotation": 90 },
				"south": { "uv": [ 15.3, 10, 15, 9.7 ], "texture": "#0", "rotation": 270 },
				"west": { "uv": [ 15.3, 16, 15, 14 ], "texture": "#0", "rotation": 270 },
				"east": { "uv": [ 15, 0, 15.3, 2 ], "texture": "#0", "rotation": 90 }
			}
		},
		{
			"__comment": "Box694",
			"from": [ 8.75, 6.5, 7.5 ],
			"to": [ 9.05, 6.8, 11.5 ],
			"faces": {
				"down": { "uv": [ 5.375, 11, 5.675, 15 ], "texture": "#0" },
				"up": { "uv": [ 5.375, 1, 5.675, 5 ], "texture": "#0" },
				"north": { "uv": [ 10.325, 9.075, 10.625, 9.375 ], "texture": "#0" },
				"south": { "uv": [ 5.375, 9.075, 5.675, 9.375 ], "texture": "#0" },
				"west": { "uv": [ 1, 9.075, 5, 9.375 ], "texture": "#0" },
				"east": { "uv": [ 11, 9.075, 15, 9.375 ], "texture": "#0" }
			}
		},
		{
			"__comment": "Box694",
			"from": [ 8.875, 6.5, 7.5 ],
			"to": [ 9.175, 6.8, 11.5 ],
			"faces": {
				"down": { "uv": [ 5.5, 11, 5.8, 15 ], "texture": "#0" },
				"up": { "uv": [ 5.5, 1, 5.8, 5 ], "texture": "#0" },
				"north": { "uv": [ 10.2, 9.075, 10.5, 9.375 ], "texture": "#0" },
				"south": { "uv": [ 5.5, 9.075, 5.8, 9.375 ], "texture": "#0" },
				"west": { "uv": [ 1, 9.075, 5, 9.375 ], "texture": "#0" },
				"east": { "uv": [ 11, 9.075, 15, 9.375 ], "texture": "#0" }
			}
		},
		{
			"__comment": "Box694",
			"from": [ 8.5, 6.875, 7.5 ],
			"to": [ 8.8, 7.175, 11.5 ],
			"faces": {
				"down": { "uv": [ 5.125, 11, 5.425, 15 ], "texture": "#0" },
				"up": { "uv": [ 5.125, 1, 5.425, 5 ], "texture": "#0" },
				"north": { "uv": [ 10.575, 8.7, 10.875, 9 ], "texture": "#0" },
				"south": { "uv": [ 5.125, 8.7, 5.425, 9 ], "texture": "#0" },
				"west": { "uv": [ 1, 8.7, 5, 9 ], "texture": "#0" },
				"east": { "uv": [ 11, 8.7, 15, 9 ], "texture": "#0" }
			}
		},
		{
			"__comment": "Box694",
			"from": [ 8.75, 6.75, 7.5 ],
			"to": [ 9.05, 7.05, 11.5 ],
			"faces": {
				"down": { "uv": [ 5.375, 11, 5.675, 15 ], "texture": "#0" },
				"up": { "uv": [ 5.375, 1, 5.675, 5 ], "texture": "#0" },
				"north": { "uv": [ 10.325, 8.825, 10.625, 9.125 ], "texture": "#0" },
				"south": { "uv": [ 5.375, 8.825, 5.675, 9.125 ], "texture": "#0" },
				"west": { "uv": [ 1, 8.825, 5, 9.125 ], "texture": "#0" },
				"east": { "uv": [ 11, 8.825, 15, 9.125 ], "texture": "#0" }
			}
		},
		{
			"__comment": "Box694",
			"from": [ 8.875, 6.625, 7.5 ],
			"to": [ 9.175, 6.925, 11.5 ],
			"faces": {
				"down": { "uv": [ 5.5, 11, 5.8, 15 ], "texture": "#0" },
				"up": { "uv": [ 5.5, 1, 5.8, 5 ], "texture": "#0" },
				"north": { "uv": [ 10.2, 8.95, 10.5, 9.25 ], "texture": "#0" },
				"south": { "uv": [ 5.5, 8.95, 5.8, 9.25 ], "texture": "#0" },
				"west": { "uv": [ 1, 8.95, 5, 9.25 ], "texture": "#0" },
				"east": { "uv": [ 11, 8.95, 15, 9.25 ], "texture": "#0" }
			}
		},
		{
			"__comment": "Box694",
			"from": [ 8.75, 6.125, 7.5 ],
			"to": [ 9.05, 6.425, 11.5 ],
			"faces": {
				"down": { "uv": [ 5.375, 11, 5.675, 15 ], "texture": "#0" },
				"up": { "uv": [ 5.375, 1, 5.675, 5 ], "texture": "#0" },
				"north": { "uv": [ 10.325, 9.45, 10.625, 9.75 ], "texture": "#0" },
				"south": { "uv": [ 5.375, 9.45, 5.675, 9.75 ], "texture": "#0" },
				"west": { "uv": [ 1, 9.45, 5, 9.75 ], "texture": "#0" },
				"east": { "uv": [ 11, 9.45, 15, 9.75 ], "texture": "#0" }
			}
		},
		{
			"__comment": "Box694",
			"from": [ 8.75, 6.375, 7.5 ],
			"to": [ 9.05, 6.675, 11.5 ],
			"faces": {
				"down": { "uv": [ 5.375, 11, 5.675, 15 ], "texture": "#0" },
				"up": { "uv": [ 5.375, 1, 5.675, 5 ], "texture": "#0" },
				"north": { "uv": [ 10.325, 9.2, 10.625, 9.5 ], "texture": "#0" },
				"south": { "uv": [ 5.375, 9.2, 5.675, 9.5 ], "texture": "#0" },
				"west": { "uv": [ 1, 9.2, 5, 9.5 ], "texture": "#0" },
				"east": { "uv": [ 11, 9.2, 15, 9.5 ], "texture": "#0" }
			}
		},
		{
			"__comment": "Box694",
			"from": [ 8.625, 6.125, 7.5 ],
			"to": [ 8.925, 6.425, 11.5 ],
			"faces": {
				"down": { "uv": [ 5.25, 11, 5.55, 15 ], "texture": "#0" },
				"up": { "uv": [ 5.25, 1, 5.55, 5 ], "texture": "#0" },
				"north": { "uv": [ 10.45, 9.45, 10.75, 9.75 ], "texture": "#0" },
				"south": { "uv": [ 5.25, 9.45, 5.55, 9.75 ], "texture": "#0" },
				"west": { "uv": [ 1, 9.45, 5, 9.75 ], "texture": "#0" },
				"east": { "uv": [ 11, 9.45, 15, 9.75 ], "texture": "#0" }
			}
		},
		{
			"__comment": "Box694",
			"from": [ 8.375, 5.875, 4 ],
			"to": [ 8.675, 6.175, 4.3 ],
			"faces": {
				"down": { "uv": [ 8.375, 11.7, 8.675, 12 ], "texture": "#3" },
				"up": { "uv": [ 8.375, 4, 8.675, 4.3 ], "texture": "#3" },
				"north": { "uv": [ 7.325, 9.825, 7.625, 10.125 ], "texture": "#3" },
				"south": { "uv": [ 8.375, 9.825, 8.675, 10.125 ], "texture": "#3" },
				"west": { "uv": [ 4, 9.825, 4.3, 10.125 ], "texture": "#3" },
				"east": { "uv": [ 11.7, 9.825, 12, 10.125 ], "texture": "#3" }
			}
		},
		{
			"__comment": "Box694",
			"from": [ 8.075, 5.875, 4 ],
			"to": [ 8.375, 6.175, 4.3 ],
			"rotation": { "origin": [ 8.375, 5.875, 4 ], "axis": "z", "angle": -22.5 },
			"faces": {
				"down": { "uv": [ 2, 10, 0, 9.7 ], "texture": "#3", "rotation": 90 },
				"up": { "uv": [ 14, 9.7, 16, 10 ], "texture": "#3", "rotation": 270 },
				"north": { "uv": [ 1, 10, 0.7000008, 9.7 ], "texture": "#3", "rotation": 270 },
				"south": { "uv": [ 15.3, 10, 15, 9.7 ], "texture": "#3", "rotation": 90 },
				"west": { "uv": [ 15.3, 2, 15, 0 ], "texture": "#3", "rotation": 90 },
				"east": { "uv": [ 15, 14, 15.3, 16 ], "texture": "#3", "rotation": 270 }
			}
		},
		{
			"__comment": "Box694",
			"from": [ 8.675, 5.875, 4 ],
			"to": [ 8.975, 6.175, 4.3 ],
			"rotation": { "origin": [ 8.675, 5.875, 4 ], "axis": "z", "angle": 22.5 },
			"faces": {
				"down": { "uv": [ 15, 14, 15.3, 16 ], "texture": "#3" },
				"up": { "uv": [ 15, 0, 15.3, 2 ], "texture": "#3" },
				"north": { "uv": [ 0.7000008, 9.7, 1, 10 ], "texture": "#3" },
				"south": { "uv": [ 15, 9.7, 15.3, 10 ], "texture": "#3" },
				"west": { "uv": [ 0, 9.7, 2, 10 ], "texture": "#3" },
				"east": { "uv": [ 14, 9.7, 16, 10 ], "texture": "#3" }
			}
		},
		{
			"__comment": "Box694",
			"from": [ 8.9522, 5.7602, 4 ],
			"to": [ 9.2522, 6.0602, 4.3 ],
			"rotation": { "origin": [ 8.675, 5.875, 4 ], "axis": "z", "angle": 45 },
			"faces": {
				"down": { "uv": [ 15, 14, 15.3, 16 ], "texture": "#3" },
				"up": { "uv": [ 15, 0, 15.3, 2 ], "texture": "#3" },
				"north": { "uv": [ 0.7000008, 9.7, 1, 10 ], "texture": "#3" },
				"south": { "uv": [ 15, 9.7, 15.3, 10 ], "texture": "#3" },
				"west": { "uv": [ 0, 9.7, 2, 10 ], "texture": "#3" },
				"east": { "uv": [ 14, 9.7, 16, 10 ], "texture": "#3" }
			}
		},
		{
			"__comment": "Box694",
			"from": [ 8.7019, 6.3643, 4 ],
			"to": [ 9.0019, 6.6643, 4.3 ],
			"rotation": { "origin": [ 8.675, 5.875, 4 ], "axis": "z", "angle": -22.5 },
			"faces": {
				"down": { "uv": [ 2, 10, 0, 9.7 ], "texture": "#3", "rotation": 90 },
				"up": { "uv": [ 14, 9.7, 16, 10 ], "texture": "#3", "rotation": 270 },
				"north": { "uv": [ 1, 10, 0.7000008, 9.7 ], "texture": "#3", "rotation": 270 },
				"south": { "uv": [ 15.3, 10, 15, 9.7 ], "texture": "#3", "rotation": 90 },
				"west": { "uv": [ 15.3, 2, 15, 0 ], "texture": "#3", "rotation": 90 },
				"east": { "uv": [ 15, 14, 15.3, 16 ], "texture": "#3", "rotation": 270 }
			}
		},
		{
			"__comment": "Box694",
			"from": [ 8.9791, 6.4791, 4 ],
			"to": [ 9.2791, 6.7791, 4.3 ],
			"faces": {
				"down": { "uv": [ 2, 10, 0, 9.7 ], "texture": "#3", "rotation": 90 },
				"up": { "uv": [ 14, 9.7, 16, 10 ], "texture": "#3", "rotation": 270 },
				"north": { "uv": [ 1, 10, 0.7000008, 9.7 ], "texture": "#3", "rotation": 270 },
				"south": { "uv": [ 15.3, 10, 15, 9.7 ], "texture": "#3", "rotation": 90 },
				"west": { "uv": [ 15.3, 2, 15, 0 ], "texture": "#3", "rotation": 90 },
				"east": { "uv": [ 15, 14, 15.3, 16 ], "texture": "#3", "rotation": 270 }
			}
		},
		{
			"__comment": "Box694",
			"from": [ 9.279099, 6.4791, 4 ],
			"to": [ 9.5791, 6.7791, 4.3 ],
			"rotation": { "origin": [ 8.675, 5.875, 4 ], "axis": "z", "angle": 22.5 },
			"faces": {
				"down": { "uv": [ 2, 10, 0, 9.7 ], "texture": "#3", "rotation": 90 },
				"up": { "uv": [ 14, 9.7, 16, 10 ], "texture": "#3", "rotation": 270 },
				"north": { "uv": [ 1, 10, 0.7000008, 9.7 ], "texture": "#3", "rotation": 270 },
				"south": { "uv": [ 15.3, 10, 15, 9.7 ], "texture": "#3", "rotation": 90 },
				"west": { "uv": [ 15.3, 2, 15, 0 ], "texture": "#3", "rotation": 90 },
				"east": { "uv": [ 15, 14, 15.3, 16 ], "texture": "#3", "rotation": 270 }
			}
		},
		{
			"__comment": "Box694",
			"from": [ 9.5563, 6.3643, 4 ],
			"to": [ 9.8563, 6.6643, 4.3 ],
			"rotation": { "origin": [ 8.675, 5.875, 4 ], "axis": "z", "angle": 45 },
			"faces": {
				"down": { "uv": [ 2, 10, 0, 9.7 ], "texture": "#3", "rotation": 90 },
				"up": { "uv": [ 14, 9.7, 16, 10 ], "texture": "#3", "rotation": 270 },
				"north": { "uv": [ 1, 10, 0.7000008, 9.7 ], "texture": "#3", "rotation": 270 },
				"south": { "uv": [ 15.3, 10, 15, 9.7 ], "texture": "#3", "rotation": 90 },
				"west": { "uv": [ 15.3, 2, 15, 0 ], "texture": "#3", "rotation": 90 },
				"east": { "uv": [ 15, 14, 15.3, 16 ], "texture": "#3", "rotation": 270 }
			}
		},
		{
			"__comment": "Box694",
			"from": [ 8.0978, 6.9684, 4 ],
			"to": [ 8.3978, 7.2684, 4.3 ],
			"rotation": { "origin": [ 8.675, 5.875, 4 ], "axis": "z", "angle": -22.5 },
			"faces": {
				"down": { "uv": [ 15, 0, 15.3, 2 ], "texture": "#3", "rotation": 180 },
				"up": { "uv": [ 15, 14, 15.3, 16 ], "texture": "#3", "rotation": 180 },
				"north": { "uv": [ 0.7000008, 9.7, 1, 10 ], "texture": "#3", "rotation": 180 },
				"south": { "uv": [ 15, 9.7, 15.3, 10 ], "texture": "#3", "rotation": 180 },
				"west": { "uv": [ 16, 10, 14, 9.7 ], "texture": "#3" },
				"east": { "uv": [ 2, 10, 0, 9.7 ], "texture": "#3" }
			}
		},
		{
			"__comment": "Box694",
			"from": [ 8.375, 7.0832, 4 ],
			"to": [ 8.675, 7.3832, 4.3 ],
			"faces": {
				"down": { "uv": [ 15, 0, 15.3, 2 ], "texture": "#3", "rotation": 180 },
				"up": { "uv": [ 15, 14, 15.3, 16 ], "texture": "#3", "rotation": 180 },
				"north": { "uv": [ 0.7000008, 9.7, 1, 10 ], "texture": "#3", "rotation": 180 },
				"south": { "uv": [ 15, 9.7, 15.3, 10 ], "texture": "#3", "rotation": 180 },
				"west": { "uv": [ 16, 10, 14, 9.7 ], "texture": "#3" },
				"east": { "uv": [ 2, 10, 0, 9.7 ], "texture": "#3" }
			}
		},
		{
			"__comment": "Box694",
			"from": [ 8.675, 7.0832, 4 ],
			"to": [ 8.975, 7.3832, 4.3 ],
			"rotation": { "origin": [ 8.675, 5.875, 4 ], "axis": "z", "angle": 22.5 },
			"faces": {
				"down": { "uv": [ 15, 0, 15.3, 2 ], "texture": "#3", "rotation": 180 },
				"up": { "uv": [ 15, 14, 15.3, 16 ], "texture": "#3", "rotation": 180 },
				"north": { "uv": [ 0.7000008, 9.7, 1, 10 ], "texture": "#3", "rotation": 180 },
				"south": { "uv": [ 15, 9.7, 15.3, 10 ], "texture": "#3", "rotation": 180 },
				"west": { "uv": [ 16, 10, 14, 9.7 ], "texture": "#3" },
				"east": { "uv": [ 2, 10, 0, 9.7 ], "texture": "#3" }
			}
		},
		{
			"__comment": "Box694",
			"from": [ 8.9522, 6.9684, 4 ],
			"to": [ 9.2522, 7.2684, 4.3 ],
			"rotation": { "origin": [ 8.675, 5.875, 4 ], "axis": "z", "angle": 45 },
			"faces": {
				"down": { "uv": [ 15, 0, 15.3, 2 ], "texture": "#3", "rotation": 180 },
				"up": { "uv": [ 15, 14, 15.3, 16 ], "texture": "#3", "rotation": 180 },
				"north": { "uv": [ 0.7000008, 9.7, 1, 10 ], "texture": "#3", "rotation": 180 },
				"south": { "uv": [ 15, 9.7, 15.3, 10 ], "texture": "#3", "rotation": 180 },
				"west": { "uv": [ 16, 10, 14, 9.7 ], "texture": "#3" },
				"east": { "uv": [ 2, 10, 0, 9.7 ], "texture": "#3" }
			}
		},
		{
			"__comment": "Box694",
			"from": [ 7.4937, 6.3643, 4 ],
			"to": [ 7.7937, 6.6643, 4.3 ],
			"rotation": { "origin": [ 8.675, 5.875, 4 ], "axis": "z", "angle": -22.5 },
			"faces": {
				"down": { "uv": [ 14, 9.7, 16, 10 ], "texture": "#3", "rotation": 90 },
				"up": { "uv": [ 2, 10, 0, 9.7 ], "texture": "#3", "rotation": 270 },
				"north": { "uv": [ 1, 10, 0.7000008, 9.7 ], "texture": "#3", "rotation": 90 },
				"south": { "uv": [ 15.3, 10, 15, 9.7 ], "texture": "#3", "rotation": 270 },
				"west": { "uv": [ 15.3, 16, 15, 14 ], "texture": "#3", "rotation": 270 },
				"east": { "uv": [ 15, 0, 15.3, 2 ], "texture": "#3", "rotation": 90 }
			}
		},
		{
			"__comment": "Box694",
			"from": [ 7.7709, 6.4791, 4 ],
			"to": [ 8.0709, 6.7791, 4.3 ],
			"faces": {
				"down": { "uv": [ 14, 9.7, 16, 10 ], "texture": "#3", "rotation": 90 },
				"up": { "uv": [ 2, 10, 0, 9.7 ], "texture": "#3", "rotation": 270 },
				"north": { "uv": [ 1, 10, 0.7000008, 9.7 ], "texture": "#3", "rotation": 90 },
				"south": { "uv": [ 15.3, 10, 15, 9.7 ], "texture": "#3", "rotation": 270 },
				"west": { "uv": [ 15.3, 16, 15, 14 ], "texture": "#3", "rotation": 270 },
				"east": { "uv": [ 15, 0, 15.3, 2 ], "texture": "#3", "rotation": 90 }
			}
		},
		{
			"__comment": "Box694",
			"from": [ 8.0709, 6.4791, 4 ],
			"to": [ 8.3709, 6.7791, 4.3 ],
			"rotation": { "origin": [ 8.675, 5.875, 4 ], "axis": "z", "angle": 22.5 },
			"faces": {
				"down": { "uv": [ 14, 9.7, 16, 10 ], "texture": "#3", "rotation": 90 },
				"up": { "uv": [ 2, 10, 0, 9.7 ], "texture": "#3", "rotation": 270 },
				"north": { "uv": [ 1, 10, 0.7000008, 9.7 ], "texture": "#3", "rotation": 90 },
				"south": { "uv": [ 15.3, 10, 15, 9.7 ], "texture": "#3", "rotation": 270 },
				"west": { "uv": [ 15.3, 16, 15, 14 ], "texture": "#3", "rotation": 270 },
				"east": { "uv": [ 15, 0, 15.3, 2 ], "texture": "#3", "rotation": 90 }
			}
		},
		{
			"__comment": "Box694",
			"from": [ 8.3481, 6.3643, 4 ],
			"to": [ 8.6481, 6.6643, 4.3 ],
			"rotation": { "origin": [ 8.675, 5.875, 4 ], "axis": "z", "angle": 45 },
			"faces": {
				"down": { "uv": [ 14, 9.7, 16, 10 ], "texture": "#3", "rotation": 90 },
				"up": { "uv": [ 2, 10, 0, 9.7 ], "texture": "#3", "rotation": 270 },
				"north": { "uv": [ 1, 10, 0.7000008, 9.7 ], "texture": "#3", "rotation": 90 },
				"south": { "uv": [ 15.3, 10, 15, 9.7 ], "texture": "#3", "rotation": 270 },
				"west": { "uv": [ 15.3, 16, 15, 14 ], "texture": "#3", "rotation": 270 },
				"east": { "uv": [ 15, 0, 15.3, 2 ], "texture": "#3", "rotation": 90 }
			}
		},
		{
			"__comment": "Box694",
			"from": [ 8.075, 7.2082, 4.375 ],
			"to": [ 9.075, 7.5082, 4.675 ],
			"faces": {
				"down": { "uv": [ 15, 0, 15.3, 2 ], "texture": "#3", "rotation": 180 },
				"up": { "uv": [ 15, 14, 15.3, 16 ], "texture": "#3", "rotation": 180 },
				"north": { "uv": [ 0.7000008, 9.7, 1, 10 ], "texture": "#3", "rotation": 180 },
				"south": { "uv": [ 15, 9.7, 15.3, 10 ], "texture": "#3", "rotation": 180 },
				"west": { "uv": [ 16, 10, 14, 9.7 ], "texture": "#3" },
				"east": { "uv": [ 2, 10, 0, 9.7 ], "texture": "#3" }
			}
		}
	],
	"display": {
		"thirdperson_righthand": {
			"rotation":  [ 0, 180, 0 ],
			"translation":  [ 0, 1.3043, -0.945 ],
			"scale":  [ 0.65, 0.65, 0.65 ]
		},
		"thirdperson_lefthand": {
			"rotation":  [ 0, 180, 0 ],
			"translation":  [ 0, 2, -0.25 ],
			"scale":  [ 0.0001, 0.0001, 0.0001 ]
		},
		"firstperson_righthand": {
			"rotation":  [ 0, -169, 0 ],
			"translation":  [ -4, 5.3913, -1.586 ]
		},
		"firstperson_lefthand": {
			"rotation":  [ 0, 158, -2 ],
			"translation":  [ -13.73, 6.0869, 0.5009 ],
			"scale":  [ 0.0001, 0.0001, 0.0001 ]
		},
		"gui": {
			"rotation":  [ -43, -137, -86 ],
			"translation":  [ -3.564, 0.7733, 0 ],
			"scale":  [ 2, 2, 2 ]
		},
		"ground": {
			"rotation":  [ 0, 0, 90 ],
			"translation":  [ -1, 0, 1.5 ],
			"scale":  [ 0.35, 0.35, 0.35 ]
		},
		"fixed": {
			"rotation":  [ 0, -45, -90 ],
			"translation":  [ 0, -15, -5.5 ]
		}
	}
}