{
	"__comment": "Designed by I_m_bin2 with Cubik Studio - https://cubik.studio",
	"ambientocclusion": false,
	"textures": {
		"0": "blocks/colours/gray - 8eight",
		"1": "blocks/colours/gray - 5fifth",
		"2": "blocks/colours/gray - 6sixth",
		"3": "entity/chest/normal",
		"4": "blocks/colours/gray - 5fifth",
		"5": "blocks/colours/gray - 8eight",
		"7": "blocks/colours/gray - 2second",
		"8": "blocks/colours/dullgray",
		"9": "blocks/colours/gray - 4fourth",
		"particle": "blocks/colours/beige",
		"a": "blocks/colours/gray - 7seventh",
		"b": "blocks/colours/gray - 6sixth",
		"e": "blocks/colours/gray - 3third"
	},
	"elements": [ 	 
		{
			"__comment": "Element",
			"from": [ 1.25, 8.771, 8.2 ],
			"to": [ 2.9, 8.95, 8.45 ],
			"rotation": { "origin": [ 2.75, 8.8605, 8 ], "axis": "x", "angle": -22.5 },
			"faces": {
				"up": { "uv": [ 15, 0, 16, 7 ], "texture": "#9", "rotation": 180 },
				"north": { "uv": [ 0.01, 0.01000023, 0.01, 0.01000023 ], "texture": "#2" },
				"south": { "uv": [ 15, 0, 16, 7 ], "texture": "#9" },
				"west": { "uv": [ 0.01, 5, 0.01, 8 ], "texture": "#5" },
				"east": { "uv": [ 0, 0, 1, 2 ], "texture": "#2" }
			}
		},
		{
			"__comment": "Element",
			"from": [ 13.7, 8.825, 7.9602 ],
			"to": [ 28.05, 8.875, 8.03976 ],
			"faces": {
				"down": { "uv": [ 6, 9, 7, 10 ], "texture": "#5" },
				"up": { "uv": [ 1, 8, 7, 9 ], "texture": "#9", "rotation": 90 },
				"south": { "uv": [ 11, 15, 12, 16 ], "texture": "#9" },
				"east": { "uv": [ 6, 4, 10, 5 ], "texture": "#2" }
			}
		},
		{
			"__comment": "Element",
			"from": [ -5.9, 4.45, 7.4995 ],
			"to": [ 2.400002, 5.85, 8.5005 ],
			"rotation": { "origin": [ -5.9, 4.45, 8 ], "axis": "z", "angle": 22.5 },
			"faces": {
				"down": { "uv": [ 4, 0.5, 6.25, 2.75 ], "texture": "#3", "rotation": 270 },
				"up": { "uv": [ 6.75, 5, 10.25, 8 ], "texture": "#3", "rotation": 180 },
				"north": { "uv": [ 4, 0.25, 6.75, 2.949841 ], "texture": "#3", "rotation": 180 },
				"south": { "uv": [ 10.19984, 5, 7.5, 8 ], "texture": "#3", "rotation": 180 }
			}
		},
		{
			"__comment": "Element",
			"from": [ 5, 10.65, 7.349 ],
			"to": [ 5.001, 10.8, 7.45 ],
			"faces": {
				"north": { "uv": [ 2, 11, 4, 13 ], "texture": "#7" }
			}
		},
		{
			"__comment": "Element",
			"from": [ 1.5256, 7.0199, 7.9 ],
			"to": [ 1.6256, 7.4199, 8.1 ],
			"faces": {
				"down": { "uv": [ 0, 0, 0.1, 0.1999998 ], "texture": "#5" },
				"north": { "uv": [ 0, 0, 0.1, 0.5 ], "texture": "#5" },
				"south": { "uv": [ 0, 0, 0.1, 0.5 ], "texture": "#5" },
				"west": { "uv": [ 0, 0, 0.2, 0.5 ], "texture": "#5" },
				"east": { "uv": [ 0, 0, 0.2, 0.5 ], "texture": "#5" }
			}
		},
		{
			"__comment": "Element",
			"from": [ 1.465, 6.79, 7.8 ],
			"to": [ 2.55, 6.89, 8.199999 ],
			"faces": {
				"down": { "uv": [ 10, 10, 16, 11 ], "texture": "#5", "rotation": 180 },
				"up": { "uv": [ 3, 1, 12, 4 ], "texture": "#7" },
				"north": { "uv": [ 3, 2, 10, 4 ], "texture": "#7", "rotation": 180 },
				"south": { "uv": [ 6, 2, 2, 4 ], "texture": "#7", "rotation": 180 }
			}
		},
		{
			"__comment": "Element",
			"from": [ 2.5, 6.75, 7.6 ],
			"to": [ 4.4, 7.9, 8.4 ],
			"faces": {
				"down": { "uv": [ 7, 4, 8, 5 ], "texture": "#5" },
				"north": { "uv": [ 1, 4, 2, 11 ], "texture": "#a", "rotation": 270 },
				"south": { "uv": [ 1, 4, 2, 11 ], "texture": "#a", "rotation": 90 },
				"west": { "uv": [ 0, 0, 3.4, 5.8 ], "texture": "#2" },
				"east": { "uv": [ 0, 9, 1, 14 ], "texture": "#2" }
			}
		},
		{
			"__comment": "Element",
			"from": [ 8.649899, 8.701, 7.65 ],
			"to": [ 11.2499, 9.501, 8.35 ],
			"faces": {
				"up": { "uv": [ 0, 0, 5, 16 ], "texture": "#2" },
				"north": { "uv": [ 3, 13, 13, 14 ], "texture": "#0", "rotation": 90 },
				"south": { "uv": [ 3, 13, 13, 14 ], "texture": "#0", "rotation": 90 },
				"west": { "uv": [ 0.01, 5, 0.01, 8 ], "texture": "#5" },
				"east": { "uv": [ 0, 0, 1, 2 ], "texture": "#2" }
			}
		},
		{
			"__comment": "Element",
			"from": [ 8.7, 9.55, 7.8 ],
			"to": [ 11.2, 9.6, 8.199999 ],
			"faces": {
				"up": { "uv": [ 2, 4, 4, 11 ], "texture": "#0" },
				"north": { "uv": [ 3, 13, 13, 14 ], "texture": "#0", "rotation": 90 },
				"south": { "uv": [ 3, 13, 13, 14 ], "texture": "#0", "rotation": 90 },
				"west": { "uv": [ 0.01, 5, 0.01, 8 ], "texture": "#5" },
				"east": { "uv": [ 0, 0, 1, 2 ], "texture": "#2" }
			}
		},
		{
			"__comment": "Element",
			"from": [ 9.9, 9.551, 7.85 ],
			"to": [ 11.15, 9.601, 7.95 ],
			"faces": {
				"up": { "uv": [ 13, 0, 14, 16 ], "texture": "#8", "rotation": 90 }
			}
		},
		{
			"__comment": "Element",
			"from": [ 9.9, 9.551, 8.05 ],
			"to": [ 11.15, 9.601, 8.15 ],
			"faces": {
				"up": { "uv": [ 13, 0, 14, 16 ], "texture": "#8", "rotation": 270 }
			}
		},
		{
			"__comment": "Element",
			"from": [ 1.25, 7, 7.8 ],
			"to": [ 1.35, 7.9, 8.199999 ],
			"faces": {
				"north": { "uv": [ 2, 2, 6, 4 ], "texture": "#7", "rotation": 90 },
				"south": { "uv": [ 6, 2, 2, 4 ], "texture": "#7", "rotation": 270 },
				"west": { "uv": [ 0, 0, 1.3, 0.3999996 ], "texture": "#5", "rotation": 270 },
				"east": { "uv": [ 3, 1, 12, 4 ], "texture": "#7", "rotation": 270 }
			}
		},
		{
			"__comment": "Element",
			"from": [ 1.278, 8.76, 7.799 ],
			"to": [ 1.378, 9.06, 8.201 ],
			"rotation": { "origin": [ 3.75, 8, 8 ], "axis": "z", "angle": 45 },
			"faces": {
				"north": { "uv": [ 3, 2, 6, 4 ], "texture": "#7", "rotation": 90 },
				"south": { "uv": [ 6, 2, 2, 4 ], "texture": "#7", "rotation": 270 },
				"west": { "uv": [ 0, 0, 1.3, 0.3999996 ], "texture": "#5", "rotation": 270 },
				"east": { "uv": [ 3, 1, 12, 4 ], "texture": "#7", "rotation": 270 }
			}
		},
		{
			"__comment": "Element",
			"from": [ 5.75, 7.44, 7.5995 ],
			"to": [ 5.9, 7.59, 8.400499 ],
			"faces": {
				"north": { "uv": [ 2, 11, 4, 13 ], "texture": "#7" },
				"south": { "uv": [ 1, 2, 4, 5 ], "texture": "#7", "rotation": 270 }
			}
		},
		{
			"__comment": "Element",
			"from": [ 27.075, 9.175, 7.925 ],
			"to": [ 27.35, 9.505, 8.074999 ],
			"faces": {
				"up": { "uv": [ 0, 0, 1, 11 ], "texture": "#9" },
				"north": { "uv": [ 0, 0, 9, 1 ], "texture": "#9", "rotation": 180 },
				"south": { "uv": [ 0, 0, 9, 1 ], "texture": "#9" },
				"west": { "uv": [ 0.01, 0.01000023, 0.01, 0.01000023 ], "texture": "#b" },
				"east": { "uv": [ 6, 0, 8, 14 ], "texture": "#2", "rotation": 270 }
			}
		},
		{
			"__comment": "Element",
			"from": [ 27.15, 9.45, 7.985 ],
			"to": [ 27.35, 9.65, 8.014999 ],
			"faces": {
				"down": { "uv": [ 2, 2, 4, 4 ], "texture": "#1" },
				"up": { "uv": [ 0, 13, 7, 16 ], "texture": "#9" },
				"north": { "uv": [ 0, 0, 1, 4 ], "texture": "#9", "rotation": 270 },
				"south": { "uv": [ 0, 0, 1, 1 ], "texture": "#0" },
				"west": { "uv": [ 0, 0, 1, 4 ], "texture": "#9" },
				"east": { "uv": [ 0, 0, 4, 2 ], "texture": "#2" }
			}
		},
		{
			"__comment": "Element",
			"from": [ 13.7, 8.825, 7.9602 ],
			"to": [ 28.05, 8.875, 8.03976 ],
			"rotation": { "origin": [ 16.4, 9.025, 8 ], "axis": "x", "angle": 22.5 },
			"faces": {
				"down": { "uv": [ 6, 9, 7, 10 ], "texture": "#5" },
				"up": { "uv": [ 6, 7, 11, 8 ], "texture": "#9", "rotation": 90 },
				"north": { "uv": [ 8, 15, 9, 16 ], "texture": "#9" },
				"east": { "uv": [ 6, 4, 10, 5 ], "texture": "#2" }
			}
		},
		{
			"__comment": "Element",
			"from": [ 13.7, 8.825, 7.9602 ],
			"to": [ 28.05, 8.875, 8.03976 ],
			"rotation": { "origin": [ 16.4, 9.025, 8 ], "axis": "x", "angle": 45 },
			"faces": {
				"down": { "uv": [ 10, 10, 14, 11 ], "texture": "#5", "rotation": 270 },
				"up": { "uv": [ 1, 7, 9, 8 ], "texture": "#9", "rotation": 90 },
				"east": { "uv": [ 9, 6, 13, 7 ], "texture": "#2", "rotation": 90 }
			}
		},
		{
			"__comment": "Element",
			"from": [ 13.7, 8.825, 7.9602 ],
			"to": [ 28.05, 8.875, 8.03976 ],
			"rotation": { "origin": [ 16.4, 9.025, 8 ], "axis": "x", "angle": -22.5 },
			"faces": {
				"down": { "uv": [ 12, 10, 16, 11 ], "texture": "#5" },
				"up": { "uv": [ 6, 7, 11, 8 ], "texture": "#9", "rotation": 270 },
				"east": { "uv": [ 9, 6, 13, 7 ], "texture": "#2", "rotation": 90 }
			}
		},
		{
			"__comment": "Element",
			"from": [ 13.7, 8.825, 7.9602 ],
			"to": [ 28.05, 8.875, 8.03976 ],
			"rotation": { "origin": [ 16.4, 9.025, 8 ], "axis": "x", "angle": -45 },
			"faces": {
				"down": { "uv": [ 15, 2, 16, 6 ], "texture": "#9" },
				"up": { "uv": [ 1, 7, 9, 8 ], "texture": "#9", "rotation": 90 },
				"east": { "uv": [ 9, 6, 13, 7 ], "texture": "#2", "rotation": 90 }
			}
		},
		{
			"__comment": "Element",
			"from": [ 13.7, 8.9852, 7.8 ],
			"to": [ 28.05, 9.06476, 7.849998 ],
			"rotation": { "origin": [ 16.4, 9.025, 8 ], "axis": "x", "angle": 22.5 },
			"faces": {
				"up": { "uv": [ 10, 15, 11, 16 ], "texture": "#9" },
				"north": { "uv": [ 4, 1.99, 8, 1.99 ], "texture": "#9", "rotation": 270 },
				"south": { "uv": [ 15, 0, 16, 7 ], "texture": "#9", "rotation": 180 },
				"east": { "uv": [ 6, 4, 10, 5 ], "texture": "#2" }
			}
		},
		{
			"__comment": "Element",
			"from": [ 13.7, 8.9852, 7.8 ],
			"to": [ 28.05, 9.06476, 7.849998 ],
			"faces": {
				"down": { "uv": [ 8, 15, 9, 16 ], "texture": "#9", "rotation": 180 },
				"north": { "uv": [ 9, 0, 12, 1 ], "texture": "#9", "rotation": 90 },
				"south": { "uv": [ 9, 7, 15, 8 ], "texture": "#9", "rotation": 270 },
				"east": { "uv": [ 6, 4, 10, 5 ], "texture": "#2" }
			}
		},
		{
			"__comment": "Element",
			"from": [ 13.7, 8.9852, 7.8 ],
			"to": [ 28.05, 9.06476, 7.849998 ],
			"rotation": { "origin": [ 16.4, 9.025, 8 ], "axis": "x", "angle": -22.5 },
			"faces": {
				"north": { "uv": [ 15, 0, 16, 4 ], "texture": "#9" },
				"south": { "uv": [ 6, 7, 11, 8 ], "texture": "#9", "rotation": 90 },
				"east": { "uv": [ 9, 6, 13, 7 ], "texture": "#2", "rotation": 180 }
			}
		},
		{
			"__comment": "Element",
			"from": [ 13.7, 8.9852, 8.15 ],
			"to": [ 28.05, 9.06476, 8.2 ],
			"rotation": { "origin": [ 16.4, 9.025, 8 ], "axis": "x", "angle": 22.5 },
			"faces": {
				"down": { "uv": [ 10, 15, 11, 16 ], "texture": "#9", "rotation": 180 },
				"north": { "uv": [ 7, 7, 11, 8 ], "texture": "#9", "rotation": 90 },
				"south": { "uv": [ 9, 0, 13, 1 ], "texture": "#9", "rotation": 90 },
				"east": { "uv": [ 6, 4, 10, 5 ], "texture": "#2" }
			}
		},
		{
			"__comment": "Element",
			"from": [ 13.7, 8.9852, 8.15 ],
			"to": [ 28.05, 9.06476, 8.2 ],
			"rotation": { "origin": [ 16.4, 9.025, 8 ], "axis": "x", "angle": -22.5 },
			"faces": {
				"north": { "uv": [ 8, 0, 14, 1 ], "texture": "#9", "rotation": 270 },
				"south": { "uv": [ 11, 8.99, 14, 8.99 ], "texture": "#9", "rotation": 90 },
				"east": { "uv": [ 9, 6, 13, 7 ], "texture": "#2", "rotation": 180 }
			}
		},
		{
			"__comment": "Element",
			"from": [ 13.7, 8.9852, 8.15 ],
			"to": [ 28.05, 9.06476, 8.2 ],
			"faces": {
				"up": { "uv": [ 10, 15, 11, 16 ], "texture": "#9" },
				"north": { "uv": [ 2, 1, 6, 2 ], "texture": "#9", "rotation": 90 },
				"south": { "uv": [ 4, 1, 6, 2 ], "texture": "#9", "rotation": 270 },
				"east": { "uv": [ 6, 4, 10, 5 ], "texture": "#2" }
			}
		},
		{
			"__comment": "Element",
			"from": [ 13.7, 9.175, 7.9602 ],
			"to": [ 28.05, 9.225, 8.03976 ],
			"rotation": { "origin": [ 16.4, 9.025, 8 ], "axis": "x", "angle": 45 },
			"faces": {
				"down": { "uv": [ 15, 2, 16, 8 ], "texture": "#9" },
				"up": { "uv": [ 5.99, 9, 5.99, 12 ], "texture": "#7" },
				"east": { "uv": [ 9, 6, 13, 7 ], "texture": "#2", "rotation": 90 }
			}
		},
		{
			"__comment": "Element",
			"from": [ 13.7, 9.175, 7.9602 ],
			"to": [ 28.05, 9.225, 8.03976 ],
			"rotation": { "origin": [ 16.4, 9.025, 8 ], "axis": "x", "angle": 22.5 },
			"faces": {
				"down": { "uv": [ 6, 9, 7, 10 ], "texture": "#5" },
				"up": { "uv": [ 8, 9, 9, 13 ], "texture": "#9", "rotation": 180 },
				"south": { "uv": [ 11, 15, 12, 16 ], "texture": "#9" },
				"east": { "uv": [ 6, 4, 10, 5 ], "texture": "#2" }
			}
		},
		{
			"__comment": "Element",
			"from": [ 13.7, 9.175, 7.9602 ],
			"to": [ 28.05, 9.225, 8.03976 ],
			"faces": {
				"down": { "uv": [ 6, 9, 7, 10 ], "texture": "#5" },
				"up": { "uv": [ 7, 11, 11, 12 ], "texture": "#9", "rotation": 270 },
				"north": { "uv": [ 9, 15, 10, 16 ], "texture": "#9" },
				"east": { "uv": [ 6, 4, 10, 5 ], "texture": "#2" }
			}
		},
		{
			"__comment": "Element",
			"from": [ 13.7, 9.175, 7.9602 ],
			"to": [ 28.05, 9.225, 8.03976 ],
			"rotation": { "origin": [ 16.4, 9.025, 8 ], "axis": "x", "angle": -22.5 },
			"faces": {
				"down": { "uv": [ 6, 9, 7, 10 ], "texture": "#5" },
				"up": { "uv": [ 6, 9, 7, 10 ], "texture": "#7", "rotation": 180 },
				"east": { "uv": [ 9, 6, 13, 7 ], "texture": "#2", "rotation": 90 }
			}
		},
		{
			"__comment": "Element",
			"from": [ 13.7, 9.175, 7.9602 ],
			"to": [ 28.05, 9.225, 8.03976 ],
			"rotation": { "origin": [ 16.4, 9.025, 8 ], "axis": "x", "angle": -45 },
			"faces": {
				"down": { "uv": [ 10, 10, 16, 11 ], "texture": "#5", "rotation": 270 },
				"up": { "uv": [ 8, 8, 13, 9 ], "texture": "#9", "rotation": 270 },
				"east": { "uv": [ 9, 6, 13, 7 ], "texture": "#2", "rotation": 90 }
			}
		},
		{
			"__comment": "Element",
			"from": [ 27.05, 9.6352, 7.8 ],
			"to": [ 27.3625, 9.71476, 7.849998 ],
			"faces": {
				"north": { "uv": [ 4, 0, 5, 8 ], "texture": "#a", "rotation": 90 },
				"south": { "uv": [ 9, 7, 15, 8 ], "texture": "#9", "rotation": 270 },
				"west": { "uv": [ 0.01, 0.01000023, 0.01, 0.01000023 ], "texture": "#2" },
				"east": { "uv": [ 9, 6, 13, 7 ], "texture": "#2", "rotation": 180 }
			}
		},
		{
			"__comment": "Element",
			"from": [ 27.05, 9.6352, 7.8 ],
			"to": [ 27.3625, 9.71476, 7.849998 ],
			"rotation": { "origin": [ 30.05, 9.675, 8 ], "axis": "x", "angle": -22.5 },
			"faces": {
				"north": { "uv": [ 6, 0, 7, 8 ], "texture": "#a", "rotation": 90 },
				"south": { "uv": [ 6, 7, 11, 8 ], "texture": "#9", "rotation": 90 },
				"west": { "uv": [ 0.01, 0.01000023, 0.01, 0.01000023 ], "texture": "#2", "rotation": 270 },
				"east": { "uv": [ 9, 6, 13, 7 ], "texture": "#2", "rotation": 180 }
			}
		},
		{
			"__comment": "Element",
			"from": [ 27.05, 9.474999, 7.9602 ],
			"to": [ 27.3625, 9.524999, 8.03976 ],
			"rotation": { "origin": [ 30.05, 9.675, 8 ], "axis": "x", "angle": 45 },
			"faces": {
				"down": { "uv": [ 8, 0, 9, 8 ], "texture": "#a", "rotation": 270 },
				"up": { "uv": [ 1, 7, 9, 8 ], "texture": "#9", "rotation": 90 },
				"west": { "uv": [ 0.01, 0.01000023, 0.01, 0.01000023 ], "texture": "#2" },
				"east": { "uv": [ 9, 6, 13, 7 ], "texture": "#2", "rotation": 90 }
			}
		},
		{
			"__comment": "Element",
			"from": [ 27.05, 9.474999, 7.9602 ],
			"to": [ 27.3625, 9.524999, 8.03976 ],
			"rotation": { "origin": [ 30.05, 9.675, 8 ], "axis": "x", "angle": 22.5 },
			"faces": {
				"down": { "uv": [ 8, 0, 9, 8 ], "texture": "#a", "rotation": 270 },
				"up": { "uv": [ 6, 7, 11, 8 ], "texture": "#9", "rotation": 90 },
				"north": { "uv": [ 8, 7, 9, 8 ], "texture": "#9" },
				"west": { "uv": [ 0.01, 0.01000023, 0.01, 0.01000023 ], "texture": "#2" },
				"east": { "uv": [ 9, 6, 13, 7 ], "texture": "#2", "rotation": 90 }
			}
		},
		{
			"__comment": "Element",
			"from": [ 27.05, 9.474999, 7.9602 ],
			"to": [ 27.3625, 9.524999, 8.03976 ],
			"faces": {
				"down": { "uv": [ 8, 0, 9, 8 ], "texture": "#a", "rotation": 270 },
				"up": { "uv": [ 1, 8, 7, 9 ], "texture": "#9", "rotation": 90 },
				"south": { "uv": [ 8, 7, 9, 8 ], "texture": "#9" },
				"west": { "uv": [ 0.01, 0.01000023, 0.01, 0.01000023 ], "texture": "#2" },
				"east": { "uv": [ 9, 6, 13, 7 ], "texture": "#2", "rotation": 90 }
			}
		},
		{
			"__comment": "Element",
			"from": [ 27.05, 9.474999, 7.9602 ],
			"to": [ 27.3625, 9.524999, 8.03976 ],
			"rotation": { "origin": [ 30.05, 9.675, 8 ], "axis": "x", "angle": -22.5 },
			"faces": {
				"down": { "uv": [ 8, 0, 9, 8 ], "texture": "#a", "rotation": 270 },
				"up": { "uv": [ 6, 7, 11, 8 ], "texture": "#9", "rotation": 270 },
				"west": { "uv": [ 0.01, 0.01000023, 0.01, 0.01000023 ], "texture": "#2" },
				"east": { "uv": [ 9, 6, 13, 7 ], "texture": "#2", "rotation": 90 }
			}
		},
		{
			"__comment": "Element",
			"from": [ 27.05, 9.474999, 7.9602 ],
			"to": [ 27.3625, 9.524999, 8.03976 ],
			"rotation": { "origin": [ 30.05, 9.675, 8 ], "axis": "x", "angle": -45 },
			"faces": {
				"down": { "uv": [ 8, 0, 9, 8 ], "texture": "#a", "rotation": 270 },
				"up": { "uv": [ 1, 7, 9, 8 ], "texture": "#9", "rotation": 90 },
				"west": { "uv": [ 0.01, 0.01000023, 0.01, 0.01000023 ], "texture": "#2" },
				"east": { "uv": [ 9, 6, 13, 7 ], "texture": "#2", "rotation": 90 }
			}
		},
		{
			"__comment": "Element",
			"from": [ 27.05, 9.6352, 8.15 ],
			"to": [ 27.3625, 9.71476, 8.2 ],
			"faces": {
				"north": { "uv": [ 2, 1, 6, 2 ], "texture": "#9", "rotation": 90 },
				"south": { "uv": [ 6, 0, 7, 8 ], "texture": "#a", "rotation": 270 },
				"west": { "uv": [ 0.01, 0.01000023, 0.01, 0.01000023 ], "texture": "#2" },
				"east": { "uv": [ 9, 6, 13, 7 ], "texture": "#2", "rotation": 180 }
			}
		},
		{
			"__comment": "Element",
			"from": [ 27.05, 9.6352, 8.15 ],
			"to": [ 27.3625, 9.71476, 8.2 ],
			"rotation": { "origin": [ 30.05, 9.675, 8 ], "axis": "x", "angle": 22.5 },
			"faces": {
				"north": { "uv": [ 7, 7, 11, 8 ], "texture": "#9", "rotation": 90 },
				"south": { "uv": [ 8, 0, 9, 8 ], "texture": "#a", "rotation": 270 },
				"west": { "uv": [ 0.01, 0.01000023, 0.01, 0.01000023 ], "texture": "#2" },
				"east": { "uv": [ 9, 6, 13, 7 ], "texture": "#2", "rotation": 180 }
			}
		},
		{
			"__comment": "Element",
			"from": [ 27.05, 9.6352, 8.15 ],
			"to": [ 27.3625, 9.71476, 8.2 ],
			"rotation": { "origin": [ 30.05, 9.675, 8 ], "axis": "x", "angle": -22.5 },
			"faces": {
				"north": { "uv": [ 8, 0, 14, 1 ], "texture": "#9", "rotation": 270 },
				"south": { "uv": [ 12, 0, 13, 8 ], "texture": "#a", "rotation": 270 },
				"west": { "uv": [ 0.01, 0.01000023, 0.01, 0.01000023 ], "texture": "#2", "rotation": 270 },
				"east": { "uv": [ 9, 6, 13, 7 ], "texture": "#2", "rotation": 180 }
			}
		},
		{
			"__comment": "Element",
			"from": [ 27.05, 9.825, 7.9602 ],
			"to": [ 27.3625, 9.875, 8.03976 ],
			"rotation": { "origin": [ 30.05, 9.675, 8 ], "axis": "x", "angle": 22.5 },
			"faces": {
				"down": { "uv": [ 6, 9, 7, 10 ], "texture": "#5" },
				"up": { "uv": [ 13, 0, 14, 8 ], "texture": "#a", "rotation": 270 },
				"west": { "uv": [ 0.01, 0.01000023, 0.01, 0.01000023 ], "texture": "#2" },
				"east": { "uv": [ 9, 6, 13, 7 ], "texture": "#2", "rotation": 90 }
			}
		},
		{
			"__comment": "Element",
			"from": [ 27.05, 9.825, 7.9602 ],
			"to": [ 27.3625, 9.875, 8.03976 ],
			"rotation": { "origin": [ 30.05, 9.675, 8 ], "axis": "x", "angle": 45 },
			"faces": {
				"down": { "uv": [ 15, 2, 16, 8 ], "texture": "#9" },
				"up": { "uv": [ 13, 0, 14, 8 ], "texture": "#a", "rotation": 270 },
				"west": { "uv": [ 0.01, 0.01000023, 0.01, 0.01000023 ], "texture": "#2" },
				"east": { "uv": [ 9, 6, 13, 7 ], "texture": "#2", "rotation": 90 }
			}
		},
		{
			"__comment": "Element",
			"from": [ 27.05, 9.825, 7.9602 ],
			"to": [ 27.3625, 9.875, 8.03976 ],
			"faces": {
				"down": { "uv": [ 6, 9, 7, 10 ], "texture": "#5" },
				"up": { "uv": [ 13, 0, 14, 8 ], "texture": "#a", "rotation": 270 },
				"west": { "uv": [ 0.01, 0.01000023, 0.01, 0.01000023 ], "texture": "#2" },
				"east": { "uv": [ 9, 6, 13, 7 ], "texture": "#2", "rotation": 90 }
			}
		},
		{
			"__comment": "Element",
			"from": [ 27.05, 9.825, 7.9602 ],
			"to": [ 27.3625, 9.875, 8.03976 ],
			"rotation": { "origin": [ 30.05, 9.675, 8 ], "axis": "x", "angle": -45 },
			"faces": {
				"down": { "uv": [ 10, 10, 16, 11 ], "texture": "#5", "rotation": 270 },
				"up": { "uv": [ 9, 0, 10, 8 ], "texture": "#a", "rotation": 270 },
				"west": { "uv": [ 0.01, 0.01000023, 0.01, 0.01000023 ], "texture": "#2" },
				"east": { "uv": [ 9, 6, 13, 7 ], "texture": "#2", "rotation": 90 }
			}
		},
		{
			"__comment": "Element",
			"from": [ 27.05, 9.825, 7.9602 ],
			"to": [ 27.3625, 9.875, 8.03976 ],
			"rotation": { "origin": [ 30.05, 9.675, 8 ], "axis": "x", "angle": -22.5 },
			"faces": {
				"down": { "uv": [ 6, 9, 7, 10 ], "texture": "#5" },
				"up": { "uv": [ 9, 0, 10, 8 ], "texture": "#a", "rotation": 270 },
				"west": { "uv": [ 0.01, 0.01000023, 0.01, 0.01000023 ], "texture": "#2" },
				"east": { "uv": [ 9, 6, 13, 7 ], "texture": "#2", "rotation": 90 }
			}
		},
		{
			"__comment": "Element",
			"from": [ 27.05, 9.6352, 7.8 ],
			"to": [ 27.3625, 9.71476, 7.849998 ],
			"rotation": { "origin": [ 30.05, 9.675, 8 ], "axis": "x", "angle": 22.5 },
			"faces": {
				"north": { "uv": [ 12, 0, 13, 8 ], "texture": "#a", "rotation": 90 },
				"south": { "uv": [ 15, 0, 16, 7 ], "texture": "#9", "rotation": 180 },
				"west": { "uv": [ 0.01, 0.01000023, 0.01, 0.01000023 ], "texture": "#2" },
				"east": { "uv": [ 9, 6, 13, 7 ], "texture": "#2", "rotation": 180 }
			}
		},
		{
			"__comment": "Element",
			"from": [ 21.3, 8.4501, 7.9379 ],
			"to": [ 27.3, 8.5501, 8.037899 ],
			"faces": {
				"down": { "uv": [ 0, 0, 0.69984, 0.5995102 ], "texture": "#5" },
				"up": { "uv": [ 0, 8, 7, 9 ], "texture": "#5", "rotation": 90 },
				"north": { "uv": [ 0, 8, 7, 9 ], "texture": "#9", "rotation": 270 },
				"south": { "uv": [ 0, 8, 6, 9 ], "texture": "#9", "rotation": 270 },
				"east": { "uv": [ 8, 7, 11, 10 ], "texture": "#4" }
			}
		},
		{
			"__comment": "Element",
			"from": [ -10.8999, 7.4, 7.7929 ],
			"to": [ -3.899898, 7.75, 8.207119 ],
			"faces": {
				"up": { "uv": [ 7, 5, 10.25, 6.25 ], "texture": "#3" },
				"west": { "uv": [ 0, 0, 5, 4 ], "texture": "#2" },
				"east": { "uv": [ 8.25, 6, 9.75, 7.25 ], "texture": "#3" }
			}
		},
		{
			"__comment": "Element",
			"from": [ 1.2, 8.7, 7.55 ],
			"to": [ 2.9001, 8.95, 8.449999 ],
			"faces": {
				"down": { "uv": [ 15, 0, 16, 7 ], "texture": "#9" },
				"up": { "uv": [ 15, 0, 16, 7 ], "texture": "#9", "rotation": 180 },
				"north": { "uv": [ 15, 0, 16, 9 ], "texture": "#5" },
				"south": { "uv": [ 15, 0, 16, 9 ], "texture": "#5" },
				"west": { "uv": [ 0.01, 5, 0.01, 8 ], "texture": "#5", "rotation": 90 },
				"east": { "uv": [ 0, 0, 1, 2 ], "texture": "#2", "rotation": 270 }
			}
		},
		{
			"__comment": "Element",
			"from": [ 2.425, 6.825, 7.8 ],
			"to": [ 2.525, 7.975, 8.199999 ],
			"faces": {
				"north": { "uv": [ 3, 2, 6, 4 ], "texture": "#7", "rotation": 270 },
				"south": { "uv": [ 6, 2, 3, 4 ], "texture": "#7", "rotation": 90 },
				"west": { "uv": [ 4, 1, 12, 4 ], "texture": "#7", "rotation": 270 },
				"east": { "uv": [ 0, 0, 1, 1 ], "texture": "#5", "rotation": 270 }
			}
		},
		{
			"__comment": "Element",
			"from": [ 1.5256, 7.3449, 7.9 ],
			"to": [ 1.6256, 7.744898, 8.1 ],
			"rotation": { "origin": [ 1.5756, 7.36993, 8 ], "axis": "z", "angle": -22.5 },
			"faces": {
				"down": { "uv": [ 0, 0, 0.1, 0.1999998 ], "texture": "#5" },
				"north": { "uv": [ 0, 0, 0.1, 0.5 ], "texture": "#5" },
				"south": { "uv": [ 0, 0, 0.1, 0.5 ], "texture": "#5" },
				"west": { "uv": [ 0, 0, 0.2, 0.5 ], "texture": "#5" },
				"east": { "uv": [ 0, 0, 0.2, 0.5 ], "texture": "#5" }
			}
		},
		{
			"__comment": "Element",
			"from": [ -10.9, 4.45, 7.5 ],
			"to": [ -5.9, 7.46, 8.5 ],
			"faces": {
				"down": { "uv": [ 3.5, 1, 6.25, 2.75 ], "texture": "#3" },
				"north": { "uv": [ 7.5, 5, 10.5, 7.949841 ], "texture": "#3" },
				"south": { "uv": [ 7, 5, 10, 8 ], "texture": "#3" },
				"west": { "uv": [ 0, 0, 16, 16 ], "texture": "#2" }
			}
		},
		{
			"__comment": "Element",
			"from": [ 8.65, 8.4, 7.8403 ],
			"to": [ 25, 9.35, 8.159639 ],
			"faces": {
				"down": { "uv": [ 7.25, 5, 10.25, 6.5 ], "texture": "#3", "rotation": 180 },
				"up": { "uv": [ 10.25, 6.5, 7.25, 8 ], "texture": "#3" },
				"west": { "uv": [ 8.75, 1, 9.75, 2 ], "texture": "#3", "rotation": 270 }
			}
		},
		{
			"__comment": "Element",
			"from": [ 8.65, 7.6, 7.5995 ],
			"to": [ 9.6, 9, 8.400499 ],
			"faces": {
				"down": { "uv": [ 7.25, 4.75, 8, 8.25 ], "texture": "#3" },
				"north": { "uv": [ 7.5, 5, 8.25, 8 ], "texture": "#3" },
				"south": { "uv": [ 8.25, 5, 7.5, 7.949841 ], "texture": "#3" },
				"west": { "uv": [ 8.25, 1.5, 9.25, 2.5 ], "texture": "#3" }
			}
		},
		{
			"__comment": "Element",
			"from": [ 10.55, 7.6, 7.6 ],
			"to": [ 11.5, 8.4, 8.3999 ],
			"rotation": { "origin": [ 9.6, 7.6, 8.20005 ], "axis": "z", "angle": 22.5 },
			"faces": {
				"down": { "uv": [ 7.5, 5, 8.25, 8 ], "texture": "#3" },
				"north": { "uv": [ 8.75, 5, 10, 8 ], "texture": "#3" },
				"south": { "uv": [ 8.5, 5, 7.5, 7.949841 ], "texture": "#3" }
			}
		},
		{
			"__comment": "Element",
			"from": [ 11.5, 7.6, 7.6 ],
			"to": [ 12.5, 8, 8.3999 ],
			"rotation": { "origin": [ 9.6, 7.6, 8.20005 ], "axis": "z", "angle": 22.5 },
			"faces": {
				"down": { "uv": [ 8.75, 5, 10, 8 ], "texture": "#3" },
				"north": { "uv": [ 7.75, 5.5, 9, 7.5 ], "texture": "#3" },
				"south": { "uv": [ 10, 6, 8.75, 7.949841 ], "texture": "#3" }
			}
		},
		{
			"__comment": "Element",
			"from": [ 24.85, 8.849999, 7.9172 ],
			"to": [ 25.7, 8.949999, 8.032879 ],
			"rotation": { "origin": [ 25.825, 8.75, 8 ], "axis": "x", "angle": -45 },
			"faces": {
				"down": { "uv": [ 15, 9, 15.69984, 9.59951 ], "texture": "#5" },
				"up": { "uv": [ 15, 0, 16, 7 ], "texture": "#9", "rotation": 180 },
				"west": { "uv": [ 7, 4, 7.6, 4.6 ], "texture": "#5" },
				"east": { "uv": [ 0, 0, 0.59704, 0.5986805 ], "texture": "#2" }
			}
		},
		{
			"__comment": "Element",
			"from": [ 24.85, 8.849999, 7.9672 ],
			"to": [ 25.7, 8.949999, 8.08288 ],
			"rotation": { "origin": [ 25.825, 8.75, 8 ], "axis": "x", "angle": 45 },
			"faces": {
				"down": { "uv": [ 15, 9, 15.69984, 9.59951 ], "texture": "#5" },
				"up": { "uv": [ 10, 5, 15, 6 ], "texture": "#9", "rotation": 90 },
				"west": { "uv": [ 7, 4, 7.6, 4.6 ], "texture": "#5" },
				"east": { "uv": [ 0, 0, 0.59704, 0.5986805 ], "texture": "#2" }
			}
		},
		{
			"__comment": "Element",
			"from": [ 24.85, 8.6672, 7.8 ],
			"to": [ 25.7, 8.83288, 8.199999 ],
			"faces": {
				"north": { "uv": [ 10, 10, 16, 11 ], "texture": "#5", "rotation": 90 },
				"south": { "uv": [ 10, 10, 15.69984, 10.59868 ], "texture": "#5", "rotation": 90 },
				"west": { "uv": [ 7, 4, 7.6, 4.6 ], "texture": "#5", "rotation": 270 },
				"east": { "uv": [ 0, 0, 0.59704, 0.5986805 ], "texture": "#2", "rotation": 90 }
			}
		},
		{
			"__comment": "Element",
			"from": [ 24.85, 8.55, 7.9172 ],
			"to": [ 25.7, 8.85, 8.08288 ],
			"faces": {
				"down": { "uv": [ 15, 8, 15.69984, 8.59951 ], "texture": "#5" },
				"up": { "uv": [ 0, 8, 7, 9 ], "texture": "#9", "rotation": 90 },
				"west": { "uv": [ 7, 4, 7.6, 4.6 ], "texture": "#5" },
				"east": { "uv": [ 0, 0, 0.59704, 0.5986805 ], "texture": "#2" }
			}
		},
		{
			"__comment": "Element",
			"from": [ -10.8999, 7.4, 7.7929 ],
			"to": [ -3.899898, 7.75, 8.207119 ],
			"rotation": { "origin": [ -8.9, 7.25, 8 ], "axis": "x", "angle": 45 },
			"faces": {
				"up": { "uv": [ 7, 5, 10.25, 6.25 ], "texture": "#3" },
				"west": { "uv": [ 0, 0, 5, 4 ], "texture": "#2" },
				"east": { "uv": [ 8.25, 6, 9.75, 7.25 ], "texture": "#3" }
			}
		},
		{
			"__comment": "Element",
			"from": [ -10.8999, 7.4, 7.7929 ],
			"to": [ -3.899898, 7.75, 8.207119 ],
			"rotation": { "origin": [ -8.9, 7.25, 8 ], "axis": "x", "angle": -45 },
			"faces": {
				"up": { "uv": [ 7, 5, 10.25, 6.25 ], "texture": "#3" },
				"west": { "uv": [ 0, 0, 5, 4 ], "texture": "#2" },
				"east": { "uv": [ 8.25, 6, 9.75, 7.25 ], "texture": "#3" }
			}
		},
		{
			"__comment": "Element",
			"from": [ -5.9, 5.95, 7.5 ],
			"to": [ -2.299999, 7.46, 8.5 ],
			"faces": {
				"up": { "uv": [ 7.25, 5, 10, 7.75 ], "texture": "#3" },
				"north": { "uv": [ 7.25, 5, 10.25, 7.699841 ], "texture": "#3" },
				"south": { "uv": [ 7.25, 5, 10, 7.75 ], "texture": "#3" }
			}
		},
		{
			"__comment": "Element",
			"from": [ 2.45, 8.771, 7.55 ],
			"to": [ 8.7, 8.95, 7.9 ],
			"rotation": { "origin": [ 2.75, 8.8605, 8 ], "axis": "x", "angle": 22.5 },
			"faces": {
				"up": { "uv": [ 15, 0, 16, 16 ], "texture": "#a", "rotation": 180 },
				"north": { "uv": [ 15, 0, 16, 7 ], "texture": "#9" },
				"west": { "uv": [ 0.01, 5, 0.01, 8 ], "texture": "#5" },
				"east": { "uv": [ 0, 0, 1, 2 ], "texture": "#2" }
			}
		},
		{
			"__comment": "Element",
			"from": [ 2.45, 8.771, 8.3 ],
			"to": [ 2.9, 8.95, 8.45 ],
			"rotation": { "origin": [ 2.375, 8.8605, 8 ], "axis": "x", "angle": -45 },
			"faces": {
				"up": { "uv": [ 15, 3, 16, 8 ], "texture": "#a", "rotation": 180 },
				"north": { "uv": [ 0.01, 0.01000023, 0.01, 0.01000023 ], "texture": "#5" },
				"south": { "uv": [ 0, 0, 5, 1 ], "texture": "#9", "rotation": 90 },
				"west": { "uv": [ 0.01, 5, 0.01, 8 ], "texture": "#5" },
				"east": { "uv": [ 0, 0, 1, 1 ], "texture": "#2" }
			}
		},
		{
			"__comment": "Element",
			"from": [ 8.65, 8.75, 8.040299 ],
			"to": [ 25, 9.35, 8.159639 ],
			"rotation": { "origin": [ 13.3, 9.05, 8.1 ], "axis": "x", "angle": 22.5 },
			"faces": {
				"down": { "uv": [ 7.25, 5, 10.25, 6.5 ], "texture": "#3", "rotation": 180 },
				"up": { "uv": [ 10.25, 6.5, 7.25, 8 ], "texture": "#3" },
				"west": { "uv": [ 8.5, 1.25, 9.5, 2.25 ], "texture": "#3", "rotation": 270 }
			}
		},
		{
			"__comment": "Element",
			"from": [ 8.65, 8.75, 8.040299 ],
			"to": [ 25, 9.35, 8.159639 ],
			"rotation": { "origin": [ 13.3, 9.05, 8.1 ], "axis": "x", "angle": 45 },
			"faces": {
				"down": { "uv": [ 7.25, 5, 10.25, 6.5 ], "texture": "#3", "rotation": 180 },
				"up": { "uv": [ 10.25, 6.5, 7.25, 8 ], "texture": "#3" },
				"west": { "uv": [ 8.25, 1.75, 9.25, 2.75 ], "texture": "#3", "rotation": 270 }
			}
		},
		{
			"__comment": "Element",
			"from": [ 10.25, 8.4, 8.040299 ],
			"to": [ 25.3, 9, 8.159639 ],
			"rotation": { "origin": [ 13.3, 8.7, 8.1 ], "axis": "x", "angle": -22.5 },
			"faces": {
				"down": { "uv": [ 7.25, 5, 10.25, 6.5 ], "texture": "#3", "rotation": 180 },
				"up": { "uv": [ 10.25, 6.5, 7.25, 8 ], "texture": "#3" },
				"east": { "uv": [ 8, 1, 8.25, 1.25 ], "texture": "#3" }
			}
		},
		{
			"__comment": "Element",
			"from": [ 10.25, 8.4, 8.040299 ],
			"to": [ 25.3, 9, 8.159639 ],
			"rotation": { "origin": [ 13.3, 8.7, 8.1 ], "axis": "x", "angle": -45 },
			"faces": {
				"down": { "uv": [ 7.25, 5, 10.25, 6.5 ], "texture": "#3", "rotation": 180 },
				"up": { "uv": [ 10.25, 6.5, 7.25, 8 ], "texture": "#3" },
				"east": { "uv": [ 8, 1, 8.25, 1.25 ], "texture": "#3" }
			}
		},
		{
			"__comment": "Element",
			"from": [ 8.65, 8.9903, 7.6 ],
			"to": [ 25, 9.10964, 8.2 ],
			"rotation": { "origin": [ 13.3, 9.05, 7.9 ], "axis": "x", "angle": 22.5 },
			"faces": {
				"north": { "uv": [ 10.25, 6.5, 7.25, 8 ], "texture": "#3", "rotation": 180 },
				"south": { "uv": [ 7.25, 5, 10.25, 6.5 ], "texture": "#3", "rotation": 180 },
				"west": { "uv": [ 8.5, 1, 9.5, 2 ], "texture": "#3", "rotation": 180 }
			}
		},
		{
			"__comment": "Element",
			"from": [ 10.25, 8.6403, 7.6 ],
			"to": [ 25.3, 8.75964, 8.2 ],
			"rotation": { "origin": [ 13.3, 8.7, 7.9 ], "axis": "x", "angle": -22.5 },
			"faces": {
				"north": { "uv": [ 7.25, 5, 10.25, 6.5 ], "texture": "#3" },
				"south": { "uv": [ 10.25, 6.5, 7.25, 8 ], "texture": "#3" },
				"east": { "uv": [ 7.75, 1, 8, 1.25 ], "texture": "#3", "rotation": 270 }
			}
		},
		{
			"__comment": "Element",
			"from": [ 8.65, 8.75, 7.8403 ],
			"to": [ 25, 9.35, 7.95964 ],
			"rotation": { "origin": [ 13.3, 9.05, 7.9 ], "axis": "x", "angle": -45 },
			"faces": {
				"down": { "uv": [ 7.25, 5, 10.25, 6.5 ], "texture": "#3", "rotation": 180 },
				"up": { "uv": [ 10.25, 6.5, 7.25, 8 ], "texture": "#3" },
				"west": { "uv": [ 7.5, 1.25, 8.5, 2.25 ], "texture": "#3", "rotation": 270 }
			}
		},
		{
			"__comment": "Element",
			"from": [ 8.65, 8.75, 7.8403 ],
			"to": [ 25, 9.35, 7.95964 ],
			"rotation": { "origin": [ 13.3, 9.05, 7.9 ], "axis": "x", "angle": -22.5 },
			"faces": {
				"down": { "uv": [ 7.25, 5, 10.25, 6.5 ], "texture": "#3", "rotation": 180 },
				"up": { "uv": [ 10.25, 6.5, 7.25, 8 ], "texture": "#3" },
				"west": { "uv": [ 7.5, 1.25, 8.5, 2.25 ], "texture": "#3", "rotation": 270 }
			}
		},
		{
			"__comment": "Element",
			"from": [ 8.65, 8.6403, 7.6 ],
			"to": [ 25.3, 9.109639, 8.4 ],
			"faces": {
				"north": { "uv": [ 7.25, 5, 10.25, 6.5 ], "texture": "#3" },
				"south": { "uv": [ 10.25, 6.5, 7.25, 8 ], "texture": "#3" },
				"west": { "uv": [ 8.25, 1, 9.25, 2 ], "texture": "#3" },
				"east": { "uv": [ 7.75, 1, 8, 1.25 ], "texture": "#3", "rotation": 270 }
			}
		},
		{
			"__comment": "Element",
			"from": [ 10.25, 8.4, 7.8403 ],
			"to": [ 25.3, 9, 7.95964 ],
			"rotation": { "origin": [ 13.3, 8.7, 7.9 ], "axis": "x", "angle": 22.5 },
			"faces": {
				"down": { "uv": [ 7.25, 5, 10.25, 6.5 ], "texture": "#3", "rotation": 180 },
				"up": { "uv": [ 10.25, 6.5, 7.25, 8 ], "texture": "#3" },
				"east": { "uv": [ 8, 1, 8.25, 1.25 ], "texture": "#3" }
			}
		},
		{
			"__comment": "Element",
			"from": [ 10.25, 8.4, 7.8403 ],
			"to": [ 25.3, 9, 7.95964 ],
			"rotation": { "origin": [ 13.3, 8.7, 7.9 ], "axis": "x", "angle": 45 },
			"faces": {
				"down": { "uv": [ 7.25, 5, 10.25, 6.5 ], "texture": "#3", "rotation": 180 },
				"up": { "uv": [ 10.25, 6.5, 7.25, 8 ], "texture": "#3" },
				"east": { "uv": [ 7.75, 1, 8, 1.25 ], "texture": "#3" }
			}
		},
		{
			"__comment": "Element",
			"from": [ 8.65, 8.9903, 7.8 ],
			"to": [ 25, 9.10964, 8.4 ],
			"rotation": { "origin": [ 13.3, 9.05, 8.1 ], "axis": "x", "angle": -22.5 },
			"faces": {
				"north": { "uv": [ 7.25, 5, 10.25, 6.5 ], "texture": "#3" },
				"south": { "uv": [ 10.25, 6.5, 7.25, 8 ], "texture": "#3" },
				"west": { "uv": [ 8.25, 1.5, 9.25, 2.5 ], "texture": "#3" }
			}
		},
		{
			"__comment": "Element",
			"from": [ 10.25, 8.6403, 7.8 ],
			"to": [ 25.3, 8.75964, 8.4 ],
			"rotation": { "origin": [ 13.3, 8.7, 8.1 ], "axis": "x", "angle": 22.5 },
			"faces": {
				"north": { "uv": [ 10.25, 6.5, 7.25, 8 ], "texture": "#3", "rotation": 180 },
				"south": { "uv": [ 7.25, 5, 10.25, 6.5 ], "texture": "#3", "rotation": 180 },
				"east": { "uv": [ 8, 1, 8.25, 1.25 ], "texture": "#3", "rotation": 90 }
			}
		},
		{
			"__comment": "Element",
			"from": [ 8.7, 9.551, 7.85 ],
			"to": [ 9.95, 9.601, 7.95 ],
			"faces": {
				"up": { "uv": [ 13, 0, 14, 16 ], "texture": "#8", "rotation": 90 }
			}
		},
		{
			"__comment": "Element",
			"from": [ 8.7, 9.551, 8.05 ],
			"to": [ 9.95, 9.601, 8.15 ],
			"faces": {
				"up": { "uv": [ 13, 0, 14, 16 ], "texture": "#8", "rotation": 270 }
			}
		},
		{
			"__comment": "Element",
			"from": [ 9.599999, 7.6, 7.6 ],
			"to": [ 10.55, 8.7, 8.3999 ],
			"rotation": { "origin": [ 9.6, 7.6, 8.20005 ], "axis": "z", "angle": 22.5 },
			"faces": {
				"down": { "uv": [ 7.5, 5, 8.25, 8 ], "texture": "#3" },
				"north": { "uv": [ 8.75, 5, 10, 8 ], "texture": "#3" },
				"south": { "uv": [ 8.5, 5, 7.5, 7.949841 ], "texture": "#3" }
			}
		},
		{
			"__comment": "Element",
			"from": [ 24.85, 8.55, 7.9172 ],
			"to": [ 25.7, 8.85, 8.08288 ],
			"rotation": { "origin": [ 25.825, 8.75, 8 ], "axis": "x", "angle": 45 },
			"faces": {
				"down": { "uv": [ 15, 9, 15.69984, 9.59951 ], "texture": "#5" },
				"up": { "uv": [ 10, 5, 15, 6 ], "texture": "#9", "rotation": 90 },
				"west": { "uv": [ 7, 4, 7.6, 4.6 ], "texture": "#5" },
				"east": { "uv": [ 0, 0, 0.59704, 0.5986805 ], "texture": "#2" }
			}
		},
		{
			"__comment": "Element",
			"from": [ 24.85, 8.55, 7.9172 ],
			"to": [ 25.7, 8.85, 8.08288 ],
			"rotation": { "origin": [ 25.825, 8.75, 8 ], "axis": "x", "angle": -45 },
			"faces": {
				"down": { "uv": [ 15, 9, 15.69984, 9.59951 ], "texture": "#5" },
				"up": { "uv": [ 15, 0, 16, 7 ], "texture": "#9", "rotation": 180 },
				"west": { "uv": [ 7, 4, 7.6, 4.6 ], "texture": "#5" },
				"east": { "uv": [ 0, 0, 0.59704, 0.5986805 ], "texture": "#2" }
			}
		},
		{
			"__comment": "Element",
			"from": [ 11.85, 8.349999, 8.0903 ],
			"to": [ 11.95, 8.949999, 8.20964 ],
			"rotation": { "origin": [ 15.15, 8.65, 8.15 ], "axis": "x", "angle": -22.5 },
			"faces": {
				"down": { "uv": [ 12, 8, 15, 9.5 ], "texture": "#5", "rotation": 180 },
				"up": { "uv": [ 10.25, 6.5, 7.25, 8 ], "texture": "#3" },
				"west": { "uv": [ 4, 6, 5, 7 ], "texture": "#2", "rotation": 270 },
				"east": { "uv": [ 8, 1, 8.25, 1.25 ], "texture": "#2" }
			}
		},
		{
			"__comment": "Element",
			"from": [ 11.85, 8.349999, 8.0903 ],
			"to": [ 11.95, 8.949999, 8.20964 ],
			"rotation": { "origin": [ 15.15, 8.65, 8.15 ], "axis": "x", "angle": -45 },
			"faces": {
				"down": { "uv": [ 13, 10, 15, 11 ], "texture": "#5", "rotation": 90 },
				"up": { "uv": [ 10.25, 6.5, 7.25, 8 ], "texture": "#3" },
				"west": { "uv": [ 4, 6, 5, 7 ], "texture": "#2", "rotation": 270 },
				"east": { "uv": [ 8, 1, 8.25, 1.25 ], "texture": "#2" }
			}
		},
		{
			"__comment": "Element",
			"from": [ 11.85, 8.5903, 7.85 ],
			"to": [ 11.95, 8.70964, 8.45 ],
			"rotation": { "origin": [ 15.15, 8.65, 8.15 ], "axis": "x", "angle": 22.5 },
			"faces": {
				"north": { "uv": [ 10.25, 6.5, 7.25, 8 ], "texture": "#3", "rotation": 180 },
				"south": { "uv": [ 11, 10, 13, 11 ], "texture": "#5", "rotation": 90 },
				"west": { "uv": [ 4, 6, 5, 7 ], "texture": "#2", "rotation": 180 },
				"east": { "uv": [ 8, 1, 8.25, 1.25 ], "texture": "#2", "rotation": 90 }
			}
		},
		{
			"__comment": "Element",
			"from": [ 11.85, 8.5903, 7.55 ],
			"to": [ 11.95, 9.159639, 8.449999 ],
			"faces": {
				"north": { "uv": [ 15, 0, 16, 7 ], "texture": "#9" },
				"south": { "uv": [ 15, 0, 16, 7 ], "texture": "#9" },
				"west": { "uv": [ 4, 6, 5, 7 ], "texture": "#2" },
				"east": { "uv": [ 7.75, 1, 8, 1.25 ], "texture": "#2", "rotation": 270 }
			}
		},
		{
			"__comment": "Element",
			"from": [ 11.85, 8.349999, 7.7903 ],
			"to": [ 11.95, 9.399999, 8.209641 ],
			"faces": {
				"down": { "uv": [ 12, 8, 15, 9.5 ], "texture": "#5", "rotation": 180 },
				"up": { "uv": [ 5, 7, 4, 13.5 ], "texture": "#9" },
				"west": { "uv": [ 4, 6, 5, 7 ], "texture": "#2", "rotation": 270 },
				"east": { "uv": [ 8, 1, 8.25, 1.25 ], "texture": "#2" }
			}
		},
		{
			"__comment": "Element",
			"from": [ 11.85, 8.8, 8.0903 ],
			"to": [ 11.95, 9.4, 8.20964 ],
			"rotation": { "origin": [ 15.15, 9.1, 8.15 ], "axis": "x", "angle": 22.5 },
			"faces": {
				"down": { "uv": [ 7.25, 5, 10.25, 6.5 ], "texture": "#3", "rotation": 180 },
				"up": { "uv": [ 9, 8, 11, 9 ], "texture": "#9", "rotation": 90 },
				"west": { "uv": [ 4, 6, 5, 7 ], "texture": "#2", "rotation": 270 },
				"east": { "uv": [ 7.75, 1, 8, 1.25 ], "texture": "#2" }
			}
		},
		{
			"__comment": "Element",
			"from": [ 11.85, 9.040299, 7.85 ],
			"to": [ 11.95, 9.159639, 8.45 ],
			"rotation": { "origin": [ 15.15, 9.1, 8.15 ], "axis": "x", "angle": -22.5 },
			"faces": {
				"north": { "uv": [ 7.25, 5, 10.25, 6.5 ], "texture": "#3" },
				"south": { "uv": [ 12, 8, 14, 9 ], "texture": "#9", "rotation": 90 },
				"west": { "uv": [ 4, 6, 5, 7 ], "texture": "#2" },
				"east": { "uv": [ 8, 1, 8.25, 1.25 ], "texture": "#2", "rotation": 270 }
			}
		},
		{
			"__comment": "Element",
			"from": [ 11.85, 8.8, 8.0903 ],
			"to": [ 11.95, 9.4, 8.20964 ],
			"rotation": { "origin": [ 15.15, 9.1, 8.15 ], "axis": "x", "angle": 45 },
			"faces": {
				"down": { "uv": [ 7.25, 5, 10.25, 6.5 ], "texture": "#3", "rotation": 180 },
				"up": { "uv": [ 11, 8, 13, 9 ], "texture": "#9", "rotation": 90 },
				"west": { "uv": [ 4, 6, 5, 7 ], "texture": "#2", "rotation": 270 },
				"east": { "uv": [ 7.75, 1, 8, 1.25 ], "texture": "#2" }
			}
		},
		{
			"__comment": "Element",
			"from": [ 11.85, 8.349999, 7.7903 ],
			"to": [ 11.95, 8.949999, 7.90964 ],
			"rotation": { "origin": [ 15.15, 8.65, 7.85 ], "axis": "x", "angle": 22.5 },
			"faces": {
				"down": { "uv": [ 12, 9.5, 15, 8 ], "texture": "#5", "rotation": 180 },
				"up": { "uv": [ 10.25, 8, 7.25, 6.5 ], "texture": "#3" },
				"west": { "uv": [ 4, 7, 5, 6 ], "texture": "#2", "rotation": 270 },
				"east": { "uv": [ 8.25, 1, 8, 1.25 ], "texture": "#2" }
			}
		},
		{
			"__comment": "Element",
			"from": [ 11.85, 8.349999, 7.7903 ],
			"to": [ 11.95, 8.949999, 7.90964 ],
			"rotation": { "origin": [ 15.15, 8.65, 7.85 ], "axis": "x", "angle": 45 },
			"faces": {
				"down": { "uv": [ 15, 10, 13, 11 ], "texture": "#5", "rotation": 90 },
				"up": { "uv": [ 10.25, 8, 7.25, 6.5 ], "texture": "#3" },
				"west": { "uv": [ 4, 7, 5, 6 ], "texture": "#2", "rotation": 270 },
				"east": { "uv": [ 8.25, 1, 8, 1.25 ], "texture": "#2" }
			}
		},
		{
			"__comment": "Element",
			"from": [ 11.85, 8.5903, 7.55 ],
			"to": [ 11.95, 8.70964, 8.15 ],
			"rotation": { "origin": [ 15.15, 8.65, 7.85 ], "axis": "x", "angle": -22.5 },
			"faces": {
				"north": { "uv": [ 11, 11, 13, 10 ], "texture": "#5", "rotation": 90 },
				"south": { "uv": [ 7.25, 6.5, 10.25, 8 ], "texture": "#3", "rotation": 180 },
				"west": { "uv": [ 5, 6, 4, 7 ], "texture": "#2", "rotation": 180 },
				"east": { "uv": [ 8, 1.25, 8.25, 1 ], "texture": "#2", "rotation": 90 }
			}
		},
		{
			"__comment": "Element",
			"from": [ 11.85, 8.8, 7.7903 ],
			"to": [ 11.95, 9.4, 7.90964 ],
			"rotation": { "origin": [ 15.15, 9.1, 7.85 ], "axis": "x", "angle": -22.5 },
			"faces": {
				"down": { "uv": [ 7.25, 6.5, 10.25, 5 ], "texture": "#3", "rotation": 180 },
				"up": { "uv": [ 11, 8, 9, 9 ], "texture": "#9", "rotation": 90 },
				"west": { "uv": [ 4, 7, 5, 6 ], "texture": "#2", "rotation": 270 },
				"east": { "uv": [ 8, 1, 7.75, 1.25 ], "texture": "#2" }
			}
		},
		{
			"__comment": "Element",
			"from": [ 11.85, 8.8, 7.7903 ],
			"to": [ 11.95, 9.4, 7.90964 ],
			"rotation": { "origin": [ 15.15, 9.1, 7.85 ], "axis": "x", "angle": -45 },
			"faces": {
				"down": { "uv": [ 7.25, 6.5, 10.25, 5 ], "texture": "#3", "rotation": 180 },
				"up": { "uv": [ 13, 8, 11, 9 ], "texture": "#9", "rotation": 90 },
				"west": { "uv": [ 4, 7, 5, 6 ], "texture": "#2", "rotation": 270 },
				"east": { "uv": [ 8, 1, 7.75, 1.25 ], "texture": "#2" }
			}
		},
		{
			"__comment": "Element",
			"from": [ 11.85, 9.040299, 7.55 ],
			"to": [ 11.95, 9.159639, 8.15 ],
			"rotation": { "origin": [ 15.15, 9.1, 7.85 ], "axis": "x", "angle": 22.5 },
			"faces": {
				"north": { "uv": [ 12, 9, 14, 8 ], "texture": "#9", "rotation": 90 },
				"south": { "uv": [ 10.25, 5, 7.25, 6.5 ], "texture": "#3" },
				"west": { "uv": [ 5, 6, 4, 7 ], "texture": "#2" },
				"east": { "uv": [ 8, 1.25, 8.25, 1 ], "texture": "#2", "rotation": 270 }
			}
		},
		{
			"__comment": "Element",
			"from": [ 22.95, 8.5903, 7.85 ],
			"to": [ 23.05, 8.70964, 8.45 ],
			"rotation": { "origin": [ 26.25, 8.65, 8.15 ], "axis": "x", "angle": 22.5 },
			"faces": {
				"north": { "uv": [ 10.25, 6.5, 7.25, 8 ], "texture": "#3", "rotation": 180 },
				"south": { "uv": [ 11, 10, 13, 11 ], "texture": "#5", "rotation": 90 },
				"west": { "uv": [ 4, 6, 5, 7 ], "texture": "#2", "rotation": 180 },
				"east": { "uv": [ 8, 1, 8.25, 1.25 ], "texture": "#2", "rotation": 90 }
			}
		},
		{
			"__comment": "Element",
			"from": [ 22.95, 8.349999, 8.0903 ],
			"to": [ 23.05, 8.949999, 8.20964 ],
			"rotation": { "origin": [ 26.25, 8.65, 8.15 ], "axis": "x", "angle": -45 },
			"faces": {
				"down": { "uv": [ 13, 10, 15, 11 ], "texture": "#5", "rotation": 90 },
				"up": { "uv": [ 10.25, 6.5, 7.25, 8 ], "texture": "#3" },
				"west": { "uv": [ 4, 6, 5, 7 ], "texture": "#2", "rotation": 270 },
				"east": { "uv": [ 8, 1, 8.25, 1.25 ], "texture": "#2" }
			}
		},
		{
			"__comment": "Element",
			"from": [ 22.95, 8.349999, 8.0903 ],
			"to": [ 23.05, 8.949999, 8.20964 ],
			"rotation": { "origin": [ 26.25, 8.65, 8.15 ], "axis": "x", "angle": -22.5 },
			"faces": {
				"down": { "uv": [ 12, 8, 15, 9.5 ], "texture": "#5", "rotation": 180 },
				"up": { "uv": [ 10.25, 6.5, 7.25, 8 ], "texture": "#3" },
				"west": { "uv": [ 4, 6, 5, 7 ], "texture": "#2", "rotation": 270 },
				"east": { "uv": [ 8, 1, 8.25, 1.25 ], "texture": "#2" }
			}
		},
		{
			"__comment": "Element",
			"from": [ 22.95, 8.349999, 7.7903 ],
			"to": [ 23.05, 8.949999, 7.90964 ],
			"rotation": { "origin": [ 26.25, 8.65, 7.85 ], "axis": "x", "angle": 22.5 },
			"faces": {
				"down": { "uv": [ 12, 9.5, 15, 8 ], "texture": "#5", "rotation": 180 },
				"up": { "uv": [ 10.25, 8, 7.25, 6.5 ], "texture": "#3" },
				"west": { "uv": [ 4, 7, 5, 6 ], "texture": "#2", "rotation": 270 },
				"east": { "uv": [ 8.25, 1, 8, 1.25 ], "texture": "#2" }
			}
		},
		{
			"__comment": "Element",
			"from": [ 22.95, 8.349999, 7.7903 ],
			"to": [ 23.05, 8.949999, 7.90964 ],
			"rotation": { "origin": [ 26.25, 8.65, 7.85 ], "axis": "x", "angle": 45 },
			"faces": {
				"down": { "uv": [ 15, 10, 13, 11 ], "texture": "#5", "rotation": 90 },
				"up": { "uv": [ 10.25, 8, 7.25, 6.5 ], "texture": "#3" },
				"west": { "uv": [ 4, 7, 5, 6 ], "texture": "#2", "rotation": 270 },
				"east": { "uv": [ 8.25, 1, 8, 1.25 ], "texture": "#2" }
			}
		},
		{
			"__comment": "Element",
			"from": [ 22.95, 8.5903, 7.55 ],
			"to": [ 23.05, 8.70964, 8.15 ],
			"rotation": { "origin": [ 26.25, 8.65, 7.85 ], "axis": "x", "angle": -22.5 },
			"faces": {
				"north": { "uv": [ 11, 11, 13, 10 ], "texture": "#5", "rotation": 90 },
				"south": { "uv": [ 7.25, 6.5, 10.25, 8 ], "texture": "#3", "rotation": 180 },
				"west": { "uv": [ 5, 6, 4, 7 ], "texture": "#2", "rotation": 180 },
				"east": { "uv": [ 8, 1.25, 8.25, 1 ], "texture": "#2", "rotation": 90 }
			}
		},
		{
			"__comment": "Element",
			"from": [ 22.95, 9.040299, 7.55 ],
			"to": [ 23.05, 9.159639, 8.15 ],
			"rotation": { "origin": [ 26.25, 9.1, 7.85 ], "axis": "x", "angle": 22.5 },
			"faces": {
				"north": { "uv": [ 12, 9, 14, 8 ], "texture": "#9", "rotation": 90 },
				"south": { "uv": [ 10.25, 5, 7.25, 6.5 ], "texture": "#3" },
				"west": { "uv": [ 5, 6, 4, 7 ], "texture": "#2" },
				"east": { "uv": [ 8, 1.25, 8.25, 1 ], "texture": "#2", "rotation": 270 }
			}
		},
		{
			"__comment": "Element",
			"from": [ 22.95, 8.8, 7.7903 ],
			"to": [ 23.05, 9.4, 7.90964 ],
			"rotation": { "origin": [ 26.25, 9.1, 7.85 ], "axis": "x", "angle": -45 },
			"faces": {
				"down": { "uv": [ 7.25, 6.5, 10.25, 5 ], "texture": "#3", "rotation": 180 },
				"up": { "uv": [ 13, 8, 11, 9 ], "texture": "#9", "rotation": 90 },
				"west": { "uv": [ 4, 7, 5, 6 ], "texture": "#2", "rotation": 270 },
				"east": { "uv": [ 8, 1, 7.75, 1.25 ], "texture": "#2" }
			}
		},
		{
			"__comment": "Element",
			"from": [ 22.95, 8.8, 7.7903 ],
			"to": [ 23.05, 9.4, 7.90964 ],
			"rotation": { "origin": [ 26.25, 9.1, 7.85 ], "axis": "x", "angle": -22.5 },
			"faces": {
				"down": { "uv": [ 7.25, 6.5, 10.25, 5 ], "texture": "#3", "rotation": 180 },
				"up": { "uv": [ 11, 8, 9, 9 ], "texture": "#9", "rotation": 90 },
				"west": { "uv": [ 4, 7, 5, 6 ], "texture": "#2", "rotation": 270 },
				"east": { "uv": [ 8, 1, 7.75, 1.25 ], "texture": "#2" }
			}
		},
		{
			"__comment": "Element",
			"from": [ 22.95, 8.349999, 7.7903 ],
			"to": [ 23.05, 9.399999, 8.209641 ],
			"faces": {
				"down": { "uv": [ 12, 8, 15, 9.5 ], "texture": "#5", "rotation": 180 },
				"up": { "uv": [ 5, 7, 4, 13.5 ], "texture": "#9" },
				"west": { "uv": [ 4, 6, 5, 7 ], "texture": "#2", "rotation": 270 },
				"east": { "uv": [ 8, 1, 8.25, 1.25 ], "texture": "#2" }
			}
		},
		{
			"__comment": "Element",
			"from": [ 22.95, 8.8, 8.0903 ],
			"to": [ 23.05, 9.4, 8.20964 ],
			"rotation": { "origin": [ 26.25, 9.1, 8.15 ], "axis": "x", "angle": 22.5 },
			"faces": {
				"down": { "uv": [ 7.25, 5, 10.25, 6.5 ], "texture": "#3", "rotation": 180 },
				"up": { "uv": [ 9, 8, 11, 9 ], "texture": "#9", "rotation": 90 },
				"west": { "uv": [ 4, 6, 5, 7 ], "texture": "#2", "rotation": 270 },
				"east": { "uv": [ 7.75, 1, 8, 1.25 ], "texture": "#2" }
			}
		},
		{
			"__comment": "Element",
			"from": [ 22.95, 8.8, 8.0903 ],
			"to": [ 23.05, 9.4, 8.20964 ],
			"rotation": { "origin": [ 26.25, 9.1, 8.15 ], "axis": "x", "angle": 45 },
			"faces": {
				"down": { "uv": [ 7.25, 5, 10.25, 6.5 ], "texture": "#3", "rotation": 180 },
				"up": { "uv": [ 11, 8, 13, 9 ], "texture": "#9", "rotation": 90 },
				"west": { "uv": [ 4, 6, 5, 7 ], "texture": "#2", "rotation": 270 },
				"east": { "uv": [ 7.75, 1, 8, 1.25 ], "texture": "#2" }
			}
		},
		{
			"__comment": "Element",
			"from": [ 22.95, 9.040299, 7.85 ],
			"to": [ 23.05, 9.159639, 8.45 ],
			"rotation": { "origin": [ 26.25, 9.1, 8.15 ], "axis": "x", "angle": -22.5 },
			"faces": {
				"north": { "uv": [ 7.25, 5, 10.25, 6.5 ], "texture": "#3" },
				"south": { "uv": [ 12, 8, 14, 9 ], "texture": "#9", "rotation": 90 },
				"west": { "uv": [ 4, 6, 5, 7 ], "texture": "#2" },
				"east": { "uv": [ 8, 1, 8.25, 1.25 ], "texture": "#2", "rotation": 270 }
			}
		},
		{
			"__comment": "Element",
			"from": [ 22.95, 8.5903, 7.55 ],
			"to": [ 23.05, 9.159639, 8.449999 ],
			"faces": {
				"north": { "uv": [ 15, 0, 16, 7 ], "texture": "#9" },
				"south": { "uv": [ 15, 0, 16, 7 ], "texture": "#9" },
				"west": { "uv": [ 4, 6, 5, 7 ], "texture": "#2" },
				"east": { "uv": [ 7.75, 1, 8, 1.25 ], "texture": "#2", "rotation": 270 }
			}
		},
		{
			"__comment": "Element",
			"from": [ 25, 8.4, 7.8403 ],
			"to": [ 25.3, 8.9, 8.159639 ],
			"faces": {
				"down": { "uv": [ 7.25, 5, 7.5, 6.5 ], "texture": "#3", "rotation": 180 },
				"west": { "uv": [ 8.75, 1, 9.75, 2 ], "texture": "#3", "rotation": 270 },
				"east": { "uv": [ 8, 1, 8.25, 1.25 ], "texture": "#3" }
			}
		},
		{
			"__comment": "Element",
			"from": [ 25, 8.9903, 8.05 ],
			"to": [ 25.299, 9.10964, 8.4 ],
			"rotation": { "origin": [ 13.3, 9.05, 8.1 ], "axis": "x", "angle": -22.5 },
			"faces": {
				"south": { "uv": [ 12, 8, 14, 9 ], "texture": "#9", "rotation": 90 },
				"east": { "uv": [ 8, 1, 8.25, 1.25 ], "texture": "#2", "rotation": 270 }
			}
		},
		{
			"__comment": "Element",
			"from": [ 25, 9, 8.040299 ],
			"to": [ 25.299, 9.35, 8.159639 ],
			"rotation": { "origin": [ 13.3, 9.05, 8.1 ], "axis": "x", "angle": 45 },
			"faces": {
				"up": { "uv": [ 11, 8, 13, 9 ], "texture": "#9", "rotation": 90 },
				"east": { "uv": [ 7.75, 1, 8, 1.25 ], "texture": "#2" }
			}
		},
		{
			"__comment": "Element",
			"from": [ 25, 9, 8.040299 ],
			"to": [ 25.299, 9.35, 8.159639 ],
			"rotation": { "origin": [ 13.3, 9.05, 8.1 ], "axis": "x", "angle": 22.5 },
			"faces": {
				"up": { "uv": [ 9, 8, 11, 9 ], "texture": "#9", "rotation": 90 },
				"east": { "uv": [ 7.75, 1, 8, 1.25 ], "texture": "#2" }
			}
		},
		{
			"__comment": "Element",
			"from": [ 25, 9.05, 7.8403 ],
			"to": [ 25.299, 9.35, 8.159639 ],
			"faces": {
				"up": { "uv": [ 4, 7, 5, 13 ], "texture": "#9" },
				"east": { "uv": [ 0.01, 0.01000023, 0.01, 0.01000023 ], "texture": "#2" }
			}
		},
		{
			"__comment": "Element",
			"from": [ 25, 8.9903, 7.6 ],
			"to": [ 25.299, 9.10964, 7.95 ],
			"rotation": { "origin": [ 13.3, 9.05, 7.9 ], "axis": "x", "angle": 22.5 },
			"faces": {
				"north": { "uv": [ 12, 9, 14, 8 ], "texture": "#9", "rotation": 90 },
				"east": { "uv": [ 8, 1.25, 8.25, 1 ], "texture": "#2", "rotation": 270 }
			}
		},
		{
			"__comment": "Element",
			"from": [ 25, 9, 7.8403 ],
			"to": [ 25.299, 9.35, 7.95964 ],
			"rotation": { "origin": [ 13.3, 9.05, 7.9 ], "axis": "x", "angle": -45 },
			"faces": {
				"up": { "uv": [ 13, 8, 11, 9 ], "texture": "#9", "rotation": 90 },
				"east": { "uv": [ 8, 1, 7.75, 1.25 ], "texture": "#2" }
			}
		},
		{
			"__comment": "Element",
			"from": [ 25, 9, 7.8403 ],
			"to": [ 25.299, 9.35, 7.95964 ],
			"rotation": { "origin": [ 13.3, 9.05, 7.9 ], "axis": "x", "angle": -22.5 },
			"faces": {
				"up": { "uv": [ 11, 8, 9, 9 ], "texture": "#9", "rotation": 90 },
				"east": { "uv": [ 8, 1, 7.75, 1.25 ], "texture": "#2" }
			}
		},
		{
			"__comment": "Element",
			"from": [ 5.2, 9.1605, 7.9105 ],
			"to": [ 8.65, 9.3105, 8.0895 ],
			"rotation": { "origin": [ 6.4, 8.8605, 8 ], "axis": "x", "angle": 22.5 },
			"faces": {
				"down": { "uv": [ 0.01, 0.01000023, 0.01, 0.01000023 ], "texture": "#5", "rotation": 180 },
				"up": { "uv": [ 11, 5, 14, 6 ], "texture": "#b", "rotation": 270 },
				"north": { "uv": [ 0.01, 0.01000023, 0.01, 0.01000023 ], "texture": "#2", "rotation": 180 },
				"west": { "uv": [ 8, 11, 9, 16 ], "texture": "#a", "rotation": 180 },
				"east": { "uv": [ 0, 0, 1, 2 ], "texture": "#2", "rotation": 90 }
			}
		},
		{
			"__comment": "Element",
			"from": [ 5.2, 9.1605, 7.9105 ],
			"to": [ 8.65, 9.3105, 8.0895 ],
			"faces": {
				"down": { "uv": [ 0.01, 0.01000023, 0.01, 0.01000023 ], "texture": "#5", "rotation": 180 },
				"up": { "uv": [ 0.01, 0.01000023, 0.01, 0.01000023 ], "texture": "#2" },
				"north": { "uv": [ 0.01, 0.01000023, 0.01, 0.01000023 ], "texture": "#2", "rotation": 180 },
				"west": { "uv": [ 8, 11, 9, 16 ], "texture": "#a", "rotation": 180 },
				"east": { "uv": [ 0, 0, 1, 2 ], "texture": "#2", "rotation": 90 }
			}
		},
		{
			"__comment": "Element",
			"from": [ 5.2, 9.1605, 7.9105 ],
			"to": [ 8.65, 9.3105, 8.0895 ],
			"rotation": { "origin": [ 6.4, 8.8605, 8 ], "axis": "x", "angle": -22.5 },
			"faces": {
				"down": { "uv": [ 0.01, 0.01000023, 0.01, 0.01000023 ], "texture": "#5", "rotation": 180 },
				"up": { "uv": [ 13, 5, 16, 6 ], "texture": "#b", "rotation": 270 },
				"north": { "uv": [ 0.01, 0.01000023, 0.01, 0.01000023 ], "texture": "#2", "rotation": 180 },
				"west": { "uv": [ 8, 11, 9, 16 ], "texture": "#a", "rotation": 180 },
				"east": { "uv": [ 0, 0, 1, 2 ], "texture": "#2", "rotation": 90 }
			}
		},
		{
			"__comment": "Element",
			"from": [ 5.2, 9.1605, 7.9105 ],
			"to": [ 8.65, 9.3105, 8.0895 ],
			"rotation": { "origin": [ 6.4, 8.8605, 8 ], "axis": "x", "angle": -45 },
			"faces": {
				"down": { "uv": [ 0.01, 0.01000023, 0.01, 0.01000023 ], "texture": "#5", "rotation": 180 },
				"up": { "uv": [ 0, 0, 5, 1 ], "texture": "#9", "rotation": 270 },
				"north": { "uv": [ 0.01, 0.01000023, 0.01, 0.01000023 ], "texture": "#2", "rotation": 180 },
				"west": { "uv": [ 8, 11, 9, 16 ], "texture": "#a", "rotation": 180 },
				"east": { "uv": [ 0, 0, 1, 2 ], "texture": "#2", "rotation": 90 }
			}
		},
		{
			"__comment": "Element",
			"from": [ 5.2, 8.771, 8.3 ],
			"to": [ 8.7, 8.95, 8.45 ],
			"rotation": { "origin": [ 8.175, 8.8605, 8 ], "axis": "x", "angle": -45 },
			"faces": {
				"up": { "uv": [ 0.01, 0.01000023, 0.01, 0.01000023 ], "texture": "#2" },
				"north": { "uv": [ 0.01, 0.01000023, 0.01, 0.01000023 ], "texture": "#5" },
				"south": { "uv": [ 0, 0, 5, 1 ], "texture": "#9", "rotation": 90 },
				"west": { "uv": [ 8, 11, 9, 16 ], "texture": "#a", "rotation": 270 },
				"east": { "uv": [ 0, 0, 1, 2 ], "texture": "#2" }
			}
		},
		{
			"__comment": "Element",
			"from": [ 5.2, 8.771, 8.3 ],
			"to": [ 8.7, 8.95, 8.45 ],
			"rotation": { "origin": [ 8.55, 8.8605, 8 ], "axis": "x", "angle": -22.5 },
			"faces": {
				"up": { "uv": [ 0.01, 0.01000023, 0.01, 0.01000023 ], "texture": "#2" },
				"north": { "uv": [ 0.01, 0.01000023, 0.01, 0.01000023 ], "texture": "#5" },
				"south": { "uv": [ 15, 0, 16, 7 ], "texture": "#9" },
				"west": { "uv": [ 8, 11, 9, 16 ], "texture": "#a", "rotation": 270 },
				"east": { "uv": [ 0, 0, 1, 2 ], "texture": "#2" }
			}
		},
		{
			"__comment": "Element",
			"from": [ 2.9, 8.5, 7.65 ],
			"to": [ 5.2001, 8.75, 8.5 ],
			"faces": {
				"down": { "uv": [ 15, 0, 16, 7 ], "texture": "#9" },
				"up": { "uv": [ 15, 0, 16, 7 ], "texture": "#9", "rotation": 180 },
				"north": { "uv": [ 15, 0, 16, 9 ], "texture": "#9" },
				"south": { "uv": [ 15, 0, 16, 9 ], "texture": "#9" },
				"west": { "uv": [ 0.01, 5, 0.01, 8 ], "texture": "#5", "rotation": 90 },
				"east": { "uv": [ 0, 0, 1, 2 ], "texture": "#2", "rotation": 270 }
			}
		},
		{
			"__comment": "Element",
			"from": [ 1.25, 7.6, 7.6403 ],
			"to": [ 8.7, 8.2, 7.75964 ],
			"rotation": { "origin": [ 12.5, 7.9, 7.7 ], "axis": "x", "angle": 22.5 },
			"faces": {
				"down": { "uv": [ 7.25, 5, 10.25, 6.5 ], "texture": "#3", "rotation": 180 },
				"east": { "uv": [ 8, 1, 8.25, 1.25 ], "texture": "#3" }
			}
		},
		{
			"__comment": "Element",
			"from": [ 1.25, 7.6, 7.6403 ],
			"to": [ 8.7, 8.2, 7.75964 ],
			"rotation": { "origin": [ 12.5, 7.9, 7.7 ], "axis": "x", "angle": 45 },
			"faces": {
				"down": { "uv": [ 7.25, 5, 10.25, 6.5 ], "texture": "#3", "rotation": 180 },
				"east": { "uv": [ 7.75, 1, 8, 1.25 ], "texture": "#3" }
			}
		},
		{
			"__comment": "Element",
			"from": [ 1.25, 7.8403, 7.4 ],
			"to": [ 8.7, 7.95964, 8 ],
			"rotation": { "origin": [ 12.5, 7.9, 7.7 ], "axis": "x", "angle": -22.5 },
			"faces": {
				"north": { "uv": [ 7.25, 5, 10.25, 6.5 ], "texture": "#3" },
				"east": { "uv": [ 7.75, 1, 8, 1.25 ], "texture": "#3", "rotation": 270 }
			}
		},
		{
			"__comment": "Element",
			"from": [ 1.25, 8.349999, 7.6403 ],
			"to": [ 8.7, 8.949999, 7.75964 ],
			"rotation": { "origin": [ 12.5, 8.65, 7.7 ], "axis": "x", "angle": -22.5 },
			"faces": {
				"up": { "uv": [ 10.25, 6.5, 7.25, 8 ], "texture": "#3" },
				"west": { "uv": [ 7.5, 1.25, 8.5, 2.25 ], "texture": "#3", "rotation": 270 },
				"east": { "uv": [ 8, 1, 8.25, 1.25 ], "texture": "#3" }
			}
		},
		{
			"__comment": "Element",
			"from": [ 1.25, 8.349999, 7.6403 ],
			"to": [ 8.7, 8.949999, 7.75964 ],
			"rotation": { "origin": [ 12.5, 8.65, 7.7 ], "axis": "x", "angle": -45 },
			"faces": {
				"up": { "uv": [ 10.25, 6.5, 7.25, 8 ], "texture": "#3" },
				"west": { "uv": [ 7.5, 1.25, 8.5, 2.25 ], "texture": "#3", "rotation": 270 },
				"east": { "uv": [ 8, 1, 8.25, 1.25 ], "texture": "#3" }
			}
		},
		{
			"__comment": "Element",
			"from": [ 1.25, 8.5903, 7.4 ],
			"to": [ 8.7, 8.70964, 8 ],
			"rotation": { "origin": [ 12.5, 8.65, 7.7 ], "axis": "x", "angle": 22.5 },
			"faces": {
				"north": { "uv": [ 10.25, 6.5, 7.25, 8 ], "texture": "#3", "rotation": 180 },
				"west": { "uv": [ 8.5, 1, 9.5, 2 ], "texture": "#3", "rotation": 180 },
				"east": { "uv": [ 8, 1, 8.25, 1.25 ], "texture": "#3", "rotation": 90 }
			}
		},
		{
			"__comment": "Element",
			"from": [ 1.25, 7.6, 8.2403 ],
			"to": [ 8.7, 8.2, 8.35964 ],
			"rotation": { "origin": [ 12.5, 7.9, 8.3 ], "axis": "x", "angle": -22.5 },
			"faces": {
				"down": { "uv": [ 7.25, 5, 10.25, 6.5 ], "texture": "#3", "rotation": 180 },
				"east": { "uv": [ 8, 1, 8.25, 1.25 ], "texture": "#3" }
			}
		},
		{
			"__comment": "Element",
			"from": [ 1.25, 7.6, 8.2403 ],
			"to": [ 8.7, 8.2, 8.35964 ],
			"rotation": { "origin": [ 12.5, 7.9, 8.3 ], "axis": "x", "angle": -45 },
			"faces": {
				"down": { "uv": [ 7.25, 5, 10.25, 6.5 ], "texture": "#3", "rotation": 180 },
				"east": { "uv": [ 8, 1, 8.25, 1.25 ], "texture": "#3" }
			}
		},
		{
			"__comment": "Element",
			"from": [ 1.25, 7.8403, 8 ],
			"to": [ 8.7, 7.95964, 8.6 ],
			"rotation": { "origin": [ 12.5, 7.9, 8.3 ], "axis": "x", "angle": 22.5 },
			"faces": {
				"south": { "uv": [ 7.25, 5, 10.25, 6.5 ], "texture": "#3", "rotation": 180 },
				"east": { "uv": [ 8, 1, 8.25, 1.25 ], "texture": "#3", "rotation": 90 }
			}
		},
		{
			"__comment": "Element",
			"from": [ 1.25, 8.44, 7.4 ],
			"to": [ 8.7, 8.7096, 8.6 ],
			"faces": {
				"down": { "uv": [ 8.25, 1, 8.5, 1.25 ], "texture": "#3" },
				"up": { "uv": [ 7.5, 0.5, 9.25, 2.75 ], "texture": "#3", "rotation": 180 },
				"north": { "uv": [ 7.5, 5, 10.25, 8 ], "texture": "#3" },
				"south": { "uv": [ 10.25, 5, 7.5, 8 ], "texture": "#3" },
				"west": { "uv": [ 8.25, 1, 9.25, 2 ], "texture": "#3" },
				"east": { "uv": [ 7.75, 1, 8, 1.25 ], "texture": "#3", "rotation": 270 }
			}
		},
		{
			"__comment": "Element",
			"from": [ 5.2, 8.5903, 8 ],
			"to": [ 8.7, 8.70964, 8.6 ],
			"rotation": { "origin": [ 12.5, 8.65, 8.3 ], "axis": "x", "angle": -22.5 },
			"faces": {
				"south": { "uv": [ 10.25, 6.5, 7.25, 8 ], "texture": "#3" },
				"west": { "uv": [ 8.25, 1.5, 9.25, 2.5 ], "texture": "#3" },
				"east": { "uv": [ 8, 1, 8.25, 1.25 ], "texture": "#3", "rotation": 270 }
			}
		},
		{
			"__comment": "Element",
			"from": [ 5.2, 8.349999, 8.2403 ],
			"to": [ 8.7, 8.949999, 8.35964 ],
			"rotation": { "origin": [ 12.5, 8.65, 8.3 ], "axis": "x", "angle": 45 },
			"faces": {
				"up": { "uv": [ 10.25, 6.5, 7.25, 8 ], "texture": "#3" },
				"west": { "uv": [ 8.25, 1.75, 9.25, 2.75 ], "texture": "#3", "rotation": 270 },
				"east": { "uv": [ 7.75, 1, 8, 1.25 ], "texture": "#3" }
			}
		},
		{
			"__comment": "Element",
			"from": [ 5.2, 8.349999, 8.2403 ],
			"to": [ 8.7, 8.949999, 8.35964 ],
			"rotation": { "origin": [ 12.5, 8.65, 8.3 ], "axis": "x", "angle": 22.5 },
			"faces": {
				"up": { "uv": [ 10.25, 6.5, 7.25, 8 ], "texture": "#3" },
				"west": { "uv": [ 8.5, 1.25, 9.5, 2.25 ], "texture": "#3", "rotation": 270 },
				"east": { "uv": [ 7.75, 1, 8, 1.25 ], "texture": "#3" }
			}
		},
		{
			"__comment": "Element",
			"from": [ 1.7, 7.6, 7.6403 ],
			"to": [ 8.7, 8.45, 8.35964 ],
			"faces": {
				"down": { "uv": [ 7.25, 5, 10.25, 6.5 ], "texture": "#3", "rotation": 180 },
				"west": { "uv": [ 8.75, 1, 9.75, 2 ], "texture": "#3", "rotation": 270 },
				"east": { "uv": [ 9.5, 2.25, 9.5, 2.25 ], "texture": "#3" }
			}
		},
		{
			"__comment": "Element",
			"from": [ 1.25, 8.5903, 8 ],
			"to": [ 2.9, 8.70964, 8.6 ],
			"rotation": { "origin": [ 8.55, 8.65, 8.3 ], "axis": "x", "angle": -22.5 },
			"faces": {
				"south": { "uv": [ 10.25, 6.5, 7.25, 8 ], "texture": "#3" },
				"west": { "uv": [ 8.25, 1.5, 9.25, 2.5 ], "texture": "#3" },
				"east": { "uv": [ 8, 1, 8.25, 1.25 ], "texture": "#3", "rotation": 270 }
			}
		},
		{
			"__comment": "Element",
			"from": [ 1.25, 8.349999, 8.2403 ],
			"to": [ 2.9, 8.949999, 8.35964 ],
			"rotation": { "origin": [ 8.55, 8.65, 8.3 ], "axis": "x", "angle": 45 },
			"faces": {
				"up": { "uv": [ 10.25, 6.5, 7.25, 8 ], "texture": "#3" },
				"west": { "uv": [ 8.25, 1.75, 9.25, 2.75 ], "texture": "#3", "rotation": 270 },
				"east": { "uv": [ 7.75, 1, 8, 1.25 ], "texture": "#3" }
			}
		},
		{
			"__comment": "Element",
			"from": [ 1.25, 8.349999, 8.2403 ],
			"to": [ 2.9, 8.949999, 8.35964 ],
			"rotation": { "origin": [ 8.55, 8.65, 8.3 ], "axis": "x", "angle": 22.5 },
			"faces": {
				"up": { "uv": [ 10.25, 6.5, 7.25, 8 ], "texture": "#3" },
				"west": { "uv": [ 8.5, 1.25, 9.5, 2.25 ], "texture": "#3", "rotation": 270 },
				"east": { "uv": [ 7.75, 1, 8, 1.25 ], "texture": "#3" }
			}
		},
		{
			"__comment": "Element",
			"from": [ 5.199, 8.7, 7.55 ],
			"to": [ 8.6991, 8.9501, 8.449999 ],
			"faces": {
				"down": { "uv": [ 15, 0, 16, 7 ], "texture": "#9" },
				"up": { "uv": [ 15, 0, 16, 7 ], "texture": "#5", "rotation": 180 },
				"north": { "uv": [ 15, 7, 16, 16 ], "texture": "#5" },
				"south": { "uv": [ 15, 0, 16, 9 ], "texture": "#5" },
				"west": { "uv": [ 0.01, 5, 0.01, 8 ], "texture": "#5", "rotation": 90 },
				"east": { "uv": [ 0, 0, 1, 2 ], "texture": "#2", "rotation": 270 }
			}
		},
		{
			"__comment": "Element",
			"from": [ 2.9, 8.771, 7.55 ],
			"to": [ 5.2, 8.95, 7.65 ],
			"faces": {
				"down": { "uv": [ 0.01, 0.01000023, 0.01, 0.01000023 ], "texture": "#2" },
				"north": { "uv": [ 0.01, 0.01000023, 0.01, 0.01000023 ], "texture": "#5", "rotation": 180 },
				"south": { "uv": [ 0.01, 0.01000023, 0.01, 0.01000023 ], "texture": "#2", "rotation": 180 },
				"west": { "uv": [ 0.01, 5, 0.01, 8 ], "texture": "#5", "rotation": 180 },
				"east": { "uv": [ 0, 0, 1, 2 ], "texture": "#2", "rotation": 180 }
			}
		},
		{
			"__comment": "Element",
			"from": [ 0.09999999, 8.780399, 7.65 ],
			"to": [ 0.2, 8.919639, 8.35 ],
			"rotation": { "origin": [ 0.35, 8.85, 8 ], "axis": "x", "angle": -22.5 },
			"faces": {
				"north": { "uv": [ 14, 5, 15, 8 ], "texture": "#9", "rotation": 180 },
				"south": { "uv": [ 4, 8, 5, 11 ], "texture": "#9", "rotation": 180 },
				"west": { "uv": [ 1, 9.99, 15, 9.99 ], "texture": "#9" },
				"east": { "uv": [ 7, 7, 8, 8 ], "texture": "#7", "rotation": 270 }
			}
		},
		{
			"__comment": "Element",
			"from": [ 0.09999999, 8.5, 7.9304 ],
			"to": [ 0.2, 9.2, 8.06964 ],
			"rotation": { "origin": [ 0.35, 8.85, 8 ], "axis": "x", "angle": 45 },
			"faces": {
				"down": { "uv": [ 13, 1, 14, 4 ], "texture": "#0" },
				"up": { "uv": [ 4, 8, 5, 11 ], "texture": "#9" },
				"west": { "uv": [ 1, 9.99, 15, 9.99 ], "texture": "#9", "rotation": 270 },
				"east": { "uv": [ 7, 7, 8, 8 ], "texture": "#7" }
			}
		},
		{
			"__comment": "Element",
			"from": [ 0.09999999, 8.5, 7.9304 ],
			"to": [ 0.2, 9.2, 8.06964 ],
			"rotation": { "origin": [ 0.35, 8.85, 8 ], "axis": "x", "angle": 22.5 },
			"faces": {
				"down": { "uv": [ 0, 5, 1, 8 ], "texture": "#0" },
				"up": { "uv": [ 4, 8, 5, 11 ], "texture": "#9" },
				"west": { "uv": [ 1, 9.99, 15, 9.99 ], "texture": "#9", "rotation": 270 },
				"east": { "uv": [ 7, 7, 8, 8 ], "texture": "#7" }
			}
		},
		{
			"__comment": "Element",
			"from": [ 0.09999999, 8.5, 7.9304 ],
			"to": [ 0.2, 9.2, 8.06964 ],
			"faces": {
				"down": { "uv": [ 3, 6, 4, 9 ], "texture": "#0" },
				"up": { "uv": [ 4, 8, 5, 11 ], "texture": "#9" },
				"west": { "uv": [ 1, 9.99, 15, 9.99 ], "texture": "#9", "rotation": 270 },
				"east": { "uv": [ 7, 7, 8, 8 ], "texture": "#7" }
			}
		},
		{
			"__comment": "Element",
			"from": [ 0.09999999, 8.5, 7.9304 ],
			"to": [ 0.2, 9.2, 8.06964 ],
			"rotation": { "origin": [ 0.35, 8.85, 8 ], "axis": "x", "angle": -22.5 },
			"faces": {
				"down": { "uv": [ 3, 6, 4, 9 ], "texture": "#0" },
				"up": { "uv": [ 4, 8, 5, 11 ], "texture": "#9" },
				"west": { "uv": [ 1, 9.99, 15, 9.99 ], "texture": "#9", "rotation": 270 },
				"east": { "uv": [ 7, 7, 8, 8 ], "texture": "#7" }
			}
		},
		{
			"__comment": "Element",
			"from": [ 0.09999999, 8.5, 7.9304 ],
			"to": [ 0.2, 9.2, 8.06964 ],
			"rotation": { "origin": [ 0.35, 8.85, 8 ], "axis": "x", "angle": -45 },
			"faces": {
				"down": { "uv": [ 14, 5, 15, 8 ], "texture": "#9", "rotation": 180 },
				"up": { "uv": [ 9, 6, 10, 9 ], "texture": "#7" },
				"west": { "uv": [ 1, 9.99, 15, 9.99 ], "texture": "#9", "rotation": 270 },
				"east": { "uv": [ 7, 7, 8, 8 ], "texture": "#7" }
			}
		},
		{
			"__comment": "Element",
			"from": [ 0.09999999, 8.780399, 7.65 ],
			"to": [ 0.2, 8.919639, 8.35 ],
			"rotation": { "origin": [ 0.35, 8.85, 8 ], "axis": "x", "angle": 22.5 },
			"faces": {
				"north": { "uv": [ 3, 4, 6, 5 ], "texture": "#9", "rotation": 270 },
				"south": { "uv": [ 3, 3, 6, 4 ], "texture": "#9", "rotation": 90 },
				"west": { "uv": [ 1, 9.99, 15, 9.99 ], "texture": "#9", "rotation": 180 },
				"east": { "uv": [ 7, 7, 8, 8 ], "texture": "#7", "rotation": 90 }
			}
		},
		{
			"__comment": "Element",
			"from": [ 0.09999999, 8.780399, 7.65 ],
			"to": [ 0.2, 8.919639, 8.35 ],
			"faces": {
				"north": { "uv": [ 2, 1, 3, 4 ], "texture": "#9", "rotation": 180 },
				"south": { "uv": [ 6, 6, 9, 7 ], "texture": "#9", "rotation": 270 },
				"west": { "uv": [ 1, 9.99, 15, 9.99 ], "texture": "#9" },
				"east": { "uv": [ 7, 7, 8, 8 ], "texture": "#7", "rotation": 270 }
			}
		},
		{
			"__comment": "Element",
			"from": [ 0.2, 8.65, 7.9602 ],
			"to": [ 5.8, 9.05, 8.03976 ],
			"faces": {
				"down": { "uv": [ 0.01, 0.01000023, 0.01, 0.01000023 ], "texture": "#5" },
				"up": { "uv": [ 1, 9, 9, 10 ], "texture": "#9", "rotation": 90 },
				"east": { "uv": [ 0.01, 0.01000023, 0.01, 0.01000023 ], "texture": "#7" }
			}
		},
		{
			"__comment": "Element",
			"from": [ 0.2, 8.65, 7.9602 ],
			"to": [ 5.8, 9.05, 8.03976 ],
			"rotation": { "origin": [ 0.25, 8.85, 8 ], "axis": "x", "angle": 22.5 },
			"faces": {
				"down": { "uv": [ 0.01, 0.01000023, 0.01, 0.01000023 ], "texture": "#5" },
				"up": { "uv": [ 0, 0, 5, 1 ], "texture": "#7", "rotation": 90 },
				"east": { "uv": [ 0.01, 0.01000023, 0.01, 0.01000023 ], "texture": "#7" }
			}
		},
		{
			"__comment": "Element",
			"from": [ 0.2, 8.65, 7.9602 ],
			"to": [ 5.8, 9.05, 8.03976 ],
			"rotation": { "origin": [ 0.25, 8.85, 8 ], "axis": "x", "angle": -22.5 },
			"faces": {
				"down": { "uv": [ 0.01, 0.01000023, 0.01, 0.01000023 ], "texture": "#5" },
				"up": { "uv": [ 1, 0, 2, 6 ], "texture": "#7", "rotation": 180 },
				"east": { "uv": [ 0.01, 0.01000023, 0.01, 0.01000023 ], "texture": "#7" }
			}
		},
		{
			"__comment": "Element",
			"from": [ 0.2, 8.65, 7.9602 ],
			"to": [ 5.8, 9.05, 8.03976 ],
			"rotation": { "origin": [ 0.25, 8.85, 8 ], "axis": "x", "angle": 45 },
			"faces": {
				"down": { "uv": [ 15, 0, 16, 7 ], "texture": "#9", "rotation": 180 },
				"up": { "uv": [ 13, 5, 16, 6 ], "texture": "#7", "rotation": 90 },
				"east": { "uv": [ 0.01, 0.01000023, 0.01, 0.01000023 ], "texture": "#7" }
			}
		},
		{
			"__comment": "Element",
			"from": [ 0.2, 8.65, 7.9602 ],
			"to": [ 5.8, 9.05, 8.03976 ],
			"rotation": { "origin": [ 0.25, 8.85, 8 ], "axis": "x", "angle": -45 },
			"faces": {
				"down": { "uv": [ 15, 0, 16, 7 ], "texture": "#9" },
				"up": { "uv": [ 10, 4, 11, 11 ], "texture": "#7" },
				"east": { "uv": [ 0.01, 0.01000023, 0.01, 0.01000023 ], "texture": "#7" }
			}
		},
		{
			"__comment": "Element",
			"from": [ 0.2, 8.8102, 7.8 ],
			"to": [ 5.8, 8.88976, 8.199999 ],
			"rotation": { "origin": [ 0.25, 8.85, 8 ], "axis": "x", "angle": -22.5 },
			"faces": {
				"north": { "uv": [ 0, 0, 5, 1 ], "texture": "#9", "rotation": 90 },
				"south": { "uv": [ 12, 12, 13, 13 ], "texture": "#7" },
				"east": { "uv": [ 0.01, 0.01000023, 0.01, 0.01000023 ], "texture": "#7", "rotation": 270 }
			}
		},
		{
			"__comment": "Element",
			"from": [ 0.2, 8.8102, 7.8 ],
			"to": [ 5.8, 8.88976, 8.199999 ],
			"rotation": { "origin": [ 0.25, 8.85, 8 ], "axis": "x", "angle": 22.5 },
			"faces": {
				"north": { "uv": [ 10, 6, 11, 12 ], "texture": "#7" },
				"south": { "uv": [ 0, 0, 5, 1 ], "texture": "#9" },
				"east": { "uv": [ 0.01, 0.01000023, 0.01, 0.01000023 ], "texture": "#7", "rotation": 90 }
			}
		},
		{
			"__comment": "Element",
			"from": [ 0.2, 8.8102, 7.8 ],
			"to": [ 5.8, 8.88976, 8.199999 ],
			"faces": {
				"north": { "uv": [ 9, 8, 14, 9 ], "texture": "#9", "rotation": 90 },
				"south": { "uv": [ 10, 3.99, 13, 3.99 ], "texture": "#9", "rotation": 270 },
				"east": { "uv": [ 0.01, 0.01000023, 0.01, 0.01000023 ], "texture": "#7", "rotation": 270 }
			}
		},
		{
			"__comment": "Element",
			"from": [ 2.9, 8.710199, 8.05 ],
			"to": [ 5.15, 8.989759, 8.45 ],
			"faces": {
				"up": { "uv": [ 0, 0, 16, 1 ], "texture": "#7", "rotation": 90 },
				"north": { "uv": [ 0.01, 0.01000023, 0.01, 0.01000023 ], "texture": "#7", "rotation": 180 },
				"south": { "uv": [ 15, 0, 16, 16 ], "texture": "#7" },
				"east": { "uv": [ 15.99, 15.99, 15.99, 15.99 ], "texture": "#9", "rotation": 270 }
			}
		},
		{
			"__comment": "Element",
			"from": [ 4.9, 8.960199, 7.9 ],
			"to": [ 5.05, 9.139759, 8.199999 ],
			"faces": {
				"up": { "uv": [ 2, 8, 7, 11 ], "texture": "#9", "rotation": 90 },
				"north": { "uv": [ 9, 6, 13, 9 ], "texture": "#7", "rotation": 90 },
				"south": { "uv": [ 9, 6, 13, 9 ], "texture": "#7", "rotation": 90 },
				"west": { "uv": [ 9, 7, 13, 10 ], "texture": "#7", "rotation": 90 },
				"east": { "uv": [ 9, 6, 13, 10 ], "texture": "#7", "rotation": 90 }
			}
		},
		{
			"__comment": "Element",
			"from": [ 0.7, 8.9, 7.8602 ],
			"to": [ 2.8, 9.3, 8.13976 ],
			"faces": {
				"down": { "uv": [ 0.01, 0.01000023, 0.01, 0.01000023 ], "texture": "#7" },
				"up": { "uv": [ 0, 3, 16, 4 ], "texture": "#7", "rotation": 90 },
				"north": { "uv": [ 15, 0, 16, 16 ], "texture": "#7", "rotation": 180 },
				"south": { "uv": [ 15, 0, 16, 16 ], "texture": "#7" },
				"east": { "uv": [ 4, 9, 13, 10 ], "texture": "#7" }
			}
		},
		{
			"__comment": "Element",
			"from": [ 0.2, 9.05, 7.8603 ],
			"to": [ 0.7, 9.3, 8.1397 ],
			"rotation": { "origin": [ 0.7, 9.3, 8.00008 ], "axis": "z", "angle": 45 },
			"faces": {
				"down": { "uv": [ 0.01, 0.01000023, 0.01, 0.01000023 ], "texture": "#7" },
				"up": { "uv": [ 0, 3, 16, 4 ], "texture": "#7", "rotation": 90 },
				"north": { "uv": [ 15, 0, 16, 16 ], "texture": "#7", "rotation": 180 },
				"south": { "uv": [ 15, 0, 16, 16 ], "texture": "#7" },
				"east": { "uv": [ 0.01, 0.01000023, 0.01, 0.01000023 ], "texture": "#7" }
			}
		},
		{
			"__comment": "Element",
			"from": [ 4.4, 6.75, 7.6005 ],
			"to": [ 6.3, 7.9, 8.3995 ],
			"rotation": { "origin": [ 4.4, 6.725, 8.0005 ], "axis": "z", "angle": 22.5 },
			"faces": {
				"down": { "uv": [ 7, 4, 8, 5 ], "texture": "#5" },
				"north": { "uv": [ 0, 0, 5, 5 ], "texture": "#2" },
				"south": { "uv": [ 0, 0, 5, 5 ], "texture": "#2" },
				"west": { "uv": [ 0, 0, 3.4, 5.8 ], "texture": "#2" },
				"east": { "uv": [ 0, 9, 1, 14 ], "texture": "#2" }
			}
		},
		{
			"__comment": "Element",
			"from": [ 8.7, 7.8403, 8.4 ],
			"to": [ 9.3, 8.709639, 8.6 ],
			"rotation": { "origin": [ 8.7, 8.275, 8.6 ], "axis": "y", "angle": 22.5 },
			"faces": {
				"down": { "uv": [ 6.5, 5.75, 6.51, 5.76 ], "texture": "#3" },
				"up": { "uv": [ 5.5, 4, 5.50987, 4.009871 ], "texture": "#3", "rotation": 180 },
				"south": { "uv": [ 8.5, 5.25, 7.75, 8 ], "texture": "#3" },
				"west": { "uv": [ 8.25, 1, 9.25, 2 ], "texture": "#3" }
			}
		},
		{
			"__comment": "Element",
			"from": [ 8.7, 7.8403, 7.4 ],
			"to": [ 9.3, 8.709639, 7.599998 ],
			"rotation": { "origin": [ 8.7, 8.275, 7.4 ], "axis": "y", "angle": -22.5 },
			"faces": {
				"down": { "uv": [ 6.5, 5.75, 6.51, 5.76 ], "texture": "#3" },
				"up": { "uv": [ 5.5, 4, 5.50987, 4.009871 ], "texture": "#3", "rotation": 180 },
				"north": { "uv": [ 7.75, 5.25, 8.5, 8 ], "texture": "#3" },
				"west": { "uv": [ 9.25, 1, 8.25, 2 ], "texture": "#3" }
			}
		},
		{
			"__comment": "Element",
			"from": [ 0.85, 7.8403, 7.4 ],
			"to": [ 1.25, 8.709639, 7.599998 ],
			"rotation": { "origin": [ 1.25, 8.275, 7.4 ], "axis": "y", "angle": 22.5 },
			"faces": {
				"down": { "uv": [ 6.5, 5.75, 6.51, 5.76 ], "texture": "#3" },
				"up": { "uv": [ 5.5, 4.25, 5.51, 4.26 ], "texture": "#3", "rotation": 180 },
				"north": { "uv": [ 8.5, 5.25, 7.75, 8 ], "texture": "#3" },
				"east": { "uv": [ 8.25, 1, 9.25, 2 ], "texture": "#3" }
			}
		},
		{
			"__comment": "Element",
			"from": [ 0.85, 7.8403, 8.4 ],
			"to": [ 1.25, 8.709639, 8.6 ],
			"rotation": { "origin": [ 1.25, 8.275, 8.6 ], "axis": "y", "angle": -22.5 },
			"faces": {
				"down": { "uv": [ 6.5, 5.75, 6.51, 5.76 ], "texture": "#3" },
				"up": { "uv": [ 5.5, 4.25, 5.51, 4.26 ], "texture": "#3", "rotation": 180 },
				"south": { "uv": [ 7.75, 5.25, 8.5, 8 ], "texture": "#3" },
				"east": { "uv": [ 9.25, 1, 8.25, 2 ], "texture": "#3" }
			}
		},
		{
			"__comment": "Element",
			"from": [ 3.25, 8.7602, 8.45 ],
			"to": [ 3.45, 8.9602, 9.2 ],
			"faces": {
				"down": { "uv": [ 7, 7, 8, 8 ], "texture": "#7" },
				"up": { "uv": [ 1, 9.99, 15, 9.99 ], "texture": "#9", "rotation": 90 },
				"south": { "uv": [ 0.01, 0.01000023, 0.01, 0.01000023 ], "texture": "#7" },
				"west": { "uv": [ 11, 13, 16, 14 ], "texture": "#7", "rotation": 90 },
				"east": { "uv": [ 11, 13, 16, 14 ], "texture": "#7", "rotation": 90 }
			}
		},
		{
			"__comment": "Element",
			"from": [ 3.0999, 8.6102, 9.3 ],
			"to": [ 3.5999, 9.1102, 9.50711 ],
			"faces": {
				"down": { "uv": [ 6, 0, 7, 1 ], "texture": "#9" },
				"up": { "uv": [ 1, 9, 8, 11 ], "texture": "#9" },
				"west": { "uv": [ 16, 9, 13, 16 ], "texture": "#7" },
				"east": { "uv": [ 7, 8, 8, 10 ], "texture": "#7", "rotation": 180 }
			}
		},
		{
			"__comment": "Element",
			"from": [ 3.1001, 8.6102, 9.3 ],
			"to": [ 3.6001, 9.1102, 9.50711 ],
			"rotation": { "origin": [ 3.35, 8.86022, 9.40355 ], "axis": "x", "angle": 45 },
			"faces": {
				"down": { "uv": [ 0, 0, 1, 1 ], "texture": "#9" },
				"up": { "uv": [ 5, 9, 1, 15 ], "texture": "#9", "rotation": 90 },
				"west": { "uv": [ 2, 3, 4, 4 ], "texture": "#7", "rotation": 270 },
				"east": { "uv": [ 4, 9, 10, 10 ], "texture": "#7", "rotation": 270 }
			}
		},
		{
			"__comment": "Element",
			"from": [ 3.1001, 8.6102, 9.3 ],
			"to": [ 3.6001, 9.1102, 9.50711 ],
			"rotation": { "origin": [ 3.35, 8.86022, 9.40355 ], "axis": "x", "angle": -45 },
			"faces": {
				"down": { "uv": [ 0.01, 0.01000023, 0.01, 0.01000023 ], "texture": "#9" },
				"up": { "uv": [ 0, 9, 3, 16 ], "texture": "#9", "rotation": 90 },
				"west": { "uv": [ 7, 2, 16, 3 ], "texture": "#7", "rotation": 90 },
				"east": { "uv": [ 4, 9, 10, 10 ], "texture": "#7", "rotation": 270 }
			}
		},
		{
			"__comment": "Element",
			"from": [ 3.1, 8.7567, 9.1536 ],
			"to": [ 3.6, 8.963809, 9.6536 ],
			"faces": {
				"north": { "uv": [ 3.99, 2.99, 3.99, 2.99 ], "texture": "#7", "rotation": 180 },
				"south": { "uv": [ 2, 2, 6, 9 ], "texture": "#7", "rotation": 270 },
				"west": { "uv": [ 10, 2, 16, 3 ], "texture": "#7" },
				"east": { "uv": [ 4, 4, 10, 5 ], "texture": "#7", "rotation": 180 }
			}
		},
		{
			"__comment": "Element",
			"from": [ 1.25, 7.4, 7.8 ],
			"to": [ 1.75, 7.5, 8.199999 ],
			"rotation": { "origin": [ 1.3, 7.45, 8 ], "axis": "z", "angle": 22.5 },
			"faces": {
				"down": { "uv": [ 3, 1, 12, 4 ], "texture": "#7" },
				"up": { "uv": [ 0, 0, 1.3, 0.3999996 ], "texture": "#5", "rotation": 180 },
				"north": { "uv": [ 2, 2, 6, 4 ], "texture": "#7" },
				"south": { "uv": [ 6, 2, 2, 4 ], "texture": "#7" }
			}
		},
		{
			"__comment": "Element",
			"from": [ 1.3, 7.55, 7.8 ],
			"to": [ 2.45, 7.65, 8.199999 ],
			"faces": {
				"down": { "uv": [ 4, 1, 12, 4 ], "texture": "#7", "rotation": 180 },
				"up": { "uv": [ 0, 0, 1, 1 ], "texture": "#5", "rotation": 180 },
				"north": { "uv": [ 3, 2, 6, 4 ], "texture": "#7" },
				"south": { "uv": [ 6, 2, 3, 4 ], "texture": "#7" }
			}
		},
		{
			"__comment": "Element",
			"from": [ 0.0999, 8.7, 7.85 ],
			"to": [ 0.1999, 9, 8.15 ],
			"rotation": { "origin": [ 0.1499, 8.85, 8 ], "axis": "x", "angle": 22.5 },
			"faces": {
				"west": { "uv": [ 6, 9, 11, 14 ], "texture": "#9" },
				"east": { "uv": [ 7, 7, 8, 8 ], "texture": "#7" }
			}
		},
		{
			"__comment": "Element",
			"from": [ 6.2, 8.139999, 7.3995 ],
			"to": [ 6.5, 8.439999, 8.6005 ],
			"faces": {
				"north": { "uv": [ 0, 2, 3, 5 ], "texture": "#a" },
				"south": { "uv": [ 0, 2, 3, 5 ], "texture": "#a" },
				"east": { "uv": [ 0.01, 0.01000023, 0.01, 0.01000023 ], "texture": "#5" }
			}
		},
		{
			"__comment": "Element",
			"from": [ 1.25, 7.8403, 7.4 ],
			"to": [ 8.7, 8.199999, 8.6 ],
			"faces": {
				"up": { "uv": [ 7.5, 0.5, 9.25, 2.75 ], "texture": "#3", "rotation": 180 },
				"north": { "uv": [ 7.5, 5, 10.25, 8 ], "texture": "#3" },
				"south": { "uv": [ 10.25, 8, 7.5, 5 ], "texture": "#3" },
				"west": { "uv": [ 8.25, 1, 9.25, 2 ], "texture": "#3" },
				"east": { "uv": [ 7.75, 1, 8, 1.25 ], "texture": "#3", "rotation": 270 }
			}
		},
		{
			"__comment": "Element",
			"from": [ 1.25, 8.2, 7.4 ],
			"to": [ 6.4, 8.44, 8.6 ],
			"faces": {
				"up": { "uv": [ 7.5, 0.5, 9.25, 2.75 ], "texture": "#3", "rotation": 180 },
				"north": { "uv": [ 7.5, 5, 10.25, 8 ], "texture": "#3" },
				"south": { "uv": [ 6.75, 0.25, 4.75, 3.25 ], "texture": "#3" },
				"west": { "uv": [ 8.25, 1, 9.25, 2 ], "texture": "#3" },
				"east": { "uv": [ 7.75, 1, 8, 1.25 ], "texture": "#3", "rotation": 270 }
			}
		},
		{
			"__comment": "Element",
			"from": [ 3.55, 8.1903, 7.5 ],
			"to": [ 8.7, 8.459641, 8.5 ],
			"faces": {
				"up": { "uv": [ 7.5, 0.5, 9.25, 2.75 ], "texture": "#3", "rotation": 180 },
				"north": { "uv": [ 7.5, 5, 10.25, 8 ], "texture": "#3" },
				"south": { "uv": [ 6.75, 0.25, 4.75, 3.25 ], "texture": "#3" },
				"west": { "uv": [ 8.25, 1, 9.25, 2 ], "texture": "#3" },
				"east": { "uv": [ 7.75, 1, 8, 1.25 ], "texture": "#3", "rotation": 270 }
			}
		}
	],
	"display": {
		"thirdperson_righthand": {
			"rotation":  [ 0, 90, 0 ],
			"translation":  [ -1.304, 0.8913, -4.695 ],
			"scale":  [ 0.8, 0.8, 0.8 ]
		},
		"thirdperson_lefthand": {
			"rotation":  [ 0, -90, -170 ],
			"translation":  [ -2, -4, 12.5 ],
			"scale":  [ 0.0001, 0.0001, 0.0001 ]
		},
		"firstperson_righthand": {
			"rotation":  [ 0, 90, 0 ],
			"translation":  [ -1.5, 2, -11 ],
			"scale":  [ 0.0001, 0.0001, 0.0001 ]
		},
		"firstperson_lefthand": {
			"rotation":  [ 0, -90, 0 ],
			"translation":  [ -9, 6.65, 5.0661 ],
			"scale":  [ 0.5478, 1, 1.1739 ]
		},
		"gui": {
			"rotation":  [ 0, 180, -44 ],
			"scale":  [ 0.7, 0.7, 0.7 ]
		},
		"head": {
			"scale":  [ 1.6, 1.6, 1.6 ]
		},
		"ground": {
			"translation":  [ 0, -0.5, 0 ],
			"scale":  [ 0.8, 0.8, 0.8 ]
		},
		"fixed": {
			"translation":  [ 0, 0.5, -1.75 ],
			"scale":  [ -1.6, 1.6, -1.6 ]
		}
	}
}