{
	"__comment": "Designed by Optimus0812 with Cubik Studio - https://cubik.studio",
	"textures": {
		"22_rounds": "dayz/weapon/ammo/.22_rounds"
	},
	"elements": [ 	 
		{
			"__comment": ".22_rounds",
			"from": [ 4, 6, 5 ],
			"to": [ 12, 10, 11 ],
			"faces": {
				"down": { "uv": [ 0, 0, 8, 6 ], "texture": "#22_rounds" },
				"up": { "uv": [ 0, 0, 8, 6 ], "texture": "#22_rounds" },
				"north": { "uv": [ 8, 6.5, 0, 10.5 ], "texture": "#22_rounds" },
				"south": { "uv": [ 0, 6.5, 8, 10.5 ], "texture": "#22_rounds" },
				"west": { "uv": [ 8.5, 0, 12.5, 6 ], "texture": "#22_rounds", "rotation": 90 },
				"east": { "uv": [ 8.5, 0, 12.5, 6 ], "texture": "#22_rounds", "rotation": 90 }
			}
		}
	],
	"display": {
		"thirdperson_righthand": {
			"rotation":  [ 75, 45, 0 ],
			"translation":  [ 0, 2.5, 0 ],
			"scale":  [ 0.5, 0.5, 0.5 ]
		},
		"thirdperson_lefthand": {
			"rotation":  [ 75, 45, 0 ],
			"translation":  [ 0, 2.5, 0 ],
			"scale":  [ 0.5, 0.5, 0.5 ]
		},
		"firstperson_righthand": {
			"rotation":  [ 0, 0, 25 ],
			"translation":  [ 1.13, 3.2, 1.13 ],
			"scale":  [ 0.68, 0.68, 0.68 ]
		},
		"firstperson_lefthand": {
			"rotation":  [ 0, 0, 25 ],
			"translation":  [ 1.13, 3.2, 1.13 ],
			"scale":  [ 0.68, 0.68, 0.68 ]
		},
		"gui": {
			"rotation":  [ 30, 45, 0 ]
		},
		"head": {
			"scale":  [ 0.0001, 0.0001, 0.0001 ]
		},
		"ground": {
			"scale":  [ 0.5, 0.5, 0.5 ]
		},
		"fixed": {
			"rotation":  [ -90, 180, 0 ]
		}
	}
}