{
	"__comment": "Designed by I_m_bin2 with Cubik Studio - https://cubik.studio",
	"textures": {
		"0": "colors/black",
		"1": "colors/brown_normal",
		"3": "colors/gray_dark",
		"4": "colors/gray_darker",
		"5": "colors/gray_darkest",
		"6": "colors/gray_light",
		"7": "colors/gray_normal",
		"8": "colors/31424123",
		"9": "colors/sightgreen",
		"particle": "colors/black"
	},
	"elements": [ 	 
		{
			"__comment": "Element",
			"from": [ 8.849999, 20.0207, 3.5 ],
			"to": [ 9.049999, 20.87928, 3.7 ],
			"faces": {
				"down": { "uv": [ 0, 0, 1, 1 ], "texture": "#4" },
				"up": { "uv": [ 0, 0, 1, 1 ], "texture": "#4" },
				"north": { "uv": [ 0, 0, 1, 1 ], "texture": "#4" },
				"south": { "uv": [ 0, 0, 1, 1 ], "texture": "#4" },
				"west": { "uv": [ 0, 0, 1, 1 ], "texture": "#4" },
				"east": { "uv": [ 0, 0, 1, 1 ], "texture": "#4" }
			}
		},
		{
			"__comment": "Element",
			"from": [ 8.849999, 20.0207, 5.875 ],
			"to": [ 9.049999, 20.87928, 6.075 ],
			"faces": {
				"down": { "uv": [ 0, 0, 1, 1 ], "texture": "#4" },
				"up": { "uv": [ 0, 0, 1, 1 ], "texture": "#4" },
				"north": { "uv": [ 0, 0, 1, 1 ], "texture": "#4" },
				"south": { "uv": [ 0, 0, 1, 1 ], "texture": "#4" },
				"west": { "uv": [ 0, 0, 1, 1 ], "texture": "#4" },
				"east": { "uv": [ 0, 0, 1, 1 ], "texture": "#4" }
			}
		},
		{
			"__comment": "Element",
			"from": [ 8.9914, 19.7207, 3.5 ],
			"to": [ 9.04999, 20.0207, 3.7 ],
			"rotation": { "origin": [ 9.05, 20.0207, 3.3 ], "axis": "z", "angle": -22.5 },
			"faces": {
				"down": { "uv": [ 0, 0, 1, 1 ], "texture": "#4", "rotation": 270 },
				"up": { "uv": [ 0, 0, 1, 1 ], "texture": "#4", "rotation": 270 },
				"north": { "uv": [ 0, 0, 1, 1 ], "texture": "#4", "rotation": 90 },
				"south": { "uv": [ 0, 0, 1, 1 ], "texture": "#4", "rotation": 270 },
				"west": { "uv": [ 0, 0, 1, 1 ], "texture": "#4", "rotation": 270 },
				"east": { "uv": [ 0, 0, 1, 1 ], "texture": "#4", "rotation": 270 }
			}
		},
		{
			"__comment": "Element",
			"from": [ 8.9914, 19.7207, 5.875 ],
			"to": [ 9.04999, 20.0207, 6.075 ],
			"rotation": { "origin": [ 9.05, 20.0207, 5.675 ], "axis": "z", "angle": -22.5 },
			"faces": {
				"down": { "uv": [ 0, 0, 1, 1 ], "texture": "#4", "rotation": 270 },
				"up": { "uv": [ 0, 0, 1, 1 ], "texture": "#4", "rotation": 270 },
				"north": { "uv": [ 0, 0, 1, 1 ], "texture": "#4", "rotation": 90 },
				"south": { "uv": [ 0, 0, 1, 1 ], "texture": "#4", "rotation": 270 },
				"west": { "uv": [ 0, 0, 1, 1 ], "texture": "#4", "rotation": 270 },
				"east": { "uv": [ 0, 0, 1, 1 ], "texture": "#4", "rotation": 270 }
			}
		},
		{
			"__comment": "Element",
			"from": [ 8.9914, 19.7207, 2.7 ],
			"to": [ 9.04999, 20.0207, 2.9 ],
			"rotation": { "origin": [ 9.05, 20.0207, 3.3 ], "axis": "z", "angle": -22.5 },
			"faces": {
				"down": { "uv": [ 0, 0, 1, 1 ], "texture": "#4", "rotation": 270 },
				"up": { "uv": [ 0, 0, 1, 1 ], "texture": "#4", "rotation": 270 },
				"north": { "uv": [ 0, 0, 1, 1 ], "texture": "#4", "rotation": 90 },
				"south": { "uv": [ 0, 0, 1, 1 ], "texture": "#4", "rotation": 270 },
				"west": { "uv": [ 0, 0, 1, 1 ], "texture": "#4", "rotation": 270 },
				"east": { "uv": [ 0, 0, 1, 1 ], "texture": "#4", "rotation": 270 }
			}
		},
		{
			"__comment": "Element",
			"from": [ 8.9914, 19.7207, 5.075 ],
			"to": [ 9.04999, 20.0207, 5.275 ],
			"rotation": { "origin": [ 9.05, 20.0207, 5.675 ], "axis": "z", "angle": -22.5 },
			"faces": {
				"down": { "uv": [ 0, 0, 1, 1 ], "texture": "#4", "rotation": 270 },
				"up": { "uv": [ 0, 0, 1, 1 ], "texture": "#4", "rotation": 270 },
				"north": { "uv": [ 0, 0, 1, 1 ], "texture": "#4", "rotation": 90 },
				"south": { "uv": [ 0, 0, 1, 1 ], "texture": "#4", "rotation": 270 },
				"west": { "uv": [ 0, 0, 1, 1 ], "texture": "#4", "rotation": 270 },
				"east": { "uv": [ 0, 0, 1, 1 ], "texture": "#4", "rotation": 270 }
			}
		},
		{
			"__comment": "Element",
			"from": [ 8.849999, 19.6207, 2.7 ],
			"to": [ 8.949999, 20.27928, 3.7 ],
			"faces": {
				"down": { "uv": [ 0, 0, 1, 1 ], "texture": "#4" },
				"up": { "uv": [ 0, 0, 1, 1 ], "texture": "#4" },
				"north": { "uv": [ 0, 0, 1, 1 ], "texture": "#4" },
				"south": { "uv": [ 0, 0, 1, 1 ], "texture": "#4" },
				"west": { "uv": [ 0, 0, 1, 1 ], "texture": "#4" },
				"east": { "uv": [ 0, 0, 1, 1 ], "texture": "#4" }
			}
		},
		{
			"__comment": "Element",
			"from": [ 8.849999, 19.6207, 5.075 ],
			"to": [ 8.949999, 20.27928, 6.075 ],
			"faces": {
				"down": { "uv": [ 0, 0, 1, 1 ], "texture": "#4" },
				"up": { "uv": [ 0, 0, 1, 1 ], "texture": "#4" },
				"north": { "uv": [ 0, 0, 1, 1 ], "texture": "#4" },
				"south": { "uv": [ 0, 0, 1, 1 ], "texture": "#4" },
				"west": { "uv": [ 0, 0, 1, 1 ], "texture": "#4" },
				"east": { "uv": [ 0, 0, 1, 1 ], "texture": "#4" }
			}
		},
		{
			"__comment": "Element",
			"from": [ 8.849999, 20.0207, 2.7 ],
			"to": [ 9.049999, 20.87928, 3.5 ],
			"faces": {
				"down": { "uv": [ 0, 0, 1, 1 ], "texture": "#4" },
				"up": { "uv": [ 0, 0, 1, 1 ], "texture": "#4" },
				"north": { "uv": [ 0, 0, 1, 1 ], "texture": "#4" },
				"south": { "uv": [ 0, 0, 1, 1 ], "texture": "#4" },
				"west": { "uv": [ 0, 0, 1, 1 ], "texture": "#4" },
				"east": { "uv": [ 0, 0, 1, 1 ], "texture": "#4" }
			}
		},
		{
			"__comment": "Element",
			"from": [ 8.849999, 20.0207, 5.075 ],
			"to": [ 9.049999, 20.87928, 5.875 ],
			"faces": {
				"down": { "uv": [ 0, 0, 1, 1 ], "texture": "#4" },
				"up": { "uv": [ 0, 0, 1, 1 ], "texture": "#4" },
				"north": { "uv": [ 0, 0, 1, 1 ], "texture": "#4" },
				"south": { "uv": [ 0, 0, 1, 1 ], "texture": "#4" },
				"west": { "uv": [ 0, 0, 1, 1 ], "texture": "#4" },
				"east": { "uv": [ 0, 0, 1, 1 ], "texture": "#4" }
			}
		},
		{
			"__comment": "Element",
			"from": [ 8.875, 20.5, 5.875 ],
			"to": [ 9.075, 21.35858, 6.075 ],
			"faces": {
				"down": { "uv": [ 0, 0, 1, 1 ], "texture": "#4" },
				"up": { "uv": [ 0, 0, 1, 1 ], "texture": "#4" },
				"north": { "uv": [ 0, 0, 1, 1 ], "texture": "#4" },
				"south": { "uv": [ 0, 0, 1, 1 ], "texture": "#4" },
				"west": { "uv": [ 0, 0, 1, 1 ], "texture": "#4" },
				"east": { "uv": [ 0, 0, 1, 1 ], "texture": "#4" }
			}
		},
		{
			"__comment": "Element",
			"from": [ 8.875, 20.5, 5.075 ],
			"to": [ 9.075, 21.35858, 5.275 ],
			"faces": {
				"down": { "uv": [ 0, 0, 1, 1 ], "texture": "#4" },
				"up": { "uv": [ 0, 0, 1, 1 ], "texture": "#4" },
				"north": { "uv": [ 0, 0, 1, 1 ], "texture": "#4" },
				"south": { "uv": [ 0, 0, 1, 1 ], "texture": "#4" },
				"west": { "uv": [ 0, 0, 1, 1 ], "texture": "#4" },
				"east": { "uv": [ 0, 0, 1, 1 ], "texture": "#4" }
			}
		},
		{
			"__comment": "Element",
			"from": [ 8.875, 20.5, 3.5 ],
			"to": [ 9.075, 21.35858, 3.7 ],
			"faces": {
				"down": { "uv": [ 0, 0, 1, 1 ], "texture": "#4" },
				"up": { "uv": [ 0, 0, 1, 1 ], "texture": "#4" },
				"north": { "uv": [ 0, 0, 1, 1 ], "texture": "#4" },
				"south": { "uv": [ 0, 0, 1, 1 ], "texture": "#4" },
				"west": { "uv": [ 0, 0, 1, 1 ], "texture": "#4" },
				"east": { "uv": [ 0, 0, 1, 1 ], "texture": "#4" }
			}
		},
		{
			"__comment": "Element",
			"from": [ 8.875, 20.5, 2.7 ],
			"to": [ 9.075, 21.35858, 2.9 ],
			"faces": {
				"down": { "uv": [ 0, 0, 1, 1 ], "texture": "#4" },
				"up": { "uv": [ 0, 0, 1, 1 ], "texture": "#4" },
				"north": { "uv": [ 0, 0, 1, 1 ], "texture": "#4" },
				"south": { "uv": [ 0, 0, 1, 1 ], "texture": "#4" },
				"west": { "uv": [ 0, 0, 1, 1 ], "texture": "#4" },
				"east": { "uv": [ 0, 0, 1, 1 ], "texture": "#4" }
			}
		},
		{
			"__comment": "Box484",
			"from": [ 8.875, 21.95, 2.75 ],
			"to": [ 9.675, 22.15, 6.25 ],
			"faces": {
				"down": { "uv": [ 14, 2.8, 14.8, 3 ], "texture": "#4" },
				"up": { "uv": [ 2, 3, 1.200001, 2.8 ], "texture": "#4" },
				"north": { "uv": [ 14.8, 14, 14, 13.8 ], "texture": "#4" },
				"south": { "uv": [ 14, 2, 14.8, 2.2 ], "texture": "#4" },
				"west": { "uv": [ 2, 2.8, 2.2, 3 ], "texture": "#4", "rotation": 90 },
				"east": { "uv": [ 13.8, 2.8, 14, 3 ], "texture": "#4", "rotation": 270 }
			}
		},
		{
			"__comment": "Box484",
			"from": [ 8.875, 21.2445, 2.75 ],
			"to": [ 9.675, 21.9945, 6.25 ],
			"faces": {
				"down": { "uv": [ 14, 13.6, 14.8, 13.8 ], "texture": "#4" },
				"up": { "uv": [ 14, 2.2, 14.8, 2.4 ], "texture": "#4" },
				"north": { "uv": [ 1.200001, 2.8, 2, 3 ], "texture": "#4" },
				"south": { "uv": [ 14, 2.8, 14.8, 3 ], "texture": "#4" },
				"west": { "uv": [ 2.2, 2.8, 2.4, 3 ], "texture": "#4" },
				"east": { "uv": [ 13.6, 2.8, 13.8, 3 ], "texture": "#4" }
			}
		},
		{
			"__comment": "Box539",
			"from": [ 9.53, 22.095, 5.5 ],
			"to": [ 9.679999, 23.595, 6.3 ],
			"rotation": { "origin": [ 9.53, 22.095, 5.5 ], "axis": "z", "angle": 22.5 },
			"faces": {
				"down": { "uv": [ 11.375, 1, 11.525, 2 ], "texture": "#4" },
				"up": { "uv": [ 11.375, 14, 11.525, 15 ], "texture": "#4" },
				"north": { "uv": [ 4.475, 2.75, 4.625, 3.75 ], "texture": "#4" },
				"south": { "uv": [ 11.375, 2.75, 11.525, 3.75 ], "texture": "#4" },
				"west": { "uv": [ 14, 2.75, 15, 3.75 ], "texture": "#4" },
				"east": { "uv": [ 1, 2.75, 2, 3.75 ], "texture": "#4" }
			}
		},
		{
			"__comment": "Box489",
			"from": [ 8.625, 23.35, 5.5 ],
			"to": [ 9.125, 23.5, 6.3 ],
			"rotation": { "origin": [ 9.125, 23.5, 5.5 ], "axis": "z", "angle": -45 },
			"faces": {
				"down": { "uv": [ 9.5, 14, 10, 14.8 ], "texture": "#4", "rotation": 180 },
				"up": { "uv": [ 9.5, 1.2, 10, 2 ], "texture": "#4", "rotation": 180 },
				"north": { "uv": [ 6.5, 1.5, 6, 1.35 ], "texture": "#4" },
				"south": { "uv": [ 10, 1.5, 9.5, 1.35 ], "texture": "#4" },
				"west": { "uv": [ 1.200001, 1.35, 2, 1.5 ], "texture": "#4", "rotation": 180 },
				"east": { "uv": [ 14, 1.35, 14.8, 1.5 ], "texture": "#4", "rotation": 180 }
			}
		},
		{
			"__comment": "Box489",
			"from": [ 8.1631, 23.5413, 5.5 ],
			"to": [ 8.6631, 23.6913, 6.3 ],
			"rotation": { "origin": [ 9.125, 23.5, 5.5 ], "axis": "z", "angle": -22.5 },
			"faces": {
				"down": { "uv": [ 12.5, 14, 13, 14.8 ], "texture": "#4", "rotation": 180 },
				"up": { "uv": [ 12.5, 1.2, 13, 2 ], "texture": "#4", "rotation": 180 },
				"north": { "uv": [ 3.5, 2, 3, 1.85 ], "texture": "#4" },
				"south": { "uv": [ 13, 2, 12.5, 1.85 ], "texture": "#4" },
				"west": { "uv": [ 1.200001, 1.85, 2, 2 ], "texture": "#4", "rotation": 180 },
				"east": { "uv": [ 14, 1.85, 14.8, 2 ], "texture": "#4", "rotation": 180 }
			}
		},
		{
			"__comment": "Box489",
			"from": [ 7.8095, 23.8949, 5.5 ],
			"to": [ 8.3095, 24.0449, 6.3 ],
			"faces": {
				"down": { "uv": [ 12.5, 14, 13, 14.8 ], "texture": "#4", "rotation": 180 },
				"up": { "uv": [ 12.5, 1.2, 13, 2 ], "texture": "#4", "rotation": 180 },
				"north": { "uv": [ 3.5, 2, 3, 1.85 ], "texture": "#4" },
				"south": { "uv": [ 13, 2, 12.5, 1.85 ], "texture": "#4" },
				"west": { "uv": [ 1.200001, 1.85, 2, 2 ], "texture": "#4", "rotation": 180 },
				"east": { "uv": [ 14, 1.85, 14.8, 2 ], "texture": "#4", "rotation": 180 }
			}
		},
		{
			"__comment": "Box489",
			"from": [ 7.6182, 24.3568, 5.5 ],
			"to": [ 8.1182, 24.5068, 6.3 ],
			"rotation": { "origin": [ 9.125, 23.5, 5.5 ], "axis": "z", "angle": 22.5 },
			"faces": {
				"down": { "uv": [ 12.5, 14, 13, 14.8 ], "texture": "#4", "rotation": 180 },
				"up": { "uv": [ 12.5, 1.2, 13, 2 ], "texture": "#4", "rotation": 180 },
				"north": { "uv": [ 3, 1.85, 3.5, 2 ], "texture": "#4", "rotation": 180 },
				"south": { "uv": [ 12.5, 1.85, 13, 2 ], "texture": "#4", "rotation": 180 },
				"west": { "uv": [ 2, 2, 1.200001, 1.85 ], "texture": "#4" },
				"east": { "uv": [ 14.8, 2, 14, 1.85 ], "texture": "#4" }
			}
		},
		{
			"__comment": "Box489",
			"from": [ 7.6182, 21.9932, 5.5 ],
			"to": [ 7.7682, 22.4932, 6.3 ],
			"rotation": { "origin": [ 9.125, 23.5, 5.5 ], "axis": "z", "angle": -45 },
			"faces": {
				"down": { "uv": [ 1.200001, 1.85, 2, 2 ], "texture": "#4", "rotation": 90 },
				"up": { "uv": [ 14.8, 2, 14, 1.85 ], "texture": "#4", "rotation": 270 },
				"north": { "uv": [ 3, 1.85, 3.5, 2 ], "texture": "#4", "rotation": 270 },
				"south": { "uv": [ 12.5, 1.85, 13, 2 ], "texture": "#4", "rotation": 90 },
				"west": { "uv": [ 12.5, 1.2, 13, 2 ], "texture": "#4", "rotation": 90 },
				"east": { "uv": [ 13, 14.8, 12.5, 14 ], "texture": "#4", "rotation": 270 }
			}
		},
		{
			"__comment": "Box489",
			"from": [ 7.1562, 22.1845, 5.5 ],
			"to": [ 7.3062, 22.6845, 6.3 ],
			"rotation": { "origin": [ 9.125, 23.5, 5.5 ], "axis": "z", "angle": -22.5 },
			"faces": {
				"down": { "uv": [ 1.200001, 1.85, 2, 2 ], "texture": "#4", "rotation": 90 },
				"up": { "uv": [ 14.8, 2, 14, 1.85 ], "texture": "#4", "rotation": 270 },
				"north": { "uv": [ 3, 1.85, 3.5, 2 ], "texture": "#4", "rotation": 270 },
				"south": { "uv": [ 12.5, 1.85, 13, 2 ], "texture": "#4", "rotation": 90 },
				"west": { "uv": [ 12.5, 1.2, 13, 2 ], "texture": "#4", "rotation": 90 },
				"east": { "uv": [ 13, 14.8, 12.5, 14 ], "texture": "#4", "rotation": 270 }
			}
		},
		{
			"__comment": "Box489",
			"from": [ 6.8027, 22.5381, 5.5 ],
			"to": [ 6.9527, 23.0381, 6.3 ],
			"faces": {
				"down": { "uv": [ 1.200001, 1.85, 2, 2 ], "texture": "#4", "rotation": 90 },
				"up": { "uv": [ 14.8, 2, 14, 1.85 ], "texture": "#4", "rotation": 270 },
				"north": { "uv": [ 3, 1.85, 3.5, 2 ], "texture": "#4", "rotation": 270 },
				"south": { "uv": [ 12.5, 1.85, 13, 2 ], "texture": "#4", "rotation": 90 },
				"west": { "uv": [ 12.5, 1.2, 13, 2 ], "texture": "#4", "rotation": 90 },
				"east": { "uv": [ 13, 14.8, 12.5, 14 ], "texture": "#4", "rotation": 270 }
			}
		},
		{
			"__comment": "Box489",
			"from": [ 6.6113, 23, 5.5 ],
			"to": [ 6.7613, 23.5, 6.3 ],
			"rotation": { "origin": [ 9.125, 23.5, 5.5 ], "axis": "z", "angle": 22.5 },
			"faces": {
				"down": { "uv": [ 1.200001, 1.85, 2, 2 ], "texture": "#4", "rotation": 90 },
				"up": { "uv": [ 14.8, 2, 14, 1.85 ], "texture": "#4", "rotation": 270 },
				"north": { "uv": [ 3.5, 2, 3, 1.85 ], "texture": "#4", "rotation": 90 },
				"south": { "uv": [ 13, 2, 12.5, 1.85 ], "texture": "#4", "rotation": 270 },
				"west": { "uv": [ 13, 2, 12.5, 1.2 ], "texture": "#4", "rotation": 270 },
				"east": { "uv": [ 12.5, 14, 13, 14.8 ], "texture": "#4", "rotation": 90 }
			}
		},
		{
			"__comment": "Box516",
			"from": [ 7.32, 22, 5.87 ],
			"to": [ 8.82, 23.5, 5.871 ],
			"faces": {
				"down": { "uv": [ 0, 0, 16, 16 ], "texture": "#8" },
				"up": { "uv": [ 0, 0, 16, 16 ], "texture": "#8" },
				"north": { "uv": [ 0, 0, 16, 16 ], "texture": "#8" },
				"south": { "uv": [ 0, 0, 16, 16 ], "texture": "#8" },
				"west": { "uv": [ 0, 0, 16, 16 ], "texture": "#8" },
				"east": { "uv": [ 0, 0, 16, 16 ], "texture": "#8" }
			}
		},
		{
			"__comment": "Box523",
			"from": [ 8.5, 22, 3 ],
			"to": [ 8.86, 22.36, 3.3 ],
			"faces": {
				"down": { "uv": [ 10.5, 1, 11, 2 ], "texture": "#4" },
				"up": { "uv": [ 10.5, 14, 11, 15 ], "texture": "#4" },
				"north": { "uv": [ 5, 5.5, 5.5, 6 ], "texture": "#4" },
				"south": { "uv": [ 10.5, 5.5, 11, 6 ], "texture": "#4" },
				"west": { "uv": [ 14, 5.5, 15, 6 ], "texture": "#4" },
				"east": { "uv": [ 1, 5.5, 2, 6 ], "texture": "#4" }
			}
		},
		{
			"__comment": "Box523",
			"from": [ 8.865, 21.65, 3 ],
			"to": [ 9.365, 22.15, 3.3 ],
			"rotation": { "origin": [ 8.865, 21.65, 3 ], "axis": "z", "angle": 45 },
			"faces": {
				"down": { "uv": [ 10.5, 1, 11, 2 ], "texture": "#4" },
				"up": { "uv": [ 10.5, 14, 11, 15 ], "texture": "#4" },
				"north": { "uv": [ 5, 5.5, 5.5, 6 ], "texture": "#4" },
				"south": { "uv": [ 10.5, 5.5, 11, 6 ], "texture": "#4" },
				"west": { "uv": [ 14, 5.5, 15, 6 ], "texture": "#4" },
				"east": { "uv": [ 1, 5.5, 2, 6 ], "texture": "#4" }
			}
		},
		{
			"__comment": "Box523",
			"from": [ 8.5, 22, 5.75 ],
			"to": [ 8.86, 22.36, 6.05 ],
			"faces": {
				"down": { "uv": [ 10.5, 1, 11, 2 ], "texture": "#4" },
				"up": { "uv": [ 10.5, 14, 11, 15 ], "texture": "#4" },
				"north": { "uv": [ 5, 5.5, 5.5, 6 ], "texture": "#4" },
				"south": { "uv": [ 10.5, 5.5, 11, 6 ], "texture": "#4" },
				"west": { "uv": [ 14, 5.5, 15, 6 ], "texture": "#4" },
				"east": { "uv": [ 1, 5.5, 2, 6 ], "texture": "#4" }
			}
		},
		{
			"__comment": "Box523",
			"from": [ 8.865, 21.65, 5.75 ],
			"to": [ 9.365, 22.15, 6.05 ],
			"rotation": { "origin": [ 8.865, 21.65, 5.75 ], "axis": "z", "angle": 45 },
			"faces": {
				"down": { "uv": [ 10.5, 1, 11, 2 ], "texture": "#4" },
				"up": { "uv": [ 10.5, 14, 11, 15 ], "texture": "#4" },
				"north": { "uv": [ 5, 5.5, 5.5, 6 ], "texture": "#4" },
				"south": { "uv": [ 10.5, 5.5, 11, 6 ], "texture": "#4" },
				"west": { "uv": [ 14, 5.5, 15, 6 ], "texture": "#4" },
				"east": { "uv": [ 1, 5.5, 2, 6 ], "texture": "#4" }
			}
		},
		{
			"__comment": "Box484",
			"from": [ 8.875, 21.88, 2.57 ],
			"to": [ 9.675, 22.08, 2.77 ],
			"rotation": { "origin": [ 8.875, 22.08, 2.57 ], "axis": "x", "angle": -22.5 },
			"faces": {
				"down": { "uv": [ 14, 2.8, 14.8, 3 ], "texture": "#4" },
				"up": { "uv": [ 2, 3, 1.200001, 2.8 ], "texture": "#4" },
				"north": { "uv": [ 14.8, 14, 14, 13.8 ], "texture": "#4" },
				"south": { "uv": [ 14, 2, 14.8, 2.2 ], "texture": "#4" },
				"west": { "uv": [ 2, 2.8, 2.2, 3 ], "texture": "#4", "rotation": 90 },
				"east": { "uv": [ 13.8, 2.8, 14, 3 ], "texture": "#4", "rotation": 270 }
			}
		},
		{
			"__comment": "Box484",
			"from": [ 8.875, 21.6952, 2.4935 ],
			"to": [ 9.675, 21.8952, 2.6935 ],
			"rotation": { "origin": [ 8.875, 22.08, 2.57 ], "axis": "x", "angle": 22.5 },
			"faces": {
				"down": { "uv": [ 14, 2.8, 14.8, 3 ], "texture": "#4" },
				"up": { "uv": [ 2, 3, 1.200001, 2.8 ], "texture": "#4" },
				"north": { "uv": [ 14.8, 14, 14, 13.8 ], "texture": "#4" },
				"south": { "uv": [ 14, 2, 14.8, 2.2 ], "texture": "#4" },
				"west": { "uv": [ 2, 2.8, 2.2, 3 ], "texture": "#4", "rotation": 90 },
				"east": { "uv": [ 13.8, 2.8, 14, 3 ], "texture": "#4", "rotation": 270 }
			}
		},
		{
			"__comment": "Box484",
			"from": [ 8.875, 21.6538, 2.352 ],
			"to": [ 9.675, 21.7538, 2.552 ],
			"faces": {
				"down": { "uv": [ 14, 2.8, 14.8, 3 ], "texture": "#4" },
				"up": { "uv": [ 2, 3, 1.200001, 2.8 ], "texture": "#4" },
				"north": { "uv": [ 14.8, 14, 14, 13.8 ], "texture": "#4" },
				"south": { "uv": [ 14, 2, 14.8, 2.2 ], "texture": "#4" },
				"west": { "uv": [ 2, 2.8, 2.2, 3 ], "texture": "#4", "rotation": 90 },
				"east": { "uv": [ 13.8, 2.8, 14, 3 ], "texture": "#4", "rotation": 270 }
			}
		},
		{
			"__comment": "Box484",
			"from": [ 8.875, 21.5773, 2.1673 ],
			"to": [ 9.675, 21.7773, 2.3673 ],
			"rotation": { "origin": [ 8.875, 22.18, 2.57 ], "axis": "x", "angle": -22.5 },
			"faces": {
				"down": { "uv": [ 14, 2.8, 14.8, 3 ], "texture": "#4" },
				"up": { "uv": [ 2, 3, 1.200001, 2.8 ], "texture": "#4" },
				"north": { "uv": [ 14.8, 14, 14, 13.8 ], "texture": "#4" },
				"south": { "uv": [ 14, 2, 14.8, 2.2 ], "texture": "#4" },
				"west": { "uv": [ 2, 2.8, 2.2, 3 ], "texture": "#4", "rotation": 90 },
				"east": { "uv": [ 13.8, 2.8, 14, 3 ], "texture": "#4", "rotation": 270 }
			}
		},
		{
			"__comment": "Box484",
			"from": [ 8.875, 21.5773, 2.9727 ],
			"to": [ 9.675, 21.7773, 3.1727 ],
			"rotation": { "origin": [ 8.875, 22.18, 2.57 ], "axis": "x", "angle": 45 },
			"faces": {
				"down": { "uv": [ 14, 13.8, 14.8, 14 ], "texture": "#4" },
				"up": { "uv": [ 14, 2, 14.8, 2.2 ], "texture": "#4" },
				"north": { "uv": [ 1.200001, 2.8, 2, 3 ], "texture": "#4" },
				"south": { "uv": [ 14, 2.8, 14.8, 3 ], "texture": "#4" },
				"west": { "uv": [ 2, 2.8, 2.2, 3 ], "texture": "#4" },
				"east": { "uv": [ 13.8, 2.8, 14, 3 ], "texture": "#4" }
			}
		},
		{
			"__comment": "Box484",
			"from": [ 8.875, 21.88, 2.57 ],
			"to": [ 9.675, 22.08, 2.77 ],
			"rotation": { "origin": [ 8.875, 22.08, 2.57 ], "axis": "x", "angle": 45 },
			"faces": {
				"down": { "uv": [ 14, 2.8, 14.8, 3 ], "texture": "#4" },
				"up": { "uv": [ 2, 3, 1.200001, 2.8 ], "texture": "#4" },
				"north": { "uv": [ 14.8, 14, 14, 13.8 ], "texture": "#4" },
				"south": { "uv": [ 14, 2, 14.8, 2.2 ], "texture": "#4" },
				"west": { "uv": [ 2, 2.8, 2.2, 3 ], "texture": "#4", "rotation": 90 },
				"east": { "uv": [ 13.8, 2.8, 14, 3 ], "texture": "#4", "rotation": 270 }
			}
		},
		{
			"__comment": "Box484",
			"from": [ 8.875, 21.3925, 2.8962 ],
			"to": [ 9.675, 21.5925, 3.0962 ],
			"rotation": { "origin": [ 8.875, 22.18, 2.57 ], "axis": "x", "angle": 22.5 },
			"faces": {
				"down": { "uv": [ 14, 13.8, 14.8, 14 ], "texture": "#4" },
				"up": { "uv": [ 14, 2, 14.8, 2.2 ], "texture": "#4" },
				"north": { "uv": [ 1.200001, 2.8, 2, 3 ], "texture": "#4" },
				"south": { "uv": [ 14, 2.8, 14.8, 3 ], "texture": "#4" },
				"west": { "uv": [ 2, 2.8, 2.2, 3 ], "texture": "#4" },
				"east": { "uv": [ 13.8, 2.8, 14, 3 ], "texture": "#4" }
			}
		},
		{
			"__comment": "Box484",
			"from": [ 8.875, 21.2511, 2.7348 ],
			"to": [ 9.675, 21.4511, 2.9348 ],
			"faces": {
				"down": { "uv": [ 14, 13.8, 14.8, 14 ], "texture": "#4" },
				"up": { "uv": [ 14, 2, 14.8, 2.2 ], "texture": "#4" },
				"north": { "uv": [ 1.200001, 2.8, 2, 3 ], "texture": "#4" },
				"south": { "uv": [ 14, 2.8, 14.8, 3 ], "texture": "#4" },
				"west": { "uv": [ 2, 2.8, 2.2, 3 ], "texture": "#4" },
				"east": { "uv": [ 13.8, 2.8, 14, 3 ], "texture": "#4" }
			}
		},
		{
			"__comment": "Box484",
			"from": [ 8.875, 21.75, 2.625 ],
			"to": [ 9.675, 21.95, 2.825 ],
			"faces": {
				"down": { "uv": [ 14, 13.8, 14.8, 14 ], "texture": "#4" },
				"up": { "uv": [ 14, 2, 14.8, 2.2 ], "texture": "#4" },
				"north": { "uv": [ 1.200001, 2.8, 2, 3 ], "texture": "#4" },
				"south": { "uv": [ 14, 2.8, 14.8, 3 ], "texture": "#4" },
				"west": { "uv": [ 2, 2.8, 2.2, 3 ], "texture": "#4" },
				"east": { "uv": [ 13.8, 2.8, 14, 3 ], "texture": "#4" }
			}
		},
		{
			"__comment": "Box484",
			"from": [ 8.875, 21.75, 2.5 ],
			"to": [ 9.675, 21.95, 2.7 ],
			"faces": {
				"down": { "uv": [ 14, 13.8, 14.8, 14 ], "texture": "#4" },
				"up": { "uv": [ 14, 2, 14.8, 2.2 ], "texture": "#4" },
				"north": { "uv": [ 1.200001, 2.8, 2, 3 ], "texture": "#4" },
				"south": { "uv": [ 14, 2.8, 14.8, 3 ], "texture": "#4" },
				"west": { "uv": [ 2, 2.8, 2.2, 3 ], "texture": "#4" },
				"east": { "uv": [ 13.8, 2.8, 14, 3 ], "texture": "#4" }
			}
		},
		{
			"__comment": "Box484",
			"from": [ 8.875, 21.375, 2.625 ],
			"to": [ 9.675, 21.575, 2.825 ],
			"faces": {
				"down": { "uv": [ 14, 13.8, 14.8, 14 ], "texture": "#4" },
				"up": { "uv": [ 14, 2, 14.8, 2.2 ], "texture": "#4" },
				"north": { "uv": [ 1.200001, 2.8, 2, 3 ], "texture": "#4" },
				"south": { "uv": [ 14, 2.8, 14.8, 3 ], "texture": "#4" },
				"west": { "uv": [ 2, 2.8, 2.2, 3 ], "texture": "#4" },
				"east": { "uv": [ 13.8, 2.8, 14, 3 ], "texture": "#4" }
			}
		},
		{
			"__comment": "Box484",
			"from": [ 8.875, 21.5, 2.5 ],
			"to": [ 9.675, 21.7, 2.7 ],
			"faces": {
				"down": { "uv": [ 14, 13.8, 14.8, 14 ], "texture": "#4" },
				"up": { "uv": [ 14, 2, 14.8, 2.2 ], "texture": "#4" },
				"north": { "uv": [ 1.200001, 2.8, 2, 3 ], "texture": "#4" },
				"south": { "uv": [ 14, 2.8, 14.8, 3 ], "texture": "#4" },
				"west": { "uv": [ 2, 2.8, 2.2, 3 ], "texture": "#4" },
				"east": { "uv": [ 13.8, 2.8, 14, 3 ], "texture": "#4" }
			}
		},
		{
			"__comment": "Box484",
			"from": [ 8.875, 21.625, 2.5 ],
			"to": [ 9.675, 21.825, 2.7 ],
			"faces": {
				"down": { "uv": [ 14, 13.8, 14.8, 14 ], "texture": "#4" },
				"up": { "uv": [ 14, 2, 14.8, 2.2 ], "texture": "#4" },
				"north": { "uv": [ 1.200001, 2.8, 2, 3 ], "texture": "#4" },
				"south": { "uv": [ 14, 2.8, 14.8, 3 ], "texture": "#4" },
				"west": { "uv": [ 2, 2.8, 2.2, 3 ], "texture": "#4" },
				"east": { "uv": [ 13.8, 2.8, 14, 3 ], "texture": "#4" }
			}
		},
		{
			"__comment": "Box484",
			"from": [ 8.875, 21.625, 2.625 ],
			"to": [ 9.675, 21.825, 2.825 ],
			"faces": {
				"down": { "uv": [ 14, 13.8, 14.8, 14 ], "texture": "#4" },
				"up": { "uv": [ 14, 2, 14.8, 2.2 ], "texture": "#4" },
				"north": { "uv": [ 1.200001, 2.8, 2, 3 ], "texture": "#4" },
				"south": { "uv": [ 14, 2.8, 14.8, 3 ], "texture": "#4" },
				"west": { "uv": [ 2, 2.8, 2.2, 3 ], "texture": "#4" },
				"east": { "uv": [ 13.8, 2.8, 14, 3 ], "texture": "#4" }
			}
		},
		{
			"__comment": "Box484",
			"from": [ 8.875, 21.5, 2.625 ],
			"to": [ 9.675, 21.7, 2.825 ],
			"faces": {
				"down": { "uv": [ 14, 13.8, 14.8, 14 ], "texture": "#4" },
				"up": { "uv": [ 14, 2, 14.8, 2.2 ], "texture": "#4" },
				"north": { "uv": [ 1.200001, 2.8, 2, 3 ], "texture": "#4" },
				"south": { "uv": [ 14, 2.8, 14.8, 3 ], "texture": "#4" },
				"west": { "uv": [ 2, 2.8, 2.2, 3 ], "texture": "#4" },
				"east": { "uv": [ 13.8, 2.8, 14, 3 ], "texture": "#4" }
			}
		}
	],
	"display": {
		"thirdperson_righthand": {
			"rotation":  [ 0, 180, 0 ],
			"translation":  [ 0, -5.119, -0.695 ],
			"scale":  [ 0.45, 0.45, 0.45 ]
		},
		"thirdperson_lefthand": {
			"rotation":  [ 0, 180, 0 ],
			"translation":  [ 0, -0.25, -1 ],
			"scale":  [ 0.0001, 0.0001, 0.0001 ]
		},
		"firstperson_righthand": {
			"rotation":  [ 0, 180, 0 ],
			"translation":  [ -4.25, 1, -2 ],
			"scale":  [ 0.0001, 0.0001, 0.0001 ]
		},
		"firstperson_lefthand": {
			"rotation":  [ 0, 172, 0 ],
			"translation":  [ -16.77, -8.739, -4.086 ],
			"scale":  [ 1, 1, 0.8 ]
		},
		"gui": {
			"rotation":  [ 29, -27, 37 ],
			"translation":  [ 11.826, -26.43, 0 ],
			"scale":  [ 2, 2, 2 ]
		},
		"ground": {
			"translation":  [ 0, -7.652, 0 ],
			"scale":  [ 0.5, 0.5, 0.5 ]
		},
		"fixed": {
			"rotation":  [ -60, 0, -90 ],
			"translation":  [ 0, -1.75, -7.75 ],
			"scale":  [ 0.8, 0.8, 0.8 ]
		}
	}
}