{
	"__comment": "Model generated using MrCrayfish's Model Creator (http://mrcrayfish.com/modelcreator/)",
	"textures": {
		"0": "blocks/colours/darkgray",
		"1": "blocks/colours/gray - 3third",
		"2": "blocks/colours/gray - 4fourth",
		"3": "blocks/colours/gray - 6sixth",
		"4": "blocks/colours/red",
		"5": "blocks/colours/green2",
		"particle": "blocks/e_particle",
		"texture": "blocks/e_texture",
		"-1": "blocks/colours/gray - 7seventh"
	},
	"elements": [ 	 
		{
			"__comment": "Element",
			"from": [ 4.5, 8.5, 8.2 ],
			"to": [ 14, 10.5, 9.719999 ],
			"faces": {
				"down": { "uv": [ 0, 0, 0.1, 0.1000004 ], "texture": "#2" },
				"up": { "uv": [ 0, 0, 0.1, 0.1000004 ], "texture": "#2" },
				"north": { "uv": [ 0, 0, 0.1, 0.1000004 ], "texture": "#2" },
				"south": { "uv": [ 0, 0, 0.1, 0.1000004 ], "texture": "#2" },
				"east": { "uv": [ 0, 0, 0.1, 0.1000004 ], "texture": "#2" }
			}
		},
		{
			"__comment": "Element",
			"from": [ 3.44, 10.2, 8.599999 ],
			"to": [ 13.28, 11.4, 9.199999 ],
			"faces": {
				"down": { "uv": [ 0, 0, 0.1, 0.1000004 ], "texture": "#0" },
				"up": { "uv": [ 0, 0, 0.1, 0.1000004 ], "texture": "#0" },
				"north": { "uv": [ 0, 0, 0.1, 0.1000004 ], "texture": "#0" },
				"south": { "uv": [ 0, 0, 0.1, 0.1000004 ], "texture": "#0" },
				"east": { "uv": [ 0, 0, 0.1, 0.1000004 ], "texture": "#0" }
			}
		},
		{
			"__comment": "Element",
			"from": [ 11.24, 7.68, 8.24 ],
			"to": [ 13.64, 8.52, 9.68 ],
			"faces": {
				"down": { "uv": [ 0, 0, 0.1, 0.1000004 ], "texture": "#0" },
				"north": { "uv": [ 0, 0, 0.1, 0.1000004 ], "texture": "#0" },
				"south": { "uv": [ 0, 0, 0.1, 0.1000004 ], "texture": "#0" },
				"west": { "uv": [ 0, 0, 0.1, 0.1000004 ], "texture": "#0" },
				"east": { "uv": [ 0, 0, 0.1, 0.1000004 ], "texture": "#0" }
			}
		},
		{
			"__comment": "Element",
			"from": [ 2.375, 8.5, 8.2 ],
			"to": [ 5.475, 11.5, 9.7 ],
			"faces": {
				"down": { "uv": [ 0, 0, 0.1, 0.1000004 ], "texture": "#1" },
				"up": { "uv": [ 0, 0, 0.1, 0.1000004 ], "texture": "#1" },
				"north": { "uv": [ 0, 0, 0.1, 0.1000004 ], "texture": "#1" },
				"south": { "uv": [ 0, 0, 0.1, 0.1000004 ], "texture": "#1" },
				"west": { "uv": [ 0, 0, 0.1, 0.1000004 ], "texture": "#1" },
				"east": { "uv": [ 0, 0, 0.1, 0.1000004 ], "texture": "#1" }
			}
		},
		{
			"__comment": "Element",
			"from": [ 5.44, 10.2, 8.599999 ],
			"to": [ 13.28, 11.4, 9.199999 ],
			"rotation": { "origin": [ 5.44, 11.4, 8.6 ], "axis": "x", "angle": 22.5 },
			"faces": {
				"north": { "uv": [ 0, 0, 0.1, 0.1000004 ], "texture": "#0" },
				"south": { "uv": [ 0, 0, 0.1, 0.1000004 ], "texture": "#0" },
				"east": { "uv": [ 0, 0, 0.1, 0.1000004 ], "texture": "#0" }
			}
		},
		{
			"__comment": "Element",
			"from": [ 5.44, 10.085, 8.719999 ],
			"to": [ 13.28, 11.285, 9.319999 ],
			"rotation": { "origin": [ 5.44, 11.285, 8.72 ], "axis": "x", "angle": -22.5 },
			"faces": {
				"north": { "uv": [ 0, 0, 0.1, 0.1000004 ], "texture": "#0" },
				"south": { "uv": [ 0, 0, 0.1, 0.1000004 ], "texture": "#0" },
				"east": { "uv": [ 0, 0, 0.1, 0.1000004 ], "texture": "#0" }
			}
		},
		{
			"__comment": "Element",
			"from": [ 13.155, 10.44, 8.599999 ],
			"to": [ 14.475, 11.4, 9.199999 ],
			"rotation": { "origin": [ 13.155, 11.4, 8.6 ], "axis": "z", "angle": -45 },
			"faces": {
				"down": { "uv": [ 0, 0, 0.1, 0.1000004 ], "texture": "#0" },
				"up": { "uv": [ 0, 0, 0.1, 0.1000004 ], "texture": "#0" },
				"north": { "uv": [ 0, 0, 0.1, 0.1000004 ], "texture": "#0" },
				"south": { "uv": [ 0, 0, 0.1, 0.1000004 ], "texture": "#0" },
				"east": { "uv": [ 0, 0, 0.1, 0.1000004 ], "texture": "#0" }
			}
		},
		{
			"__comment": "Element",
			"from": [ 11.72, 3.84, 8.36 ],
			"to": [ 13.52, 7.68, 9.56 ],
			"rotation": { "origin": [ 11.72, 7.68, 8.36 ], "axis": "z", "angle": 22.5 },
			"faces": {
				"down": { "uv": [ 0, 0, 0.1, 0.1000004 ], "texture": "#3" },
				"north": { "uv": [ 0, 0, 0.1, 0.1000004 ], "texture": "#3" },
				"south": { "uv": [ 0, 0, 0.1, 0.1000004 ], "texture": "#3" },
				"west": { "uv": [ 0, 0, 0.1, 0.1000004 ], "texture": "#3" },
				"east": { "uv": [ 0, 0, 0.1, 0.1000004 ], "texture": "#3" }
			}
		},
		{
			"__comment": "Element",
			"from": [ -7.345, 9.365, 8.719999 ],
			"to": [ 8.615, 10.085, 9.199999 ],
			"faces": {
				"down": { "uv": [ 0, 0, 0.1, 0.1000004 ], "texture": "#-1" },
				"up": { "uv": [ 0, 0, 0.1, 0.1000004 ], "texture": "#-1" },
				"north": { "uv": [ 0, 0, 0.1, 0.1000004 ], "texture": "#-1" },
				"south": { "uv": [ 0, 0, 0.1, 0.1000004 ], "texture": "#-1" }
			}
		},
		{
			"__comment": "Element",
			"from": [ -8.785, 9.48, 8.599999 ],
			"to": [ -6.385, 10.08, 9.319999 ],
			"faces": {
				"down": { "uv": [ 0, 0, 0.1, 0.1000004 ], "texture": "#0" },
				"up": { "uv": [ 0, 0, 0.1, 0.1000004 ], "texture": "#0" },
				"north": { "uv": [ 0, 0, 0.1, 0.1000004 ], "texture": "#0" },
				"south": { "uv": [ 0, 0, 0.1, 0.1000004 ], "texture": "#0" },
				"west": { "uv": [ 0, 0, 0.1, 0.1000004 ], "texture": "#0" }
			}
		},
		{
			"__comment": "Element",
			"from": [ -6.575, 9.514999, 8.599999 ],
			"to": [ -5.615, 9.995001, 9.319999 ],
			"faces": {
				"down": { "uv": [ 0, 0, 0.1, 0.1000004 ], "texture": "#-1" },
				"north": { "uv": [ 0, 0, 0.1, 0.1000004 ], "texture": "#-1" },
				"south": { "uv": [ 0, 0, 0.1, 0.1000004 ], "texture": "#-1" },
				"west": { "uv": [ 0, 0, 0.1, 0.1000004 ], "texture": "#-1" },
				"east": { "uv": [ 0, 0, 0.1, 0.1000004 ], "texture": "#-1" }
			}
		},
		{
			"__comment": "Element",
			"from": [ -7.825, 9.599999, 8.84 ],
			"to": [ -6.505, 10.32, 9.08 ],
			"faces": {
				"up": { "uv": [ 0, 0, 0.1, 0.1000004 ], "texture": "#-1" },
				"north": { "uv": [ 0, 0, 0.1, 0.1000004 ], "texture": "#-1" },
				"south": { "uv": [ 0, 0, 0.1, 0.1000004 ], "texture": "#-1" },
				"east": { "uv": [ 0, 0, 0.1, 0.1000004 ], "texture": "#-1" }
			}
		},
		{
			"__comment": "Element",
			"from": [ -7.705, 11.3, 8.84 ],
			"to": [ -6.865, 11.78, 9.08 ],
			"faces": {
				"down": { "uv": [ 0, 0, 0.1, 0.1000004 ], "texture": "#-1" },
				"up": { "uv": [ 0, 0, 0.1, 0.1000004 ], "texture": "#-1" },
				"north": { "uv": [ 0, 0, 0.1, 0.1000004 ], "texture": "#-1" },
				"south": { "uv": [ 0, 0, 0.1, 0.1000004 ], "texture": "#-1" },
				"east": { "uv": [ 0, 0, 0.1, 0.1000004 ], "texture": "#-1" }
			}
		},
		{
			"__comment": "Element",
			"from": [ -7.825, 9.74, 8.84 ],
			"to": [ -7.585, 11.78, 9.08 ],
			"faces": {
				"north": { "uv": [ 0, 0, 0.1, 0.1000004 ], "texture": "#-1" },
				"south": { "uv": [ 0, 0, 0.1, 0.1000004 ], "texture": "#-1" },
				"west": { "uv": [ 0, 0, 0.1, 0.1000004 ], "texture": "#-1" },
				"east": { "uv": [ 0, 0, 0.1, 0.1000004 ], "texture": "#-1" }
			}
		},
		{
			"__comment": "Element",
			"from": [ -7.105, 9.62, 8.84 ],
			"to": [ -6.865, 11.66, 9.08 ],
			"rotation": { "origin": [ -7.105, 11.66, 8.84 ], "axis": "z", "angle": 22.5 },
			"faces": {
				"north": { "uv": [ 0, 0, 0.1, 0.1000004 ], "texture": "#-1" },
				"south": { "uv": [ 0, 0, 0.1, 0.1000004 ], "texture": "#-1" },
				"west": { "uv": [ 0, 0, 0.1, 0.1000004 ], "texture": "#-1" },
				"east": { "uv": [ 0, 0, 0.1, 0.1000004 ], "texture": "#-1" }
			}
		},
		{
			"__comment": "Element",
			"from": [ -7.585, 11.42, 8.719999 ],
			"to": [ -7.345, 11.66, 9.199999 ],
			"faces": {
				"down": { "uv": [ 0, 0, 0.1, 0.1000004 ], "texture": "#-1" },
				"up": { "uv": [ 0, 0, 0.1, 0.1000004 ], "texture": "#-1" },
				"north": { "uv": [ 0, 0, 0.1, 0.1000004 ], "texture": "#-1" },
				"south": { "uv": [ 0, 0, 0.1, 0.1000004 ], "texture": "#-1" },
				"west": { "uv": [ 0, 0, 0.1, 0.1000004 ], "texture": "#-1" },
				"east": { "uv": [ 0, 0, 0.1, 0.1000004 ], "texture": "#-1" }
			}
		},
		{
			"__comment": "Element",
			"from": [ -7.825, 11.78, 8.719999 ],
			"to": [ -6.985, 11.9, 9.199999 ],
			"faces": {
				"down": { "uv": [ 0, 0, 0.1, 0.1000004 ], "texture": "#-1" },
				"up": { "uv": [ 0, 0, 0.1, 0.1000004 ], "texture": "#-1" },
				"north": { "uv": [ 0, 0, 0.1, 0.1000004 ], "texture": "#-1" },
				"south": { "uv": [ 0, 0, 0.1, 0.1000004 ], "texture": "#-1" },
				"west": { "uv": [ 0, 0, 0.1, 0.1000004 ], "texture": "#-1" },
				"east": { "uv": [ 0, 0, 0.1, 0.1000004 ], "texture": "#-1" }
			}
		},
		{
			"__comment": "Element",
			"from": [ -7.825, 11.9, 9.2 ],
			"to": [ -6.985, 12.38, 9.32 ],
			"faces": {
				"down": { "uv": [ 0, 0, 0.1, 0.1000004 ], "texture": "#-1" },
				"up": { "uv": [ 0, 0, 0.1, 0.1000004 ], "texture": "#-1" },
				"north": { "uv": [ 0, 0, 0.1, 0.1000004 ], "texture": "#-1" },
				"south": { "uv": [ 0, 0, 0.1, 0.1000004 ], "texture": "#-1" },
				"west": { "uv": [ 0, 0, 0.1, 0.1000004 ], "texture": "#-1" },
				"east": { "uv": [ 0, 0, 0.1, 0.1000004 ], "texture": "#-1" }
			}
		},
		{
			"__comment": "Element",
			"from": [ -7.825, 11.9, 8.599999 ],
			"to": [ -6.985, 12.38, 8.719999 ],
			"faces": {
				"down": { "uv": [ 0, 0, 0.1, 0.1000004 ], "texture": "#-1" },
				"up": { "uv": [ 0, 0, 0.1, 0.1000004 ], "texture": "#-1" },
				"north": { "uv": [ 0, 0, 0.1, 0.1000004 ], "texture": "#-1" },
				"south": { "uv": [ 0, 0, 0.1, 0.1000004 ], "texture": "#-1" },
				"west": { "uv": [ 0, 0, 0.1, 0.1000004 ], "texture": "#-1" },
				"east": { "uv": [ 0, 0, 0.1, 0.1000004 ], "texture": "#-1" }
			}
		},
		{
			"__comment": "Element",
			"from": [ -7.825, 12.38, 8.719999 ],
			"to": [ -6.985, 12.5, 8.839999 ],
			"faces": {
				"down": { "uv": [ 0, 0, 0.1, 0.1000004 ], "texture": "#-1" },
				"up": { "uv": [ 0, 0, 0.1, 0.1000004 ], "texture": "#-1" },
				"north": { "uv": [ 0, 0, 0.1, 0.1000004 ], "texture": "#-1" },
				"south": { "uv": [ 0, 0, 0.1, 0.1000004 ], "texture": "#-1" },
				"west": { "uv": [ 0, 0, 0.1, 0.1000004 ], "texture": "#-1" },
				"east": { "uv": [ 0, 0, 0.1, 0.1000004 ], "texture": "#-1" }
			}
		},
		{
			"__comment": "Element",
			"from": [ -7.825, 12.38, 9.08 ],
			"to": [ -6.985, 12.5, 9.2 ],
			"faces": {
				"down": { "uv": [ 0, 0, 0.1, 0.1000004 ], "texture": "#-1" },
				"up": { "uv": [ 0, 0, 0.1, 0.1000004 ], "texture": "#-1" },
				"north": { "uv": [ 0, 0, 0.1, 0.1000004 ], "texture": "#-1" },
				"south": { "uv": [ 0, 0, 0.1, 0.1000004 ], "texture": "#-1" },
				"west": { "uv": [ 0, 0, 0.1, 0.1000004 ], "texture": "#-1" },
				"east": { "uv": [ 0, 0, 0.1, 0.1000004 ], "texture": "#-1" }
			}
		},
		{
			"__comment": "Element",
			"from": [ 9.32, 7.2432, 8.84 ],
			"to": [ 10.88, 7.3632, 9.08 ],
			"faces": {
				"down": { "uv": [ 0, 0, 0.1, 0.1000004 ], "texture": "#2" },
				"up": { "uv": [ 0, 0, 0.1, 0.1000004 ], "texture": "#2" },
				"north": { "uv": [ 0, 0, 0.1, 0.1000004 ], "texture": "#2" },
				"south": { "uv": [ 0, 0, 0.1, 0.1000004 ], "texture": "#2" },
				"west": { "uv": [ 0, 0, 0.1, 0.1000004 ], "texture": "#2" },
				"east": { "uv": [ 0, 0, 0.1, 0.1000004 ], "texture": "#2" }
			}
		},
		{
			"__comment": "Element",
			"from": [ 10.76, 7.2, 8.84 ],
			"to": [ 12.44, 7.32, 9.08 ],
			"rotation": { "origin": [ 10.76, 7.32, 8.84 ], "axis": "z", "angle": 45 },
			"faces": {
				"down": { "uv": [ 0, 0, 0.1, 0.1000004 ], "texture": "#2" },
				"up": { "uv": [ 0, 0, 0.1, 0.1000004 ], "texture": "#2" },
				"north": { "uv": [ 0, 0, 0.1, 0.1000004 ], "texture": "#2" },
				"south": { "uv": [ 0, 0, 0.1, 0.1000004 ], "texture": "#2" }
			}
		},
		{
			"__comment": "Element",
			"from": [ 8.599999, 7.2, 8.73 ],
			"to": [ 9.099999, 8.7, 9.23 ],
			"faces": {
				"down": { "uv": [ 0, 0, 0.1, 0.1000004 ], "texture": "#0" },
				"north": { "uv": [ 0, 0, 0.1, 0.1000004 ], "texture": "#0" },
				"south": { "uv": [ 0, 0, 0.1, 0.1000004 ], "texture": "#0" },
				"west": { "uv": [ 0, 0, 0.1, 0.1000004 ], "texture": "#0" },
				"east": { "uv": [ 0, 0, 0.1, 0.1000004 ], "texture": "#0" }
			}
		},
		{
			"__comment": "Element",
			"from": [ 8.48, 8.1408, 8.84 ],
			"to": [ 9.8, 8.260798, 9.08 ],
			"rotation": { "origin": [ 8.48, 8.26081, 8.84 ], "axis": "z", "angle": -45 },
			"faces": {
				"down": { "uv": [ 0, 0, 0.1, 0.1000004 ], "texture": "#2" },
				"up": { "uv": [ 0, 0, 0.1, 0.1000004 ], "texture": "#2" },
				"north": { "uv": [ 0, 0, 0.1, 0.1000004 ], "texture": "#2" },
				"south": { "uv": [ 0, 0, 0.1, 0.1000004 ], "texture": "#2" }
			}
		},
		{
			"__comment": "Element",
			"from": [ 11.12, 7.44, 8.84 ],
			"to": [ 11.36, 9.48, 9.08 ],
			"rotation": { "origin": [ 11.12, 9.48, 8.84 ], "axis": "z", "angle": -22.5 },
			"faces": {
				"down": { "uv": [ 0, 0, 0.1, 0.1000004 ], "texture": "#-1" },
				"north": { "uv": [ 0, 0, 0.1, 0.1000004 ], "texture": "#-1" },
				"south": { "uv": [ 0, 0, 0.1, 0.1000004 ], "texture": "#-1" },
				"west": { "uv": [ 0, 0, 0.1, 0.1000004 ], "texture": "#-1" },
				"east": { "uv": [ 0, 0, 0.1, 0.1000004 ], "texture": "#-1" }
			}
		},
		{
			"__comment": "Element",
			"from": [ 8.719999, 9.48, 9.675 ],
			"to": [ 11.84, 9.84, 9.795 ],
			"faces": {
				"down": { "uv": [ 0, 0, 0.1, 0.1000004 ], "texture": "#-1" },
				"up": { "uv": [ 0, 0, 0.1, 0.1000004 ], "texture": "#-1" },
				"south": { "uv": [ 0, 0, 0.1, 0.1000004 ], "texture": "#-1" },
				"east": { "uv": [ 0, 0, 0.1, 0.1000004 ], "texture": "#-1" }
			}
		},
		{
			"__comment": "Element",
			"from": [ 9.8, 9.12, 9.675 ],
			"to": [ 10.88, 9.48, 9.795 ],
			"faces": {
				"down": { "uv": [ 0, 0, 0.1, 0.1000004 ], "texture": "#-1" },
				"south": { "uv": [ 0, 0, 0.1, 0.1000004 ], "texture": "#-1" },
				"west": { "uv": [ 0, 0, 0.1, 0.1000004 ], "texture": "#-1" },
				"east": { "uv": [ 0, 0, 0.1, 0.1000004 ], "texture": "#-1" }
			}
		},
		{
			"__comment": "Element",
			"from": [ 8.719999, 9, 9.675 ],
			"to": [ 10.04, 9.24, 9.795 ],
			"rotation": { "origin": [ 8.72, 9.24, 9.675 ], "axis": "z", "angle": 22.5 },
			"faces": {
				"down": { "uv": [ 0, 0, 0.1, 0.1000004 ], "texture": "#-1" },
				"up": { "uv": [ 0, 0, 0.1, 0.1000004 ], "texture": "#-1" },
				"south": { "uv": [ 0, 0, 0.1, 0.1000004 ], "texture": "#-1" }
			}
		},
		{
			"__comment": "Element",
			"from": [ 8.719999, 9, 9.675 ],
			"to": [ 8.839999, 9.84, 9.795 ],
			"faces": {
				"down": { "uv": [ 0, 0, 0.1, 0.1000004 ], "texture": "#-1" },
				"south": { "uv": [ 0, 0, 0.1, 0.1000004 ], "texture": "#-1" },
				"west": { "uv": [ 0, 0, 0.1, 0.1000004 ], "texture": "#-1" },
				"east": { "uv": [ 0, 0, 0.1, 0.1000004 ], "texture": "#-1" }
			}
		},
		{
			"__comment": "Element",
			"from": [ 8.719999, 9.24, 9.675 ],
			"to": [ 9.319999, 9.6, 9.795 ],
			"faces": {
				"down": { "uv": [ 0, 0, 0.1, 0.1000004 ], "texture": "#-1" },
				"south": { "uv": [ 0, 0, 0.1, 0.1000004 ], "texture": "#-1" },
				"east": { "uv": [ 0, 0, 0.1, 0.1000004 ], "texture": "#-1" }
			}
		},
		{
			"__comment": "Element",
			"from": [ 9.8, 8.88, 9.675 ],
			"to": [ 10.88, 9, 9.795 ],
			"faces": {
				"down": { "uv": [ 0, 0, 0.1, 0.1000004 ], "texture": "#-1" },
				"up": { "uv": [ 0, 0, 0.1, 0.1000004 ], "texture": "#-1" },
				"south": { "uv": [ 0, 0, 0.1, 0.1000004 ], "texture": "#-1" },
				"west": { "uv": [ 0, 0, 0.1, 0.1000004 ], "texture": "#-1" },
				"east": { "uv": [ 0, 0, 0.1, 0.1000004 ], "texture": "#-1" }
			}
		},
		{
			"__comment": "Element",
			"from": [ 6.08, 9.96, 9.675 ],
			"to": [ 13.64, 10.08, 9.795 ],
			"faces": {
				"down": { "uv": [ 0, 0, 0.1, 0.1000004 ], "texture": "#-1" },
				"up": { "uv": [ 0, 0, 0.1, 0.1000004 ], "texture": "#-1" },
				"south": { "uv": [ 0, 0, 0.1, 0.1000004 ], "texture": "#-1" },
				"west": { "uv": [ 0, 0, 0.1, 0.1000004 ], "texture": "#-1" },
				"east": { "uv": [ 0, 0, 0.1, 0.1000004 ], "texture": "#-1" }
			}
		},
		{
			"__comment": "Element",
			"from": [ 6.08, 9.96, 8.125 ],
			"to": [ 13.64, 10.08, 8.245 ],
			"faces": {
				"down": { "uv": [ 0, 0, 0.1, 0.1000004 ], "texture": "#5" },
				"up": { "uv": [ 0, 0, 0.1, 0.1000004 ], "texture": "#5" },
				"north": { "uv": [ 0, 0, 0.1, 0.1000004 ], "texture": "#5" },
				"west": { "uv": [ 0, 0, 0.1, 0.1000004 ], "texture": "#5" },
				"east": { "uv": [ 0, 0, 0.1, 0.1000004 ], "texture": "#5" }
			}
		},
		{
			"__comment": "Element",
			"from": [ 13.395, 11.04, 8.719999 ],
			"to": [ 14.235, 11.28, 9.079999 ],
			"rotation": { "origin": [ 13.395, 11.28, 8.72 ], "axis": "z", "angle": -45 },
			"faces": {
				"down": { "uv": [ 0, 0, 0.1, 0.1000004 ], "texture": "#-1" },
				"up": { "uv": [ 0, 0, 0.1, 0.1000004 ], "texture": "#-1" },
				"north": { "uv": [ 0, 0, 0.1, 0.1000004 ], "texture": "#-1" },
				"south": { "uv": [ 0, 0, 0.1, 0.1000004 ], "texture": "#-1" },
				"west": { "uv": [ 0, 0, 0.1, 0.1000004 ], "texture": "#-1" },
				"east": { "uv": [ 0, 0, 0.1, 0.1000004 ], "texture": "#-1" }
			}
		},
		{
			"__comment": "Element",
			"from": [ 4.7912, 11.52, 8.36 ],
			"to": [ 5.031199, 11.76, 8.84 ],
			"faces": {
				"up": { "uv": [ 0, 0, 0.1, 0.1000004 ], "texture": "#-1" },
				"north": { "uv": [ 0, 0, 0.1, 0.1000004 ], "texture": "#-1" },
				"west": { "uv": [ 0, 0, 0.1, 0.1000004 ], "texture": "#-1" },
				"east": { "uv": [ 0, 0, 0.1, 0.1000004 ], "texture": "#-1" }
			}
		},
		{
			"__comment": "Element",
			"from": [ 5.3, 11.4992, 9.08 ],
			"to": [ 5.539999, 11.6192, 9.44 ],
			"rotation": { "origin": [ 5.3, 11.6192, 9.08 ], "axis": "z", "angle": 45 },
			"faces": {
				"down": { "uv": [ 0, 0, 0.1, 0.1000004 ], "texture": "#-1" },
				"up": { "uv": [ 0, 0, 0.1, 0.1000004 ], "texture": "#-1" },
				"north": { "uv": [ 0, 0, 0.1, 0.1000004 ], "texture": "#-1" },
				"south": { "uv": [ 0, 0, 0.1, 0.1000004 ], "texture": "#-1" }
			}
		},
		{
			"__comment": "Element",
			"from": [ 4.7912, 11.52, 9.08 ],
			"to": [ 5.031199, 11.76, 9.56 ],
			"faces": {
				"up": { "uv": [ 0, 0, 0.1, 0.1000004 ], "texture": "#-1" },
				"south": { "uv": [ 0, 0, 0.1, 0.1000004 ], "texture": "#-1" },
				"west": { "uv": [ 0, 0, 0.1, 0.1000004 ], "texture": "#-1" },
				"east": { "uv": [ 0, 0, 0.1, 0.1000004 ], "texture": "#-1" }
			}
		},
		{
			"__comment": "Element",
			"from": [ 2.6312, 11.52, 9.08 ],
			"to": [ 2.8712, 11.76, 9.56 ],
			"faces": {
				"up": { "uv": [ 0, 0, 0.1, 0.1000004 ], "texture": "#-1" },
				"south": { "uv": [ 0, 0, 0.1, 0.1000004 ], "texture": "#-1" },
				"west": { "uv": [ 0, 0, 0.1, 0.1000004 ], "texture": "#-1" },
				"east": { "uv": [ 0, 0, 0.1, 0.1000004 ], "texture": "#-1" }
			}
		},
		{
			"__comment": "Element",
			"from": [ 2.6312, 11.52, 8.36 ],
			"to": [ 2.8712, 11.76, 8.84 ],
			"faces": {
				"up": { "uv": [ 0, 0, 0.1, 0.1000004 ], "texture": "#-1" },
				"north": { "uv": [ 0, 0, 0.1, 0.1000004 ], "texture": "#-1" },
				"west": { "uv": [ 0, 0, 0.1, 0.1000004 ], "texture": "#-1" },
				"east": { "uv": [ 0, 0, 0.1, 0.1000004 ], "texture": "#-1" }
			}
		},
		{
			"__comment": "Element",
			"from": [ 2.5112, 11.5728, 8.48 ],
			"to": [ 5.3912, 11.6928, 9.44 ],
			"faces": {
				"up": { "uv": [ 0, 0, 0.1, 0.1000004 ], "texture": "#-1" },
				"north": { "uv": [ 0, 0, 0.1, 0.1000004 ], "texture": "#-1" },
				"south": { "uv": [ 0, 0, 0.1, 0.1000004 ], "texture": "#-1" },
				"west": { "uv": [ 0, 0, 0.1, 0.1000004 ], "texture": "#-1" },
				"east": { "uv": [ 0, 0, 0.1, 0.1000004 ], "texture": "#-1" }
			}
		},
		{
			"__comment": "Element",
			"from": [ 5.3, 11.4992, 8.48 ],
			"to": [ 5.539999, 11.6192, 8.84 ],
			"rotation": { "origin": [ 5.3, 11.6192, 8.48 ], "axis": "z", "angle": 45 },
			"faces": {
				"down": { "uv": [ 0, 0, 0.1, 0.1000004 ], "texture": "#-1" },
				"up": { "uv": [ 0, 0, 0.1, 0.1000004 ], "texture": "#-1" },
				"north": { "uv": [ 0, 0, 0.1, 0.1000004 ], "texture": "#-1" },
				"south": { "uv": [ 0, 0, 0.1, 0.1000004 ], "texture": "#-1" }
			}
		},
		{
			"__comment": "Element",
			"from": [ 5.5, 11.4, 8.599999 ],
			"to": [ 13, 11.6, 9.299999 ],
			"faces": {
				"down": { "uv": [ 0, 0, 0.1, 0.1000004 ], "texture": "#1" },
				"north": { "uv": [ 0, 0, 0.1, 0.1000004 ], "texture": "#1" },
				"south": { "uv": [ 0, 0, 0.1, 0.1000004 ], "texture": "#1" },
				"east": { "uv": [ 0, 0, 0.1, 0.1000004 ], "texture": "#1" }
			}
		},
		{
			"__comment": "Element",
			"from": [ 5.625, 11.5, 8.425 ],
			"to": [ 13.125, 11.7, 9.425 ],
			"faces": {
				"down": { "uv": [ 0, 0, 0.1, 0.1000004 ], "texture": "#3" },
				"up": { "uv": [ 0, 0, 0.1, 0.1000004 ], "texture": "#3" },
				"north": { "uv": [ 0, 0, 0.1, 0.1000004 ], "texture": "#3" },
				"south": { "uv": [ 0, 0, 0.1, 0.1000004 ], "texture": "#3" },
				"west": { "uv": [ 0, 0, 0.1, 0.1000004 ], "texture": "#3" },
				"east": { "uv": [ 0, 0, 0.1, 0.1000004 ], "texture": "#3" }
			}
		},
		{
			"__comment": "Element",
			"from": [ 6, 10.5, 7.5 ],
			"to": [ 6.5, 11, 8.5 ],
			"faces": {
				"down": { "uv": [ 0, 0, 0.1, 0.1000004 ], "texture": "#1" },
				"up": { "uv": [ 0, 0, 0.1, 0.1000004 ], "texture": "#1" },
				"north": { "uv": [ 0, 0, 0.1, 0.1000004 ], "texture": "#1" },
				"west": { "uv": [ 0, 0, 0.1, 0.1000004 ], "texture": "#1" },
				"east": { "uv": [ 0, 0, 0.1, 0.1000004 ], "texture": "#1" }
			}
		},
		{
			"__comment": "Box137",
			"from": [ 12.625, 11.71, 9.3 ],
			"to": [ 13.025, 11.91, 9.500001 ],
			"rotation": { "origin": [ 12.625, 11.71, 9.3 ], "axis": "x", "angle": 45 },
			"faces": {
				"up": { "uv": [ 8.5, 14.875, 8.9, 15.075 ], "texture": "#3" },
				"south": { "uv": [ 8.5, 8.55, 8.9, 8.75 ], "texture": "#3" },
				"west": { "uv": [ 14.875, 8.55, 15.075, 8.75 ], "texture": "#3" },
				"east": { "uv": [ 0.9249992, 8.55, 1.125, 8.75 ], "texture": "#3" }
			}
		},
		{
			"__comment": "Box137",
			"from": [ 12.625, 11.71, 8.2905 ],
			"to": [ 13.025, 11.91, 8.490499 ],
			"rotation": { "origin": [ 12.625, 11.71, 8.290501 ], "axis": "x", "angle": 45 },
			"faces": {
				"down": { "uv": [ 8.5, 0.9250002, 8.9, 1.125 ], "texture": "#3" },
				"north": { "uv": [ 7.1, 8.55, 7.5, 8.75 ], "texture": "#3" },
				"west": { "uv": [ 14.875, 8.55, 15.075, 8.75 ], "texture": "#3" },
				"east": { "uv": [ 0.9249992, 8.55, 1.125, 8.75 ], "texture": "#3" }
			}
		},
		{
			"__comment": "Box136",
			"from": [ 12.625, 11.555, 8.4355 ],
			"to": [ 13.025, 11.855, 9.4355 ],
			"faces": {
				"up": { "uv": [ 2.5, 8.1355, 2.9, 9.1355 ], "texture": "#3" },
				"north": { "uv": [ 13.1, 8.48, 13.5, 8.780001 ], "texture": "#3" },
				"south": { "uv": [ 2.5, 8.48, 2.9, 8.780001 ], "texture": "#3" },
				"west": { "uv": [ 8.1355, 8.48, 9.1355, 8.780001 ], "texture": "#3" }
			}
		},
		{
			"__comment": "Box137",
			"from": [ 12, 11.71, 9.3 ],
			"to": [ 12.4, 11.91, 9.500001 ],
			"rotation": { "origin": [ 12, 11.71, 9.3 ], "axis": "x", "angle": 45 },
			"faces": {
				"up": { "uv": [ 8.5, 14.875, 8.9, 15.075 ], "texture": "#3" },
				"south": { "uv": [ 8.5, 8.55, 8.9, 8.75 ], "texture": "#3" },
				"west": { "uv": [ 14.875, 8.55, 15.075, 8.75 ], "texture": "#3" },
				"east": { "uv": [ 0.9249992, 8.55, 1.125, 8.75 ], "texture": "#3" }
			}
		},
		{
			"__comment": "Box137",
			"from": [ 12, 11.71, 8.2905 ],
			"to": [ 12.4, 11.91, 8.490499 ],
			"rotation": { "origin": [ 12, 11.71, 8.290501 ], "axis": "x", "angle": 45 },
			"faces": {
				"down": { "uv": [ 8.5, 0.9250002, 8.9, 1.125 ], "texture": "#3" },
				"north": { "uv": [ 7.1, 8.55, 7.5, 8.75 ], "texture": "#3" },
				"west": { "uv": [ 14.875, 8.55, 15.075, 8.75 ], "texture": "#3" },
				"east": { "uv": [ 0.9249992, 8.55, 1.125, 8.75 ], "texture": "#3" }
			}
		},
		{
			"__comment": "Box136",
			"from": [ 12, 11.555, 8.4355 ],
			"to": [ 12.4, 11.855, 9.4355 ],
			"faces": {
				"up": { "uv": [ 1.875, 8.1355, 2.275, 9.1355 ], "texture": "#3" },
				"north": { "uv": [ 13.725, 8.48, 14.125, 8.780001 ], "texture": "#3" },
				"south": { "uv": [ 1.875, 8.48, 2.275, 8.780001 ], "texture": "#3" },
				"west": { "uv": [ 8.1355, 8.48, 9.1355, 8.780001 ], "texture": "#3" },
				"east": { "uv": [ 6.8645, 8.48, 7.8645, 8.780001 ], "texture": "#3" }
			}
		},
		{
			"__comment": "Box137",
			"from": [ 11.375, 11.71, 9.3 ],
			"to": [ 11.775, 11.91, 9.500001 ],
			"rotation": { "origin": [ 11.375, 11.71, 9.3 ], "axis": "x", "angle": 45 },
			"faces": {
				"up": { "uv": [ 8.5, 14.875, 8.9, 15.075 ], "texture": "#3" },
				"south": { "uv": [ 8.5, 8.55, 8.9, 8.75 ], "texture": "#3" },
				"west": { "uv": [ 14.875, 8.55, 15.075, 8.75 ], "texture": "#3" },
				"east": { "uv": [ 0.9249992, 8.55, 1.125, 8.75 ], "texture": "#3" }
			}
		},
		{
			"__comment": "Box137",
			"from": [ 11.375, 11.71, 8.2905 ],
			"to": [ 11.775, 11.91, 8.490499 ],
			"rotation": { "origin": [ 11.375, 11.71, 8.290501 ], "axis": "x", "angle": 45 },
			"faces": {
				"down": { "uv": [ 8.5, 0.9250002, 8.9, 1.125 ], "texture": "#3" },
				"north": { "uv": [ 7.1, 8.55, 7.5, 8.75 ], "texture": "#3" },
				"west": { "uv": [ 14.875, 8.55, 15.075, 8.75 ], "texture": "#3" },
				"east": { "uv": [ 0.9249992, 8.55, 1.125, 8.75 ], "texture": "#3" }
			}
		},
		{
			"__comment": "Box136",
			"from": [ 11.375, 11.555, 8.4355 ],
			"to": [ 11.775, 11.855, 9.4355 ],
			"faces": {
				"up": { "uv": [ 1.25, 8.1355, 1.65, 9.1355 ], "texture": "#3" },
				"north": { "uv": [ 14.35, 8.48, 14.75, 8.780001 ], "texture": "#3" },
				"south": { "uv": [ 1.25, 8.48, 1.65, 8.780001 ], "texture": "#3" },
				"west": { "uv": [ 8.1355, 8.48, 9.1355, 8.780001 ], "texture": "#3" },
				"east": { "uv": [ 6.8645, 8.48, 7.8645, 8.780001 ], "texture": "#3" }
			}
		},
		{
			"__comment": "Box137",
			"from": [ 10.75, 11.71, 9.3 ],
			"to": [ 11.15, 11.91, 9.500001 ],
			"rotation": { "origin": [ 10.75, 11.71, 9.3 ], "axis": "x", "angle": 45 },
			"faces": {
				"up": { "uv": [ 8.5, 14.875, 8.9, 15.075 ], "texture": "#3" },
				"south": { "uv": [ 8.5, 8.55, 8.9, 8.75 ], "texture": "#3" },
				"west": { "uv": [ 14.875, 8.55, 15.075, 8.75 ], "texture": "#3" },
				"east": { "uv": [ 0.9249992, 8.55, 1.125, 8.75 ], "texture": "#3" }
			}
		},
		{
			"__comment": "Box137",
			"from": [ 10.75, 11.71, 8.2905 ],
			"to": [ 11.15, 11.91, 8.490499 ],
			"rotation": { "origin": [ 10.75, 11.71, 8.290501 ], "axis": "x", "angle": 45 },
			"faces": {
				"down": { "uv": [ 8.5, 0.9250002, 8.9, 1.125 ], "texture": "#3" },
				"north": { "uv": [ 7.1, 8.55, 7.5, 8.75 ], "texture": "#3" },
				"west": { "uv": [ 14.875, 8.55, 15.075, 8.75 ], "texture": "#3" },
				"east": { "uv": [ 0.9249992, 8.55, 1.125, 8.75 ], "texture": "#3" }
			}
		},
		{
			"__comment": "Box136",
			"from": [ 10.75, 11.555, 8.4355 ],
			"to": [ 11.15, 11.855, 9.4355 ],
			"faces": {
				"up": { "uv": [ 0.625, 8.1355, 1.025, 9.1355 ], "texture": "#3" },
				"north": { "uv": [ 14.975, 8.48, 15.375, 8.780001 ], "texture": "#3" },
				"south": { "uv": [ 0.625, 8.48, 1.025, 8.780001 ], "texture": "#3" },
				"west": { "uv": [ 8.1355, 8.48, 9.1355, 8.780001 ], "texture": "#3" },
				"east": { "uv": [ 6.8645, 8.48, 7.8645, 8.780001 ], "texture": "#3" }
			}
		},
		{
			"__comment": "Box137",
			"from": [ 10.125, 11.71, 9.3 ],
			"to": [ 10.525, 11.91, 9.500001 ],
			"rotation": { "origin": [ 10.125, 11.71, 9.3 ], "axis": "x", "angle": 45 },
			"faces": {
				"up": { "uv": [ 8.5, 14.875, 8.9, 15.075 ], "texture": "#3" },
				"south": { "uv": [ 8.5, 8.55, 8.9, 8.75 ], "texture": "#3" },
				"west": { "uv": [ 14.875, 8.55, 15.075, 8.75 ], "texture": "#3" },
				"east": { "uv": [ 0.9249992, 8.55, 1.125, 8.75 ], "texture": "#3" }
			}
		},
		{
			"__comment": "Box137",
			"from": [ 10.125, 11.71, 8.2905 ],
			"to": [ 10.525, 11.91, 8.490499 ],
			"rotation": { "origin": [ 10.125, 11.71, 8.290501 ], "axis": "x", "angle": 45 },
			"faces": {
				"down": { "uv": [ 8.5, 0.9250002, 8.9, 1.125 ], "texture": "#3" },
				"north": { "uv": [ 7.1, 8.55, 7.5, 8.75 ], "texture": "#3" },
				"west": { "uv": [ 14.875, 8.55, 15.075, 8.75 ], "texture": "#3" },
				"east": { "uv": [ 0.9249992, 8.55, 1.125, 8.75 ], "texture": "#3" }
			}
		},
		{
			"__comment": "Box136",
			"from": [ 10.125, 11.555, 8.4355 ],
			"to": [ 10.525, 11.855, 9.4355 ],
			"faces": {
				"up": { "uv": [ 0, 8.1355, 0.4, 9.1355 ], "texture": "#3" },
				"north": { "uv": [ 15.6, 8.48, 16, 8.780001 ], "texture": "#3" },
				"south": { "uv": [ 0, 8.48, 0.4, 8.780001 ], "texture": "#3" },
				"west": { "uv": [ 8.1355, 8.48, 9.1355, 8.780001 ], "texture": "#3" },
				"east": { "uv": [ 6.8645, 8.48, 7.8645, 8.780001 ], "texture": "#3" }
			}
		},
		{
			"__comment": "Box137",
			"from": [ 9.5, 11.71, 9.3 ],
			"to": [ 9.9, 11.91, 9.500001 ],
			"rotation": { "origin": [ 9.5, 11.71, 9.3 ], "axis": "x", "angle": 45 },
			"faces": {
				"up": { "uv": [ 8.5, 14.875, 8.9, 15.075 ], "texture": "#3" },
				"south": { "uv": [ 8.5, 8.55, 8.9, 8.75 ], "texture": "#3" },
				"west": { "uv": [ 14.875, 8.55, 15.075, 8.75 ], "texture": "#3" },
				"east": { "uv": [ 0.9249992, 8.55, 1.125, 8.75 ], "texture": "#3" }
			}
		},
		{
			"__comment": "Box137",
			"from": [ 9.5, 11.71, 8.2905 ],
			"to": [ 9.9, 11.91, 8.490499 ],
			"rotation": { "origin": [ 9.5, 11.71, 8.290501 ], "axis": "x", "angle": 45 },
			"faces": {
				"down": { "uv": [ 8.5, 0.9250002, 8.9, 1.125 ], "texture": "#3" },
				"north": { "uv": [ 7.1, 8.55, 7.5, 8.75 ], "texture": "#3" },
				"west": { "uv": [ 14.875, 8.55, 15.075, 8.75 ], "texture": "#3" },
				"east": { "uv": [ 0.9249992, 8.55, 1.125, 8.75 ], "texture": "#3" }
			}
		},
		{
			"__comment": "Box136",
			"from": [ 9.5, 11.555, 8.4355 ],
			"to": [ 9.9, 11.855, 9.4355 ],
			"faces": {
				"up": { "uv": [ 15.375, 8.1355, 15.775, 9.1355 ], "texture": "#3" },
				"north": { "uv": [ 0.2250004, 8.48, 0.625, 8.780001 ], "texture": "#3" },
				"south": { "uv": [ 15.375, 8.48, 15.775, 8.780001 ], "texture": "#3" },
				"west": { "uv": [ 8.1355, 8.48, 9.1355, 8.780001 ], "texture": "#3" },
				"east": { "uv": [ 6.8645, 8.48, 7.8645, 8.780001 ], "texture": "#3" }
			}
		},
		{
			"__comment": "Box137",
			"from": [ 8.875, 11.71, 9.3 ],
			"to": [ 9.275, 11.91, 9.500001 ],
			"rotation": { "origin": [ 8.875, 11.71, 9.3 ], "axis": "x", "angle": 45 },
			"faces": {
				"up": { "uv": [ 8.5, 14.875, 8.9, 15.075 ], "texture": "#3" },
				"south": { "uv": [ 8.5, 8.55, 8.9, 8.75 ], "texture": "#3" },
				"west": { "uv": [ 14.875, 8.55, 15.075, 8.75 ], "texture": "#3" },
				"east": { "uv": [ 0.9249992, 8.55, 1.125, 8.75 ], "texture": "#3" }
			}
		},
		{
			"__comment": "Box137",
			"from": [ 8.875, 11.71, 8.2905 ],
			"to": [ 9.275, 11.91, 8.490499 ],
			"rotation": { "origin": [ 8.875, 11.71, 8.290501 ], "axis": "x", "angle": 45 },
			"faces": {
				"down": { "uv": [ 8.5, 0.9250002, 8.9, 1.125 ], "texture": "#3" },
				"north": { "uv": [ 7.1, 8.55, 7.5, 8.75 ], "texture": "#3" },
				"west": { "uv": [ 14.875, 8.55, 15.075, 8.75 ], "texture": "#3" },
				"east": { "uv": [ 0.9249992, 8.55, 1.125, 8.75 ], "texture": "#3" }
			}
		},
		{
			"__comment": "Box136",
			"from": [ 8.875, 11.555, 8.4355 ],
			"to": [ 9.275, 11.855, 9.4355 ],
			"faces": {
				"up": { "uv": [ 14.75, 8.1355, 15.15, 9.1355 ], "texture": "#3" },
				"north": { "uv": [ 0.8500004, 8.48, 1.25, 8.780001 ], "texture": "#3" },
				"south": { "uv": [ 14.75, 8.48, 15.15, 8.780001 ], "texture": "#3" },
				"west": { "uv": [ 8.1355, 8.48, 9.1355, 8.780001 ], "texture": "#3" },
				"east": { "uv": [ 6.8645, 8.48, 7.8645, 8.780001 ], "texture": "#3" }
			}
		},
		{
			"__comment": "Box137",
			"from": [ 8.25, 11.71, 9.3 ],
			"to": [ 8.65, 11.91, 9.500001 ],
			"rotation": { "origin": [ 8.25, 11.71, 9.3 ], "axis": "x", "angle": 45 },
			"faces": {
				"up": { "uv": [ 8.5, 14.875, 8.9, 15.075 ], "texture": "#3" },
				"south": { "uv": [ 8.5, 8.55, 8.9, 8.75 ], "texture": "#3" },
				"west": { "uv": [ 14.875, 8.55, 15.075, 8.75 ], "texture": "#3" },
				"east": { "uv": [ 0.9249992, 8.55, 1.125, 8.75 ], "texture": "#3" }
			}
		},
		{
			"__comment": "Box137",
			"from": [ 8.25, 11.71, 8.2905 ],
			"to": [ 8.65, 11.91, 8.490499 ],
			"rotation": { "origin": [ 8.25, 11.71, 8.290501 ], "axis": "x", "angle": 45 },
			"faces": {
				"down": { "uv": [ 8.5, 0.9250002, 8.9, 1.125 ], "texture": "#3" },
				"north": { "uv": [ 7.1, 8.55, 7.5, 8.75 ], "texture": "#3" },
				"west": { "uv": [ 14.875, 8.55, 15.075, 8.75 ], "texture": "#3" },
				"east": { "uv": [ 0.9249992, 8.55, 1.125, 8.75 ], "texture": "#3" }
			}
		},
		{
			"__comment": "Box136",
			"from": [ 8.25, 11.555, 8.4355 ],
			"to": [ 8.65, 11.855, 9.4355 ],
			"faces": {
				"up": { "uv": [ 14.125, 8.1355, 14.525, 9.1355 ], "texture": "#3" },
				"north": { "uv": [ 1.475, 8.48, 1.875, 8.780001 ], "texture": "#3" },
				"south": { "uv": [ 14.125, 8.48, 14.525, 8.780001 ], "texture": "#3" },
				"west": { "uv": [ 8.1355, 8.48, 9.1355, 8.780001 ], "texture": "#3" },
				"east": { "uv": [ 6.8645, 8.48, 7.8645, 8.780001 ], "texture": "#3" }
			}
		},
		{
			"__comment": "Box137",
			"from": [ 7.625, 11.71, 9.3 ],
			"to": [ 8.025, 11.91, 9.500001 ],
			"rotation": { "origin": [ 7.625, 11.71, 9.3 ], "axis": "x", "angle": 45 },
			"faces": {
				"up": { "uv": [ 8.5, 14.875, 8.9, 15.075 ], "texture": "#3" },
				"south": { "uv": [ 8.5, 8.55, 8.9, 8.75 ], "texture": "#3" },
				"west": { "uv": [ 14.875, 8.55, 15.075, 8.75 ], "texture": "#3" },
				"east": { "uv": [ 0.9249992, 8.55, 1.125, 8.75 ], "texture": "#3" }
			}
		},
		{
			"__comment": "Box137",
			"from": [ 7.625, 11.71, 8.2905 ],
			"to": [ 8.025, 11.91, 8.490499 ],
			"rotation": { "origin": [ 7.625, 11.71, 8.290501 ], "axis": "x", "angle": 45 },
			"faces": {
				"down": { "uv": [ 8.5, 0.9250002, 8.9, 1.125 ], "texture": "#3" },
				"north": { "uv": [ 7.1, 8.55, 7.5, 8.75 ], "texture": "#3" },
				"west": { "uv": [ 14.875, 8.55, 15.075, 8.75 ], "texture": "#3" },
				"east": { "uv": [ 0.9249992, 8.55, 1.125, 8.75 ], "texture": "#3" }
			}
		},
		{
			"__comment": "Box136",
			"from": [ 7.625, 11.555, 8.4355 ],
			"to": [ 8.025, 11.855, 9.4355 ],
			"faces": {
				"up": { "uv": [ 13.5, 8.1355, 13.9, 9.1355 ], "texture": "#3" },
				"north": { "uv": [ 2.1, 8.48, 2.5, 8.780001 ], "texture": "#3" },
				"south": { "uv": [ 13.5, 8.48, 13.9, 8.780001 ], "texture": "#3" },
				"west": { "uv": [ 8.1355, 8.48, 9.1355, 8.780001 ], "texture": "#3" },
				"east": { "uv": [ 6.8645, 8.48, 7.8645, 8.780001 ], "texture": "#3" }
			}
		},
		{
			"__comment": "Box137",
			"from": [ 7, 11.71, 9.3 ],
			"to": [ 7.4, 11.91, 9.500001 ],
			"rotation": { "origin": [ 7, 11.71, 9.3 ], "axis": "x", "angle": 45 },
			"faces": {
				"up": { "uv": [ 8.5, 14.875, 8.9, 15.075 ], "texture": "#3" },
				"south": { "uv": [ 8.5, 8.55, 8.9, 8.75 ], "texture": "#3" },
				"west": { "uv": [ 14.875, 8.55, 15.075, 8.75 ], "texture": "#3" },
				"east": { "uv": [ 0.9249992, 8.55, 1.125, 8.75 ], "texture": "#3" }
			}
		},
		{
			"__comment": "Box137",
			"from": [ 7, 11.71, 8.2905 ],
			"to": [ 7.4, 11.91, 8.490499 ],
			"rotation": { "origin": [ 7, 11.71, 8.290501 ], "axis": "x", "angle": 45 },
			"faces": {
				"down": { "uv": [ 8.5, 0.9250002, 8.9, 1.125 ], "texture": "#3" },
				"north": { "uv": [ 7.1, 8.55, 7.5, 8.75 ], "texture": "#3" },
				"west": { "uv": [ 14.875, 8.55, 15.075, 8.75 ], "texture": "#3" },
				"east": { "uv": [ 0.9249992, 8.55, 1.125, 8.75 ], "texture": "#3" }
			}
		},
		{
			"__comment": "Box136",
			"from": [ 7, 11.555, 8.4355 ],
			"to": [ 7.4, 11.855, 9.4355 ],
			"faces": {
				"up": { "uv": [ 12.875, 8.1355, 13.275, 9.1355 ], "texture": "#3" },
				"north": { "uv": [ 2.725, 8.48, 3.125, 8.780001 ], "texture": "#3" },
				"south": { "uv": [ 12.875, 8.48, 13.275, 8.780001 ], "texture": "#3" },
				"west": { "uv": [ 8.1355, 8.48, 9.1355, 8.780001 ], "texture": "#3" },
				"east": { "uv": [ 6.8645, 8.48, 7.8645, 8.780001 ], "texture": "#3" }
			}
		},
		{
			"__comment": "Box137",
			"from": [ 6.375, 11.71, 9.3 ],
			"to": [ 6.775, 11.91, 9.500001 ],
			"rotation": { "origin": [ 6.375, 11.71, 9.3 ], "axis": "x", "angle": 45 },
			"faces": {
				"up": { "uv": [ 8.5, 14.875, 8.9, 15.075 ], "texture": "#3" },
				"south": { "uv": [ 8.5, 8.55, 8.9, 8.75 ], "texture": "#3" },
				"west": { "uv": [ 14.875, 8.55, 15.075, 8.75 ], "texture": "#3" },
				"east": { "uv": [ 0.9249992, 8.55, 1.125, 8.75 ], "texture": "#3" }
			}
		},
		{
			"__comment": "Box137",
			"from": [ 6.375, 11.71, 8.2905 ],
			"to": [ 6.775, 11.91, 8.490499 ],
			"rotation": { "origin": [ 6.375, 11.71, 8.290501 ], "axis": "x", "angle": 45 },
			"faces": {
				"down": { "uv": [ 8.5, 0.9250002, 8.9, 1.125 ], "texture": "#3" },
				"north": { "uv": [ 7.1, 8.55, 7.5, 8.75 ], "texture": "#3" },
				"west": { "uv": [ 14.875, 8.55, 15.075, 8.75 ], "texture": "#3" },
				"east": { "uv": [ 0.9249992, 8.55, 1.125, 8.75 ], "texture": "#3" }
			}
		},
		{
			"__comment": "Box136",
			"from": [ 6.375, 11.555, 8.4355 ],
			"to": [ 6.775, 11.855, 9.4355 ],
			"faces": {
				"up": { "uv": [ 12.25, 8.1355, 12.65, 9.1355 ], "texture": "#3" },
				"north": { "uv": [ 3.35, 8.48, 3.75, 8.780001 ], "texture": "#3" },
				"south": { "uv": [ 12.25, 8.48, 12.65, 8.780001 ], "texture": "#3" },
				"west": { "uv": [ 8.1355, 8.48, 9.1355, 8.780001 ], "texture": "#3" },
				"east": { "uv": [ 6.8645, 8.48, 7.8645, 8.780001 ], "texture": "#3" }
			}
		},
		{
			"__comment": "Box137",
			"from": [ 5.625, 11.71, 9.3 ],
			"to": [ 6.025, 11.91, 9.500001 ],
			"rotation": { "origin": [ 5.625, 11.71, 9.3 ], "axis": "x", "angle": 45 },
			"faces": {
				"up": { "uv": [ 8.5, 14.875, 8.9, 15.075 ], "texture": "#3" },
				"south": { "uv": [ 8.5, 8.55, 8.9, 8.75 ], "texture": "#3" },
				"west": { "uv": [ 14.875, 8.55, 15.075, 8.75 ], "texture": "#3" },
				"east": { "uv": [ 0.9249992, 8.55, 1.125, 8.75 ], "texture": "#3" }
			}
		},
		{
			"__comment": "Box137",
			"from": [ 5.625, 11.71, 8.2905 ],
			"to": [ 6.025, 11.91, 8.490499 ],
			"rotation": { "origin": [ 5.625, 11.71, 8.290501 ], "axis": "x", "angle": 45 },
			"faces": {
				"down": { "uv": [ 8.5, 0.9250002, 8.9, 1.125 ], "texture": "#3" },
				"north": { "uv": [ 7.1, 8.55, 7.5, 8.75 ], "texture": "#3" },
				"west": { "uv": [ 14.875, 8.55, 15.075, 8.75 ], "texture": "#3" },
				"east": { "uv": [ 0.9249992, 8.55, 1.125, 8.75 ], "texture": "#3" }
			}
		},
		{
			"__comment": "Box136",
			"from": [ 5.625, 11.555, 8.4355 ],
			"to": [ 6.025, 11.855, 9.4355 ],
			"faces": {
				"up": { "uv": [ 11.5, 8.1355, 11.9, 9.1355 ], "texture": "#3" },
				"north": { "uv": [ 4.1, 8.48, 4.5, 8.780001 ], "texture": "#3" },
				"south": { "uv": [ 11.5, 8.48, 11.9, 8.780001 ], "texture": "#3" },
				"west": { "uv": [ 8.1355, 8.48, 9.1355, 8.780001 ], "texture": "#3" },
				"east": { "uv": [ 6.8645, 8.48, 7.8645, 8.780001 ], "texture": "#3" }
			}
		},
		{
			"__comment": "Box137",
			"from": [ 12.875, 11.71, 9.3 ],
			"to": [ 13.275, 11.91, 9.500001 ],
			"rotation": { "origin": [ 12.875, 11.71, 9.3 ], "axis": "x", "angle": 45 },
			"faces": {
				"up": { "uv": [ 8.5, 14.875, 8.9, 15.075 ], "texture": "#3" },
				"south": { "uv": [ 8.5, 8.55, 8.9, 8.75 ], "texture": "#3" },
				"west": { "uv": [ 14.875, 8.55, 15.075, 8.75 ], "texture": "#3" },
				"east": { "uv": [ 0.9249992, 8.55, 1.125, 8.75 ], "texture": "#3" }
			}
		},
		{
			"__comment": "Box137",
			"from": [ 12.875, 11.71, 8.2905 ],
			"to": [ 13.275, 11.91, 8.490499 ],
			"rotation": { "origin": [ 12.875, 11.71, 8.290501 ], "axis": "x", "angle": 45 },
			"faces": {
				"down": { "uv": [ 8.5, 0.9250002, 8.9, 1.125 ], "texture": "#3" },
				"north": { "uv": [ 7.1, 8.55, 7.5, 8.75 ], "texture": "#3" },
				"west": { "uv": [ 14.875, 8.55, 15.075, 8.75 ], "texture": "#3" },
				"east": { "uv": [ 0.9249992, 8.55, 1.125, 8.75 ], "texture": "#3" }
			}
		},
		{
			"__comment": "Box136",
			"from": [ 12.875, 11.555, 8.4355 ],
			"to": [ 13.275, 11.855, 9.4355 ],
			"faces": {
				"up": { "uv": [ 2.75, 8.1355, 3.15, 9.1355 ], "texture": "#3" },
				"north": { "uv": [ 12.85, 8.48, 13.25, 8.780001 ], "texture": "#3" },
				"south": { "uv": [ 2.75, 8.48, 3.15, 8.780001 ], "texture": "#3" }
			}
		},
		{
			"__comment": "Box136",
			"from": [ 12.875, 11.555, 8.425 ],
			"to": [ 13.275, 11.855, 9.425 ],
			"faces": {
				"up": { "uv": [ 1.875, 8.1355, 2.275, 9.1355 ], "texture": "#3" },
				"north": { "uv": [ 13.725, 8.48, 14.125, 8.780001 ], "texture": "#3" },
				"south": { "uv": [ 1.875, 8.48, 2.275, 8.780001 ], "texture": "#3" },
				"west": { "uv": [ 8.1355, 8.48, 9.1355, 8.780001 ], "texture": "#3" },
				"east": { "uv": [ 6.8645, 8.48, 7.8645, 8.780001 ], "texture": "#3" }
			}
		},
		{
			"__comment": "Element",
			"from": [ 8.125, 7.25, 8.75 ],
			"to": [ 8.625, 8.75, 9.25 ],
			"faces": {
				"down": { "uv": [ 0, 0, 0.1, 0.1000004 ], "texture": "#0" },
				"north": { "uv": [ 0, 0, 0.1, 0.1000004 ], "texture": "#0" },
				"south": { "uv": [ 0, 0, 0.1, 0.1000004 ], "texture": "#0" },
				"west": { "uv": [ 0, 0, 0.1, 0.1000004 ], "texture": "#0" },
				"east": { "uv": [ 0, 0, 0.1, 0.1000004 ], "texture": "#0" }
			}
		},
		{
			"__comment": "Element",
			"from": [ 2.5, 8.75, 9.25 ],
			"to": [ 4.5, 8.9, 9.75 ],
			"faces": {
				"down": { "uv": [ 0, 0, 0.1, 0.1000004 ], "texture": "#-1" },
				"up": { "uv": [ 0, 0, 0.1, 0.1000004 ], "texture": "#-1" },
				"south": { "uv": [ 0, 0, 0.1, 0.1000004 ], "texture": "#-1" },
				"west": { "uv": [ 0, 0, 0.1, 0.1000004 ], "texture": "#-1" },
				"east": { "uv": [ 0, 0, 0.1, 0.1000004 ], "texture": "#-1" }
			}
		},
		{
			"__comment": "Element",
			"from": [ 2.5, 9, 9.25 ],
			"to": [ 4.5, 9.15, 9.75 ],
			"faces": {
				"down": { "uv": [ 0, 0, 0.1, 0.1000004 ], "texture": "#-1" },
				"up": { "uv": [ 0, 0, 0.1, 0.1000004 ], "texture": "#-1" },
				"south": { "uv": [ 0, 0, 0.1, 0.1000004 ], "texture": "#-1" },
				"west": { "uv": [ 0, 0, 0.1, 0.1000004 ], "texture": "#-1" },
				"east": { "uv": [ 0, 0, 0.1, 0.1000004 ], "texture": "#-1" }
			}
		},
		{
			"__comment": "Element",
			"from": [ 2.5, 9.25, 9.25 ],
			"to": [ 4.5, 9.4, 9.75 ],
			"faces": {
				"down": { "uv": [ 0, 0, 0.1, 0.1000004 ], "texture": "#-1" },
				"up": { "uv": [ 0, 0, 0.1, 0.1000004 ], "texture": "#-1" },
				"south": { "uv": [ 0, 0, 0.1, 0.1000004 ], "texture": "#-1" },
				"west": { "uv": [ 0, 0, 0.1, 0.1000004 ], "texture": "#-1" },
				"east": { "uv": [ 0, 0, 0.1, 0.1000004 ], "texture": "#-1" }
			}
		},
		{
			"__comment": "Element",
			"from": [ 2.5, 9.5, 9.25 ],
			"to": [ 4.5, 9.65, 9.75 ],
			"faces": {
				"down": { "uv": [ 0, 0, 0.1, 0.1000004 ], "texture": "#-1" },
				"up": { "uv": [ 0, 0, 0.1, 0.1000004 ], "texture": "#-1" },
				"south": { "uv": [ 0, 0, 0.1, 0.1000004 ], "texture": "#-1" },
				"west": { "uv": [ 0, 0, 0.1, 0.1000004 ], "texture": "#-1" },
				"east": { "uv": [ 0, 0, 0.1, 0.1000004 ], "texture": "#-1" }
			}
		},
		{
			"__comment": "Element",
			"from": [ 2.5, 9.75, 9.25 ],
			"to": [ 4.5, 9.9, 9.75 ],
			"faces": {
				"down": { "uv": [ 0, 0, 0.1, 0.1000004 ], "texture": "#-1" },
				"up": { "uv": [ 0, 0, 0.1, 0.1000004 ], "texture": "#-1" },
				"south": { "uv": [ 0, 0, 0.1, 0.1000004 ], "texture": "#-1" },
				"west": { "uv": [ 0, 0, 0.1, 0.1000004 ], "texture": "#-1" },
				"east": { "uv": [ 0, 0, 0.1, 0.1000004 ], "texture": "#-1" }
			}
		},
		{
			"__comment": "Element",
			"from": [ 2.5, 10, 9.25 ],
			"to": [ 4.5, 10.15, 9.75 ],
			"faces": {
				"down": { "uv": [ 0, 0, 0.1, 0.1000004 ], "texture": "#-1" },
				"up": { "uv": [ 0, 0, 0.1, 0.1000004 ], "texture": "#-1" },
				"south": { "uv": [ 0, 0, 0.1, 0.1000004 ], "texture": "#-1" },
				"west": { "uv": [ 0, 0, 0.1, 0.1000004 ], "texture": "#-1" },
				"east": { "uv": [ 0, 0, 0.1, 0.1000004 ], "texture": "#-1" }
			}
		},
		{
			"__comment": "Element",
			"from": [ 2.5, 10.25, 9.25 ],
			"to": [ 4.5, 10.4, 9.75 ],
			"faces": {
				"down": { "uv": [ 0, 0, 0.1, 0.1000004 ], "texture": "#-1" },
				"up": { "uv": [ 0, 0, 0.1, 0.1000004 ], "texture": "#-1" },
				"south": { "uv": [ 0, 0, 0.1, 0.1000004 ], "texture": "#-1" },
				"west": { "uv": [ 0, 0, 0.1, 0.1000004 ], "texture": "#-1" },
				"east": { "uv": [ 0, 0, 0.1, 0.1000004 ], "texture": "#-1" }
			}
		},
		{
			"__comment": "Element",
			"from": [ -6.375, 9.125, 8.5 ],
			"to": [ -5.895, 10.325, 9.46 ],
			"faces": {
				"down": { "uv": [ 0, 0, 0.1, 0.1000004 ], "texture": "#0" },
				"up": { "uv": [ 0, 0, 0.1, 0.1000004 ], "texture": "#0" },
				"north": { "uv": [ 0, 0, 0.1, 0.1000004 ], "texture": "#0" },
				"south": { "uv": [ 0, 0, 0.1, 0.1000004 ], "texture": "#0" },
				"west": { "uv": [ 0, 0, 0.1, 0.1000004 ], "texture": "#0" },
				"east": { "uv": [ 0, 0, 0.1, 0.1000004 ], "texture": "#0" }
			}
		},
		{
			"__comment": "Element",
			"from": [ -7.125, 9.625, 9 ],
			"to": [ -5.805, 10.345, 9.24 ],
			"faces": {
				"up": { "uv": [ 0, 0, 0.1, 0.1000004 ], "texture": "#-1" },
				"north": { "uv": [ 0, 0, 0.1, 0.1000004 ], "texture": "#-1" },
				"south": { "uv": [ 0, 0, 0.1, 0.1000004 ], "texture": "#-1" },
				"east": { "uv": [ 0, 0, 0.1, 0.1000004 ], "texture": "#-1" }
			}
		},
		{
			"__comment": "Box185",
			"from": [ 13.125, 10, 8.5 ],
			"to": [ 22.125, 10.5, 9.5 ],
			"faces": {
				"down": { "uv": [ 13.125, 1, 16, 2 ], "texture": "#0" },
				"up": { "uv": [ 13.125, 14, 16, 15 ], "texture": "#0" },
				"north": { "uv": [ 0, 5.5, 2.875, 6 ], "texture": "#0" },
				"south": { "uv": [ 13.125, 5.5, 16, 6 ], "texture": "#0" },
				"west": { "uv": [ 14, 5.5, 15, 6 ], "texture": "#0" },
				"east": { "uv": [ 1, 5.5, 2, 6 ], "texture": "#0" }
			}
		},
		{
			"__comment": "Box185",
			"from": [ 13.75, 8.875, 8.5 ],
			"to": [ 22.75, 9.375, 9.5 ],
			"rotation": { "origin": [ 13.75, 8.875, 8.5 ], "axis": "z", "angle": -22.5 },
			"faces": {
				"down": { "uv": [ 14.5, 1, 16, 2 ], "texture": "#0" },
				"up": { "uv": [ 14.5, 14, 16, 15 ], "texture": "#0" },
				"north": { "uv": [ 0, 8.5, 1.5, 9 ], "texture": "#0" },
				"south": { "uv": [ 14.5, 8.5, 16, 9 ], "texture": "#0" },
				"west": { "uv": [ 14, 8.5, 15, 9 ], "texture": "#0" },
				"east": { "uv": [ 1, 8.5, 2, 9 ], "texture": "#0" }
			}
		},
		{
			"__comment": "Box185",
			"from": [ 22, 5.5, 8.5 ],
			"to": [ 22.5, 10.5, 9.5 ],
			"faces": {
				"down": { "uv": [ 1, 7.5, 2, 8 ], "texture": "#0", "rotation": 90 },
				"up": { "uv": [ 15, 8, 14, 7.5 ], "texture": "#0", "rotation": 270 },
				"north": { "uv": [ 1, 7.5, 10, 8 ], "texture": "#0", "rotation": 270 },
				"south": { "uv": [ 6, 7.5, 15, 8 ], "texture": "#0", "rotation": 90 },
				"west": { "uv": [ 6, 1, 15, 2 ], "texture": "#0", "rotation": 90 },
				"east": { "uv": [ 15, 15, 6, 14 ], "texture": "#0", "rotation": 270 }
			}
		},
		{
			"__comment": "Box188",
			"from": [ -4.625, 8.875, 8.375 ],
			"to": [ 3.375, 9.875, 9.575 ],
			"faces": {
				"down": { "uv": [ 0, 6.425, 2.75, 7.625 ], "texture": "#0" },
				"up": { "uv": [ 0, 8.375, 2.75, 9.575 ], "texture": "#0" },
				"north": { "uv": [ 13.25, 6.125, 16, 7.125 ], "texture": "#0" },
				"south": { "uv": [ 0, 6.125, 2.75, 7.125 ], "texture": "#0" },
				"west": { "uv": [ 8.375, 6.125, 9.575, 7.125 ], "texture": "#0" },
				"east": { "uv": [ 6.425, 6.125, 7.625, 7.125 ], "texture": "#0" }
			}
		},
		{
			"__comment": "Box188",
			"from": [ 0.5, 8.875, 8.75 ],
			"to": [ 2.5, 10.375, 9.75 ],
			"faces": {
				"down": { "uv": [ 0.5, 6.25, 2.5, 7.25 ], "texture": "#0" },
				"up": { "uv": [ 0.5, 8.75, 2.5, 9.75 ], "texture": "#0" },
				"north": { "uv": [ 13.5, 5.625, 15.5, 7.125 ], "texture": "#0" },
				"south": { "uv": [ 0.5, 5.625, 2.5, 7.125 ], "texture": "#0" },
				"west": { "uv": [ 8.75, 5.625, 9.75, 7.125 ], "texture": "#0" },
				"east": { "uv": [ 6.25, 5.625, 7.25, 7.125 ], "texture": "#0" }
			}
		},
		{
			"__comment": "Box188",
			"from": [ 0.5, 9.75, 8.75 ],
			"to": [ 2.5, 11.25, 9.75 ],
			"faces": {
				"down": { "uv": [ 0.5, 6.25, 2.5, 7.25 ], "texture": "#0" },
				"up": { "uv": [ 0.5, 8.75, 2.5, 9.75 ], "texture": "#0" },
				"north": { "uv": [ 13.5, 4.75, 15.5, 6.25 ], "texture": "#0" },
				"south": { "uv": [ 0.5, 4.75, 2.5, 6.25 ], "texture": "#0" },
				"west": { "uv": [ 8.75, 4.75, 9.75, 6.25 ], "texture": "#0" },
				"east": { "uv": [ 6.25, 4.75, 7.25, 6.25 ], "texture": "#0" }
			}
		},
		{
			"__comment": "Box188",
			"from": [ -0.5, 10, 8.75 ],
			"to": [ 0.5, 11, 9.75 ],
			"rotation": { "origin": [ 0.5, 10, 9.75 ], "axis": "y", "angle": -22.5 },
			"faces": {
				"down": { "uv": [ 0.5, 6, 2.5, 7 ], "texture": "#0", "rotation": 180 },
				"up": { "uv": [ 0.5, 9, 2.5, 10 ], "texture": "#0", "rotation": 180 },
				"north": { "uv": [ 0.5, 4.5, 2.5, 6 ], "texture": "#0" },
				"south": { "uv": [ 13.5, 4.5, 15.5, 6 ], "texture": "#0" },
				"west": { "uv": [ 6, 4.5, 7, 6 ], "texture": "#0" },
				"east": { "uv": [ 9, 4.5, 10, 6 ], "texture": "#0" }
			}
		},
		{
			"__comment": "Box188",
			"from": [ -0.5, 8.875, 8.75 ],
			"to": [ 0.5, 9.875, 9.75 ],
			"rotation": { "origin": [ 0.5, 8.875, 9.75 ], "axis": "y", "angle": -22.5 },
			"faces": {
				"down": { "uv": [ 0.5, 6, 2.5, 7 ], "texture": "#0", "rotation": 180 },
				"up": { "uv": [ 0.5, 9, 2.5, 10 ], "texture": "#0", "rotation": 180 },
				"north": { "uv": [ 0.5, 4.5, 2.5, 6 ], "texture": "#0" },
				"south": { "uv": [ 13.5, 4.5, 15.5, 6 ], "texture": "#0" },
				"west": { "uv": [ 6, 4.5, 7, 6 ], "texture": "#0" },
				"east": { "uv": [ 9, 4.5, 10, 6 ], "texture": "#0" }
			}
		},
		{
			"__comment": "Box188",
			"from": [ -0.5, 9.25, 8.75 ],
			"to": [ 0.5, 10.25, 9.75 ],
			"rotation": { "origin": [ 0.5, 9.25, 9.75 ], "axis": "y", "angle": -22.5 },
			"faces": {
				"down": { "uv": [ 0.5, 6, 2.5, 7 ], "texture": "#0", "rotation": 180 },
				"up": { "uv": [ 0.5, 9, 2.5, 10 ], "texture": "#0", "rotation": 180 },
				"north": { "uv": [ 0.5, 4.5, 2.5, 6 ], "texture": "#0" },
				"south": { "uv": [ 13.5, 4.5, 15.5, 6 ], "texture": "#0" },
				"west": { "uv": [ 6, 4.5, 7, 6 ], "texture": "#0" },
				"east": { "uv": [ 9, 4.5, 10, 6 ], "texture": "#0" }
			}
		},
		{
			"__comment": "Box188",
			"from": [ 0.5, 11.25, 8.75 ],
			"to": [ 1.5, 11.55, 9.75 ],
			"rotation": { "origin": [ 1.5, 11.25, 9.75 ], "axis": "x", "angle": -22.5 },
			"faces": {
				"down": { "uv": [ 0.5, 6, 2.5, 7 ], "texture": "#0", "rotation": 180 },
				"up": { "uv": [ 0.5, 9, 2.5, 10 ], "texture": "#0", "rotation": 180 },
				"north": { "uv": [ 0.5, 4.5, 2.5, 6 ], "texture": "#0" },
				"south": { "uv": [ 13.5, 4.5, 15.5, 6 ], "texture": "#0" },
				"west": { "uv": [ 6, 4.5, 7, 6 ], "texture": "#0" },
				"east": { "uv": [ 9, 4.5, 10, 6 ], "texture": "#0" }
			}
		},
		{
			"__comment": "Box188",
			"from": [ 1.5, 11.25, 8.75 ],
			"to": [ 2.5, 11.55, 9.75 ],
			"rotation": { "origin": [ 2.5, 11.25, 9.75 ], "axis": "x", "angle": -22.5 },
			"faces": {
				"down": { "uv": [ 0.5, 6, 2.5, 7 ], "texture": "#0", "rotation": 180 },
				"up": { "uv": [ 0.5, 9, 2.5, 10 ], "texture": "#0", "rotation": 180 },
				"north": { "uv": [ 0.5, 4.5, 2.5, 6 ], "texture": "#0" },
				"south": { "uv": [ 13.5, 4.5, 15.5, 6 ], "texture": "#0" },
				"west": { "uv": [ 6, 4.5, 7, 6 ], "texture": "#0" },
				"east": { "uv": [ 9, 4.5, 10, 6 ], "texture": "#0" }
			}
		},
		{
			"__comment": "Box188",
			"from": [ 1.5, 8.875, 9.25 ],
			"to": [ 2.5, 9.375, 9.75 ],
			"rotation": { "origin": [ 1.5, 8.875, 9.25 ], "axis": "z", "angle": -22.5 },
			"faces": {
				"down": { "uv": [ 1.375, 6.5, 1.875, 7 ], "texture": "#0" },
				"up": { "uv": [ 1.375, 9, 1.875, 9.5 ], "texture": "#0" },
				"north": { "uv": [ 14.125, 6.625, 14.625, 7.125 ], "texture": "#0" },
				"south": { "uv": [ 1.375, 6.625, 1.875, 7.125 ], "texture": "#0" },
				"west": { "uv": [ 9, 6.625, 9.5, 7.125 ], "texture": "#0" },
				"east": { "uv": [ 6.5, 6.625, 7, 7.125 ], "texture": "#0" }
			}
		},
		{
			"__comment": "Box188",
			"from": [ -3.5, 9.375, 8.375 ],
			"to": [ -3, 9.875, 9.575 ],
			"rotation": { "origin": [ -3.5, 9.375, 8.375 ], "axis": "z", "angle": 22.5 },
			"faces": {
				"down": { "uv": [ 12, 6.3, 13, 7.5 ], "texture": "#0" },
				"up": { "uv": [ 12, 8.5, 13, 9.7 ], "texture": "#0" },
				"north": { "uv": [ 3, 6, 4, 7 ], "texture": "#0" },
				"south": { "uv": [ 12, 6, 13, 7 ], "texture": "#0" },
				"west": { "uv": [ 8.5, 6, 9.7, 7 ], "texture": "#0" },
				"east": { "uv": [ 6.3, 6, 7.5, 7 ], "texture": "#0" }
			}
		},
		{
			"__comment": "Box188",
			"from": [ -3.25, 9.375, 8.375 ],
			"to": [ -2.75, 9.875, 9.575 ],
			"rotation": { "origin": [ -3.25, 9.375, 8.375 ], "axis": "z", "angle": 45 },
			"faces": {
				"down": { "uv": [ 12, 6.3, 13, 7.5 ], "texture": "#0" },
				"up": { "uv": [ 12, 8.5, 13, 9.7 ], "texture": "#0" },
				"north": { "uv": [ 3, 6, 4, 7 ], "texture": "#0" },
				"south": { "uv": [ 12, 6, 13, 7 ], "texture": "#0" },
				"west": { "uv": [ 8.5, 6, 9.7, 7 ], "texture": "#0" },
				"east": { "uv": [ 6.3, 6, 7.5, 7 ], "texture": "#0" }
			}
		},
		{
			"__comment": "Box188",
			"from": [ -3.625, 9.625, 8.375 ],
			"to": [ -3.125, 10.125, 9.575 ],
			"rotation": { "origin": [ -3.625, 10.125, 8.375 ], "axis": "z", "angle": -22.5 },
			"faces": {
				"down": { "uv": [ 6.3, 6, 7.5, 7 ], "texture": "#0", "rotation": 90 },
				"up": { "uv": [ 9.7, 7, 8.5, 6 ], "texture": "#0", "rotation": 270 },
				"north": { "uv": [ 3, 6, 4, 7 ], "texture": "#0", "rotation": 270 },
				"south": { "uv": [ 12, 6, 13, 7 ], "texture": "#0", "rotation": 90 },
				"west": { "uv": [ 12, 6.3, 13, 7.5 ], "texture": "#0", "rotation": 90 },
				"east": { "uv": [ 13, 9.7, 12, 8.5 ], "texture": "#0", "rotation": 270 }
			}
		},
		{
			"__comment": "Box188",
			"from": [ -3.625, 9.75, 8.375 ],
			"to": [ -3.125, 10.25, 9.575 ],
			"faces": {
				"down": { "uv": [ 6.3, 6, 7.5, 7 ], "texture": "#0", "rotation": 90 },
				"up": { "uv": [ 9.7, 7, 8.5, 6 ], "texture": "#0", "rotation": 270 },
				"north": { "uv": [ 3, 6, 4, 7 ], "texture": "#0", "rotation": 270 },
				"south": { "uv": [ 12, 6, 13, 7 ], "texture": "#0", "rotation": 90 },
				"west": { "uv": [ 12, 6.3, 13, 7.5 ], "texture": "#0", "rotation": 90 },
				"east": { "uv": [ 13, 9.7, 12, 8.5 ], "texture": "#0", "rotation": 270 }
			}
		},
		{
			"__comment": "Box188",
			"from": [ -4.625, 10.375, 8.375 ],
			"to": [ -4.125, 10.875, 9.575 ],
			"faces": {
				"down": { "uv": [ 12, 8.5, 13, 9.7 ], "texture": "#0", "rotation": 180 },
				"up": { "uv": [ 12, 6.3, 13, 7.5 ], "texture": "#0", "rotation": 180 },
				"north": { "uv": [ 4, 7, 3, 6 ], "texture": "#0" },
				"south": { "uv": [ 13, 7, 12, 6 ], "texture": "#0" },
				"west": { "uv": [ 6.3, 6, 7.5, 7 ], "texture": "#0", "rotation": 180 },
				"east": { "uv": [ 8.5, 6, 9.7, 7 ], "texture": "#0", "rotation": 180 }
			}
		},
		{
			"__comment": "Box188",
			"from": [ -4.8018, 10.5518, 8.375 ],
			"to": [ -4.3018, 11.0518, 9.575 ],
			"rotation": { "origin": [ -4.125, 10.875, 8.375 ], "axis": "z", "angle": 22.5 },
			"faces": {
				"down": { "uv": [ 12, 8.5, 13, 9.7 ], "texture": "#0", "rotation": 180 },
				"up": { "uv": [ 12, 6.3, 13, 7.5 ], "texture": "#0", "rotation": 180 },
				"north": { "uv": [ 4, 7, 3, 6 ], "texture": "#0" },
				"south": { "uv": [ 13, 7, 12, 6 ], "texture": "#0" },
				"west": { "uv": [ 6.3, 6, 7.5, 7 ], "texture": "#0", "rotation": 180 },
				"east": { "uv": [ 8.5, 6, 9.7, 7 ], "texture": "#0", "rotation": 180 }
			}
		},
		{
			"__comment": "Box188",
			"from": [ -4.569, 10.0864, 8.375 ],
			"to": [ -4.069, 10.5864, 9.575 ],
			"rotation": { "origin": [ -4.125, 10.875, 8.375 ], "axis": "z", "angle": -45 },
			"faces": {
				"down": { "uv": [ 9.7, 7, 8.5, 6 ], "texture": "#0", "rotation": 90 },
				"up": { "uv": [ 6.3, 6, 7.5, 7 ], "texture": "#0", "rotation": 270 },
				"north": { "uv": [ 4, 7, 3, 6 ], "texture": "#0", "rotation": 270 },
				"south": { "uv": [ 13, 7, 12, 6 ], "texture": "#0", "rotation": 90 },
				"west": { "uv": [ 13, 9.7, 12, 8.5 ], "texture": "#0", "rotation": 90 },
				"east": { "uv": [ 12, 6.3, 13, 7.5 ], "texture": "#0", "rotation": 270 }
			}
		},
		{
			"__comment": "Box188",
			"from": [ -4.875, 10, 8.375 ],
			"to": [ -4.375, 10.5, 9.575 ],
			"rotation": { "origin": [ -4.125, 10.875, 8.375 ], "axis": "z", "angle": -22.5 },
			"faces": {
				"down": { "uv": [ 9.7, 7, 8.5, 6 ], "texture": "#0", "rotation": 90 },
				"up": { "uv": [ 6.3, 6, 7.5, 7 ], "texture": "#0", "rotation": 270 },
				"north": { "uv": [ 4, 7, 3, 6 ], "texture": "#0", "rotation": 270 },
				"south": { "uv": [ 13, 7, 12, 6 ], "texture": "#0", "rotation": 90 },
				"west": { "uv": [ 13, 9.7, 12, 8.5 ], "texture": "#0", "rotation": 90 },
				"east": { "uv": [ 12, 6.3, 13, 7.5 ], "texture": "#0", "rotation": 270 }
			}
		},
		{
			"__comment": "Box188",
			"from": [ -4.875, 9.5, 8.375 ],
			"to": [ -4.375, 10, 9.575 ],
			"rotation": { "origin": [ -4.875, 9.5, 8.375 ], "axis": "z", "angle": -22.5 },
			"faces": {
				"down": { "uv": [ 12, 6.3, 13, 7.5 ], "texture": "#0" },
				"up": { "uv": [ 12, 8.5, 13, 9.7 ], "texture": "#0" },
				"north": { "uv": [ 3, 6, 4, 7 ], "texture": "#0" },
				"south": { "uv": [ 12, 6, 13, 7 ], "texture": "#0" },
				"west": { "uv": [ 8.5, 6, 9.7, 7 ], "texture": "#0" },
				"east": { "uv": [ 6.3, 6, 7.5, 7 ], "texture": "#0" }
			}
		},
		{
			"__comment": "Box188",
			"from": [ -5.125, 9.75, 8.375 ],
			"to": [ -4.625, 10.25, 9.575 ],
			"rotation": { "origin": [ -5.125, 9.75, 8.375 ], "axis": "z", "angle": -45 },
			"faces": {
				"down": { "uv": [ 12, 6.3, 13, 7.5 ], "texture": "#0" },
				"up": { "uv": [ 12, 8.5, 13, 9.7 ], "texture": "#0" },
				"north": { "uv": [ 3, 6, 4, 7 ], "texture": "#0" },
				"south": { "uv": [ 12, 6, 13, 7 ], "texture": "#0" },
				"west": { "uv": [ 8.5, 6, 9.7, 7 ], "texture": "#0" },
				"east": { "uv": [ 6.3, 6, 7.5, 7 ], "texture": "#0" }
			}
		},
		{
			"__comment": "Box188",
			"from": [ -5, 9.625, 8.375 ],
			"to": [ -4.5, 10.125, 9.575 ],
			"rotation": { "origin": [ -4.5, 9.625, 8.375 ], "axis": "z", "angle": 22.5 },
			"faces": {
				"down": { "uv": [ 9.7, 7, 8.5, 6 ], "texture": "#0", "rotation": 90 },
				"up": { "uv": [ 6.3, 6, 7.5, 7 ], "texture": "#0", "rotation": 270 },
				"north": { "uv": [ 3, 6, 4, 7 ], "texture": "#0", "rotation": 90 },
				"south": { "uv": [ 12, 6, 13, 7 ], "texture": "#0", "rotation": 270 },
				"west": { "uv": [ 12, 8.5, 13, 9.7 ], "texture": "#0", "rotation": 270 },
				"east": { "uv": [ 13, 7.5, 12, 6.3 ], "texture": "#0", "rotation": 90 }
			}
		},
		{
			"__comment": "Box188",
			"from": [ -5.19, 9.875, 8.375 ],
			"to": [ -4.69, 10.375, 9.575 ],
			"faces": {
				"down": { "uv": [ 9.7, 7, 8.5, 6 ], "texture": "#0", "rotation": 90 },
				"up": { "uv": [ 6.3, 6, 7.5, 7 ], "texture": "#0", "rotation": 270 },
				"north": { "uv": [ 3, 6, 4, 7 ], "texture": "#0", "rotation": 90 },
				"south": { "uv": [ 12, 6, 13, 7 ], "texture": "#0", "rotation": 270 },
				"west": { "uv": [ 12, 8.5, 13, 9.7 ], "texture": "#0", "rotation": 270 },
				"east": { "uv": [ 13, 7.5, 12, 6.3 ], "texture": "#0", "rotation": 90 }
			}
		},
		{
			"__comment": "Box188",
			"from": [ -3.75, 9.96, 8.375 ],
			"to": [ -3.25, 10.46, 9.575 ],
			"rotation": { "origin": [ -3.75, 10.46, 8.375 ], "axis": "z", "angle": 22.5 },
			"faces": {
				"down": { "uv": [ 6.3, 6, 7.5, 7 ], "texture": "#0", "rotation": 90 },
				"up": { "uv": [ 9.7, 7, 8.5, 6 ], "texture": "#0", "rotation": 270 },
				"north": { "uv": [ 4, 7, 3, 6 ], "texture": "#0", "rotation": 90 },
				"south": { "uv": [ 13, 7, 12, 6 ], "texture": "#0", "rotation": 270 },
				"west": { "uv": [ 13, 7.5, 12, 6.3 ], "texture": "#0", "rotation": 270 },
				"east": { "uv": [ 12, 8.5, 13, 9.7 ], "texture": "#0", "rotation": 90 }
			}
		},
		{
			"__comment": "Box188",
			"from": [ -4.0308, 10.356, 8.375 ],
			"to": [ -3.5308, 10.856, 9.575 ],
			"rotation": { "origin": [ -3.75, 10.46, 8.375 ], "axis": "z", "angle": -22.5 },
			"faces": {
				"down": { "uv": [ 12, 8.5, 13, 9.7 ], "texture": "#0", "rotation": 180 },
				"up": { "uv": [ 12, 6.3, 13, 7.5 ], "texture": "#0", "rotation": 180 },
				"north": { "uv": [ 4, 7, 3, 6 ], "texture": "#0" },
				"south": { "uv": [ 13, 7, 12, 6 ], "texture": "#0" },
				"west": { "uv": [ 6.3, 6, 7.5, 7 ], "texture": "#0", "rotation": 180 },
				"east": { "uv": [ 8.5, 6, 9.7, 7 ], "texture": "#0", "rotation": 180 }
			}
		},
		{
			"__comment": "Box188",
			"from": [ -4.0537, 10.3801, 8.375 ],
			"to": [ -3.5537, 10.8801, 9.575 ],
			"rotation": { "origin": [ -3.75, 10.46, 8.375 ], "axis": "z", "angle": -45 },
			"faces": {
				"down": { "uv": [ 13, 7.5, 12, 6.3 ], "texture": "#0", "rotation": 180 },
				"up": { "uv": [ 13, 9.7, 12, 8.5 ], "texture": "#0", "rotation": 180 },
				"north": { "uv": [ 4, 7, 3, 6 ], "texture": "#0", "rotation": 180 },
				"south": { "uv": [ 13, 7, 12, 6 ], "texture": "#0", "rotation": 180 },
				"west": { "uv": [ 8.5, 6, 9.7, 7 ], "texture": "#0" },
				"east": { "uv": [ 6.3, 6, 7.5, 7 ], "texture": "#0" }
			}
		},
		{
			"__comment": "Box188",
			"from": [ -4.2226, 10.3773, 8.375 ],
			"to": [ -3.7226, 10.8773, 9.575 ],
			"faces": {
				"down": { "uv": [ 12, 8.5, 13, 9.7 ], "texture": "#0", "rotation": 180 },
				"up": { "uv": [ 12, 6.3, 13, 7.5 ], "texture": "#0", "rotation": 180 },
				"north": { "uv": [ 4, 7, 3, 6 ], "texture": "#0" },
				"south": { "uv": [ 13, 7, 12, 6 ], "texture": "#0" },
				"west": { "uv": [ 6.3, 6, 7.5, 7 ], "texture": "#0", "rotation": 180 },
				"east": { "uv": [ 8.5, 6, 9.7, 7 ], "texture": "#0", "rotation": 180 }
			}
		},
		{
			"__comment": "Box188",
			"from": [ -2, 9.375, 8.375 ],
			"to": [ -1.5, 9.875, 9.575 ],
			"rotation": { "origin": [ -2, 9.375, 8.375 ], "axis": "z", "angle": 22.5 },
			"faces": {
				"down": { "uv": [ 12, 6.3, 13, 7.5 ], "texture": "#0" },
				"up": { "uv": [ 12, 8.5, 13, 9.7 ], "texture": "#0" },
				"north": { "uv": [ 3, 6, 4, 7 ], "texture": "#0" },
				"south": { "uv": [ 12, 6, 13, 7 ], "texture": "#0" },
				"west": { "uv": [ 8.5, 6, 9.7, 7 ], "texture": "#0" },
				"east": { "uv": [ 6.3, 6, 7.5, 7 ], "texture": "#0" }
			}
		},
		{
			"__comment": "Box188",
			"from": [ -1.875, 9.625, 8.375 ],
			"to": [ -1.375, 10.125, 9.575 ],
			"rotation": { "origin": [ -1.875, 10.125, 8.375 ], "axis": "z", "angle": -22.5 },
			"faces": {
				"down": { "uv": [ 6.3, 6, 7.5, 7 ], "texture": "#0", "rotation": 90 },
				"up": { "uv": [ 9.7, 7, 8.5, 6 ], "texture": "#0", "rotation": 270 },
				"north": { "uv": [ 3, 6, 4, 7 ], "texture": "#0", "rotation": 270 },
				"south": { "uv": [ 12, 6, 13, 7 ], "texture": "#0", "rotation": 90 },
				"west": { "uv": [ 12, 6.3, 13, 7.5 ], "texture": "#0", "rotation": 90 },
				"east": { "uv": [ 13, 9.7, 12, 8.5 ], "texture": "#0", "rotation": 270 }
			}
		},
		{
			"__comment": "Box188",
			"from": [ -2.3037, 10.3801, 8.375 ],
			"to": [ -1.8037, 10.8801, 9.575 ],
			"rotation": { "origin": [ -2, 10.46, 8.375 ], "axis": "z", "angle": -45 },
			"faces": {
				"down": { "uv": [ 13, 7.5, 12, 6.3 ], "texture": "#0", "rotation": 180 },
				"up": { "uv": [ 13, 9.7, 12, 8.5 ], "texture": "#0", "rotation": 180 },
				"north": { "uv": [ 4, 7, 3, 6 ], "texture": "#0", "rotation": 180 },
				"south": { "uv": [ 13, 7, 12, 6 ], "texture": "#0", "rotation": 180 },
				"west": { "uv": [ 8.5, 6, 9.7, 7 ], "texture": "#0" },
				"east": { "uv": [ 6.3, 6, 7.5, 7 ], "texture": "#0" }
			}
		},
		{
			"__comment": "Box188",
			"from": [ -2.2808, 10.356, 8.375 ],
			"to": [ -1.7808, 10.856, 9.575 ],
			"rotation": { "origin": [ -2, 10.46, 8.375 ], "axis": "z", "angle": -22.5 },
			"faces": {
				"down": { "uv": [ 12, 8.5, 13, 9.7 ], "texture": "#0", "rotation": 180 },
				"up": { "uv": [ 12, 6.3, 13, 7.5 ], "texture": "#0", "rotation": 180 },
				"north": { "uv": [ 4, 7, 3, 6 ], "texture": "#0" },
				"south": { "uv": [ 13, 7, 12, 6 ], "texture": "#0" },
				"west": { "uv": [ 6.3, 6, 7.5, 7 ], "texture": "#0", "rotation": 180 },
				"east": { "uv": [ 8.5, 6, 9.7, 7 ], "texture": "#0", "rotation": 180 }
			}
		},
		{
			"__comment": "Box188",
			"from": [ -2.4726, 10.3773, 8.375 ],
			"to": [ -1.9726, 10.8773, 9.575 ],
			"faces": {
				"down": { "uv": [ 12, 8.5, 13, 9.7 ], "texture": "#0", "rotation": 180 },
				"up": { "uv": [ 12, 6.3, 13, 7.5 ], "texture": "#0", "rotation": 180 },
				"north": { "uv": [ 4, 7, 3, 6 ], "texture": "#0" },
				"south": { "uv": [ 13, 7, 12, 6 ], "texture": "#0" },
				"west": { "uv": [ 6.3, 6, 7.5, 7 ], "texture": "#0", "rotation": 180 },
				"east": { "uv": [ 8.5, 6, 9.7, 7 ], "texture": "#0", "rotation": 180 }
			}
		},
		{
			"__comment": "Box188",
			"from": [ -2.875, 10.375, 8.375 ],
			"to": [ -2.375, 10.875, 9.575 ],
			"faces": {
				"down": { "uv": [ 12, 8.5, 13, 9.7 ], "texture": "#0", "rotation": 180 },
				"up": { "uv": [ 12, 6.3, 13, 7.5 ], "texture": "#0", "rotation": 180 },
				"north": { "uv": [ 4, 7, 3, 6 ], "texture": "#0" },
				"south": { "uv": [ 13, 7, 12, 6 ], "texture": "#0" },
				"west": { "uv": [ 6.3, 6, 7.5, 7 ], "texture": "#0", "rotation": 180 },
				"east": { "uv": [ 8.5, 6, 9.7, 7 ], "texture": "#0", "rotation": 180 }
			}
		},
		{
			"__comment": "Box188",
			"from": [ -3.0518, 10.5518, 8.375 ],
			"to": [ -2.5518, 11.0518, 9.575 ],
			"rotation": { "origin": [ -2.375, 10.875, 8.375 ], "axis": "z", "angle": 22.5 },
			"faces": {
				"down": { "uv": [ 12, 8.5, 13, 9.7 ], "texture": "#0", "rotation": 180 },
				"up": { "uv": [ 12, 6.3, 13, 7.5 ], "texture": "#0", "rotation": 180 },
				"north": { "uv": [ 4, 7, 3, 6 ], "texture": "#0" },
				"south": { "uv": [ 13, 7, 12, 6 ], "texture": "#0" },
				"west": { "uv": [ 6.3, 6, 7.5, 7 ], "texture": "#0", "rotation": 180 },
				"east": { "uv": [ 8.5, 6, 9.7, 7 ], "texture": "#0", "rotation": 180 }
			}
		},
		{
			"__comment": "Box188",
			"from": [ -3.125, 10, 8.375 ],
			"to": [ -2.625, 10.5, 9.575 ],
			"rotation": { "origin": [ -2.375, 10.875, 8.375 ], "axis": "z", "angle": -22.5 },
			"faces": {
				"down": { "uv": [ 9.7, 7, 8.5, 6 ], "texture": "#0", "rotation": 90 },
				"up": { "uv": [ 6.3, 6, 7.5, 7 ], "texture": "#0", "rotation": 270 },
				"north": { "uv": [ 4, 7, 3, 6 ], "texture": "#0", "rotation": 270 },
				"south": { "uv": [ 13, 7, 12, 6 ], "texture": "#0", "rotation": 90 },
				"west": { "uv": [ 13, 9.7, 12, 8.5 ], "texture": "#0", "rotation": 90 },
				"east": { "uv": [ 12, 6.3, 13, 7.5 ], "texture": "#0", "rotation": 270 }
			}
		},
		{
			"__comment": "Box188",
			"from": [ -2.819, 10.0864, 8.375 ],
			"to": [ -2.319, 10.5864, 9.575 ],
			"rotation": { "origin": [ -2.375, 10.875, 8.375 ], "axis": "z", "angle": -45 },
			"faces": {
				"down": { "uv": [ 9.7, 7, 8.5, 6 ], "texture": "#0", "rotation": 90 },
				"up": { "uv": [ 6.3, 6, 7.5, 7 ], "texture": "#0", "rotation": 270 },
				"north": { "uv": [ 4, 7, 3, 6 ], "texture": "#0", "rotation": 270 },
				"south": { "uv": [ 13, 7, 12, 6 ], "texture": "#0", "rotation": 90 },
				"west": { "uv": [ 13, 9.7, 12, 8.5 ], "texture": "#0", "rotation": 90 },
				"east": { "uv": [ 12, 6.3, 13, 7.5 ], "texture": "#0", "rotation": 270 }
			}
		},
		{
			"__comment": "Box188",
			"from": [ -3.44, 9.875, 8.375 ],
			"to": [ -2.94, 10.375, 9.575 ],
			"faces": {
				"down": { "uv": [ 9.7, 7, 8.5, 6 ], "texture": "#0", "rotation": 90 },
				"up": { "uv": [ 6.3, 6, 7.5, 7 ], "texture": "#0", "rotation": 270 },
				"north": { "uv": [ 3, 6, 4, 7 ], "texture": "#0", "rotation": 90 },
				"south": { "uv": [ 12, 6, 13, 7 ], "texture": "#0", "rotation": 270 },
				"west": { "uv": [ 12, 8.5, 13, 9.7 ], "texture": "#0", "rotation": 270 },
				"east": { "uv": [ 13, 7.5, 12, 6.3 ], "texture": "#0", "rotation": 90 }
			}
		},
		{
			"__comment": "Box188",
			"from": [ -3.25, 9.625, 8.375 ],
			"to": [ -2.75, 10.125, 9.575 ],
			"rotation": { "origin": [ -2.75, 9.625, 8.375 ], "axis": "z", "angle": 22.5 },
			"faces": {
				"down": { "uv": [ 9.7, 7, 8.5, 6 ], "texture": "#0", "rotation": 90 },
				"up": { "uv": [ 6.3, 6, 7.5, 7 ], "texture": "#0", "rotation": 270 },
				"north": { "uv": [ 3, 6, 4, 7 ], "texture": "#0", "rotation": 90 },
				"south": { "uv": [ 12, 6, 13, 7 ], "texture": "#0", "rotation": 270 },
				"west": { "uv": [ 12, 8.5, 13, 9.7 ], "texture": "#0", "rotation": 270 },
				"east": { "uv": [ 13, 7.5, 12, 6.3 ], "texture": "#0", "rotation": 90 }
			}
		},
		{
			"__comment": "Box188",
			"from": [ -3.5, 9.875, 8.375 ],
			"to": [ -3, 10.375, 9.575 ],
			"rotation": { "origin": [ -3.5, 9.875, 8.375 ], "axis": "z", "angle": -45 },
			"faces": {
				"down": { "uv": [ 12, 6.3, 13, 7.5 ], "texture": "#0" },
				"up": { "uv": [ 12, 8.5, 13, 9.7 ], "texture": "#0" },
				"north": { "uv": [ 3, 6, 4, 7 ], "texture": "#0" },
				"south": { "uv": [ 12, 6, 13, 7 ], "texture": "#0" },
				"west": { "uv": [ 8.5, 6, 9.7, 7 ], "texture": "#0" },
				"east": { "uv": [ 6.3, 6, 7.5, 7 ], "texture": "#0" }
			}
		},
		{
			"__comment": "Box188",
			"from": [ -3.125, 9.5, 8.375 ],
			"to": [ -2.625, 10, 9.575 ],
			"rotation": { "origin": [ -3.125, 9.5, 8.375 ], "axis": "z", "angle": -22.5 },
			"faces": {
				"down": { "uv": [ 12, 6.3, 13, 7.5 ], "texture": "#0" },
				"up": { "uv": [ 12, 8.5, 13, 9.7 ], "texture": "#0" },
				"north": { "uv": [ 3, 6, 4, 7 ], "texture": "#0" },
				"south": { "uv": [ 12, 6, 13, 7 ], "texture": "#0" },
				"west": { "uv": [ 8.5, 6, 9.7, 7 ], "texture": "#0" },
				"east": { "uv": [ 6.3, 6, 7.5, 7 ], "texture": "#0" }
			}
		},
		{
			"__comment": "Box188",
			"from": [ -0.375, 9.625, 8.375 ],
			"to": [ 0.125, 10.125, 9.575 ],
			"rotation": { "origin": [ -0.375, 10.125, 8.375 ], "axis": "z", "angle": -22.5 },
			"faces": {
				"down": { "uv": [ 6.3, 6, 7.5, 7 ], "texture": "#0", "rotation": 90 },
				"up": { "uv": [ 9.7, 7, 8.5, 6 ], "texture": "#0", "rotation": 270 },
				"north": { "uv": [ 3, 6, 4, 7 ], "texture": "#0", "rotation": 270 },
				"south": { "uv": [ 12, 6, 13, 7 ], "texture": "#0", "rotation": 90 },
				"west": { "uv": [ 12, 6.3, 13, 7.5 ], "texture": "#0", "rotation": 90 },
				"east": { "uv": [ 13, 9.7, 12, 8.5 ], "texture": "#0", "rotation": 270 }
			}
		},
		{
			"__comment": "Box188",
			"from": [ -0.375, 9.75, 8.375 ],
			"to": [ 0.125, 10.25, 9.575 ],
			"faces": {
				"down": { "uv": [ 6.3, 6, 7.5, 7 ], "texture": "#0", "rotation": 90 },
				"up": { "uv": [ 9.7, 7, 8.5, 6 ], "texture": "#0", "rotation": 270 },
				"north": { "uv": [ 3, 6, 4, 7 ], "texture": "#0", "rotation": 270 },
				"south": { "uv": [ 12, 6, 13, 7 ], "texture": "#0", "rotation": 90 },
				"west": { "uv": [ 12, 6.3, 13, 7.5 ], "texture": "#0", "rotation": 90 },
				"east": { "uv": [ 13, 9.7, 12, 8.5 ], "texture": "#0", "rotation": 270 }
			}
		},
		{
			"__comment": "Box188",
			"from": [ -0.5, 9.96, 8.375 ],
			"to": [ 0, 10.46, 9.575 ],
			"rotation": { "origin": [ -0.5, 10.46, 8.375 ], "axis": "z", "angle": 22.5 },
			"faces": {
				"down": { "uv": [ 6.3, 6, 7.5, 7 ], "texture": "#0", "rotation": 90 },
				"up": { "uv": [ 9.7, 7, 8.5, 6 ], "texture": "#0", "rotation": 270 },
				"north": { "uv": [ 4, 7, 3, 6 ], "texture": "#0", "rotation": 90 },
				"south": { "uv": [ 13, 7, 12, 6 ], "texture": "#0", "rotation": 270 },
				"west": { "uv": [ 13, 7.5, 12, 6.3 ], "texture": "#0", "rotation": 270 },
				"east": { "uv": [ 12, 8.5, 13, 9.7 ], "texture": "#0", "rotation": 90 }
			}
		},
		{
			"__comment": "Box188",
			"from": [ -0.8037, 10.3801, 8.375 ],
			"to": [ -0.3037, 10.8801, 9.575 ],
			"rotation": { "origin": [ -0.5, 10.46, 8.375 ], "axis": "z", "angle": -45 },
			"faces": {
				"down": { "uv": [ 13, 7.5, 12, 6.3 ], "texture": "#0", "rotation": 180 },
				"up": { "uv": [ 13, 9.7, 12, 8.5 ], "texture": "#0", "rotation": 180 },
				"north": { "uv": [ 4, 7, 3, 6 ], "texture": "#0", "rotation": 180 },
				"south": { "uv": [ 13, 7, 12, 6 ], "texture": "#0", "rotation": 180 },
				"west": { "uv": [ 8.5, 6, 9.7, 7 ], "texture": "#0" },
				"east": { "uv": [ 6.3, 6, 7.5, 7 ], "texture": "#0" }
			}
		},
		{
			"__comment": "Box188",
			"from": [ -0.7808, 10.356, 8.375 ],
			"to": [ -0.2808, 10.856, 9.575 ],
			"rotation": { "origin": [ -0.5, 10.46, 8.375 ], "axis": "z", "angle": -22.5 },
			"faces": {
				"down": { "uv": [ 12, 8.5, 13, 9.7 ], "texture": "#0", "rotation": 180 },
				"up": { "uv": [ 12, 6.3, 13, 7.5 ], "texture": "#0", "rotation": 180 },
				"north": { "uv": [ 4, 7, 3, 6 ], "texture": "#0" },
				"south": { "uv": [ 13, 7, 12, 6 ], "texture": "#0" },
				"west": { "uv": [ 6.3, 6, 7.5, 7 ], "texture": "#0", "rotation": 180 },
				"east": { "uv": [ 8.5, 6, 9.7, 7 ], "texture": "#0", "rotation": 180 }
			}
		},
		{
			"__comment": "Box188",
			"from": [ -0.9726, 10.3773, 8.375 ],
			"to": [ -0.4726, 10.8773, 9.575 ],
			"faces": {
				"down": { "uv": [ 12, 8.5, 13, 9.7 ], "texture": "#0", "rotation": 180 },
				"up": { "uv": [ 12, 6.3, 13, 7.5 ], "texture": "#0", "rotation": 180 },
				"north": { "uv": [ 4, 7, 3, 6 ], "texture": "#0" },
				"south": { "uv": [ 13, 7, 12, 6 ], "texture": "#0" },
				"west": { "uv": [ 6.3, 6, 7.5, 7 ], "texture": "#0", "rotation": 180 },
				"east": { "uv": [ 8.5, 6, 9.7, 7 ], "texture": "#0", "rotation": 180 }
			}
		},
		{
			"__comment": "Box188",
			"from": [ -1.375, 10.375, 8.375 ],
			"to": [ -0.875, 10.875, 9.575 ],
			"faces": {
				"down": { "uv": [ 12, 8.5, 13, 9.7 ], "texture": "#0", "rotation": 180 },
				"up": { "uv": [ 12, 6.3, 13, 7.5 ], "texture": "#0", "rotation": 180 },
				"north": { "uv": [ 4, 7, 3, 6 ], "texture": "#0" },
				"south": { "uv": [ 13, 7, 12, 6 ], "texture": "#0" },
				"west": { "uv": [ 6.3, 6, 7.5, 7 ], "texture": "#0", "rotation": 180 },
				"east": { "uv": [ 8.5, 6, 9.7, 7 ], "texture": "#0", "rotation": 180 }
			}
		},
		{
			"__comment": "Box188",
			"from": [ -1.5518, 10.5518, 8.375 ],
			"to": [ -1.0518, 11.0518, 9.575 ],
			"rotation": { "origin": [ -0.875, 10.875, 8.375 ], "axis": "z", "angle": 22.5 },
			"faces": {
				"down": { "uv": [ 12, 8.5, 13, 9.7 ], "texture": "#0", "rotation": 180 },
				"up": { "uv": [ 12, 6.3, 13, 7.5 ], "texture": "#0", "rotation": 180 },
				"north": { "uv": [ 4, 7, 3, 6 ], "texture": "#0" },
				"south": { "uv": [ 13, 7, 12, 6 ], "texture": "#0" },
				"west": { "uv": [ 6.3, 6, 7.5, 7 ], "texture": "#0", "rotation": 180 },
				"east": { "uv": [ 8.5, 6, 9.7, 7 ], "texture": "#0", "rotation": 180 }
			}
		},
		{
			"__comment": "Box188",
			"from": [ -1.625, 10, 8.375 ],
			"to": [ -1.125, 10.5, 9.575 ],
			"rotation": { "origin": [ -0.875, 10.875, 8.375 ], "axis": "z", "angle": -22.5 },
			"faces": {
				"down": { "uv": [ 9.7, 7, 8.5, 6 ], "texture": "#0", "rotation": 90 },
				"up": { "uv": [ 6.3, 6, 7.5, 7 ], "texture": "#0", "rotation": 270 },
				"north": { "uv": [ 4, 7, 3, 6 ], "texture": "#0", "rotation": 270 },
				"south": { "uv": [ 13, 7, 12, 6 ], "texture": "#0", "rotation": 90 },
				"west": { "uv": [ 13, 9.7, 12, 8.5 ], "texture": "#0", "rotation": 90 },
				"east": { "uv": [ 12, 6.3, 13, 7.5 ], "texture": "#0", "rotation": 270 }
			}
		},
		{
			"__comment": "Box188",
			"from": [ -1.319, 10.0864, 8.375 ],
			"to": [ -0.819, 10.5864, 9.575 ],
			"rotation": { "origin": [ -0.875, 10.875, 8.375 ], "axis": "z", "angle": -45 },
			"faces": {
				"down": { "uv": [ 9.7, 7, 8.5, 6 ], "texture": "#0", "rotation": 90 },
				"up": { "uv": [ 6.3, 6, 7.5, 7 ], "texture": "#0", "rotation": 270 },
				"north": { "uv": [ 4, 7, 3, 6 ], "texture": "#0", "rotation": 270 },
				"south": { "uv": [ 13, 7, 12, 6 ], "texture": "#0", "rotation": 90 },
				"west": { "uv": [ 13, 9.7, 12, 8.5 ], "texture": "#0", "rotation": 90 },
				"east": { "uv": [ 12, 6.3, 13, 7.5 ], "texture": "#0", "rotation": 270 }
			}
		},
		{
			"__comment": "Box188",
			"from": [ -0.5, 9.375, 8.375 ],
			"to": [ 0, 9.875, 9.575 ],
			"rotation": { "origin": [ -0.5, 9.375, 8.375 ], "axis": "z", "angle": 22.5 },
			"faces": {
				"down": { "uv": [ 12, 6.3, 13, 7.5 ], "texture": "#0" },
				"up": { "uv": [ 12, 8.5, 13, 9.7 ], "texture": "#0" },
				"north": { "uv": [ 3, 6, 4, 7 ], "texture": "#0" },
				"south": { "uv": [ 12, 6, 13, 7 ], "texture": "#0" },
				"west": { "uv": [ 8.5, 6, 9.7, 7 ], "texture": "#0" },
				"east": { "uv": [ 6.3, 6, 7.5, 7 ], "texture": "#0" }
			}
		},
		{
			"__comment": "Box188",
			"from": [ -1.75, 9.625, 8.375 ],
			"to": [ -1.25, 10.125, 9.575 ],
			"rotation": { "origin": [ -1.25, 9.625, 8.375 ], "axis": "z", "angle": 22.5 },
			"faces": {
				"down": { "uv": [ 9.7, 7, 8.5, 6 ], "texture": "#0", "rotation": 90 },
				"up": { "uv": [ 6.3, 6, 7.5, 7 ], "texture": "#0", "rotation": 270 },
				"north": { "uv": [ 3, 6, 4, 7 ], "texture": "#0", "rotation": 90 },
				"south": { "uv": [ 12, 6, 13, 7 ], "texture": "#0", "rotation": 270 },
				"west": { "uv": [ 12, 8.5, 13, 9.7 ], "texture": "#0", "rotation": 270 },
				"east": { "uv": [ 13, 7.5, 12, 6.3 ], "texture": "#0", "rotation": 90 }
			}
		},
		{
			"__comment": "Box188",
			"from": [ -1.94, 9.875, 8.375 ],
			"to": [ -1.44, 10.375, 9.575 ],
			"faces": {
				"down": { "uv": [ 9.7, 7, 8.5, 6 ], "texture": "#0", "rotation": 90 },
				"up": { "uv": [ 6.3, 6, 7.5, 7 ], "texture": "#0", "rotation": 270 },
				"north": { "uv": [ 3, 6, 4, 7 ], "texture": "#0", "rotation": 90 },
				"south": { "uv": [ 12, 6, 13, 7 ], "texture": "#0", "rotation": 270 },
				"west": { "uv": [ 12, 8.5, 13, 9.7 ], "texture": "#0", "rotation": 270 },
				"east": { "uv": [ 13, 7.5, 12, 6.3 ], "texture": "#0", "rotation": 90 }
			}
		},
		{
			"__comment": "Box188",
			"from": [ -1.625, 9.5, 8.375 ],
			"to": [ -1.125, 10, 9.575 ],
			"rotation": { "origin": [ -1.625, 9.5, 8.375 ], "axis": "z", "angle": -22.5 },
			"faces": {
				"down": { "uv": [ 12, 6.3, 13, 7.5 ], "texture": "#0" },
				"up": { "uv": [ 12, 8.5, 13, 9.7 ], "texture": "#0" },
				"north": { "uv": [ 3, 6, 4, 7 ], "texture": "#0" },
				"south": { "uv": [ 12, 6, 13, 7 ], "texture": "#0" },
				"west": { "uv": [ 8.5, 6, 9.7, 7 ], "texture": "#0" },
				"east": { "uv": [ 6.3, 6, 7.5, 7 ], "texture": "#0" }
			}
		},
		{
			"__comment": "Box188",
			"from": [ -5.25, 10.5, 8.375 ],
			"to": [ 2.75, 11.5, 9.575 ],
			"faces": {
				"down": { "uv": [ 0, 6.425, 2.75, 7.625 ], "texture": "#0" },
				"up": { "uv": [ 0, 8.375, 2.75, 9.575 ], "texture": "#0" },
				"north": { "uv": [ 13.25, 4.5, 16, 5.5 ], "texture": "#0" },
				"south": { "uv": [ 0, 4.5, 2.75, 5.5 ], "texture": "#0" },
				"west": { "uv": [ 8.375, 4.5, 9.575, 5.5 ], "texture": "#0" },
				"east": { "uv": [ 6.425, 4.5, 7.625, 5.5 ], "texture": "#0" }
			}
		},
		{
			"__comment": "Box188",
			"from": [ -5.25, 11.2, 9.28 ],
			"to": [ 2.75, 11.5, 9.58 ],
			"rotation": { "origin": [ -5.25, 11.5, 9.58 ], "axis": "x", "angle": 45 },
			"faces": {
				"down": { "uv": [ 0, 9.5, 2.75, 10.7 ], "texture": "#0" },
				"up": { "uv": [ 0, 5.3, 2.75, 6.5 ], "texture": "#0" },
				"north": { "uv": [ 2.75, 4.5, 0, 3.5 ], "texture": "#0" },
				"south": { "uv": [ 16, 4.5, 13.25, 3.5 ], "texture": "#0" },
				"west": { "uv": [ 9.5, 3.5, 10.7, 4.5 ], "texture": "#0", "rotation": 180 },
				"east": { "uv": [ 5.3, 3.5, 6.5, 4.5 ], "texture": "#0", "rotation": 180 }
			}
		},
		{
			"__comment": "Box188",
			"from": [ -5.25, 11.5, 8.375 ],
			"to": [ 2.75, 11.8, 8.675 ],
			"rotation": { "origin": [ -5.25, 11.5, 8.375 ], "axis": "x", "angle": 45 },
			"faces": {
				"down": { "uv": [ 0, 5.3, 2.75, 6.5 ], "texture": "#0" },
				"up": { "uv": [ 0, 9.5, 2.75, 10.7 ], "texture": "#0" },
				"north": { "uv": [ 13.25, 3.5, 16, 4.5 ], "texture": "#0" },
				"south": { "uv": [ 0, 3.5, 2.75, 4.5 ], "texture": "#0" },
				"west": { "uv": [ 9.5, 3.5, 10.7, 4.5 ], "texture": "#0" },
				"east": { "uv": [ 5.3, 3.5, 6.5, 4.5 ], "texture": "#0" }
			}
		},
		{
			"__comment": "Box188",
			"from": [ -5.25, 10.625, 8.59 ],
			"to": [ 2.75, 11.705, 9.39 ],
			"faces": {
				"down": { "uv": [ 0, 6.610001, 2.75, 7.41 ], "texture": "#0" },
				"up": { "uv": [ 0, 8.59, 2.75, 9.39 ], "texture": "#0" },
				"north": { "uv": [ 13.25, 4.375, 16, 5.375 ], "texture": "#0" },
				"south": { "uv": [ 0, 4.375, 2.75, 5.375 ], "texture": "#0" },
				"west": { "uv": [ 8.59, 4.375, 9.39, 5.375 ], "texture": "#0" },
				"east": { "uv": [ 6.61, 4.375, 7.41, 5.375 ], "texture": "#0" }
			}
		},
		{
			"__comment": "Box188",
			"from": [ -4.625, 8.875, 8.375 ],
			"to": [ -4.125, 9.375, 9.575 ],
			"rotation": { "origin": [ -4.625, 8.875, 8.375 ], "axis": "z", "angle": 22.5 },
			"faces": {
				"down": { "uv": [ 12, 6.3, 13, 7.5 ], "texture": "#0" },
				"up": { "uv": [ 12, 8.5, 13, 9.7 ], "texture": "#0" },
				"north": { "uv": [ 3, 6, 4, 7 ], "texture": "#0" },
				"south": { "uv": [ 12, 6, 13, 7 ], "texture": "#0" },
				"west": { "uv": [ 8.5, 6, 9.7, 7 ], "texture": "#0" },
				"east": { "uv": [ 6.3, 6, 7.5, 7 ], "texture": "#0" }
			}
		},
		{
			"__comment": "Box188",
			"from": [ -4.625, 9, 8.375 ],
			"to": [ -4.125, 9.5, 9.575 ],
			"rotation": { "origin": [ -4.625, 9, 8.375 ], "axis": "z", "angle": 45 },
			"faces": {
				"down": { "uv": [ 12, 6.3, 13, 7.5 ], "texture": "#0" },
				"up": { "uv": [ 12, 8.5, 13, 9.7 ], "texture": "#0" },
				"north": { "uv": [ 3, 6, 4, 7 ], "texture": "#0" },
				"south": { "uv": [ 12, 6, 13, 7 ], "texture": "#0" },
				"west": { "uv": [ 8.5, 6, 9.7, 7 ], "texture": "#0" },
				"east": { "uv": [ 6.3, 6, 7.5, 7 ], "texture": "#0" }
			}
		},
		{
			"__comment": "Box188",
			"from": [ -4.875, 9.25, 8.375 ],
			"to": [ -4.375, 9.75, 9.575 ],
			"rotation": { "origin": [ -4.875, 9.75, 8.375 ], "axis": "z", "angle": -22.5 },
			"faces": {
				"down": { "uv": [ 6.3, 6, 7.5, 7 ], "texture": "#0", "rotation": 90 },
				"up": { "uv": [ 9.7, 7, 8.5, 6 ], "texture": "#0", "rotation": 270 },
				"north": { "uv": [ 3, 6, 4, 7 ], "texture": "#0", "rotation": 270 },
				"south": { "uv": [ 12, 6, 13, 7 ], "texture": "#0", "rotation": 90 },
				"west": { "uv": [ 12, 6.3, 13, 7.5 ], "texture": "#0", "rotation": 90 },
				"east": { "uv": [ 13, 9.7, 12, 8.5 ], "texture": "#0", "rotation": 270 }
			}
		},
		{
			"__comment": "Box188",
			"from": [ -5.25, 9.25, 8.375 ],
			"to": [ -4.75, 9.75, 9.575 ],
			"faces": {
				"down": { "uv": [ 6.3, 6, 7.5, 7 ], "texture": "#0", "rotation": 90 },
				"up": { "uv": [ 9.7, 7, 8.5, 6 ], "texture": "#0", "rotation": 270 },
				"north": { "uv": [ 3, 6, 4, 7 ], "texture": "#0", "rotation": 270 },
				"south": { "uv": [ 12, 6, 13, 7 ], "texture": "#0", "rotation": 90 },
				"west": { "uv": [ 12, 6.3, 13, 7.5 ], "texture": "#0", "rotation": 90 },
				"east": { "uv": [ 13, 9.7, 12, 8.5 ], "texture": "#0", "rotation": 270 }
			}
		},
		{
			"__comment": "Box188",
			"from": [ -5.25, 9.5, 8.375 ],
			"to": [ -4.75, 11.5, 9.575 ],
			"faces": {
				"down": { "uv": [ 6.3, 6, 7.5, 7 ], "texture": "#0", "rotation": 90 },
				"up": { "uv": [ 9.7, 7, 8.5, 6 ], "texture": "#0", "rotation": 270 },
				"north": { "uv": [ 3, 6, 4, 7 ], "texture": "#0", "rotation": 270 },
				"south": { "uv": [ 12, 6, 13, 7 ], "texture": "#0", "rotation": 90 },
				"west": { "uv": [ 12, 6.3, 13, 7.5 ], "texture": "#0", "rotation": 90 },
				"east": { "uv": [ 13, 9.7, 12, 8.5 ], "texture": "#0", "rotation": 270 }
			}
		},
		{
			"__comment": "Box238",
			"from": [ -6, 8, 8.55 ],
			"to": [ -5, 8.5, 9.3 ],
			"faces": {
				"down": { "uv": [ 14, 13, 15, 13.5 ], "texture": "#0" },
				"up": { "uv": [ 14, 2.5, 15, 3 ], "texture": "#0" },
				"north": { "uv": [ 15, 11, 14, 10.5 ], "texture": "#0" },
				"south": { "uv": [ 2, 11, 1, 10.5 ], "texture": "#0" },
				"west": { "uv": [ 13, 10.5, 13.5, 11 ], "texture": "#0", "rotation": 180 },
				"east": { "uv": [ 2.5, 10.5, 3, 11 ], "texture": "#0", "rotation": 180 }
			}
		},
		{
			"__comment": "Box650",
			"from": [ -6, 8.5, 8.625 ],
			"to": [ -5, 9.5, 9.125 ],
			"faces": {
				"down": { "uv": [ 10, 6.875, 11, 7.375 ], "texture": "#0" },
				"up": { "uv": [ 10, 8.625, 11, 9.125 ], "texture": "#0" },
				"north": { "uv": [ 5, 6.5, 6, 7.5 ], "texture": "#0" },
				"south": { "uv": [ 10, 6.5, 11, 7.5 ], "texture": "#0" },
				"west": { "uv": [ 8.625, 6.5, 9.125, 7.5 ], "texture": "#0" },
				"east": { "uv": [ 6.875, 6.5, 7.375, 7.5 ], "texture": "#0" }
			}
		}
	],
	"display": {
		"thirdperson_righthand": {
			"rotation":  [ 0, -90, 0 ],
			"translation":  [ 0.6969, 0.6946, -2.088 ],
			"scale":  [ 0.6515, 0.7217, 1 ]
		},
		"thirdperson_lefthand": {
			"scale":  [ 0.0001, 0.0001, 0.0001 ]
		},
		"firstperson_righthand": {
			"rotation":  [ -8, -88, -8 ],
			"translation":  [ 5.5651, 0.6955, -11.13 ],
			"scale":  [ 0.0001, 0.0001, 0.0001 ]
		},
		"firstperson_lefthand": {
			"rotation":  [ 0, 27, 20 ],
			"translation":  [ -12.93, 3, -4.868 ],
			"scale":  [ 1.0434, 1.2782, 1.2086 ]
		},
		"gui": {
			"rotation":  [ 0, 0, 45 ],
			"translation":  [ 0.0069, -1.392, 0 ],
			"scale":  [ 0.686, 0.756, 1 ]
		}
	}
}