{
	"__comment": "Designed by I_m_bin2 with Cubik Studio - https://cubik.studio",
	"textures": {
	},
	"elements": [ 	 
		{
			"__comment": "Element",
			"from": [ 2.75, 18.15, 7.8608 ],
			"to": [ 5.25, 18.45, 8.13928 ],
			"faces": {
				"down": { "uv": [ 11, 9, 12, 10 ], "texture": "#4" },
				"west": { "uv": [ 10, 10, 16, 11 ], "texture": "#4", "rotation": 270 },
				"east": { "uv": [ 1, 3, 5, 4 ], "texture": "#4", "rotation": 270 }
			}
		},
		{
			"__comment": "Element",
			"from": [ 3.95, 19.55, 7.6 ],
			"to": [ 4.10913, 19.9, 8.4 ],
			"faces": {
				"up": { "uv": [ 6, 0, 10, 16 ], "texture": "#9", "rotation": 180 },
				"north": { "uv": [ 9, 8, 10, 16 ], "texture": "#3", "rotation": 90 },
				"south": { "uv": [ 9, 8, 10, 16 ], "texture": "#3", "rotation": 90 }
			}
		},
		{
			"__comment": "Element",
			"from": [ 2.751, 17.684, 7.325 ],
			"to": [ 3.251, 17.883, 8.175 ],
			"rotation": { "origin": [ 0.99895, 17.8495, 7.5 ], "axis": "x", "angle": -45 },
			"faces": {
				"down": { "uv": [ 0.01, 0.01000023, 0.01, 0.01000023 ], "texture": "#4" },
				"up": { "uv": [ 10, 10, 16, 11 ], "texture": "#4" },
				"north": { "uv": [ 10, 10, 16, 11 ], "texture": "#4", "rotation": 180 },
				"south": { "uv": [ 10, 10, 16, 11 ], "texture": "#4" },
				"west": { "uv": [ 0, 1, 7, 2 ], "texture": "#4" },
				"east": { "uv": [ 9, 9, 12, 10 ], "texture": "#4" }
			}
		},
		{
			"__comment": "Element",
			"from": [ 2.75, 18.15, 7.8608 ],
			"to": [ 5.25, 18.45, 8.13928 ],
			"rotation": { "origin": [ 4.25, 18.85, 8 ], "axis": "x", "angle": 22.5 },
			"faces": {
				"down": { "uv": [ 11, 9, 12, 10 ], "texture": "#4" },
				"west": { "uv": [ 10, 10, 16, 11 ], "texture": "#4", "rotation": 270 },
				"east": { "uv": [ 1, 3, 5, 4 ], "texture": "#4", "rotation": 270 }
			}
		},
		{
			"__comment": "Element",
			"from": [ 2.75, 18.15, 7.8608 ],
			"to": [ 5.25, 18.45, 8.13928 ],
			"rotation": { "origin": [ 4.25, 18.85, 8 ], "axis": "x", "angle": -22.5 },
			"faces": {
				"down": { "uv": [ 11, 9, 12, 10 ], "texture": "#4" },
				"west": { "uv": [ 10, 10, 16, 11 ], "texture": "#4", "rotation": 270 },
				"east": { "uv": [ 1, 3, 5, 4 ], "texture": "#4", "rotation": 270 }
			}
		},
		{
			"__comment": "Element",
			"from": [ 2.75, 18.15, 7.8608 ],
			"to": [ 5.249, 18.45, 8.13928 ],
			"rotation": { "origin": [ 4.25, 18.85, 8 ], "axis": "x", "angle": -45 },
			"faces": {
				"down": { "uv": [ 11, 10, 16, 11 ], "texture": "#4", "rotation": 180 },
				"west": { "uv": [ 10, 10, 16, 11 ], "texture": "#4", "rotation": 270 },
				"east": { "uv": [ 1, 3, 4, 4 ], "texture": "#4", "rotation": 270 }
			}
		},
		{
			"__comment": "Element",
			"from": [ 2.75, 18.15, 7.8608 ],
			"to": [ 5.25, 18.45, 8.13928 ],
			"rotation": { "origin": [ 4.25, 18.85, 8 ], "axis": "x", "angle": 45 },
			"faces": {
				"down": { "uv": [ 11, 9, 12, 10 ], "texture": "#4" },
				"west": { "uv": [ 10, 10, 16, 11 ], "texture": "#4", "rotation": 270 },
				"east": { "uv": [ 1, 3, 5, 4 ], "texture": "#4", "rotation": 270 }
			}
		},
		{
			"__comment": "Element",
			"from": [ 2.75, 18.7108, 7.3 ],
			"to": [ 5.25, 18.98928, 7.599999 ],
			"rotation": { "origin": [ 4.25, 18.85, 8 ], "axis": "x", "angle": 22.5 },
			"faces": {
				"north": { "uv": [ 15.99, 1, 15.99, 6 ], "texture": "#7", "rotation": 270 },
				"west": { "uv": [ 10, 10, 16, 11 ], "texture": "#4" },
				"east": { "uv": [ 1, 3, 5, 4 ], "texture": "#4" }
			}
		},
		{
			"__comment": "Element",
			"from": [ 2.75, 18.7108, 7.3 ],
			"to": [ 5.249, 18.98928, 7.599999 ],
			"rotation": { "origin": [ 4.25, 18.85, 8 ], "axis": "x", "angle": -22.5 },
			"faces": {
				"north": { "uv": [ 11, 10, 16, 11 ], "texture": "#4" },
				"west": { "uv": [ 10, 10, 16, 11 ], "texture": "#4" },
				"east": { "uv": [ 1, 3, 4, 4 ], "texture": "#4", "rotation": 180 }
			}
		},
		{
			"__comment": "Element",
			"from": [ 2.75, 18.7108, 7.3 ],
			"to": [ 5.25, 18.98928, 7.599999 ],
			"faces": {
				"north": { "uv": [ 10, 10, 15, 11 ], "texture": "#4" },
				"west": { "uv": [ 10, 10, 16, 11 ], "texture": "#4" },
				"east": { "uv": [ 1, 3, 4, 4 ], "texture": "#4" }
			}
		},
		{
			"__comment": "Element",
			"from": [ 2.75, 18.7108, 8.4 ],
			"to": [ 5.25, 18.98928, 8.7 ],
			"rotation": { "origin": [ 4.25, 18.85, 8 ], "axis": "x", "angle": 22.5 },
			"faces": {
				"south": { "uv": [ 10, 10, 15, 11 ], "texture": "#4", "rotation": 180 },
				"west": { "uv": [ 10, 10, 16, 11 ], "texture": "#4", "rotation": 180 },
				"east": { "uv": [ 1, 3, 4, 4 ], "texture": "#4", "rotation": 180 }
			}
		},
		{
			"__comment": "Element",
			"from": [ 2.75, 18.6108, 8.4 ],
			"to": [ 5.25, 19.08928, 8.7 ],
			"faces": {
				"south": { "uv": [ 15.99, 2, 15.99, 7 ], "texture": "#1", "rotation": 90 },
				"west": { "uv": [ 10, 10, 16, 11 ], "texture": "#4", "rotation": 180 },
				"east": { "uv": [ 1, 3, 5, 4 ], "texture": "#4", "rotation": 180 }
			}
		},
		{
			"__comment": "Element",
			"from": [ 2.75, 19.25, 7.8608 ],
			"to": [ 5.25, 19.55, 8.13928 ],
			"rotation": { "origin": [ 4.25, 18.85, 8 ], "axis": "x", "angle": -45 },
			"faces": {
				"up": { "uv": [ 14.99, 0, 14.99, 5 ], "texture": "#7", "rotation": 90 },
				"west": { "uv": [ 10, 10, 16, 11 ], "texture": "#4", "rotation": 90 },
				"east": { "uv": [ 1, 3, 5, 4 ], "texture": "#4", "rotation": 270 }
			}
		},
		{
			"__comment": "Element",
			"from": [ 2.75, 19.25, 7.8608 ],
			"to": [ 5.25, 19.55, 8.13928 ],
			"rotation": { "origin": [ 4.25, 18.85, 8 ], "axis": "x", "angle": -22.5 },
			"faces": {
				"up": { "uv": [ 15.99, 2, 15.99, 7 ], "texture": "#7", "rotation": 90 },
				"west": { "uv": [ 10, 10, 16, 11 ], "texture": "#4", "rotation": 90 },
				"east": { "uv": [ 1, 3, 5, 4 ], "texture": "#4", "rotation": 270 }
			}
		},
		{
			"__comment": "Element",
			"from": [ 2.751, 19.25, 7.6108 ],
			"to": [ 5.249, 19.55, 8.389299 ],
			"faces": {
				"up": { "uv": [ 3, 2, 10, 3 ], "texture": "#7", "rotation": 90 },
				"north": { "uv": [ 15.99, 2, 15.99, 7 ], "texture": "#7", "rotation": 270 },
				"south": { "uv": [ 15.99, 2, 15.99, 7 ], "texture": "#7", "rotation": 90 },
				"west": { "uv": [ 10, 10, 16, 11 ], "texture": "#4", "rotation": 90 },
				"east": { "uv": [ 1, 3, 5, 4 ], "texture": "#4", "rotation": 270 }
			}
		},
		{
			"__comment": "Element",
			"from": [ 2.75, 19.25, 7.8608 ],
			"to": [ 5.25, 19.55, 8.13928 ],
			"rotation": { "origin": [ 4.25, 18.85, 8 ], "axis": "x", "angle": 22.5 },
			"faces": {
				"up": { "uv": [ 15.99, 2, 15.99, 7 ], "texture": "#7", "rotation": 90 },
				"west": { "uv": [ 10, 10, 16, 11 ], "texture": "#4", "rotation": 90 },
				"east": { "uv": [ 1, 3, 5, 4 ], "texture": "#4", "rotation": 270 }
			}
		},
		{
			"__comment": "Element",
			"from": [ 2.75, 19.25, 7.8608 ],
			"to": [ 5.25, 19.55, 8.13928 ],
			"rotation": { "origin": [ 4.25, 18.85, 8 ], "axis": "x", "angle": 45 },
			"faces": {
				"up": { "uv": [ 14.99, 0, 14.99, 5 ], "texture": "#7", "rotation": 90 },
				"west": { "uv": [ 10, 10, 16, 11 ], "texture": "#4", "rotation": 90 },
				"east": { "uv": [ 1, 3, 5, 4 ], "texture": "#4", "rotation": 270 }
			}
		},
		{
			"__comment": "Element",
			"from": [ 2.75, 18.7108, 8.4 ],
			"to": [ 5.25, 18.98928, 8.7 ],
			"rotation": { "origin": [ 4.25, 18.85, 8 ], "axis": "x", "angle": -22.5 },
			"faces": {
				"south": { "uv": [ 15.99, 1, 15.99, 6 ], "texture": "#7", "rotation": 90 },
				"west": { "uv": [ 10, 10, 16, 11 ], "texture": "#4", "rotation": 180 },
				"east": { "uv": [ 1, 3, 5, 4 ], "texture": "#4", "rotation": 180 }
			}
		},
		{
			"__comment": "Element",
			"from": [ -1.05, 18.25, 7.8806 ],
			"to": [ 0.95, 18.35, 8.119301 ],
			"faces": {
				"down": { "uv": [ 15.99, 6, 15.99, 7 ], "texture": "#4" },
				"west": { "uv": [ 10, 10, 16, 11 ], "texture": "#4", "rotation": 270 },
				"east": { "uv": [ 0.01, 0.01000023, 0.01, 0.01000023 ], "texture": "#4", "rotation": 270 }
			}
		},
		{
			"__comment": "Element",
			"from": [ -1.05, 18.25, 7.8806 ],
			"to": [ 0.95, 18.35, 8.119301 ],
			"rotation": { "origin": [ -0.65, 18.85, 8 ], "axis": "x", "angle": 22.5 },
			"faces": {
				"down": { "uv": [ 15.99, 6, 15.99, 7 ], "texture": "#4" },
				"west": { "uv": [ 10, 10, 16, 11 ], "texture": "#4", "rotation": 270 },
				"east": { "uv": [ 0.01, 0.01000023, 0.01, 0.01000023 ], "texture": "#4", "rotation": 270 }
			}
		},
		{
			"__comment": "Element",
			"from": [ -1.05, 18.25, 7.8807 ],
			"to": [ 0.95, 18.35, 8.1194 ],
			"rotation": { "origin": [ -0.65, 18.85, 8 ], "axis": "x", "angle": -22.5 },
			"faces": {
				"down": { "uv": [ 15.99, 6, 15.99, 7 ], "texture": "#4" },
				"west": { "uv": [ 10, 10, 16, 11 ], "texture": "#4", "rotation": 270 },
				"east": { "uv": [ 0.01, 0.01000023, 0.01, 0.01000023 ], "texture": "#4", "rotation": 270 }
			}
		},
		{
			"__comment": "Element",
			"from": [ -1.05, 18.25, 7.8806 ],
			"to": [ 0.95, 18.35, 8.119301 ],
			"rotation": { "origin": [ -0.65, 18.85, 8 ], "axis": "x", "angle": 45 },
			"faces": {
				"down": { "uv": [ 15.99, 6, 15.99, 7 ], "texture": "#4" },
				"west": { "uv": [ 10, 10, 16, 11 ], "texture": "#4", "rotation": 270 },
				"east": { "uv": [ 0.01, 0.01000023, 0.01, 0.01000023 ], "texture": "#4", "rotation": 270 }
			}
		},
		{
			"__comment": "Element",
			"from": [ -1.05, 18.25, 7.8807 ],
			"to": [ 0.95, 18.35, 8.1194 ],
			"rotation": { "origin": [ -0.65, 18.85, 8 ], "axis": "x", "angle": -45 },
			"faces": {
				"down": { "uv": [ 15.99, 6, 15.99, 7 ], "texture": "#4" },
				"west": { "uv": [ 10, 10, 16, 11 ], "texture": "#4", "rotation": 270 },
				"east": { "uv": [ 0.01, 0.01000023, 0.01, 0.01000023 ], "texture": "#4", "rotation": 270 }
			}
		},
		{
			"__comment": "Element",
			"from": [ -1.05, 18.7306, 7.4 ],
			"to": [ 0.95, 18.9693, 7.5 ],
			"rotation": { "origin": [ -0.65, 18.85, 8 ], "axis": "x", "angle": -22.5 },
			"faces": {
				"up": { "uv": [ 12, 10, 13, 11 ], "texture": "#4", "rotation": 180 },
				"north": { "uv": [ 12, 10, 13, 11 ], "texture": "#4", "rotation": 180 },
				"west": { "uv": [ 10, 10, 16, 11 ], "texture": "#4" },
				"east": { "uv": [ 0.01, 0.01000023, 0.01, 0.01000023 ], "texture": "#4", "rotation": 180 }
			}
		},
		{
			"__comment": "Element",
			"from": [ -1.05, 18.7306, 7.4 ],
			"to": [ 0.95, 18.9693, 7.5 ],
			"rotation": { "origin": [ -0.65, 18.85, 8 ], "axis": "x", "angle": 22.5 },
			"faces": {
				"north": { "uv": [ 15.99, 6, 15.99, 7 ], "texture": "#7", "rotation": 270 },
				"west": { "uv": [ 10, 10, 16, 11 ], "texture": "#4" },
				"east": { "uv": [ 0.01, 0.01000023, 0.01, 0.01000023 ], "texture": "#4" }
			}
		},
		{
			"__comment": "Element",
			"from": [ -1.05, 18.7306, 7.4 ],
			"to": [ 0.95, 18.9693, 7.5 ],
			"faces": {
				"north": { "uv": [ 15.99, 6, 15.99, 7 ], "texture": "#7", "rotation": 180 },
				"west": { "uv": [ 10, 10, 16, 11 ], "texture": "#4" },
				"east": { "uv": [ 0.01, 0.01000023, 0.01, 0.01000023 ], "texture": "#4", "rotation": 180 }
			}
		},
		{
			"__comment": "Element",
			"from": [ -1.05, 19.35, 7.8807 ],
			"to": [ 0.95, 19.45, 8.1194 ],
			"rotation": { "origin": [ -0.65, 18.85, 8 ], "axis": "x", "angle": -45 },
			"faces": {
				"up": { "uv": [ 15.99, 6, 15.99, 7 ], "texture": "#7", "rotation": 90 },
				"west": { "uv": [ 10, 10, 16, 11 ], "texture": "#4", "rotation": 90 },
				"east": { "uv": [ 0.01, 0.01000023, 0.01, 0.01000023 ], "texture": "#4", "rotation": 270 }
			}
		},
		{
			"__comment": "Element",
			"from": [ -1.05, 19.35, 7.8806 ],
			"to": [ 0.95, 19.45, 8.119301 ],
			"rotation": { "origin": [ -0.65, 18.85, 8 ], "axis": "x", "angle": 45 },
			"faces": {
				"up": { "uv": [ 15.99, 6, 15.99, 7 ], "texture": "#7", "rotation": 90 },
				"west": { "uv": [ 10, 10, 16, 11 ], "texture": "#4", "rotation": 90 },
				"east": { "uv": [ 0.01, 0.01000023, 0.01, 0.01000023 ], "texture": "#4", "rotation": 270 }
			}
		},
		{
			"__comment": "Element",
			"from": [ -1.05, 19.35, 7.8806 ],
			"to": [ 0.95, 19.45, 8.119301 ],
			"rotation": { "origin": [ -0.65, 18.85, 8 ], "axis": "x", "angle": 22.5 },
			"faces": {
				"up": { "uv": [ 15.99, 6, 15.99, 7 ], "texture": "#7", "rotation": 90 },
				"west": { "uv": [ 10, 10, 16, 11 ], "texture": "#4", "rotation": 90 },
				"east": { "uv": [ 0.01, 0.01000023, 0.01, 0.01000023 ], "texture": "#4", "rotation": 270 }
			}
		},
		{
			"__comment": "Element",
			"from": [ -1.05, 19.35, 7.8806 ],
			"to": [ 0.95, 19.45, 8.119301 ],
			"faces": {
				"up": { "uv": [ 15.99, 0, 15.99, 5 ], "texture": "#7", "rotation": 270 },
				"west": { "uv": [ 10, 10, 16, 11 ], "texture": "#4", "rotation": 90 },
				"east": { "uv": [ 0.01, 0.01000023, 0.01, 0.01000023 ], "texture": "#4", "rotation": 270 }
			}
		},
		{
			"__comment": "Element",
			"from": [ -1.05, 19.35, 7.8807 ],
			"to": [ 0.95, 19.45, 8.1194 ],
			"rotation": { "origin": [ -0.65, 18.85, 8 ], "axis": "x", "angle": -22.5 },
			"faces": {
				"up": { "uv": [ 15.99, 6, 15.99, 7 ], "texture": "#7", "rotation": 90 },
				"west": { "uv": [ 10, 10, 16, 11 ], "texture": "#4", "rotation": 90 },
				"east": { "uv": [ 0.01, 0.01000023, 0.01, 0.01000023 ], "texture": "#4", "rotation": 270 }
			}
		},
		{
			"__comment": "Element",
			"from": [ -1.05, 18.7306, 8.5 ],
			"to": [ 0.95, 18.9693, 8.6 ],
			"faces": {
				"south": { "uv": [ 15.99, 6, 15.99, 7 ], "texture": "#7", "rotation": 90 },
				"west": { "uv": [ 10, 10, 16, 11 ], "texture": "#4", "rotation": 180 },
				"east": { "uv": [ 0.01, 0.01000023, 0.01, 0.01000023 ], "texture": "#4", "rotation": 180 }
			}
		},
		{
			"__comment": "Element",
			"from": [ -1.05, 18.7306, 8.5 ],
			"to": [ 0.95, 18.9693, 8.6 ],
			"rotation": { "origin": [ -0.65, 18.85, 8 ], "axis": "x", "angle": 22.5 },
			"faces": {
				"south": { "uv": [ 12, 10, 13, 11 ], "texture": "#4" },
				"west": { "uv": [ 10, 10, 16, 11 ], "texture": "#4", "rotation": 180 },
				"east": { "uv": [ 0.01, 0.01000023, 0.01, 0.01000023 ], "texture": "#4" }
			}
		},
		{
			"__comment": "Element",
			"from": [ 6.95, 18.35, 7.9005 ],
			"to": [ 7.75, 18.45, 8.09942 ],
			"faces": {
				"down": { "uv": [ 15.99, 6, 15.99, 7 ], "texture": "#4" },
				"up": { "uv": [ 15.99, 6, 15.99, 7 ], "texture": "#7", "rotation": 90 },
				"west": { "uv": [ 10, 10, 16, 11 ], "texture": "#4", "rotation": 270 },
				"east": { "uv": [ 0.01, 0.01000023, 0.01, 0.01000023 ], "texture": "#4", "rotation": 270 }
			}
		},
		{
			"__comment": "Element",
			"from": [ 6.95, 18.35, 7.9005 ],
			"to": [ 7.75, 18.45, 8.09942 ],
			"rotation": { "origin": [ 7.35, 18.85, 8 ], "axis": "x", "angle": 22.5 },
			"faces": {
				"down": { "uv": [ 15.99, 6, 15.99, 7 ], "texture": "#4" },
				"up": { "uv": [ 15.99, 6, 15.99, 7 ], "texture": "#7", "rotation": 90 },
				"west": { "uv": [ 10, 10, 16, 11 ], "texture": "#4", "rotation": 270 },
				"east": { "uv": [ 0.01, 0.01000023, 0.01, 0.01000023 ], "texture": "#4", "rotation": 270 }
			}
		},
		{
			"__comment": "Element",
			"from": [ 6.95, 18.35, 7.9005 ],
			"to": [ 7.75, 18.45, 8.09942 ],
			"rotation": { "origin": [ 7.35, 18.85, 8 ], "axis": "x", "angle": -22.5 },
			"faces": {
				"down": { "uv": [ 15.99, 6, 15.99, 7 ], "texture": "#4" },
				"up": { "uv": [ 15.99, 6, 15.99, 7 ], "texture": "#7", "rotation": 90 },
				"west": { "uv": [ 10, 10, 16, 11 ], "texture": "#4", "rotation": 270 },
				"east": { "uv": [ 0.01, 0.01000023, 0.01, 0.01000023 ], "texture": "#4", "rotation": 270 }
			}
		},
		{
			"__comment": "Element",
			"from": [ 6.95, 18.35, 7.9005 ],
			"to": [ 7.75, 18.45, 8.09942 ],
			"rotation": { "origin": [ 7.35, 18.85, 8 ], "axis": "x", "angle": 45 },
			"faces": {
				"down": { "uv": [ 13, 10, 14, 11 ], "texture": "#4" },
				"up": { "uv": [ 15.99, 6, 15.99, 7 ], "texture": "#7", "rotation": 90 },
				"west": { "uv": [ 10, 10, 16, 11 ], "texture": "#4", "rotation": 270 },
				"east": { "uv": [ 0.01, 0.01000023, 0.01, 0.01000023 ], "texture": "#4", "rotation": 270 }
			}
		},
		{
			"__comment": "Element",
			"from": [ 6.95, 18.35, 7.9005 ],
			"to": [ 7.75, 18.45, 8.09942 ],
			"rotation": { "origin": [ 7.35, 18.85, 8 ], "axis": "x", "angle": -45 },
			"faces": {
				"down": { "uv": [ 13, 10, 14, 11 ], "texture": "#4" },
				"up": { "uv": [ 15.99, 6, 15.99, 7 ], "texture": "#7", "rotation": 90 },
				"west": { "uv": [ 10, 10, 16, 11 ], "texture": "#4", "rotation": 270 },
				"east": { "uv": [ 0.01, 0.01000023, 0.01, 0.01000023 ], "texture": "#4", "rotation": 270 }
			}
		},
		{
			"__comment": "Element",
			"from": [ 6.95, 18.7505, 7.5 ],
			"to": [ 7.75, 18.94942, 7.6 ],
			"rotation": { "origin": [ 7.35, 18.85, 8 ], "axis": "x", "angle": -22.5 },
			"faces": {
				"north": { "uv": [ 12, 10, 13, 11 ], "texture": "#4", "rotation": 180 },
				"south": { "uv": [ 15.99, 6, 15.99, 7 ], "texture": "#7", "rotation": 90 },
				"west": { "uv": [ 10, 10, 16, 11 ], "texture": "#4" },
				"east": { "uv": [ 0.01, 0.01000023, 0.01, 0.01000023 ], "texture": "#4", "rotation": 180 }
			}
		},
		{
			"__comment": "Element",
			"from": [ 6.95, 18.7505, 7.5 ],
			"to": [ 7.75, 18.94942, 7.6 ],
			"rotation": { "origin": [ 7.35, 18.85, 8 ], "axis": "x", "angle": 22.5 },
			"faces": {
				"north": { "uv": [ 15.99, 6, 15.99, 7 ], "texture": "#7", "rotation": 270 },
				"south": { "uv": [ 15.99, 6, 15.99, 7 ], "texture": "#7" },
				"west": { "uv": [ 10, 10, 16, 11 ], "texture": "#4" },
				"east": { "uv": [ 0.01, 0.01000023, 0.01, 0.01000023 ], "texture": "#4" }
			}
		},
		{
			"__comment": "Element",
			"from": [ 6.95, 18.7505, 7.5 ],
			"to": [ 7.75, 18.94942, 7.6 ],
			"faces": {
				"north": { "uv": [ 15.99, 4, 15.99, 5 ], "texture": "#7", "rotation": 180 },
				"south": { "uv": [ 15.99, 6, 15.99, 7 ], "texture": "#7", "rotation": 90 },
				"west": { "uv": [ 10, 10, 16, 11 ], "texture": "#4" },
				"east": { "uv": [ 0.01, 0.01000023, 0.01, 0.01000023 ], "texture": "#4", "rotation": 180 }
			}
		},
		{
			"__comment": "Element",
			"from": [ 6.95, 18.7505, 8.4 ],
			"to": [ 7.75, 18.94942, 8.5 ],
			"rotation": { "origin": [ 7.35, 18.85, 8 ], "axis": "x", "angle": -22.5 },
			"faces": {
				"north": { "uv": [ 15.99, 6, 15.99, 7 ], "texture": "#7", "rotation": 180 },
				"south": { "uv": [ 15.99, 6, 15.99, 7 ], "texture": "#7", "rotation": 90 },
				"west": { "uv": [ 10, 10, 16, 11 ], "texture": "#4", "rotation": 180 },
				"east": { "uv": [ 0.01, 0.01000023, 0.01, 0.01000023 ], "texture": "#4", "rotation": 180 }
			}
		},
		{
			"__comment": "Element",
			"from": [ 6.95, 18.7505, 8.4 ],
			"to": [ 7.75, 18.94942, 8.5 ],
			"faces": {
				"north": { "uv": [ 15.99, 6, 15.99, 7 ], "texture": "#7", "rotation": 180 },
				"south": { "uv": [ 15.99, 6, 15.99, 7 ], "texture": "#7", "rotation": 90 },
				"west": { "uv": [ 10, 10, 16, 11 ], "texture": "#4", "rotation": 180 },
				"east": { "uv": [ 0.01, 0.01000023, 0.01, 0.01000023 ], "texture": "#4", "rotation": 180 }
			}
		},
		{
			"__comment": "Element",
			"from": [ 6.95, 18.7505, 8.4 ],
			"to": [ 7.75, 18.94942, 8.5 ],
			"rotation": { "origin": [ 7.35, 18.85, 8 ], "axis": "x", "angle": 22.5 },
			"faces": {
				"north": { "uv": [ 15.99, 6, 15.99, 7 ], "texture": "#7", "rotation": 270 },
				"south": { "uv": [ 12, 10, 13, 11 ], "texture": "#4" },
				"west": { "uv": [ 10, 10, 16, 11 ], "texture": "#4", "rotation": 180 },
				"east": { "uv": [ 0.01, 0.01000023, 0.01, 0.01000023 ], "texture": "#4" }
			}
		},
		{
			"__comment": "Element",
			"from": [ 6.95, 19.25, 7.9005 ],
			"to": [ 7.75, 19.35, 8.09942 ],
			"rotation": { "origin": [ 7.35, 18.85, 8 ], "axis": "x", "angle": 45 },
			"faces": {
				"down": { "uv": [ 15.99, 6, 15.99, 7 ], "texture": "#7" },
				"up": { "uv": [ 15.99, 6, 15.99, 7 ], "texture": "#7", "rotation": 90 },
				"west": { "uv": [ 10, 10, 16, 11 ], "texture": "#4", "rotation": 90 },
				"east": { "uv": [ 0.01, 0.01000023, 0.01, 0.01000023 ], "texture": "#4", "rotation": 270 }
			}
		},
		{
			"__comment": "Element",
			"from": [ 6.95, 19.25, 7.9005 ],
			"to": [ 7.75, 19.35, 8.09942 ],
			"rotation": { "origin": [ 7.35, 18.85, 8 ], "axis": "x", "angle": -45 },
			"faces": {
				"down": { "uv": [ 15.99, 6, 15.99, 7 ], "texture": "#7" },
				"up": { "uv": [ 15.99, 6, 15.99, 7 ], "texture": "#7", "rotation": 90 },
				"west": { "uv": [ 10, 10, 16, 11 ], "texture": "#4", "rotation": 90 },
				"east": { "uv": [ 0.01, 0.01000023, 0.01, 0.01000023 ], "texture": "#4", "rotation": 270 }
			}
		},
		{
			"__comment": "Element",
			"from": [ 6.95, 19.25, 7.9005 ],
			"to": [ 7.75, 19.35, 8.09942 ],
			"faces": {
				"down": { "uv": [ 15.99, 6, 15.99, 7 ], "texture": "#7" },
				"up": { "uv": [ 15.99, 0, 15.99, 1 ], "texture": "#7", "rotation": 90 },
				"west": { "uv": [ 10, 10, 16, 11 ], "texture": "#4", "rotation": 90 },
				"east": { "uv": [ 0.01, 0.01000023, 0.01, 0.01000023 ], "texture": "#4", "rotation": 270 }
			}
		},
		{
			"__comment": "Element",
			"from": [ 6.95, 19.25, 7.9005 ],
			"to": [ 7.75, 19.35, 8.09942 ],
			"rotation": { "origin": [ 7.35, 18.85, 8 ], "axis": "x", "angle": 22.5 },
			"faces": {
				"down": { "uv": [ 15.99, 6, 15.99, 7 ], "texture": "#7" },
				"up": { "uv": [ 15.99, 6, 15.99, 7 ], "texture": "#7", "rotation": 90 },
				"west": { "uv": [ 10, 10, 16, 11 ], "texture": "#4", "rotation": 90 },
				"east": { "uv": [ 0.01, 0.01000023, 0.01, 0.01000023 ], "texture": "#4", "rotation": 270 }
			}
		},
		{
			"__comment": "Element",
			"from": [ -1.85, 18.7505, 7.5 ],
			"to": [ 1.8, 18.94942, 7.6 ],
			"faces": {
				"north": { "uv": [ 11, 10, 12, 11 ], "texture": "#4", "rotation": 180 },
				"south": { "uv": [ 0.01, 0.01000023, 0.01, 0.01000023 ], "texture": "#4", "rotation": 90 },
				"east": { "uv": [ 11, 10, 12, 11 ], "texture": "#4", "rotation": 180 }
			}
		},
		{
			"__comment": "Element",
			"from": [ -1.85, 18.7505, 7.5 ],
			"to": [ 1.8, 18.94942, 7.6 ],
			"rotation": { "origin": [ 0.55, 18.85, 8 ], "axis": "x", "angle": 22.5 },
			"faces": {
				"north": { "uv": [ 11, 10, 12, 11 ], "texture": "#4", "rotation": 270 },
				"south": { "uv": [ 0.01, 0.01000023, 0.01, 0.01000023 ], "texture": "#4" },
				"east": { "uv": [ 10, 10, 11, 11 ], "texture": "#4" }
			}
		},
		{
			"__comment": "Element",
			"from": [ -1.85, 19.25, 7.9005 ],
			"to": [ 1.8, 19.35, 8.09942 ],
			"rotation": { "origin": [ 0.55, 18.85, 8 ], "axis": "x", "angle": -45 },
			"faces": {
				"down": { "uv": [ 0.01, 0.01000023, 0.01, 0.01000023 ], "texture": "#4" },
				"up": { "uv": [ 11, 10, 12, 11 ], "texture": "#4", "rotation": 270 },
				"east": { "uv": [ 0.01, 0.01000023, 0.01, 0.01000023 ], "texture": "#7", "rotation": 270 }
			}
		},
		{
			"__comment": "Element",
			"from": [ -1.85, 19.25, 7.9005 ],
			"to": [ 1.8, 19.35, 8.09942 ],
			"rotation": { "origin": [ 0.55, 18.85, 8 ], "axis": "x", "angle": -22.5 },
			"faces": {
				"down": { "uv": [ 0.01, 0.01000023, 0.01, 0.01000023 ], "texture": "#4" },
				"up": { "uv": [ 15.99, 4, 15.99, 5 ], "texture": "#7", "rotation": 90 },
				"east": { "uv": [ 14, 12, 16, 13 ], "texture": "#7", "rotation": 90 }
			}
		},
		{
			"__comment": "Element",
			"from": [ -1.85, 19.25, 7.9005 ],
			"to": [ 1.8, 19.35, 8.09942 ],
			"faces": {
				"down": { "uv": [ 0.01, 0.01000023, 0.01, 0.01000023 ], "texture": "#4" },
				"up": { "uv": [ 15, 0, 16, 1 ], "texture": "#7" },
				"east": { "uv": [ 13, 9, 16, 10 ], "texture": "#7", "rotation": 90 }
			}
		},
		{
			"__comment": "Element",
			"from": [ -1.85, 19.25, 7.9005 ],
			"to": [ 1.8, 19.35, 8.09942 ],
			"rotation": { "origin": [ 0.55, 18.85, 8 ], "axis": "x", "angle": 22.5 },
			"faces": {
				"down": { "uv": [ 0.01, 0.01000023, 0.01, 0.01000023 ], "texture": "#4" },
				"up": { "uv": [ 15.99, 5, 15.99, 6 ], "texture": "#7", "rotation": 270 },
				"east": { "uv": [ 14, 10, 16, 11 ], "texture": "#7", "rotation": 90 }
			}
		},
		{
			"__comment": "Element",
			"from": [ -1.85, 19.25, 7.9005 ],
			"to": [ 1.8, 19.35, 8.09942 ],
			"rotation": { "origin": [ 0.55, 18.85, 8 ], "axis": "x", "angle": 45 },
			"faces": {
				"down": { "uv": [ 0.01, 0.01000023, 0.01, 0.01000023 ], "texture": "#4" },
				"up": { "uv": [ 15.99, 6, 15.99, 7 ], "texture": "#7", "rotation": 90 },
				"east": { "uv": [ 0, 0, 1, 1 ], "texture": "#7", "rotation": 270 }
			}
		},
		{
			"__comment": "Element",
			"from": [ -1.85, 18.7505, 8.4 ],
			"to": [ 1.8, 18.94942, 8.5 ],
			"rotation": { "origin": [ 0.55, 18.85, 8 ], "axis": "x", "angle": -22.5 },
			"faces": {
				"north": { "uv": [ 0.01, 0.01000023, 0.01, 0.01000023 ], "texture": "#4", "rotation": 180 },
				"south": { "uv": [ 15.99, 6, 15.99, 7 ], "texture": "#7", "rotation": 90 },
				"east": { "uv": [ 10, 10, 11, 11 ], "texture": "#4", "rotation": 180 }
			}
		},
		{
			"__comment": "Element",
			"from": [ -1.85, 18.7505, 8.4 ],
			"to": [ 1.8, 18.94942, 8.5 ],
			"faces": {
				"north": { "uv": [ 0.01, 0.01000023, 0.01, 0.01000023 ], "texture": "#4", "rotation": 180 },
				"south": { "uv": [ 12, 10, 13, 11 ], "texture": "#4", "rotation": 90 },
				"east": { "uv": [ 11, 10, 12, 11 ], "texture": "#4", "rotation": 180 }
			}
		},
		{
			"__comment": "Element",
			"from": [ -1.85, 18.7505, 8.4 ],
			"to": [ 1.8, 18.94942, 8.5 ],
			"rotation": { "origin": [ 0.55, 18.85, 8 ], "axis": "x", "angle": 22.5 },
			"faces": {
				"north": { "uv": [ 0.01, 0.01000023, 0.01, 0.01000023 ], "texture": "#4", "rotation": 270 },
				"south": { "uv": [ 13, 10, 14, 11 ], "texture": "#4" },
				"east": { "uv": [ 0.01, 0.01000023, 0.01, 0.01000023 ], "texture": "#4" }
			}
		},
		{
			"__comment": "Element",
			"from": [ -1.85, 18.35, 7.9005 ],
			"to": [ 1.8, 18.45, 8.09942 ],
			"rotation": { "origin": [ 0.55, 18.85, 8 ], "axis": "x", "angle": -45 },
			"faces": {
				"down": { "uv": [ 15, 10, 16, 11 ], "texture": "#4" },
				"up": { "uv": [ 0.01, 0.01000023, 0.01, 0.01000023 ], "texture": "#4", "rotation": 90 },
				"east": { "uv": [ 0.01, 0.01000023, 0.01, 0.01000023 ], "texture": "#4", "rotation": 270 }
			}
		},
		{
			"__comment": "Element",
			"from": [ -1.85, 18.35, 7.9005 ],
			"to": [ 1.8, 18.45, 8.09942 ],
			"rotation": { "origin": [ 0.55, 18.85, 8 ], "axis": "x", "angle": -22.5 },
			"faces": {
				"down": { "uv": [ 15.99, 6, 15.99, 7 ], "texture": "#4" },
				"up": { "uv": [ 0.01, 0.01000023, 0.01, 0.01000023 ], "texture": "#4", "rotation": 90 },
				"east": { "uv": [ 0.01, 0.01000023, 0.01, 0.01000023 ], "texture": "#4", "rotation": 270 }
			}
		},
		{
			"__comment": "Element",
			"from": [ -1.85, 18.35, 7.9005 ],
			"to": [ 1.8, 18.45, 8.09942 ],
			"faces": {
				"down": { "uv": [ 15.99, 5, 15.99, 6 ], "texture": "#4" },
				"up": { "uv": [ 0.01, 0.01000023, 0.01, 0.01000023 ], "texture": "#4", "rotation": 90 },
				"east": { "uv": [ 0.01, 0.01000023, 0.01, 0.01000023 ], "texture": "#4", "rotation": 270 }
			}
		},
		{
			"__comment": "Element",
			"from": [ -1.85, 18.35, 7.9005 ],
			"to": [ 1.8, 18.45, 8.09942 ],
			"rotation": { "origin": [ 0.55, 18.85, 8 ], "axis": "x", "angle": 22.5 },
			"faces": {
				"down": { "uv": [ 15.99, 7, 15.99, 8 ], "texture": "#4" },
				"up": { "uv": [ 0.01, 0.01000023, 0.01, 0.01000023 ], "texture": "#4", "rotation": 90 },
				"east": { "uv": [ 0.01, 0.01000023, 0.01, 0.01000023 ], "texture": "#4", "rotation": 270 }
			}
		},
		{
			"__comment": "Element",
			"from": [ -1.85, 18.35, 7.9005 ],
			"to": [ 1.8, 18.45, 8.09942 ],
			"rotation": { "origin": [ 0.55, 18.85, 8 ], "axis": "x", "angle": 45 },
			"faces": {
				"down": { "uv": [ 15, 11, 16, 12 ], "texture": "#4" },
				"up": { "uv": [ 0.01, 0.01000023, 0.01, 0.01000023 ], "texture": "#4", "rotation": 90 },
				"east": { "uv": [ 0.01, 0.01000023, 0.01, 0.01000023 ], "texture": "#4", "rotation": 270 }
			}
		},
		{
			"__comment": "Element",
			"from": [ -1.85, 18.7505, 7.5 ],
			"to": [ 1.8, 18.94942, 7.6 ],
			"rotation": { "origin": [ 0.55, 18.85, 8 ], "axis": "x", "angle": -22.5 },
			"faces": {
				"north": { "uv": [ 13, 10, 14, 11 ], "texture": "#4", "rotation": 180 },
				"south": { "uv": [ 0.01, 0.01000023, 0.01, 0.01000023 ], "texture": "#4", "rotation": 90 },
				"east": { "uv": [ 0.01, 0.01000023, 0.01, 0.01000023 ], "texture": "#4", "rotation": 180 }
			}
		},
		{
			"__comment": "Element",
			"from": [ -1.65, 18.45, 7.9204 ],
			"to": [ 7.1, 18.5, 8.079519 ],
			"faces": {
				"down": { "uv": [ 15.99, 6, 15.99, 7 ], "texture": "#4" },
				"up": { "uv": [ 15.99, 6, 15.99, 7 ], "texture": "#7", "rotation": 90 },
				"west": { "uv": [ 10, 10, 11, 11 ], "texture": "#4", "rotation": 90 },
				"east": { "uv": [ 0.01, 0.01000023, 0.01, 0.01000023 ], "texture": "#4", "rotation": 270 }
			}
		},
		{
			"__comment": "Element",
			"from": [ -1.65, 18.45, 7.9204 ],
			"to": [ 7.1, 18.5, 8.079519 ],
			"rotation": { "origin": [ -1.25, 18.85, 8 ], "axis": "x", "angle": 22.5 },
			"faces": {
				"down": { "uv": [ 15.99, 6, 15.99, 7 ], "texture": "#4" },
				"up": { "uv": [ 15.99, 6, 15.99, 7 ], "texture": "#7", "rotation": 90 },
				"west": { "uv": [ 11, 10, 12, 11 ], "texture": "#4", "rotation": 90 },
				"east": { "uv": [ 0.01, 0.01000023, 0.01, 0.01000023 ], "texture": "#4", "rotation": 270 }
			}
		},
		{
			"__comment": "Element",
			"from": [ -1.65, 18.45, 7.9204 ],
			"to": [ 7.1, 18.5, 8.079519 ],
			"rotation": { "origin": [ -1.25, 18.85, 8 ], "axis": "x", "angle": -22.5 },
			"faces": {
				"down": { "uv": [ 15.99, 6, 15.99, 7 ], "texture": "#4" },
				"up": { "uv": [ 15.99, 6, 15.99, 7 ], "texture": "#7", "rotation": 90 },
				"west": { "uv": [ 11, 10, 12, 11 ], "texture": "#4", "rotation": 90 },
				"east": { "uv": [ 0.01, 0.01000023, 0.01, 0.01000023 ], "texture": "#4", "rotation": 270 }
			}
		},
		{
			"__comment": "Element",
			"from": [ -1.65, 18.45, 7.9204 ],
			"to": [ 7.1, 18.5, 8.079519 ],
			"rotation": { "origin": [ -1.25, 18.85, 8 ], "axis": "x", "angle": 45 },
			"faces": {
				"down": { "uv": [ 12.99, 6, 12.99, 7 ], "texture": "#4" },
				"up": { "uv": [ 15.99, 6, 15.99, 7 ], "texture": "#7", "rotation": 90 },
				"west": { "uv": [ 12, 10, 13, 11 ], "texture": "#4", "rotation": 90 },
				"east": { "uv": [ 0.01, 0.01000023, 0.01, 0.01000023 ], "texture": "#4", "rotation": 270 }
			}
		},
		{
			"__comment": "Element",
			"from": [ -1.65, 18.7704, 7.6 ],
			"to": [ 7.1, 18.92952, 7.65 ],
			"rotation": { "origin": [ -1.25, 18.85, 8 ], "axis": "x", "angle": -22.5 },
			"faces": {
				"north": { "uv": [ 11.99, 5, 11.99, 6 ], "texture": "#4", "rotation": 180 },
				"south": { "uv": [ 15.99, 6, 15.99, 7 ], "texture": "#7", "rotation": 90 },
				"west": { "uv": [ 15, 10, 16, 11 ], "texture": "#4", "rotation": 180 },
				"east": { "uv": [ 0.01, 0.01000023, 0.01, 0.01000023 ], "texture": "#4", "rotation": 180 }
			}
		},
		{
			"__comment": "Element",
			"from": [ -1.65, 18.45, 7.9204 ],
			"to": [ 7.1, 18.5, 8.079519 ],
			"rotation": { "origin": [ -1.25, 18.85, 8 ], "axis": "x", "angle": -45 },
			"faces": {
				"down": { "uv": [ 12.99, 6, 12.99, 7 ], "texture": "#4" },
				"up": { "uv": [ 15.99, 6, 15.99, 7 ], "texture": "#7", "rotation": 90 },
				"west": { "uv": [ 12, 10, 13, 11 ], "texture": "#4", "rotation": 90 },
				"east": { "uv": [ 0.01, 0.01000023, 0.01, 0.01000023 ], "texture": "#4", "rotation": 270 }
			}
		},
		{
			"__comment": "Element",
			"from": [ -1.65, 18.7704, 7.6 ],
			"to": [ 7.1, 18.92952, 7.65 ],
			"faces": {
				"north": { "uv": [ 15.99, 6, 15.99, 7 ], "texture": "#7", "rotation": 180 },
				"south": { "uv": [ 15.99, 6, 15.99, 7 ], "texture": "#7", "rotation": 90 },
				"west": { "uv": [ 15, 10, 16, 11 ], "texture": "#4", "rotation": 180 },
				"east": { "uv": [ 0.01, 0.01000023, 0.01, 0.01000023 ], "texture": "#4", "rotation": 180 }
			}
		},
		{
			"__comment": "Element",
			"from": [ -1.65, 18.7704, 7.6 ],
			"to": [ 7.1, 18.92952, 7.65 ],
			"rotation": { "origin": [ -1.25, 18.85, 8 ], "axis": "x", "angle": 22.5 },
			"faces": {
				"north": { "uv": [ 15.99, 6, 15.99, 7 ], "texture": "#7", "rotation": 180 },
				"south": { "uv": [ 15.99, 6, 15.99, 7 ], "texture": "#7", "rotation": 90 },
				"west": { "uv": [ 15, 10, 16, 11 ], "texture": "#4", "rotation": 180 },
				"east": { "uv": [ 0.01, 0.01000023, 0.01, 0.01000023 ], "texture": "#4", "rotation": 180 }
			}
		},
		{
			"__comment": "Element",
			"from": [ -1.65, 18.7704, 8.349999 ],
			"to": [ 7.1, 18.92952, 8.399999 ],
			"rotation": { "origin": [ -1.25, 18.85, 8 ], "axis": "x", "angle": -22.5 },
			"faces": {
				"north": { "uv": [ 15.99, 6, 15.99, 7 ], "texture": "#7", "rotation": 180 },
				"south": { "uv": [ 15.99, 6, 15.99, 7 ], "texture": "#7", "rotation": 90 },
				"west": { "uv": [ 15, 10, 16, 11 ], "texture": "#4", "rotation": 180 },
				"east": { "uv": [ 0.01, 0.01000023, 0.01, 0.01000023 ], "texture": "#4", "rotation": 180 }
			}
		},
		{
			"__comment": "Element",
			"from": [ -1.65, 18.7704, 8.349999 ],
			"to": [ 7.1, 18.92952, 8.399999 ],
			"faces": {
				"north": { "uv": [ 15.99, 6, 15.99, 7 ], "texture": "#7", "rotation": 180 },
				"south": { "uv": [ 15.99, 6, 15.99, 7 ], "texture": "#7", "rotation": 90 },
				"west": { "uv": [ 15, 10, 16, 11 ], "texture": "#4", "rotation": 180 },
				"east": { "uv": [ 0.01, 0.01000023, 0.01, 0.01000023 ], "texture": "#4", "rotation": 180 }
			}
		},
		{
			"__comment": "Element",
			"from": [ -1.65, 18.7704, 8.349999 ],
			"to": [ 7.1, 18.92952, 8.399999 ],
			"rotation": { "origin": [ -1.25, 18.85, 8 ], "axis": "x", "angle": 22.5 },
			"faces": {
				"north": { "uv": [ 15.99, 6, 15.99, 7 ], "texture": "#7", "rotation": 180 },
				"south": { "uv": [ 10.99, 6, 10.99, 7 ], "texture": "#4", "rotation": 90 },
				"west": { "uv": [ 15, 10, 16, 11 ], "texture": "#4", "rotation": 180 },
				"east": { "uv": [ 0.01, 0.01000023, 0.01, 0.01000023 ], "texture": "#4", "rotation": 180 }
			}
		},
		{
			"__comment": "Element",
			"from": [ -1.65, 19.2, 7.9204 ],
			"to": [ 7.1, 19.25, 8.079519 ],
			"rotation": { "origin": [ -1.25, 18.85, 8 ], "axis": "x", "angle": -45 },
			"faces": {
				"down": { "uv": [ 15.99, 6, 15.99, 7 ], "texture": "#7" },
				"up": { "uv": [ 15.99, 6, 15.99, 7 ], "texture": "#7", "rotation": 90 },
				"west": { "uv": [ 15, 10, 16, 11 ], "texture": "#4", "rotation": 90 },
				"east": { "uv": [ 0.01, 0.01000023, 0.01, 0.01000023 ], "texture": "#4", "rotation": 270 }
			}
		},
		{
			"__comment": "Element",
			"from": [ -1.65, 19.2, 7.9204 ],
			"to": [ 7.1, 19.25, 8.079519 ],
			"rotation": { "origin": [ -1.25, 18.85, 8 ], "axis": "x", "angle": -22.5 },
			"faces": {
				"down": { "uv": [ 15.99, 6, 15.99, 7 ], "texture": "#7" },
				"up": { "uv": [ 15.99, 6, 15.99, 7 ], "texture": "#7", "rotation": 90 },
				"west": { "uv": [ 15, 10, 16, 11 ], "texture": "#4", "rotation": 90 },
				"east": { "uv": [ 0.01, 0.01000023, 0.01, 0.01000023 ], "texture": "#4", "rotation": 270 }
			}
		},
		{
			"__comment": "Element",
			"from": [ -1.65, 19.2, 7.9204 ],
			"to": [ 7.1, 19.25, 8.079519 ],
			"faces": {
				"down": { "uv": [ 15.99, 6, 15.99, 7 ], "texture": "#7" },
				"up": { "uv": [ 15, 0, 16, 1 ], "texture": "#7", "rotation": 90 },
				"west": { "uv": [ 15, 10, 16, 11 ], "texture": "#4", "rotation": 90 },
				"east": { "uv": [ 0.01, 0.01000023, 0.01, 0.01000023 ], "texture": "#4", "rotation": 270 }
			}
		},
		{
			"__comment": "Element",
			"from": [ -1.65, 19.2, 7.9204 ],
			"to": [ 7.1, 19.25, 8.079519 ],
			"rotation": { "origin": [ -1.25, 18.85, 8 ], "axis": "x", "angle": 22.5 },
			"faces": {
				"down": { "uv": [ 15.99, 6, 15.99, 7 ], "texture": "#7" },
				"up": { "uv": [ 15.99, 6, 15.99, 7 ], "texture": "#7", "rotation": 90 },
				"west": { "uv": [ 15, 10, 16, 11 ], "texture": "#4", "rotation": 90 },
				"east": { "uv": [ 0.01, 0.01000023, 0.01, 0.01000023 ], "texture": "#4", "rotation": 270 }
			}
		},
		{
			"__comment": "Element",
			"from": [ -1.65, 19.2, 7.9204 ],
			"to": [ 7.1, 19.25, 8.079519 ],
			"rotation": { "origin": [ -1.25, 18.85, 8 ], "axis": "x", "angle": 45 },
			"faces": {
				"down": { "uv": [ 15.99, 6, 15.99, 7 ], "texture": "#7" },
				"up": { "uv": [ 15.99, 6, 15.99, 7 ], "texture": "#7", "rotation": 90 },
				"west": { "uv": [ 15, 10, 16, 11 ], "texture": "#4", "rotation": 90 },
				"east": { "uv": [ 0.01, 0.01000023, 0.01, 0.01000023 ], "texture": "#4", "rotation": 270 }
			}
		},
		{
			"__comment": "Element",
			"from": [ 3.95, 19.55, 7.6 ],
			"to": [ 4.10913, 19.9, 8.4 ],
			"rotation": { "origin": [ 4.02956, 19.75, 8 ], "axis": "y", "angle": 22.5 },
			"faces": {
				"up": { "uv": [ 0, 5, 16, 9 ], "texture": "#9", "rotation": 270 },
				"north": { "uv": [ 9, 8, 10, 16 ], "texture": "#3", "rotation": 90 },
				"south": { "uv": [ 9, 8, 10, 16 ], "texture": "#3", "rotation": 90 }
			}
		},
		{
			"__comment": "Element",
			"from": [ 3.95, 19.55, 7.6 ],
			"to": [ 4.10913, 19.9, 8.4 ],
			"rotation": { "origin": [ 4.02956, 19.75, 8 ], "axis": "y", "angle": -22.5 },
			"faces": {
				"up": { "uv": [ 0, 6, 16, 10 ], "texture": "#9", "rotation": 90 },
				"north": { "uv": [ 9, 8, 10, 16 ], "texture": "#3", "rotation": 90 },
				"south": { "uv": [ 9, 8, 10, 16 ], "texture": "#3", "rotation": 90 }
			}
		},
		{
			"__comment": "Element",
			"from": [ 3.95, 19.55, 7.6 ],
			"to": [ 4.10913, 19.9, 8.4 ],
			"rotation": { "origin": [ 4.02956, 19.75, 8 ], "axis": "y", "angle": 45 },
			"faces": {
				"up": { "uv": [ 6, 0, 10, 16 ], "texture": "#9", "rotation": 180 },
				"north": { "uv": [ 9, 8, 10, 16 ], "texture": "#3", "rotation": 90 },
				"south": { "uv": [ 9, 8, 10, 16 ], "texture": "#3", "rotation": 90 }
			}
		},
		{
			"__comment": "Element",
			"from": [ 3.95, 19.55, 7.6 ],
			"to": [ 4.10913, 19.9, 8.4 ],
			"rotation": { "origin": [ 4.02956, 19.75, 8 ], "axis": "y", "angle": -45 },
			"faces": {
				"up": { "uv": [ 6, 0, 10, 16 ], "texture": "#9" },
				"north": { "uv": [ 9, 8, 10, 16 ], "texture": "#3", "rotation": 90 },
				"south": { "uv": [ 9, 8, 10, 16 ], "texture": "#3", "rotation": 90 }
			}
		},
		{
			"__comment": "Element",
			"from": [ 3.6296, 19.55, 7.9204 ],
			"to": [ 4.4296, 19.9, 8.079519 ],
			"rotation": { "origin": [ 4.02956, 19.75, 8 ], "axis": "y", "angle": -22.5 },
			"faces": {
				"up": { "uv": [ 6, 0, 10, 16 ], "texture": "#9", "rotation": 270 },
				"west": { "uv": [ 9, 8, 10, 16 ], "texture": "#3", "rotation": 90 },
				"east": { "uv": [ 9, 8, 10, 16 ], "texture": "#3", "rotation": 90 }
			}
		},
		{
			"__comment": "Element",
			"from": [ 3.6296, 19.55, 7.9204 ],
			"to": [ 4.4296, 19.9, 8.079519 ],
			"rotation": { "origin": [ 4.02956, 19.75, 8 ], "axis": "y", "angle": 22.5 },
			"faces": {
				"up": { "uv": [ 0, 6, 16, 10 ], "texture": "#9", "rotation": 180 },
				"west": { "uv": [ 9, 8, 10, 16 ], "texture": "#3", "rotation": 90 },
				"east": { "uv": [ 9, 8, 10, 16 ], "texture": "#3", "rotation": 90 }
			}
		},
		{
			"__comment": "Element",
			"from": [ 3.6296, 19.55, 7.9204 ],
			"to": [ 4.4296, 19.9, 8.079519 ],
			"faces": {
				"up": { "uv": [ 6, 0, 10, 16 ], "texture": "#9", "rotation": 270 },
				"west": { "uv": [ 9, 8, 10, 16 ], "texture": "#3", "rotation": 90 },
				"east": { "uv": [ 9, 8, 10, 16 ], "texture": "#3", "rotation": 90 }
			}
		},
		{
			"__comment": "Element",
			"from": [ 4.748, 17.684, 7.325 ],
			"to": [ 5.248, 17.883, 8.175 ],
			"rotation": { "origin": [ 0.99895, 17.8495, 7.5 ], "axis": "x", "angle": -45 },
			"faces": {
				"down": { "uv": [ 0.01, 0.01000023, 0.01, 0.01000023 ], "texture": "#4" },
				"up": { "uv": [ 10, 10, 16, 11 ], "texture": "#4", "rotation": 180 },
				"north": { "uv": [ 10, 10, 16, 11 ], "texture": "#4" },
				"south": { "uv": [ 10, 10, 16, 11 ], "texture": "#4", "rotation": 180 },
				"west": { "uv": [ 9, 9, 12, 10 ], "texture": "#4" },
				"east": { "uv": [ 0, 1, 7, 2 ], "texture": "#4" }
			}
		},
		{
			"__comment": "Element",
			"from": [ 6.5, 18.5, 7.65 ],
			"to": [ 7.2, 19.2, 8.35 ],
			"faces": {
				"east": { "uv": [ 1, 1, 15, 15 ], "texture": "#a" }
			}
		},
		{
			"__comment": "Element",
			"from": [ 6.3, 18.825, 7.6 ],
			"to": [ 7, 18.875, 8.4 ],
			"faces": {
				"west": { "uv": [ 0, 0, 16, 16 ], "texture": "#b", "rotation": 90 }
			}
		},
		{
			"__comment": "Element",
			"from": [ 6.3, 18.45, 7.975 ],
			"to": [ 7, 19.25, 8.025 ],
			"faces": {
				"west": { "uv": [ 0, 0, 16, 16 ], "texture": "#b", "rotation": 180 }
			}
		},
		{
			"__comment": "Element",
			"from": [ 6.3, 18.8, 7.9 ],
			"to": [ 7, 18.85, 8.1 ],
			"faces": {
				"west": { "uv": [ 0, 0, 16, 16 ], "texture": "#b", "rotation": 90 }
			}
		},
		{
			"__comment": "Element",
			"from": [ 6.3, 18.775, 7.925 ],
			"to": [ 7, 18.825, 8.074999 ],
			"faces": {
				"west": { "uv": [ 0, 0, 16, 16 ], "texture": "#b", "rotation": 90 }
			}
		},
		{
			"__comment": "Element",
			"from": [ 6.3, 18.75, 7.95 ],
			"to": [ 7, 18.8, 8.05 ],
			"faces": {
				"west": { "uv": [ 0, 0, 16, 16 ], "texture": "#b", "rotation": 90 }
			}
		},
		{
			"__comment": "Element",
			"from": [ 6.95, 19.25, 7.9005 ],
			"to": [ 7.75, 19.35, 8.09942 ],
			"rotation": { "origin": [ 7.35, 18.85, 8 ], "axis": "x", "angle": -22.5 },
			"faces": {
				"down": { "uv": [ 15.99, 7, 15.99, 6 ], "texture": "#7" },
				"up": { "uv": [ 15.99, 6, 15.99, 7 ], "texture": "#7", "rotation": 90 },
				"west": { "uv": [ 10, 11, 16, 10 ], "texture": "#4", "rotation": 90 },
				"east": { "uv": [ 0.01, 0.01000023, 0.01, 0.01000023 ], "texture": "#4", "rotation": 270 }
			}
		},
		{
			"__comment": "Element",
			"from": [ -1.35, 19.35, 7.8807 ],
			"to": [ -1.25, 19.45, 8.1194 ],
			"rotation": { "origin": [ -0.95, 18.85, 8 ], "axis": "x", "angle": -22.5 },
			"faces": {
				"up": { "uv": [ 15.99, 6, 15.99, 7 ], "texture": "#7", "rotation": 90 },
				"west": { "uv": [ 10, 10, 16, 11 ], "texture": "#4", "rotation": 90 },
				"east": { "uv": [ 0.01, 0.01000023, 0.01, 0.01000023 ], "texture": "#4", "rotation": 270 }
			}
		},
		{
			"__comment": "Element",
			"from": [ -1.35, 19.35, 7.8807 ],
			"to": [ -1.25, 19.45, 8.1194 ],
			"rotation": { "origin": [ -0.95, 18.85, 8 ], "axis": "x", "angle": -45 },
			"faces": {
				"up": { "uv": [ 15.99, 6, 15.99, 7 ], "texture": "#7", "rotation": 90 },
				"west": { "uv": [ 10, 10, 16, 11 ], "texture": "#4", "rotation": 90 },
				"east": { "uv": [ 0.01, 0.01000023, 0.01, 0.01000023 ], "texture": "#4", "rotation": 270 }
			}
		},
		{
			"__comment": "Element",
			"from": [ -1.35, 18.7306, 7.4 ],
			"to": [ -1.25, 18.9693, 7.5 ],
			"rotation": { "origin": [ -0.95, 18.85, 8 ], "axis": "x", "angle": 22.5 },
			"faces": {
				"north": { "uv": [ 15.99, 6, 15.99, 7 ], "texture": "#7", "rotation": 270 },
				"west": { "uv": [ 10, 10, 16, 11 ], "texture": "#4" },
				"east": { "uv": [ 0.01, 0.01000023, 0.01, 0.01000023 ], "texture": "#4" }
			}
		},
		{
			"__comment": "Element",
			"from": [ -1.35, 18.7306, 7.4 ],
			"to": [ -1.25, 18.9693, 7.5 ],
			"faces": {
				"north": { "uv": [ 15.99, 6, 15.99, 7 ], "texture": "#7", "rotation": 180 },
				"west": { "uv": [ 10, 10, 16, 11 ], "texture": "#4" },
				"east": { "uv": [ 0.01, 0.01000023, 0.01, 0.01000023 ], "texture": "#4", "rotation": 180 }
			}
		},
		{
			"__comment": "Element",
			"from": [ -1.35, 18.7306, 7.4 ],
			"to": [ -1.25, 18.9693, 7.5 ],
			"rotation": { "origin": [ -0.95, 18.85, 8 ], "axis": "x", "angle": -22.5 },
			"faces": {
				"up": { "uv": [ 12, 10, 13, 11 ], "texture": "#4", "rotation": 180 },
				"north": { "uv": [ 12, 10, 13, 11 ], "texture": "#4", "rotation": 180 },
				"west": { "uv": [ 10, 10, 16, 11 ], "texture": "#4" },
				"east": { "uv": [ 0.01, 0.01000023, 0.01, 0.01000023 ], "texture": "#4", "rotation": 180 }
			}
		},
		{
			"__comment": "Element",
			"from": [ -1.35, 18.25, 7.8806 ],
			"to": [ -1.25, 18.35, 8.119301 ],
			"rotation": { "origin": [ -0.95, 18.85, 8 ], "axis": "x", "angle": 45 },
			"faces": {
				"down": { "uv": [ 15.99, 6, 15.99, 7 ], "texture": "#4" },
				"west": { "uv": [ 10, 10, 16, 11 ], "texture": "#4", "rotation": 270 },
				"east": { "uv": [ 0.01, 0.01000023, 0.01, 0.01000023 ], "texture": "#4", "rotation": 270 }
			}
		},
		{
			"__comment": "Element",
			"from": [ -1.35, 18.25, 7.8806 ],
			"to": [ -1.25, 18.35, 8.119301 ],
			"rotation": { "origin": [ -0.95, 18.85, 8 ], "axis": "x", "angle": 22.5 },
			"faces": {
				"down": { "uv": [ 15.99, 6, 15.99, 7 ], "texture": "#4" },
				"west": { "uv": [ 10, 10, 16, 11 ], "texture": "#4", "rotation": 270 },
				"east": { "uv": [ 0.01, 0.01000023, 0.01, 0.01000023 ], "texture": "#4", "rotation": 270 }
			}
		},
		{
			"__comment": "Element",
			"from": [ -1.35, 18.25, 7.8806 ],
			"to": [ -1.25, 18.35, 8.119301 ],
			"faces": {
				"down": { "uv": [ 15.99, 6, 15.99, 7 ], "texture": "#4" },
				"west": { "uv": [ 10, 10, 16, 11 ], "texture": "#4", "rotation": 270 },
				"east": { "uv": [ 0.01, 0.01000023, 0.01, 0.01000023 ], "texture": "#4", "rotation": 270 }
			}
		},
		{
			"__comment": "Element",
			"from": [ -1.35, 18.25, 7.8807 ],
			"to": [ -1.25, 18.35, 8.1194 ],
			"rotation": { "origin": [ -0.95, 18.85, 8 ], "axis": "x", "angle": -22.5 },
			"faces": {
				"down": { "uv": [ 15.99, 6, 15.99, 7 ], "texture": "#4" },
				"west": { "uv": [ 10, 10, 16, 11 ], "texture": "#4", "rotation": 270 },
				"east": { "uv": [ 0.01, 0.01000023, 0.01, 0.01000023 ], "texture": "#4", "rotation": 270 }
			}
		},
		{
			"__comment": "Element",
			"from": [ -1.35, 18.25, 7.8807 ],
			"to": [ -1.25, 18.35, 8.1194 ],
			"rotation": { "origin": [ -0.95, 18.85, 8 ], "axis": "x", "angle": -45 },
			"faces": {
				"down": { "uv": [ 15.99, 6, 15.99, 7 ], "texture": "#4" },
				"west": { "uv": [ 10, 10, 16, 11 ], "texture": "#4", "rotation": 270 },
				"east": { "uv": [ 0.01, 0.01000023, 0.01, 0.01000023 ], "texture": "#4", "rotation": 270 }
			}
		},
		{
			"__comment": "Element",
			"from": [ -1.35, 18.7306, 8.5 ],
			"to": [ -1.25, 18.9693, 8.6 ],
			"rotation": { "origin": [ -0.95, 18.85, 8 ], "axis": "x", "angle": 22.5 },
			"faces": {
				"south": { "uv": [ 12, 10, 13, 11 ], "texture": "#4" },
				"west": { "uv": [ 10, 10, 16, 11 ], "texture": "#4", "rotation": 180 },
				"east": { "uv": [ 0.01, 0.01000023, 0.01, 0.01000023 ], "texture": "#4" }
			}
		},
		{
			"__comment": "Element",
			"from": [ -1.35, 18.7306, 8.5 ],
			"to": [ -1.25, 18.9693, 8.6 ],
			"faces": {
				"south": { "uv": [ 15.99, 6, 15.99, 7 ], "texture": "#7", "rotation": 90 },
				"west": { "uv": [ 10, 10, 16, 11 ], "texture": "#4", "rotation": 180 },
				"east": { "uv": [ 0.01, 0.01000023, 0.01, 0.01000023 ], "texture": "#4", "rotation": 180 }
			}
		},
		{
			"__comment": "Element",
			"from": [ -1.35, 18.7306, 8.5 ],
			"to": [ -1.25, 18.9693, 8.6 ],
			"rotation": { "origin": [ -0.95, 18.85, 8 ], "axis": "x", "angle": -22.5 },
			"faces": {
				"south": { "uv": [ 15.99, 6, 15.99, 7 ], "texture": "#7", "rotation": 90 },
				"west": { "uv": [ 10, 10, 16, 11 ], "texture": "#4", "rotation": 180 },
				"east": { "uv": [ 0.01, 0.01000023, 0.01, 0.01000023 ], "texture": "#4", "rotation": 180 }
			}
		},
		{
			"__comment": "Element",
			"from": [ -1.35, 19.35, 7.8806 ],
			"to": [ -1.25, 19.45, 8.119301 ],
			"rotation": { "origin": [ -0.95, 18.85, 8 ], "axis": "x", "angle": 45 },
			"faces": {
				"up": { "uv": [ 15.99, 6, 15.99, 7 ], "texture": "#7", "rotation": 90 },
				"west": { "uv": [ 10, 10, 16, 11 ], "texture": "#4", "rotation": 90 },
				"east": { "uv": [ 0.01, 0.01000023, 0.01, 0.01000023 ], "texture": "#4", "rotation": 270 }
			}
		},
		{
			"__comment": "Element",
			"from": [ -1.35, 19.35, 7.8806 ],
			"to": [ -1.25, 19.45, 8.119301 ],
			"rotation": { "origin": [ -0.95, 18.85, 8 ], "axis": "x", "angle": 22.5 },
			"faces": {
				"up": { "uv": [ 15.99, 6, 15.99, 7 ], "texture": "#7", "rotation": 90 },
				"west": { "uv": [ 10, 10, 16, 11 ], "texture": "#4", "rotation": 90 },
				"east": { "uv": [ 0.01, 0.01000023, 0.01, 0.01000023 ], "texture": "#4", "rotation": 270 }
			}
		},
		{
			"__comment": "Element",
			"from": [ -1.35, 19.35, 7.8806 ],
			"to": [ -1.25, 19.45, 8.119301 ],
			"faces": {
				"up": { "uv": [ 15.99, 0, 15.99, 5 ], "texture": "#7", "rotation": 270 },
				"west": { "uv": [ 10, 10, 16, 11 ], "texture": "#4", "rotation": 90 },
				"east": { "uv": [ 0.01, 0.01000023, 0.01, 0.01000023 ], "texture": "#4", "rotation": 270 }
			}
		},
		{
			"__comment": "Element",
			"from": [ -1.65, 19.35, 7.8807 ],
			"to": [ -1.55, 19.45, 8.1194 ],
			"rotation": { "origin": [ -1.25, 18.85, 8 ], "axis": "x", "angle": -22.5 },
			"faces": {
				"up": { "uv": [ 15.99, 6, 15.99, 7 ], "texture": "#7", "rotation": 90 },
				"west": { "uv": [ 10, 10, 16, 11 ], "texture": "#4", "rotation": 90 },
				"east": { "uv": [ 0.01, 0.01000023, 0.01, 0.01000023 ], "texture": "#4", "rotation": 270 }
			}
		},
		{
			"__comment": "Element",
			"from": [ -1.65, 19.35, 7.8807 ],
			"to": [ -1.55, 19.45, 8.1194 ],
			"rotation": { "origin": [ -1.25, 18.85, 8 ], "axis": "x", "angle": -45 },
			"faces": {
				"up": { "uv": [ 15.99, 6, 15.99, 7 ], "texture": "#7", "rotation": 90 },
				"west": { "uv": [ 10, 10, 16, 11 ], "texture": "#4", "rotation": 90 },
				"east": { "uv": [ 0.01, 0.01000023, 0.01, 0.01000023 ], "texture": "#4", "rotation": 270 }
			}
		},
		{
			"__comment": "Element",
			"from": [ -1.65, 18.7306, 7.4 ],
			"to": [ -1.55, 18.9693, 7.5 ],
			"rotation": { "origin": [ -1.25, 18.85, 8 ], "axis": "x", "angle": 22.5 },
			"faces": {
				"north": { "uv": [ 15.99, 6, 15.99, 7 ], "texture": "#7", "rotation": 270 },
				"west": { "uv": [ 10, 10, 16, 11 ], "texture": "#4" },
				"east": { "uv": [ 0.01, 0.01000023, 0.01, 0.01000023 ], "texture": "#4" }
			}
		},
		{
			"__comment": "Element",
			"from": [ -1.65, 18.7306, 7.4 ],
			"to": [ -1.55, 18.9693, 7.5 ],
			"faces": {
				"north": { "uv": [ 15.99, 6, 15.99, 7 ], "texture": "#7", "rotation": 180 },
				"west": { "uv": [ 10, 10, 16, 11 ], "texture": "#4" },
				"east": { "uv": [ 0.01, 0.01000023, 0.01, 0.01000023 ], "texture": "#4", "rotation": 180 }
			}
		},
		{
			"__comment": "Element",
			"from": [ -1.65, 18.7306, 7.4 ],
			"to": [ -1.55, 18.9693, 7.5 ],
			"rotation": { "origin": [ -1.25, 18.85, 8 ], "axis": "x", "angle": -22.5 },
			"faces": {
				"up": { "uv": [ 12, 10, 13, 11 ], "texture": "#4", "rotation": 180 },
				"north": { "uv": [ 12, 10, 13, 11 ], "texture": "#4", "rotation": 180 },
				"west": { "uv": [ 10, 10, 16, 11 ], "texture": "#4" },
				"east": { "uv": [ 0.01, 0.01000023, 0.01, 0.01000023 ], "texture": "#4", "rotation": 180 }
			}
		},
		{
			"__comment": "Element",
			"from": [ -1.65, 18.25, 7.8806 ],
			"to": [ -1.55, 18.35, 8.119301 ],
			"rotation": { "origin": [ -1.25, 18.85, 8 ], "axis": "x", "angle": 45 },
			"faces": {
				"down": { "uv": [ 15.99, 6, 15.99, 7 ], "texture": "#4" },
				"west": { "uv": [ 10, 10, 16, 11 ], "texture": "#4", "rotation": 270 },
				"east": { "uv": [ 0.01, 0.01000023, 0.01, 0.01000023 ], "texture": "#4", "rotation": 270 }
			}
		},
		{
			"__comment": "Element",
			"from": [ -1.65, 18.25, 7.8806 ],
			"to": [ -1.55, 18.35, 8.119301 ],
			"rotation": { "origin": [ -1.25, 18.85, 8 ], "axis": "x", "angle": 22.5 },
			"faces": {
				"down": { "uv": [ 15.99, 6, 15.99, 7 ], "texture": "#4" },
				"west": { "uv": [ 10, 10, 16, 11 ], "texture": "#4", "rotation": 270 },
				"east": { "uv": [ 0.01, 0.01000023, 0.01, 0.01000023 ], "texture": "#4", "rotation": 270 }
			}
		},
		{
			"__comment": "Element",
			"from": [ -1.65, 18.25, 7.8806 ],
			"to": [ -1.55, 18.35, 8.119301 ],
			"faces": {
				"down": { "uv": [ 15.99, 6, 15.99, 7 ], "texture": "#4" },
				"west": { "uv": [ 10, 10, 16, 11 ], "texture": "#4", "rotation": 270 },
				"east": { "uv": [ 0.01, 0.01000023, 0.01, 0.01000023 ], "texture": "#4", "rotation": 270 }
			}
		},
		{
			"__comment": "Element",
			"from": [ -1.65, 18.25, 7.8807 ],
			"to": [ -1.55, 18.35, 8.1194 ],
			"rotation": { "origin": [ -1.25, 18.85, 8 ], "axis": "x", "angle": -22.5 },
			"faces": {
				"down": { "uv": [ 15.99, 6, 15.99, 7 ], "texture": "#4" },
				"west": { "uv": [ 10, 10, 16, 11 ], "texture": "#4", "rotation": 270 },
				"east": { "uv": [ 0.01, 0.01000023, 0.01, 0.01000023 ], "texture": "#4", "rotation": 270 }
			}
		},
		{
			"__comment": "Element",
			"from": [ -1.65, 18.25, 7.8807 ],
			"to": [ -1.55, 18.35, 8.1194 ],
			"rotation": { "origin": [ -1.25, 18.85, 8 ], "axis": "x", "angle": -45 },
			"faces": {
				"down": { "uv": [ 15.99, 6, 15.99, 7 ], "texture": "#4" },
				"west": { "uv": [ 10, 10, 16, 11 ], "texture": "#4", "rotation": 270 },
				"east": { "uv": [ 0.01, 0.01000023, 0.01, 0.01000023 ], "texture": "#4", "rotation": 270 }
			}
		},
		{
			"__comment": "Element",
			"from": [ -1.65, 18.7306, 8.5 ],
			"to": [ -1.55, 18.9693, 8.6 ],
			"rotation": { "origin": [ -1.25, 18.85, 8 ], "axis": "x", "angle": 22.5 },
			"faces": {
				"south": { "uv": [ 12, 10, 13, 11 ], "texture": "#4" },
				"west": { "uv": [ 10, 10, 16, 11 ], "texture": "#4", "rotation": 180 },
				"east": { "uv": [ 0.01, 0.01000023, 0.01, 0.01000023 ], "texture": "#4" }
			}
		},
		{
			"__comment": "Element",
			"from": [ -1.65, 18.7306, 8.5 ],
			"to": [ -1.55, 18.9693, 8.6 ],
			"faces": {
				"south": { "uv": [ 15.99, 6, 15.99, 7 ], "texture": "#7", "rotation": 90 },
				"west": { "uv": [ 10, 10, 16, 11 ], "texture": "#4", "rotation": 180 },
				"east": { "uv": [ 0.01, 0.01000023, 0.01, 0.01000023 ], "texture": "#4", "rotation": 180 }
			}
		},
		{
			"__comment": "Element",
			"from": [ -1.65, 18.7306, 8.5 ],
			"to": [ -1.55, 18.9693, 8.6 ],
			"rotation": { "origin": [ -1.25, 18.85, 8 ], "axis": "x", "angle": -22.5 },
			"faces": {
				"south": { "uv": [ 15.99, 6, 15.99, 7 ], "texture": "#7", "rotation": 90 },
				"west": { "uv": [ 10, 10, 16, 11 ], "texture": "#4", "rotation": 180 },
				"east": { "uv": [ 0.01, 0.01000023, 0.01, 0.01000023 ], "texture": "#4", "rotation": 180 }
			}
		},
		{
			"__comment": "Element",
			"from": [ -1.65, 19.35, 7.8806 ],
			"to": [ -1.55, 19.45, 8.119301 ],
			"rotation": { "origin": [ -1.25, 18.85, 8 ], "axis": "x", "angle": 45 },
			"faces": {
				"up": { "uv": [ 15.99, 6, 15.99, 7 ], "texture": "#7", "rotation": 90 },
				"west": { "uv": [ 10, 10, 16, 11 ], "texture": "#4", "rotation": 90 },
				"east": { "uv": [ 0.01, 0.01000023, 0.01, 0.01000023 ], "texture": "#4", "rotation": 270 }
			}
		},
		{
			"__comment": "Element",
			"from": [ -1.65, 19.35, 7.8806 ],
			"to": [ -1.55, 19.45, 8.119301 ],
			"rotation": { "origin": [ -1.25, 18.85, 8 ], "axis": "x", "angle": 22.5 },
			"faces": {
				"up": { "uv": [ 15.99, 6, 15.99, 7 ], "texture": "#7", "rotation": 90 },
				"west": { "uv": [ 10, 10, 16, 11 ], "texture": "#4", "rotation": 90 },
				"east": { "uv": [ 0.01, 0.01000023, 0.01, 0.01000023 ], "texture": "#4", "rotation": 270 }
			}
		},
		{
			"__comment": "Element",
			"from": [ -1.65, 19.35, 7.8806 ],
			"to": [ -1.55, 19.45, 8.119301 ],
			"faces": {
				"up": { "uv": [ 15.99, 0, 15.99, 5 ], "texture": "#7", "rotation": 270 },
				"west": { "uv": [ 10, 10, 16, 11 ], "texture": "#4", "rotation": 90 },
				"east": { "uv": [ 0.01, 0.01000023, 0.01, 0.01000023 ], "texture": "#4", "rotation": 270 }
			}
		},
		{
			"__comment": "Element",
			"from": [ -1.85, 19.25, 7.8608 ],
			"to": [ -1.75, 19.55, 8.13928 ],
			"rotation": { "origin": [ -0.85, 18.85, 8 ], "axis": "x", "angle": -22.5 },
			"faces": {
				"up": { "uv": [ 15.99, 7, 15.99, 2 ], "texture": "#7", "rotation": 90 },
				"west": { "uv": [ 1, 3.5, 5, 3.5 ], "texture": "#7", "rotation": 270 },
				"east": { "uv": [ 10, 11, 16, 10 ], "texture": "#4", "rotation": 90 }
			}
		},
		{
			"__comment": "Element",
			"from": [ -1.8501, 19.25, 7.8608 ],
			"to": [ -1.7501, 19.55, 8.13928 ],
			"rotation": { "origin": [ -0.85, 18.85, 8 ], "axis": "x", "angle": -45 },
			"faces": {
				"up": { "uv": [ 15.99, 7, 15.99, 2 ], "texture": "#7", "rotation": 90 },
				"west": { "uv": [ 1, 3.5, 5, 3.5 ], "texture": "#7", "rotation": 270 },
				"east": { "uv": [ 10, 11, 16, 10 ], "texture": "#4", "rotation": 90 }
			}
		},
		{
			"__comment": "Element",
			"from": [ -1.851, 18.7108, 7.3 ],
			"to": [ -1.751, 18.98928, 7.599999 ],
			"rotation": { "origin": [ -0.85, 18.85, 8 ], "axis": "x", "angle": 22.5 },
			"faces": {
				"north": { "uv": [ 15.99, 7, 15.99, 2 ], "texture": "#7", "rotation": 270 },
				"west": { "uv": [ 5, 3.5, 1, 3.5 ], "texture": "#7" },
				"east": { "uv": [ 16, 10, 10, 11 ], "texture": "#4" }
			}
		},
		{
			"__comment": "Element",
			"from": [ -1.85, 18.7108, 7.3 ],
			"to": [ -1.75, 18.98928, 7.599999 ],
			"faces": {
				"north": { "uv": [ 15, 10, 10, 11 ], "texture": "#4" },
				"west": { "uv": [ 4, 3.5, 1, 3.5 ], "texture": "#7" },
				"east": { "uv": [ 16, 10, 10, 11 ], "texture": "#4" }
			}
		},
		{
			"__comment": "Element",
			"from": [ -1.849, 18.7108, 7.3 ],
			"to": [ -1.75, 18.98928, 7.599999 ],
			"rotation": { "origin": [ -0.85, 18.85, 8 ], "axis": "x", "angle": -22.5 },
			"faces": {
				"north": { "uv": [ 16, 10, 11, 11 ], "texture": "#4" },
				"west": { "uv": [ 4, 3.5, 1, 3.5 ], "texture": "#7", "rotation": 180 },
				"east": { "uv": [ 16, 10, 10, 11 ], "texture": "#4" }
			}
		},
		{
			"__comment": "Element",
			"from": [ -1.8499, 18.15, 7.8608 ],
			"to": [ -1.7499, 18.45, 8.13928 ],
			"rotation": { "origin": [ -0.85, 18.85, 8 ], "axis": "x", "angle": 45 },
			"faces": {
				"down": { "uv": [ 12, 9, 11, 10 ], "texture": "#4" },
				"west": { "uv": [ 1, 3.5, 5, 3.5 ], "texture": "#7", "rotation": 270 },
				"east": { "uv": [ 10, 11, 16, 10 ], "texture": "#4", "rotation": 270 }
			}
		},
		{
			"__comment": "Element",
			"from": [ -1.85, 18.15, 7.8608 ],
			"to": [ -1.75, 18.45, 8.13928 ],
			"rotation": { "origin": [ -0.85, 18.85, 8 ], "axis": "x", "angle": 22.5 },
			"faces": {
				"down": { "uv": [ 12, 9, 11, 10 ], "texture": "#4" },
				"west": { "uv": [ 1, 3.5, 5, 3.5 ], "texture": "#7", "rotation": 270 },
				"east": { "uv": [ 10, 11, 16, 10 ], "texture": "#4", "rotation": 270 }
			}
		},
		{
			"__comment": "Element",
			"from": [ -1.8501, 18.15, 7.8608 ],
			"to": [ -1.7501, 18.45, 8.13928 ],
			"faces": {
				"down": { "uv": [ 12, 9, 11, 10 ], "texture": "#4" },
				"west": { "uv": [ 1, 3.5, 5, 3.5 ], "texture": "#7", "rotation": 270 },
				"east": { "uv": [ 10, 11, 16, 10 ], "texture": "#4", "rotation": 270 }
			}
		},
		{
			"__comment": "Element",
			"from": [ -1.849, 18.15, 7.8608 ],
			"to": [ -1.75, 18.45, 8.13928 ],
			"rotation": { "origin": [ -0.85, 18.85, 8 ], "axis": "x", "angle": -45 },
			"faces": {
				"down": { "uv": [ 16, 10, 11, 11 ], "texture": "#4", "rotation": 180 },
				"west": { "uv": [ 1, 3.5, 4, 3.5 ], "texture": "#7", "rotation": 270 },
				"east": { "uv": [ 10, 11, 16, 10 ], "texture": "#4", "rotation": 270 }
			}
		},
		{
			"__comment": "Element",
			"from": [ -1.85, 18.15, 7.8608 ],
			"to": [ -1.75, 18.45, 8.13928 ],
			"rotation": { "origin": [ -0.85, 18.85, 8 ], "axis": "x", "angle": -22.5 },
			"faces": {
				"down": { "uv": [ 12, 9, 11, 10 ], "texture": "#4" },
				"west": { "uv": [ 1, 3.5, 5, 3.5 ], "texture": "#7", "rotation": 270 },
				"east": { "uv": [ 10, 11, 16, 10 ], "texture": "#4", "rotation": 270 }
			}
		},
		{
			"__comment": "Element",
			"from": [ -1.85, 18.7108, 8.4 ],
			"to": [ -1.75, 18.98928, 8.7 ],
			"rotation": { "origin": [ -0.85, 18.85, 8 ], "axis": "x", "angle": 22.5 },
			"faces": {
				"south": { "uv": [ 15, 10, 10, 11 ], "texture": "#4", "rotation": 180 },
				"west": { "uv": [ 4, 3.5, 1, 3.5 ], "texture": "#7", "rotation": 180 },
				"east": { "uv": [ 16, 10, 10, 11 ], "texture": "#4", "rotation": 180 }
			}
		},
		{
			"__comment": "Element",
			"from": [ -1.851, 18.7108, 8.4 ],
			"to": [ -1.751, 18.98928, 8.7 ],
			"faces": {
				"south": { "uv": [ 15.99, 7, 15.99, 2 ], "texture": "#7", "rotation": 90 },
				"west": { "uv": [ 5, 3.5, 1, 3.5 ], "texture": "#7", "rotation": 180 },
				"east": { "uv": [ 16, 10, 10, 11 ], "texture": "#4", "rotation": 180 }
			}
		},
		{
			"__comment": "Element",
			"from": [ -1.85, 18.7108, 8.4 ],
			"to": [ -1.75, 18.98928, 8.7 ],
			"rotation": { "origin": [ -0.85, 18.85, 8 ], "axis": "x", "angle": -22.5 },
			"faces": {
				"south": { "uv": [ 15.99, 7, 15.99, 2 ], "texture": "#7", "rotation": 90 },
				"west": { "uv": [ 5, 3.5, 1, 3.5 ], "texture": "#7", "rotation": 180 },
				"east": { "uv": [ 16, 10, 10, 11 ], "texture": "#4", "rotation": 180 }
			}
		},
		{
			"__comment": "Element",
			"from": [ -1.8501, 19.25, 7.8608 ],
			"to": [ -1.7501, 19.55, 8.13928 ],
			"rotation": { "origin": [ -0.85, 18.85, 8 ], "axis": "x", "angle": 45 },
			"faces": {
				"up": { "uv": [ 15.99, 7, 15.99, 2 ], "texture": "#7", "rotation": 90 },
				"west": { "uv": [ 1, 3.5, 5, 3.5 ], "texture": "#7", "rotation": 270 },
				"east": { "uv": [ 10, 11, 16, 10 ], "texture": "#4", "rotation": 90 }
			}
		},
		{
			"__comment": "Element",
			"from": [ -1.85, 19.25, 7.8608 ],
			"to": [ -1.75, 19.55, 8.13928 ],
			"rotation": { "origin": [ -0.85, 18.85, 8 ], "axis": "x", "angle": 22.5 },
			"faces": {
				"up": { "uv": [ 15.99, 7, 15.99, 2 ], "texture": "#7", "rotation": 90 },
				"west": { "uv": [ 1, 3.5, 5, 3.5 ], "texture": "#7", "rotation": 270 },
				"east": { "uv": [ 10, 11, 16, 10 ], "texture": "#4", "rotation": 90 }
			}
		},
		{
			"__comment": "Element",
			"from": [ -1.8501, 19.25, 7.8608 ],
			"to": [ -1.7501, 19.55, 8.139299 ],
			"faces": {
				"up": { "uv": [ 15.99, 7, 15.99, 2 ], "texture": "#7", "rotation": 90 },
				"west": { "uv": [ 1, 3.5, 5, 3.5 ], "texture": "#7", "rotation": 270 },
				"east": { "uv": [ 10, 11, 16, 10 ], "texture": "#4", "rotation": 90 }
			}
		},
		{
			"__comment": "Element",
			"from": [ 3.7296, 18.7704, 8.7 ],
			"to": [ 4.3296, 18.88975, 8.95 ],
			"faces": {
				"south": { "uv": [ 6, 0, 10, 16 ], "texture": "#9", "rotation": 270 },
				"west": { "uv": [ 9, 8, 10, 16 ], "texture": "#3", "rotation": 180 },
				"east": { "uv": [ 9, 8, 10, 16 ], "texture": "#3" }
			}
		},
		{
			"__comment": "Element",
			"from": [ 3.7296, 18.7704, 8.7 ],
			"to": [ 4.3296, 18.88975, 8.95 ],
			"rotation": { "origin": [ 4.02956, 18.83011, 8.875 ], "axis": "z", "angle": 22.5 },
			"faces": {
				"south": { "uv": [ 0, 6, 16, 10 ], "texture": "#9" },
				"west": { "uv": [ 9, 8, 10, 16 ], "texture": "#3", "rotation": 180 },
				"east": { "uv": [ 9, 8, 10, 16 ], "texture": "#3" }
			}
		},
		{
			"__comment": "Element",
			"from": [ 3.7296, 18.7704, 8.7 ],
			"to": [ 4.3296, 18.88975, 8.95 ],
			"rotation": { "origin": [ 4.02956, 18.83011, 8.875 ], "axis": "z", "angle": 45 },
			"faces": {
				"south": { "uv": [ 6, 0, 10, 16 ], "texture": "#9", "rotation": 90 },
				"west": { "uv": [ 9, 8, 10, 16 ], "texture": "#3", "rotation": 180 },
				"east": { "uv": [ 9, 8, 10, 16 ], "texture": "#3" }
			}
		},
		{
			"__comment": "Element",
			"from": [ 3.7296, 18.7704, 8.7 ],
			"to": [ 4.3296, 18.88975, 8.95 ],
			"rotation": { "origin": [ 4.02956, 18.83011, 8.875 ], "axis": "z", "angle": -22.5 },
			"faces": {
				"south": { "uv": [ 0, 6, 16, 10 ], "texture": "#9", "rotation": 180 },
				"west": { "uv": [ 9, 8, 10, 16 ], "texture": "#3", "rotation": 180 },
				"east": { "uv": [ 9, 8, 10, 16 ], "texture": "#3" }
			}
		},
		{
			"__comment": "Element",
			"from": [ 3.7296, 18.7704, 8.7 ],
			"to": [ 4.3296, 18.88975, 8.95 ],
			"rotation": { "origin": [ 4.02956, 18.83011, 8.875 ], "axis": "z", "angle": -45 },
			"faces": {
				"south": { "uv": [ 6, 0, 10, 16 ], "texture": "#9", "rotation": 90 },
				"west": { "uv": [ 9, 8, 10, 16 ], "texture": "#3", "rotation": 180 },
				"east": { "uv": [ 9, 8, 10, 16 ], "texture": "#3" }
			}
		},
		{
			"__comment": "Element",
			"from": [ 3.9699, 18.5301, 8.7 ],
			"to": [ 4.08924, 19.1301, 8.95 ],
			"rotation": { "origin": [ 4.02956, 18.83011, 8.875 ], "axis": "z", "angle": 22.5 },
			"faces": {
				"down": { "uv": [ 9, 8, 10, 16 ], "texture": "#3", "rotation": 90 },
				"up": { "uv": [ 9, 8, 10, 16 ], "texture": "#3", "rotation": 270 },
				"south": { "uv": [ 6, 0, 10, 16 ], "texture": "#9" }
			}
		},
		{
			"__comment": "Element",
			"from": [ 3.9699, 18.5301, 8.7 ],
			"to": [ 4.08924, 19.1301, 8.95 ],
			"rotation": { "origin": [ 4.02956, 18.83011, 8.875 ], "axis": "z", "angle": -22.5 },
			"faces": {
				"down": { "uv": [ 9, 8, 10, 16 ], "texture": "#3", "rotation": 90 },
				"up": { "uv": [ 9, 8, 10, 16 ], "texture": "#3", "rotation": 270 },
				"south": { "uv": [ 6, 0, 10, 16 ], "texture": "#9" }
			}
		},
		{
			"__comment": "Element",
			"from": [ 3.9699, 18.5301, 8.7 ],
			"to": [ 4.08924, 19.1301, 8.95 ],
			"faces": {
				"down": { "uv": [ 9, 8, 10, 16 ], "texture": "#3", "rotation": 90 },
				"up": { "uv": [ 9, 8, 10, 16 ], "texture": "#3", "rotation": 270 },
				"south": { "uv": [ 0, 6, 16, 10 ], "texture": "#9", "rotation": 270 }
			}
		},
		{
			"__comment": "Element",
			"from": [ 4.048, 18.4, 7.3 ],
			"to": [ 4.548, 18.699, 7.5 ],
			"faces": {
				"down": { "uv": [ 0.01, 0.01000023, 0.01, 0.01000023 ], "texture": "#4" },
				"up": { "uv": [ 0.01, 0.01000023, 0.01, 0.01000023 ], "texture": "#4" },
				"north": { "uv": [ 10, 10, 16, 11 ], "texture": "#4" },
				"south": { "uv": [ 10, 10, 16, 11 ], "texture": "#4", "rotation": 180 },
				"west": { "uv": [ 9, 9, 12, 10 ], "texture": "#4" },
				"east": { "uv": [ 0, 1, 7, 2 ], "texture": "#4" }
			}
		},
		{
			"__comment": "Element",
			"from": [ 4.748, 15.9995, 7.3505 ],
			"to": [ 5.248, 17.7495, 7.5495 ],
			"faces": {
				"down": { "uv": [ 10, 10, 16, 11 ], "texture": "#4", "rotation": 180 },
				"up": { "uv": [ 10, 10, 16, 11 ], "texture": "#4", "rotation": 180 },
				"north": { "uv": [ 10, 10, 16, 11 ], "texture": "#4" },
				"south": { "uv": [ 0.01, 0.01000023, 0.01, 0.01000023 ], "texture": "#4" },
				"west": { "uv": [ 9, 9, 12, 10 ], "texture": "#4", "rotation": 270 },
				"east": { "uv": [ 0, 1, 7, 2 ], "texture": "#4", "rotation": 90 }
			}
		},
		{
			"__comment": "Element",
			"from": [ 2.748, 15.9495, 7.3505 ],
			"to": [ 3.248, 17.7495, 7.5495 ],
			"faces": {
				"down": { "uv": [ 10, 10, 16, 11 ], "texture": "#4", "rotation": 180 },
				"up": { "uv": [ 10, 10, 16, 11 ], "texture": "#4", "rotation": 180 },
				"north": { "uv": [ 10, 10, 16, 11 ], "texture": "#4", "rotation": 180 },
				"south": { "uv": [ 0.01, 0.01000023, 0.01, 0.01000023 ], "texture": "#4" },
				"west": { "uv": [ 9, 9, 12, 10 ], "texture": "#4", "rotation": 270 },
				"east": { "uv": [ 0, 1, 7, 2 ], "texture": "#4", "rotation": 90 }
			}
		},
		{
			"__comment": "Element",
			"from": [ -1.05, 18.7306, 8.5 ],
			"to": [ 0.95, 18.9693, 8.6 ],
			"rotation": { "origin": [ -0.65, 18.85, 8 ], "axis": "x", "angle": -22.5 },
			"faces": {
				"south": { "uv": [ 15.99, 7, 15.99, 6 ], "texture": "#7", "rotation": 270 },
				"west": { "uv": [ 16, 10, 10, 11 ], "texture": "#4" },
				"east": { "uv": [ 0.01, 0.01000023, 0.01, 0.01000023 ], "texture": "#4" }
			}
		},
		{
			"__comment": "Element",
			"from": [ 28, 8.4852, 7.8 ],
			"to": [ 28.4125, 8.56476, 7.849999 ],
			"rotation": { "origin": [ 31, 8.525, 8 ], "axis": "x", "angle": -22.5 },
			"faces": {
				"north": { "uv": [ 6, 0, 7, 8 ], "texture": "#8", "rotation": 90 },
				"south": { "uv": [ 6, 7, 11, 8 ], "texture": "#7", "rotation": 90 },
				"west": { "uv": [ 0.01, 0.01000023, 0.01, 0.01000023 ], "texture": "#2", "rotation": 270 },
				"east": { "uv": [ 9, 6, 13, 7 ], "texture": "#2", "rotation": 180 }
			}
		},
		{
			"__comment": "Element",
			"from": [ 28, 8.325, 7.9602 ],
			"to": [ 28.4125, 8.375, 8.03976 ],
			"rotation": { "origin": [ 31, 8.525, 8 ], "axis": "x", "angle": 45 },
			"faces": {
				"down": { "uv": [ 8, 0, 9, 8 ], "texture": "#8", "rotation": 270 },
				"up": { "uv": [ 1, 7, 9, 8 ], "texture": "#7", "rotation": 90 },
				"west": { "uv": [ 0.01, 0.01000023, 0.01, 0.01000023 ], "texture": "#2" },
				"east": { "uv": [ 9, 6, 13, 7 ], "texture": "#2", "rotation": 90 }
			}
		},
		{
			"__comment": "Element",
			"from": [ 28, 8.325, 7.9602 ],
			"to": [ 28.4125, 8.375, 8.03976 ],
			"rotation": { "origin": [ 31, 8.525, 8 ], "axis": "x", "angle": 22.5 },
			"faces": {
				"down": { "uv": [ 8, 0, 9, 8 ], "texture": "#8", "rotation": 270 },
				"up": { "uv": [ 6, 7, 11, 8 ], "texture": "#7", "rotation": 90 },
				"north": { "uv": [ 8, 7, 9, 8 ], "texture": "#7" },
				"east": { "uv": [ 9, 6, 13, 7 ], "texture": "#2", "rotation": 90 }
			}
		},
		{
			"__comment": "Element",
			"from": [ 28, 8.325, 7.9602 ],
			"to": [ 28.4125, 8.375, 8.03976 ],
			"rotation": { "origin": [ 31, 8.525, 8 ], "axis": "x", "angle": -22.5 },
			"faces": {
				"down": { "uv": [ 8, 0, 9, 8 ], "texture": "#8", "rotation": 270 },
				"up": { "uv": [ 6, 7, 11, 8 ], "texture": "#7", "rotation": 270 },
				"west": { "uv": [ 0.01, 0.01000023, 0.01, 0.01000023 ], "texture": "#2" },
				"east": { "uv": [ 9, 6, 13, 7 ], "texture": "#2", "rotation": 90 }
			}
		},
		{
			"__comment": "Element",
			"from": [ 28, 8.325, 7.9602 ],
			"to": [ 28.4125, 8.375, 8.03976 ],
			"rotation": { "origin": [ 31, 8.525, 8 ], "axis": "x", "angle": -45 },
			"faces": {
				"down": { "uv": [ 8, 0, 9, 8 ], "texture": "#8", "rotation": 270 },
				"up": { "uv": [ 1, 7, 9, 8 ], "texture": "#7", "rotation": 90 },
				"west": { "uv": [ 0.01, 0.01000023, 0.01, 0.01000023 ], "texture": "#2" },
				"east": { "uv": [ 9, 6, 13, 7 ], "texture": "#2", "rotation": 90 }
			}
		},
		{
			"__comment": "Element",
			"from": [ 28, 8.4852, 8.15 ],
			"to": [ 28.4125, 8.56476, 8.2 ],
			"rotation": { "origin": [ 31, 8.525, 8 ], "axis": "x", "angle": 22.5 },
			"faces": {
				"north": { "uv": [ 7, 7, 11, 8 ], "texture": "#7", "rotation": 90 },
				"south": { "uv": [ 8, 0, 9, 8 ], "texture": "#8", "rotation": 270 },
				"east": { "uv": [ 9, 6, 13, 7 ], "texture": "#2", "rotation": 180 }
			}
		},
		{
			"__comment": "Element",
			"from": [ 28, 8.4852, 8.15 ],
			"to": [ 28.4125, 8.56476, 8.2 ],
			"rotation": { "origin": [ 31, 8.525, 8 ], "axis": "x", "angle": -22.5 },
			"faces": {
				"north": { "uv": [ 8, 0, 14, 1 ], "texture": "#7", "rotation": 270 },
				"south": { "uv": [ 12, 0, 13, 8 ], "texture": "#8", "rotation": 270 },
				"west": { "uv": [ 0.01, 0.01000023, 0.01, 0.01000023 ], "texture": "#2", "rotation": 270 },
				"east": { "uv": [ 9, 6, 13, 7 ], "texture": "#2", "rotation": 180 }
			}
		},
		{
			"__comment": "Element",
			"from": [ 28, 8.675, 7.9602 ],
			"to": [ 28.4125, 8.725, 8.03976 ],
			"rotation": { "origin": [ 31, 8.525, 8 ], "axis": "x", "angle": 22.5 },
			"faces": {
				"down": { "uv": [ 6, 9, 7, 10 ], "texture": "#4" },
				"up": { "uv": [ 13, 0, 14, 8 ], "texture": "#8", "rotation": 270 },
				"east": { "uv": [ 9, 6, 13, 7 ], "texture": "#2", "rotation": 90 }
			}
		},
		{
			"__comment": "Element",
			"from": [ 28, 8.675, 7.9602 ],
			"to": [ 28.4125, 8.725, 8.03976 ],
			"rotation": { "origin": [ 31, 8.525, 8 ], "axis": "x", "angle": 45 },
			"faces": {
				"down": { "uv": [ 15, 2, 16, 8 ], "texture": "#7" },
				"up": { "uv": [ 13, 0, 14, 8 ], "texture": "#8", "rotation": 270 },
				"west": { "uv": [ 0.01, 0.01000023, 0.01, 0.01000023 ], "texture": "#2" },
				"east": { "uv": [ 9, 6, 13, 7 ], "texture": "#2", "rotation": 90 }
			}
		},
		{
			"__comment": "Element",
			"from": [ 28, 8.675, 7.9602 ],
			"to": [ 28.4125, 8.725, 8.03976 ],
			"rotation": { "origin": [ 31, 8.525, 8 ], "axis": "x", "angle": -45 },
			"faces": {
				"down": { "uv": [ 10, 10, 16, 11 ], "texture": "#4", "rotation": 270 },
				"up": { "uv": [ 9, 0, 10, 8 ], "texture": "#8", "rotation": 270 },
				"west": { "uv": [ 0.01, 0.01000023, 0.01, 0.01000023 ], "texture": "#2" },
				"east": { "uv": [ 9, 6, 13, 7 ], "texture": "#2", "rotation": 90 }
			}
		},
		{
			"__comment": "Element",
			"from": [ 28, 8.675, 7.9602 ],
			"to": [ 28.4125, 8.725, 8.03976 ],
			"rotation": { "origin": [ 31, 8.525, 8 ], "axis": "x", "angle": -22.5 },
			"faces": {
				"down": { "uv": [ 6, 9, 7, 10 ], "texture": "#4" },
				"up": { "uv": [ 9, 0, 10, 8 ], "texture": "#8", "rotation": 270 },
				"west": { "uv": [ 0.01, 0.01000023, 0.01, 0.01000023 ], "texture": "#2" },
				"east": { "uv": [ 9, 6, 13, 7 ], "texture": "#2", "rotation": 90 }
			}
		},
		{
			"__comment": "Element",
			"from": [ 28, 8.4852, 7.8 ],
			"to": [ 28.4125, 8.56476, 7.849999 ],
			"rotation": { "origin": [ 31, 8.525, 8 ], "axis": "x", "angle": 22.5 },
			"faces": {
				"north": { "uv": [ 12, 0, 13, 8 ], "texture": "#8", "rotation": 90 },
				"south": { "uv": [ 15, 0, 16, 7 ], "texture": "#7", "rotation": 180 },
				"east": { "uv": [ 9, 6, 13, 7 ], "texture": "#2", "rotation": 180 }
			}
		}
	],
	"display": {
		"thirdperson_righthand": {
			"rotation":  [ 0, 100, 0 ],
			"translation":  [ -2, 0.5, -4 ],
			"scale":  [ 0.9, 0.9, 0.9 ]
		},
		"thirdperson_lefthand": {
			"rotation":  [ 0, -90, -170 ],
			"translation":  [ -2, -4.5, 9 ],
			"scale":  [ 0.9, 0.9, 0.9 ]
		},
		"firstperson_righthand": {
			"rotation":  [ 0, 90, 0 ],
			"translation":  [ -2, 2.5, -9 ],
			"scale":  [ 1.8, 1.8, 1.8 ]
		},
		"firstperson_lefthand": {
			"translation":  [ 2, 3.75, -0.5 ],
			"scale":  [ 0.0001, 0.0001, 0.0001 ]
		},
		"gui": {
			"rotation":  [ 0, 0, 45 ],
			"scale":  [ 0.9, 0.9, 0.9 ]
		},
		"head": {
			"scale":  [ 1.8, 1.8, 1.8 ]
		},
		"ground": {
			"translation":  [ 0, -0.5, 0 ],
			"scale":  [ 0.9, 0.9, 0.9 ]
		},
		"fixed": {
			"translation":  [ 0, 0.5, -2.25 ],
			"scale":  [ -1.8, 1.8, -1.8 ]
		}
	}
}