{
	"__comment": "Model generated using MrCrayfish's Model Creator (http://mrcrayfish.com/modelcreator/) guncolony.com ©",
	"textures": {
		"0": "block/normalguntexture",
		"1": "block/darkwood",
		"2": "block/brightguntexture"
	},
	"elements": [ 	 
		{
			"__comment": "Element",
			"from": [ -12, 8.4, 7.3 ],
			"to": [ 10, 9.8, 8.699999 ],
			"faces": {
				"down": { "uv": [ 4, 14, 6, 15.4 ], "texture": "#0" },
				"up": { "uv": [ 12, 5, 14, 6.4 ], "texture": "#0" },
				"north": { "uv": [ 4, 5, 6, 6.4 ], "texture": "#0" },
				"south": { "uv": [ 12, 11, 14, 12.4 ], "texture": "#0" },
				"west": { "uv": [ 9, 6, 10.4, 7.4 ], "texture": "#0" }
			}
		},
		{
			"__comment": "Element",
			"from": [ 6, 6.5, 7.1 ],
			"to": [ 17, 9.9, 8.9 ],
			"faces": {
				"down": { "uv": [ 7, 5, 15, 7.6 ], "texture": "#0" },
				"up": { "uv": [ 2, 10, 10, 12.6 ], "texture": "#0" },
				"north": { "uv": [ 8, 4, 16, 7.5 ], "texture": "#0" },
				"south": { "uv": [ 7, 4, 15, 7.5 ], "texture": "#0" },
				"west": { "uv": [ 6, 3, 8.6, 6.5 ], "texture": "#0" },
				"east": { "uv": [ 4, 5, 6.6, 8.5 ], "texture": "#0" }
			}
		},
		{
			"__comment": "Element",
			"from": [ 15.7, 10.4, 7.2 ],
			"to": [ 18.9, 13, 8.8 ],
			"rotation": { "origin": [ 8, 8, 8 ], "axis": "z", "angle": -22.5 },
			"faces": {
				"down": { "uv": [ 8, 9, 10, 11 ], "texture": "#0" },
				"up": { "uv": [ 7, 9, 9, 11 ], "texture": "#0" },
				"north": { "uv": [ 9, 11, 11, 15 ], "texture": "#0" },
				"south": { "uv": [ 8, 7, 5, 11 ], "texture": "#0" },
				"east": { "uv": [ 10, 10, 12, 14 ], "texture": "#0" }
			}
		},
		{
			"__comment": "Element",
			"from": [ 13, 2.9, 7.7 ],
			"to": [ 13.4, 4.9, 8.3 ],
			"rotation": { "origin": [ 8, 8, 8 ], "axis": "z", "angle": 22.5 },
			"faces": {
				"down": { "uv": [ 0, 0, 0.2, 0.6000004 ], "texture": "#0" },
				"north": { "uv": [ 0, 0, 0.2, 2 ], "texture": "#0" },
				"south": { "uv": [ 0, 0, 0.2, 2 ], "texture": "#0" },
				"west": { "uv": [ 0, 0, 0.6, 2 ], "texture": "#0" },
				"east": { "uv": [ 0, 0, 0.6, 2 ], "texture": "#0" }
			}
		},
		{
			"__comment": "Element",
			"from": [ 14.7, 5.1, 7.7 ],
			"to": [ 16.4, 5.3, 8.3 ],
			"faces": {
				"down": { "uv": [ 0, 0, 1.9, 0.6000004 ], "texture": "#0" },
				"up": { "uv": [ 0, 0, 1.9, 0.6000004 ], "texture": "#0" },
				"north": { "uv": [ 0, 0, 1.9, 0.1999998 ], "texture": "#0" },
				"south": { "uv": [ 0, 0, 1.9, 0.1999998 ], "texture": "#0" },
				"west": { "uv": [ 0, 0, 0.6, 0.1999998 ], "texture": "#0" },
				"east": { "uv": [ 0, 0, 0.6, 0.1999998 ], "texture": "#0" }
			}
		},
		{
			"__comment": "Element",
			"from": [ 18.5, 10.3, 7.1 ],
			"to": [ 22.5, 12.9, 8.9 ],
			"rotation": { "origin": [ 8, 8, 8 ], "axis": "z", "angle": -22.5 },
			"faces": {
				"down": { "uv": [ 6, 5, 12, 7 ], "texture": "#1" },
				"up": { "uv": [ 5, 8, 11, 10 ], "texture": "#1" },
				"north": { "uv": [ 6, 7, 12, 9 ], "texture": "#1" },
				"south": { "uv": [ 2, 3, 8, 5 ], "texture": "#1" },
				"west": { "uv": [ 2, 6, 4, 8 ], "texture": "#1" }
			}
		},
		{
			"__comment": "Element",
			"from": [ 21.3, 3.7, 7 ],
			"to": [ 23.3, 8.3, 9 ],
			"faces": {
				"down": { "uv": [ 5, 11, 7, 13 ], "texture": "#1" },
				"up": { "uv": [ 8, 6, 10, 8 ], "texture": "#1" },
				"north": { "uv": [ 10, 6, 12, 9 ], "texture": "#1" },
				"south": { "uv": [ 7, 5, 9, 8 ], "texture": "#1" },
				"west": { "uv": [ 7, 13, 9, 16 ], "texture": "#1" },
				"east": { "uv": [ 6, 6, 8, 9 ], "texture": "#1" }
			}
		},
		{
			"__comment": "Element",
			"from": [ 16.1, 14.1, 7 ],
			"to": [ 20.6, 15.6, 9 ],
			"rotation": { "origin": [ 8, 8, 8 ], "axis": "z", "angle": -45 },
			"faces": {
				"down": { "uv": [ 5, 5, 9.5, 7 ], "texture": "#1" },
				"up": { "uv": [ 4, 6, 8.5, 8 ], "texture": "#1" },
				"north": { "uv": [ 7, 8, 11.5, 10.3 ], "texture": "#1" },
				"south": { "uv": [ 6, 10, 10.5, 12.3 ], "texture": "#1" },
				"west": { "uv": [ 7, 5, 9, 7.3 ], "texture": "#1" },
				"east": { "uv": [ 14, 13, 16, 15.3 ], "texture": "#1" }
			}
		},
		{
			"__comment": "Element",
			"from": [ -11.5, 6.7, 7.3 ],
			"to": [ 6.5, 8.1, 8.699999 ],
			"faces": {
				"down": { "uv": [ 4, 14, 6, 15.4 ], "texture": "#0" },
				"up": { "uv": [ 13, 10, 15, 11.4 ], "texture": "#0" },
				"north": { "uv": [ 5, 7, 7, 8.4 ], "texture": "#0" },
				"south": { "uv": [ 12, 8, 14, 9.4 ], "texture": "#0" },
				"west": { "uv": [ 7, 9, 8.4, 10.4 ], "texture": "#0" }
			}
		},
		{
			"__comment": "Element",
			"from": [ 13.4, 6.7, 7.4 ],
			"to": [ 18.3, 6.9, 8.6 ],
			"faces": {
				"down": { "uv": [ 0, 0, 1.9, 0.6000004 ], "texture": "#0" },
				"up": { "uv": [ 0, 0, 1.9, 0.6000004 ], "texture": "#0" },
				"north": { "uv": [ 0, 0, 1.9, 0.1999998 ], "texture": "#2" },
				"south": { "uv": [ 0, 0, 1.9, 0.1999998 ], "texture": "#0" },
				"east": { "uv": [ 0, 0, 0.6, 0.1999998 ], "texture": "#0" }
			}
		},
		{
			"__comment": "Element",
			"from": [ -10.2, 6.1, 6.8 ],
			"to": [ -0.1999998, 9, 9.199999 ],
			"faces": {
				"down": { "uv": [ 7, 9, 14, 11 ], "texture": "#1" },
				"up": { "uv": [ 4, 7, 11, 9 ], "texture": "#1" },
				"north": { "uv": [ 4, 5, 11, 7 ], "texture": "#1" },
				"south": { "uv": [ 2, 7, 9, 9 ], "texture": "#1" },
				"west": { "uv": [ 5, 10, 7, 12 ], "texture": "#1" },
				"east": { "uv": [ 7, 6, 9, 8 ], "texture": "#1" }
			}
		},
		{
			"__comment": "Element",
			"from": [ 16.7, 8.599999, 7.7 ],
			"to": [ 16.9, 10.6, 8.3 ],
			"rotation": { "origin": [ 8, 8, 8 ], "axis": "z", "angle": -22.5 },
			"faces": {
				"up": { "uv": [ 0, 0, 0.2, 0.6000004 ], "texture": "#0" },
				"north": { "uv": [ 0, 0, 0.2, 2 ], "texture": "#0" },
				"south": { "uv": [ 0, 0, 0.2, 2 ], "texture": "#0" },
				"west": { "uv": [ 0, 0, 0.6, 2 ], "texture": "#0" },
				"east": { "uv": [ 0, 0, 0.6, 2 ], "texture": "#0" }
			}
		},
		{
			"__comment": "Element",
			"from": [ 5.9, 8.599999, 7.5 ],
			"to": [ 16.7, 10.2, 8.5 ],
			"faces": {
				"up": { "uv": [ 8, 11, 8, 12.6 ], "texture": "#0" },
				"north": { "uv": [ 2, 1, 3, 2.6 ], "texture": "#0" },
				"south": { "uv": [ 4, 6, 5, 7.6 ], "texture": "#0" },
				"west": { "uv": [ 7, 10, 8.6, 11.6 ], "texture": "#0" },
				"east": { "uv": [ 6, 4, 7.6, 5.6 ], "texture": "#0" }
			}
		},
		{
			"__comment": "Element",
			"from": [ 12.5, 8.2, 7.7 ],
			"to": [ 14.9, 9.2, 8.3 ],
			"rotation": { "origin": [ 8, 8, 8 ], "axis": "z", "angle": -22.5 },
			"faces": {
				"down": { "uv": [ 0, 0, 0.2, 0.6000004 ], "texture": "#0" },
				"north": { "uv": [ 0, 0, 0.2, 2 ], "texture": "#0" },
				"south": { "uv": [ 0, 0, 0.2, 2 ], "texture": "#0" },
				"east": { "uv": [ 0, 0, 0.6, 2 ], "texture": "#0" }
			}
		}
	],
	"display": {
		"thirdperson_righthand": {
			"rotation":  [ 0, 270, 0 ],
			"translation":  [ -2.086, 0.826, -3.26 ],
			"scale":  [ 0.5, 0.5, 0.67 ]
		},
		"thirdperson_lefthand": {
			"rotation":  [ 0, 90, 60 ],
			"translation":  [ 0, 5, 3 ],
			"scale":  [ 0.0001, 0.0001, 0.0001 ]
		},
		"firstperson_righthand": {
			"rotation":  [ 0, -90, 0 ],
			"translation":  [ -2, 4, -5 ],
			"scale":  [ 0.0001, 0.0001, 0.0001 ]
		},
		"firstperson_lefthand": {
			"rotation":  [ 0, 90, 0 ],
			"translation":  [ -9, 4, -7.086 ],
			"scale":  [ 0.9, 0.9, 0.9 ]
		},
		"gui": {
			"rotation":  [ 0, 0, 44 ],
			"translation":  [ 0.4643, 0.3426, 0 ],
			"scale":  [ 0.55, 0.55, 0.55 ]
		},
		"head": {
			"rotation":  [ 0, -135, -20 ],
			"translation":  [ 0, 4, 2 ],
			"scale":  [ 0.85, 0.85, 0.85 ]
		},
		"ground": {
			"scale":  [ 0.67, 0.67, 0.67 ]
		}
	}
}