{
	"__comment": "Designed by I_m_bin2 with Cubik Studio - https://cubik.studio",
	"textures": {
		"particle": "blocks/e_particle",
		"texture": "blocks/colours/white",
		"0": "blocks/colours/gray - 1first",
		"1": "colors/bio",
		"2": "blocks/colours/gray - 5fifth",
		"3": "blocks/colours/gray - 5fifth",
		"4": "blocks/colours/gray - 6sixth",
		"5": "blocks/colours/darkgray",
		"-1": "items/e_texture"
	},
	"elements": [ 	 
		{
			"__comment": "Box1",
			"from": [ 7, 0.5, 6 ],
			"to": [ 8, 1.5, 7 ],
			"faces": {
				"down": { "uv": [ 7, 9, 8, 10 ], "texture": "#texture" },
				"up": { "uv": [ 7, 6, 8, 7 ], "texture": "#texture" },
				"north": { "uv": [ 8, 14.5, 9, 15.5 ], "texture": "#texture" },
				"south": { "uv": [ 7, 14.5, 8, 15.5 ], "texture": "#texture" },
				"west": { "uv": [ 6, 14.5, 7, 15.5 ], "texture": "#texture" },
				"east": { "uv": [ 9, 14.5, 10, 15.5 ], "texture": "#texture" }
			}
		},
		{
			"__comment": "Box1",
			"from": [ 8, 0.5, 6 ],
			"to": [ 9, 1.5, 7 ],
			"rotation": { "origin": [ 8, 0.5, 6 ], "axis": "y", "angle": -22.5 },
			"faces": {
				"down": { "uv": [ 8, 9, 9, 10 ], "texture": "#texture" },
				"up": { "uv": [ 8, 6, 9, 7 ], "texture": "#texture" },
				"north": { "uv": [ 7, 14.5, 8, 15.5 ], "texture": "#texture" },
				"south": { "uv": [ 8, 14.5, 9, 15.5 ], "texture": "#texture" },
				"west": { "uv": [ 6, 14.5, 7, 15.5 ], "texture": "#texture" },
				"east": { "uv": [ 9, 14.5, 10, 15.5 ], "texture": "#texture" }
			}
		},
		{
			"__comment": "Box1",
			"from": [ 6, 0.5, 6 ],
			"to": [ 7, 1.5, 7 ],
			"rotation": { "origin": [ 7, 0.5, 6 ], "axis": "y", "angle": 22.5 },
			"faces": {
				"down": { "uv": [ 8, 9, 9, 10 ], "texture": "#texture", "rotation": 270 },
				"up": { "uv": [ 8, 6, 9, 7 ], "texture": "#texture", "rotation": 90 },
				"north": { "uv": [ 6, 14.5, 7, 15.5 ], "texture": "#texture" },
				"south": { "uv": [ 9, 14.5, 10, 15.5 ], "texture": "#texture" },
				"west": { "uv": [ 8, 14.5, 9, 15.5 ], "texture": "#texture" },
				"east": { "uv": [ 7, 14.5, 8, 15.5 ], "texture": "#texture" }
			}
		},
		{
			"__comment": "Box1",
			"from": [ 8.9239, 0.5, 5.6173 ],
			"to": [ 9.9239, 1.5, 6.6173 ],
			"rotation": { "origin": [ 8, 0.5, 6 ], "axis": "y", "angle": -45 },
			"faces": {
				"down": { "uv": [ 8, 9, 9, 10 ], "texture": "#texture" },
				"up": { "uv": [ 8, 6, 9, 7 ], "texture": "#texture" },
				"north": { "uv": [ 7, 14.5, 8, 15.5 ], "texture": "#texture" },
				"south": { "uv": [ 8, 14.5, 9, 15.5 ], "texture": "#texture" },
				"west": { "uv": [ 6, 14.5, 7, 15.5 ], "texture": "#texture" },
				"east": { "uv": [ 9, 14.5, 10, 15.5 ], "texture": "#texture" }
			}
		},
		{
			"__comment": "Box1",
			"from": [ 8, 0.5, 6 ],
			"to": [ 9, 1.5, 7 ],
			"rotation": { "origin": [ 8, 0.5, 6 ], "axis": "y", "angle": -22.5 },
			"faces": {
				"down": { "uv": [ 7, 9, 8, 10 ], "texture": "#texture" },
				"up": { "uv": [ 7, 6, 8, 7 ], "texture": "#texture" },
				"north": { "uv": [ 8, 14.5, 9, 15.5 ], "texture": "#texture" },
				"south": { "uv": [ 7, 14.5, 8, 15.5 ], "texture": "#texture" },
				"west": { "uv": [ 6, 14.5, 7, 15.5 ], "texture": "#texture" },
				"east": { "uv": [ 9, 14.5, 10, 15.5 ], "texture": "#texture" }
			}
		},
		{
			"__comment": "Box1",
			"from": [ 8.0898, 0.5, 7.631 ],
			"to": [ 9.0898, 1.5, 8.631001 ],
			"rotation": { "origin": [ 8, 0.5, 6 ], "axis": "y", "angle": 22.5 },
			"faces": {
				"down": { "uv": [ 8, 9, 9, 10 ], "texture": "#texture", "rotation": 270 },
				"up": { "uv": [ 8, 6, 9, 7 ], "texture": "#texture", "rotation": 90 },
				"north": { "uv": [ 6, 14.5, 7, 15.5 ], "texture": "#texture" },
				"south": { "uv": [ 9, 14.5, 10, 15.5 ], "texture": "#texture" },
				"west": { "uv": [ 8, 14.5, 9, 15.5 ], "texture": "#texture" },
				"east": { "uv": [ 7, 14.5, 8, 15.5 ], "texture": "#texture" }
			}
		},
		{
			"__comment": "Box1",
			"from": [ 9.0137, 0.5, 8.0137 ],
			"to": [ 10.0137, 1.5, 9.0137 ],
			"faces": {
				"down": { "uv": [ 8, 9, 9, 10 ], "texture": "#texture", "rotation": 270 },
				"up": { "uv": [ 8, 6, 9, 7 ], "texture": "#texture", "rotation": 90 },
				"north": { "uv": [ 6, 14.5, 7, 15.5 ], "texture": "#texture" },
				"south": { "uv": [ 9, 14.5, 10, 15.5 ], "texture": "#texture" },
				"west": { "uv": [ 8, 14.5, 9, 15.5 ], "texture": "#texture" },
				"east": { "uv": [ 7, 14.5, 8, 15.5 ], "texture": "#texture" }
			}
		},
		{
			"__comment": "Box1",
			"from": [ 10.0137, 0.5, 8.0137 ],
			"to": [ 11.0137, 1.5, 9.0137 ],
			"rotation": { "origin": [ 8, 0.5, 6 ], "axis": "y", "angle": -22.5 },
			"faces": {
				"down": { "uv": [ 8, 9, 9, 10 ], "texture": "#texture", "rotation": 270 },
				"up": { "uv": [ 8, 6, 9, 7 ], "texture": "#texture", "rotation": 90 },
				"north": { "uv": [ 6, 14.5, 7, 15.5 ], "texture": "#texture" },
				"south": { "uv": [ 9, 14.5, 10, 15.5 ], "texture": "#texture" },
				"west": { "uv": [ 8, 14.5, 9, 15.5 ], "texture": "#texture" },
				"east": { "uv": [ 7, 14.5, 8, 15.5 ], "texture": "#texture" }
			}
		},
		{
			"__comment": "Box1",
			"from": [ 10.9375, 0.5, 7.631 ],
			"to": [ 11.9375, 1.5, 8.631001 ],
			"rotation": { "origin": [ 8, 0.5, 6 ], "axis": "y", "angle": -45 },
			"faces": {
				"down": { "uv": [ 8, 9, 9, 10 ], "texture": "#texture", "rotation": 270 },
				"up": { "uv": [ 8, 6, 9, 7 ], "texture": "#texture", "rotation": 90 },
				"north": { "uv": [ 6, 14.5, 7, 15.5 ], "texture": "#texture" },
				"south": { "uv": [ 9, 14.5, 10, 15.5 ], "texture": "#texture" },
				"west": { "uv": [ 8, 14.5, 9, 15.5 ], "texture": "#texture" },
				"east": { "uv": [ 7, 14.5, 8, 15.5 ], "texture": "#texture" }
			}
		},
		{
			"__comment": "Box1",
			"from": [ 6.0761, 0.5, 9.6447 ],
			"to": [ 7.0761, 1.5, 10.6447 ],
			"rotation": { "origin": [ 8, 0.5, 6 ], "axis": "y", "angle": 22.5 },
			"faces": {
				"down": { "uv": [ 8, 9, 9, 10 ], "texture": "#texture", "rotation": 180 },
				"up": { "uv": [ 8, 6, 9, 7 ], "texture": "#texture", "rotation": 180 },
				"north": { "uv": [ 8, 14.5, 9, 15.5 ], "texture": "#texture" },
				"south": { "uv": [ 7, 14.5, 8, 15.5 ], "texture": "#texture" },
				"west": { "uv": [ 9, 14.5, 10, 15.5 ], "texture": "#texture" },
				"east": { "uv": [ 6, 14.5, 7, 15.5 ], "texture": "#texture" }
			}
		},
		{
			"__comment": "Box1",
			"from": [ 7, 0.5, 10 ],
			"to": [ 8, 1.5, 11 ],
			"faces": {
				"down": { "uv": [ 8, 9, 9, 10 ], "texture": "#texture", "rotation": 90 },
				"up": { "uv": [ 8, 6, 9, 7 ], "texture": "#texture", "rotation": 270 },
				"north": { "uv": [ 9, 14.5, 10, 15.5 ], "texture": "#texture" },
				"south": { "uv": [ 6, 14.5, 7, 15.5 ], "texture": "#texture" },
				"west": { "uv": [ 7, 14.5, 8, 15.5 ], "texture": "#texture" },
				"east": { "uv": [ 8, 14.5, 9, 15.5 ], "texture": "#texture" }
			}
		},
		{
			"__comment": "Box1",
			"from": [ 6, 0.5, 10 ],
			"to": [ 7, 1.5, 11 ],
			"rotation": { "origin": [ 7, 0.5, 11 ], "axis": "y", "angle": -22.5 },
			"faces": {
				"down": { "uv": [ 7, 9, 8, 10 ], "texture": "#texture", "rotation": 180 },
				"up": { "uv": [ 7, 6, 8, 7 ], "texture": "#texture", "rotation": 180 },
				"north": { "uv": [ 7, 14.5, 8, 15.5 ], "texture": "#texture" },
				"south": { "uv": [ 8, 14.5, 9, 15.5 ], "texture": "#texture" },
				"west": { "uv": [ 9, 14.5, 10, 15.5 ], "texture": "#texture" },
				"east": { "uv": [ 6, 14.5, 7, 15.5 ], "texture": "#texture" }
			}
		},
		{
			"__comment": "Box1",
			"from": [ 6.6173, 0.5, 9.076099 ],
			"to": [ 7.6173, 1.5, 10.0761 ],
			"rotation": { "origin": [ 7, 0.5, 11 ], "axis": "y", "angle": 45 },
			"faces": {
				"down": { "uv": [ 7, 9, 8, 10 ], "texture": "#texture", "rotation": 90 },
				"up": { "uv": [ 7, 6, 8, 7 ], "texture": "#texture", "rotation": 270 },
				"north": { "uv": [ 9, 14.5, 10, 15.5 ], "texture": "#texture" },
				"south": { "uv": [ 6, 14.5, 7, 15.5 ], "texture": "#texture" },
				"west": { "uv": [ 8, 14.5, 9, 15.5 ], "texture": "#texture" },
				"east": { "uv": [ 7, 14.5, 8, 15.5 ], "texture": "#texture" }
			}
		},
		{
			"__comment": "Box1",
			"from": [ 5.9102, 0.5, 8.368999 ],
			"to": [ 6.9102, 1.5, 9.368999 ],
			"rotation": { "origin": [ 7, 0.5, 11 ], "axis": "y", "angle": 22.5 },
			"faces": {
				"down": { "uv": [ 8, 9, 9, 10 ], "texture": "#texture", "rotation": 90 },
				"up": { "uv": [ 8, 6, 9, 7 ], "texture": "#texture", "rotation": 270 },
				"north": { "uv": [ 9, 14.5, 10, 15.5 ], "texture": "#texture" },
				"south": { "uv": [ 6, 14.5, 7, 15.5 ], "texture": "#texture" },
				"west": { "uv": [ 7, 14.5, 8, 15.5 ], "texture": "#texture" },
				"east": { "uv": [ 8, 14.5, 9, 15.5 ], "texture": "#texture" }
			}
		},
		{
			"__comment": "Box1",
			"from": [ 4.9863, 0.5, 7.9863 ],
			"to": [ 5.9863, 1.5, 8.9863 ],
			"faces": {
				"down": { "uv": [ 8, 9, 9, 10 ], "texture": "#texture", "rotation": 90 },
				"up": { "uv": [ 8, 6, 9, 7 ], "texture": "#texture", "rotation": 270 },
				"north": { "uv": [ 9, 14.5, 10, 15.5 ], "texture": "#texture" },
				"south": { "uv": [ 6, 14.5, 7, 15.5 ], "texture": "#texture" },
				"west": { "uv": [ 7, 14.5, 8, 15.5 ], "texture": "#texture" },
				"east": { "uv": [ 8, 14.5, 9, 15.5 ], "texture": "#texture" }
			}
		},
		{
			"__comment": "Box1",
			"from": [ 3.9863, 0.5, 7.9863 ],
			"to": [ 4.9863, 1.5, 8.9863 ],
			"rotation": { "origin": [ 7, 0.5, 11 ], "axis": "y", "angle": -22.5 },
			"faces": {
				"down": { "uv": [ 8, 9, 9, 10 ], "texture": "#texture", "rotation": 90 },
				"up": { "uv": [ 8, 6, 9, 7 ], "texture": "#texture", "rotation": 270 },
				"north": { "uv": [ 9, 14.5, 10, 15.5 ], "texture": "#texture" },
				"south": { "uv": [ 6, 14.5, 7, 15.5 ], "texture": "#texture" },
				"west": { "uv": [ 7, 14.5, 8, 15.5 ], "texture": "#texture" },
				"east": { "uv": [ 8, 14.5, 9, 15.5 ], "texture": "#texture" }
			}
		},
		{
			"__comment": "Box1",
			"from": [ 8.631, 0.5, 7.0624 ],
			"to": [ 9.631, 1.5, 8.0624 ],
			"rotation": { "origin": [ 7, 0.5, 11 ], "axis": "y", "angle": 45 },
			"faces": {
				"down": { "uv": [ 8, 9, 9, 10 ], "texture": "#texture" },
				"up": { "uv": [ 8, 6, 9, 7 ], "texture": "#texture" },
				"north": { "uv": [ 7, 14.5, 8, 15.5 ], "texture": "#texture" },
				"south": { "uv": [ 8, 14.5, 9, 15.5 ], "texture": "#texture" },
				"west": { "uv": [ 6, 14.5, 7, 15.5 ], "texture": "#texture" },
				"east": { "uv": [ 9, 14.5, 10, 15.5 ], "texture": "#texture" }
			}
		},
		{
			"__comment": "Box1",
			"from": [ 7.9239, 0.5, 6.3553 ],
			"to": [ 8.923899, 1.5, 7.3553 ],
			"rotation": { "origin": [ 7, 0.5, 11 ], "axis": "y", "angle": 22.5 },
			"faces": {
				"down": { "uv": [ 8, 9, 9, 10 ], "texture": "#texture" },
				"up": { "uv": [ 8, 6, 9, 7 ], "texture": "#texture" },
				"north": { "uv": [ 7, 14.5, 8, 15.5 ], "texture": "#texture" },
				"south": { "uv": [ 8, 14.5, 9, 15.5 ], "texture": "#texture" },
				"west": { "uv": [ 6, 14.5, 7, 15.5 ], "texture": "#texture" },
				"east": { "uv": [ 9, 14.5, 10, 15.5 ], "texture": "#texture" }
			}
		},
		{
			"__comment": "Box1",
			"from": [ 7, 0.5, 5.9727 ],
			"to": [ 8, 1.5, 6.9727 ],
			"faces": {
				"down": { "uv": [ 8, 9, 9, 10 ], "texture": "#texture" },
				"up": { "uv": [ 8, 6, 9, 7 ], "texture": "#texture" },
				"north": { "uv": [ 7, 14.5, 8, 15.5 ], "texture": "#texture" },
				"south": { "uv": [ 8, 14.5, 9, 15.5 ], "texture": "#texture" },
				"west": { "uv": [ 6, 14.5, 7, 15.5 ], "texture": "#texture" },
				"east": { "uv": [ 9, 14.5, 10, 15.5 ], "texture": "#texture" }
			}
		},
		{
			"__comment": "Box1",
			"from": [ 7, 1.5, 6 ],
			"to": [ 8, 2.5, 7 ],
			"faces": {
				"down": { "uv": [ 7, 9, 8, 10 ], "texture": "#texture" },
				"up": { "uv": [ 7, 6, 8, 7 ], "texture": "#texture" },
				"north": { "uv": [ 8, 14.5, 9, 15.5 ], "texture": "#texture" },
				"south": { "uv": [ 7, 14.5, 8, 15.5 ], "texture": "#texture" },
				"west": { "uv": [ 6, 14.5, 7, 15.5 ], "texture": "#texture" },
				"east": { "uv": [ 9, 14.5, 10, 15.5 ], "texture": "#texture" }
			}
		},
		{
			"__comment": "Box1",
			"from": [ 8, 1.5, 6 ],
			"to": [ 9, 2.5, 7 ],
			"rotation": { "origin": [ 8, 1.5, 6 ], "axis": "y", "angle": -22.5 },
			"faces": {
				"down": { "uv": [ 8, 9, 9, 10 ], "texture": "#texture" },
				"up": { "uv": [ 8, 6, 9, 7 ], "texture": "#texture" },
				"north": { "uv": [ 7, 14.5, 8, 15.5 ], "texture": "#texture" },
				"south": { "uv": [ 8, 14.5, 9, 15.5 ], "texture": "#texture" },
				"west": { "uv": [ 6, 14.5, 7, 15.5 ], "texture": "#texture" },
				"east": { "uv": [ 9, 14.5, 10, 15.5 ], "texture": "#texture" }
			}
		},
		{
			"__comment": "Box1",
			"from": [ 6, 1.5, 6 ],
			"to": [ 7, 2.5, 7 ],
			"rotation": { "origin": [ 7, 1.5, 6 ], "axis": "y", "angle": 22.5 },
			"faces": {
				"down": { "uv": [ 8, 9, 9, 10 ], "texture": "#texture", "rotation": 270 },
				"up": { "uv": [ 8, 6, 9, 7 ], "texture": "#texture", "rotation": 90 },
				"north": { "uv": [ 6, 14.5, 7, 15.5 ], "texture": "#texture" },
				"south": { "uv": [ 9, 14.5, 10, 15.5 ], "texture": "#texture" },
				"west": { "uv": [ 8, 14.5, 9, 15.5 ], "texture": "#texture" },
				"east": { "uv": [ 7, 14.5, 8, 15.5 ], "texture": "#texture" }
			}
		},
		{
			"__comment": "Box1",
			"from": [ 8.9239, 1.5, 5.6173 ],
			"to": [ 9.9239, 2.5, 6.6173 ],
			"rotation": { "origin": [ 8, 1.5, 6 ], "axis": "y", "angle": -45 },
			"faces": {
				"down": { "uv": [ 8, 9, 9, 10 ], "texture": "#texture" },
				"up": { "uv": [ 8, 6, 9, 7 ], "texture": "#texture" },
				"north": { "uv": [ 7, 14.5, 8, 15.5 ], "texture": "#texture" },
				"south": { "uv": [ 8, 14.5, 9, 15.5 ], "texture": "#texture" },
				"west": { "uv": [ 6, 14.5, 7, 15.5 ], "texture": "#texture" },
				"east": { "uv": [ 9, 14.5, 10, 15.5 ], "texture": "#texture" }
			}
		},
		{
			"__comment": "Box1",
			"from": [ 8, 1.5, 6 ],
			"to": [ 9, 2.5, 7 ],
			"rotation": { "origin": [ 8, 1.5, 6 ], "axis": "y", "angle": -22.5 },
			"faces": {
				"down": { "uv": [ 7, 9, 8, 10 ], "texture": "#texture" },
				"up": { "uv": [ 7, 6, 8, 7 ], "texture": "#texture" },
				"north": { "uv": [ 8, 14.5, 9, 15.5 ], "texture": "#texture" },
				"south": { "uv": [ 7, 14.5, 8, 15.5 ], "texture": "#texture" },
				"west": { "uv": [ 6, 14.5, 7, 15.5 ], "texture": "#texture" },
				"east": { "uv": [ 9, 14.5, 10, 15.5 ], "texture": "#texture" }
			}
		},
		{
			"__comment": "Box1",
			"from": [ 8.0898, 1.5, 7.631 ],
			"to": [ 9.0898, 2.5, 8.631001 ],
			"rotation": { "origin": [ 8, 1.5, 6 ], "axis": "y", "angle": 22.5 },
			"faces": {
				"down": { "uv": [ 8, 9, 9, 10 ], "texture": "#texture", "rotation": 270 },
				"up": { "uv": [ 8, 6, 9, 7 ], "texture": "#texture", "rotation": 90 },
				"north": { "uv": [ 6, 14.5, 7, 15.5 ], "texture": "#texture" },
				"south": { "uv": [ 9, 14.5, 10, 15.5 ], "texture": "#texture" },
				"west": { "uv": [ 8, 14.5, 9, 15.5 ], "texture": "#texture" },
				"east": { "uv": [ 7, 14.5, 8, 15.5 ], "texture": "#texture" }
			}
		},
		{
			"__comment": "Box1",
			"from": [ 9.0137, 1.5, 8.0137 ],
			"to": [ 10.0137, 2.5, 9.0137 ],
			"faces": {
				"down": { "uv": [ 8, 9, 9, 10 ], "texture": "#texture", "rotation": 270 },
				"up": { "uv": [ 8, 6, 9, 7 ], "texture": "#texture", "rotation": 90 },
				"north": { "uv": [ 6, 14.5, 7, 15.5 ], "texture": "#texture" },
				"south": { "uv": [ 9, 14.5, 10, 15.5 ], "texture": "#texture" },
				"west": { "uv": [ 8, 14.5, 9, 15.5 ], "texture": "#texture" },
				"east": { "uv": [ 7, 14.5, 8, 15.5 ], "texture": "#texture" }
			}
		},
		{
			"__comment": "Box1",
			"from": [ 10.0137, 1.5, 8.0137 ],
			"to": [ 11.0137, 2.5, 9.0137 ],
			"rotation": { "origin": [ 8, 1.5, 6 ], "axis": "y", "angle": -22.5 },
			"faces": {
				"down": { "uv": [ 8, 9, 9, 10 ], "texture": "#texture", "rotation": 270 },
				"up": { "uv": [ 8, 6, 9, 7 ], "texture": "#texture", "rotation": 90 },
				"north": { "uv": [ 6, 14.5, 7, 15.5 ], "texture": "#texture" },
				"south": { "uv": [ 9, 14.5, 10, 15.5 ], "texture": "#texture" },
				"west": { "uv": [ 8, 14.5, 9, 15.5 ], "texture": "#texture" },
				"east": { "uv": [ 7, 14.5, 8, 15.5 ], "texture": "#texture" }
			}
		},
		{
			"__comment": "Box1",
			"from": [ 10.9375, 1.5, 7.631 ],
			"to": [ 11.9375, 2.5, 8.631001 ],
			"rotation": { "origin": [ 8, 1.5, 6 ], "axis": "y", "angle": -45 },
			"faces": {
				"down": { "uv": [ 8, 9, 9, 10 ], "texture": "#texture", "rotation": 270 },
				"up": { "uv": [ 8, 6, 9, 7 ], "texture": "#texture", "rotation": 90 },
				"north": { "uv": [ 6, 14.5, 7, 15.5 ], "texture": "#texture" },
				"south": { "uv": [ 9, 14.5, 10, 15.5 ], "texture": "#texture" },
				"west": { "uv": [ 8, 14.5, 9, 15.5 ], "texture": "#texture" },
				"east": { "uv": [ 7, 14.5, 8, 15.5 ], "texture": "#texture" }
			}
		},
		{
			"__comment": "Box1",
			"from": [ 6.0761, 1.5, 9.6447 ],
			"to": [ 7.0761, 2.5, 10.6447 ],
			"rotation": { "origin": [ 8, 1.5, 6 ], "axis": "y", "angle": 22.5 },
			"faces": {
				"down": { "uv": [ 8, 9, 9, 10 ], "texture": "#texture", "rotation": 180 },
				"up": { "uv": [ 8, 6, 9, 7 ], "texture": "#texture", "rotation": 180 },
				"north": { "uv": [ 8, 14.5, 9, 15.5 ], "texture": "#texture" },
				"south": { "uv": [ 7, 14.5, 8, 15.5 ], "texture": "#texture" },
				"west": { "uv": [ 9, 14.5, 10, 15.5 ], "texture": "#texture" },
				"east": { "uv": [ 6, 14.5, 7, 15.5 ], "texture": "#texture" }
			}
		},
		{
			"__comment": "Box1",
			"from": [ 7, 1.5, 5.9727 ],
			"to": [ 8, 2.5, 6.9727 ],
			"faces": {
				"down": { "uv": [ 8, 9, 9, 10 ], "texture": "#texture" },
				"up": { "uv": [ 8, 6, 9, 7 ], "texture": "#texture" },
				"north": { "uv": [ 7, 14.5, 8, 15.5 ], "texture": "#texture" },
				"south": { "uv": [ 8, 14.5, 9, 15.5 ], "texture": "#texture" },
				"west": { "uv": [ 6, 14.5, 7, 15.5 ], "texture": "#texture" },
				"east": { "uv": [ 9, 14.5, 10, 15.5 ], "texture": "#texture" }
			}
		},
		{
			"__comment": "Box1",
			"from": [ 4.9863, 1.5, 7.9863 ],
			"to": [ 5.9863, 2.5, 8.9863 ],
			"faces": {
				"down": { "uv": [ 8, 9, 9, 10 ], "texture": "#texture", "rotation": 90 },
				"up": { "uv": [ 8, 6, 9, 7 ], "texture": "#texture", "rotation": 270 },
				"north": { "uv": [ 9, 14.5, 10, 15.5 ], "texture": "#texture" },
				"south": { "uv": [ 6, 14.5, 7, 15.5 ], "texture": "#texture" },
				"west": { "uv": [ 7, 14.5, 8, 15.5 ], "texture": "#texture" },
				"east": { "uv": [ 8, 14.5, 9, 15.5 ], "texture": "#texture" }
			}
		},
		{
			"__comment": "Box1",
			"from": [ 7, 1.5, 10 ],
			"to": [ 8, 2.5, 11 ],
			"faces": {
				"down": { "uv": [ 8, 9, 9, 10 ], "texture": "#texture", "rotation": 90 },
				"up": { "uv": [ 8, 6, 9, 7 ], "texture": "#texture", "rotation": 270 },
				"north": { "uv": [ 9, 14.5, 10, 15.5 ], "texture": "#texture" },
				"south": { "uv": [ 6, 14.5, 7, 15.5 ], "texture": "#texture" },
				"west": { "uv": [ 7, 14.5, 8, 15.5 ], "texture": "#texture" },
				"east": { "uv": [ 8, 14.5, 9, 15.5 ], "texture": "#texture" }
			}
		},
		{
			"__comment": "Box1",
			"from": [ 6, 1.5, 10 ],
			"to": [ 7, 2.5, 11 ],
			"rotation": { "origin": [ 7, 1.5, 11 ], "axis": "y", "angle": -22.5 },
			"faces": {
				"down": { "uv": [ 7, 9, 8, 10 ], "texture": "#texture", "rotation": 180 },
				"up": { "uv": [ 7, 6, 8, 7 ], "texture": "#texture", "rotation": 180 },
				"north": { "uv": [ 7, 14.5, 8, 15.5 ], "texture": "#texture" },
				"south": { "uv": [ 8, 14.5, 9, 15.5 ], "texture": "#texture" },
				"west": { "uv": [ 9, 14.5, 10, 15.5 ], "texture": "#texture" },
				"east": { "uv": [ 6, 14.5, 7, 15.5 ], "texture": "#texture" }
			}
		},
		{
			"__comment": "Box1",
			"from": [ 6.6173, 1.5, 9.076099 ],
			"to": [ 7.6173, 2.5, 10.0761 ],
			"rotation": { "origin": [ 7, 1.5, 11 ], "axis": "y", "angle": 45 },
			"faces": {
				"down": { "uv": [ 7, 9, 8, 10 ], "texture": "#texture", "rotation": 90 },
				"up": { "uv": [ 7, 6, 8, 7 ], "texture": "#texture", "rotation": 270 },
				"north": { "uv": [ 9, 14.5, 10, 15.5 ], "texture": "#texture" },
				"south": { "uv": [ 6, 14.5, 7, 15.5 ], "texture": "#texture" },
				"west": { "uv": [ 8, 14.5, 9, 15.5 ], "texture": "#texture" },
				"east": { "uv": [ 7, 14.5, 8, 15.5 ], "texture": "#texture" }
			}
		},
		{
			"__comment": "Box1",
			"from": [ 5.9102, 1.5, 8.368999 ],
			"to": [ 6.9102, 2.5, 9.368999 ],
			"rotation": { "origin": [ 7, 1.5, 11 ], "axis": "y", "angle": 22.5 },
			"faces": {
				"down": { "uv": [ 8, 9, 9, 10 ], "texture": "#texture", "rotation": 90 },
				"up": { "uv": [ 8, 6, 9, 7 ], "texture": "#texture", "rotation": 270 },
				"north": { "uv": [ 9, 14.5, 10, 15.5 ], "texture": "#texture" },
				"south": { "uv": [ 6, 14.5, 7, 15.5 ], "texture": "#texture" },
				"west": { "uv": [ 7, 14.5, 8, 15.5 ], "texture": "#texture" },
				"east": { "uv": [ 8, 14.5, 9, 15.5 ], "texture": "#texture" }
			}
		},
		{
			"__comment": "Box1",
			"from": [ 3.9863, 1.5, 7.9863 ],
			"to": [ 4.9863, 2.5, 8.9863 ],
			"rotation": { "origin": [ 7, 1.5, 11 ], "axis": "y", "angle": -22.5 },
			"faces": {
				"down": { "uv": [ 8, 9, 9, 10 ], "texture": "#texture", "rotation": 90 },
				"up": { "uv": [ 8, 6, 9, 7 ], "texture": "#texture", "rotation": 270 },
				"north": { "uv": [ 9, 14.5, 10, 15.5 ], "texture": "#texture" },
				"south": { "uv": [ 6, 14.5, 7, 15.5 ], "texture": "#texture" },
				"west": { "uv": [ 7, 14.5, 8, 15.5 ], "texture": "#texture" },
				"east": { "uv": [ 8, 14.5, 9, 15.5 ], "texture": "#texture" }
			}
		},
		{
			"__comment": "Box1",
			"from": [ 8.631, 1.5, 7.0624 ],
			"to": [ 9.631, 2.5, 8.0624 ],
			"rotation": { "origin": [ 7, 1.5, 11 ], "axis": "y", "angle": 45 },
			"faces": {
				"down": { "uv": [ 8, 9, 9, 10 ], "texture": "#texture" },
				"up": { "uv": [ 8, 6, 9, 7 ], "texture": "#texture" },
				"north": { "uv": [ 7, 14.5, 8, 15.5 ], "texture": "#texture" },
				"south": { "uv": [ 8, 14.5, 9, 15.5 ], "texture": "#texture" },
				"west": { "uv": [ 6, 14.5, 7, 15.5 ], "texture": "#texture" },
				"east": { "uv": [ 9, 14.5, 10, 15.5 ], "texture": "#texture" }
			}
		},
		{
			"__comment": "Box1",
			"from": [ 7.9239, 1.5, 6.3553 ],
			"to": [ 8.923899, 2.5, 7.3553 ],
			"rotation": { "origin": [ 7, 1.5, 11 ], "axis": "y", "angle": 22.5 },
			"faces": {
				"down": { "uv": [ 8, 9, 9, 10 ], "texture": "#texture" },
				"up": { "uv": [ 8, 6, 9, 7 ], "texture": "#texture" },
				"north": { "uv": [ 7, 14.5, 8, 15.5 ], "texture": "#texture" },
				"south": { "uv": [ 8, 14.5, 9, 15.5 ], "texture": "#texture" },
				"west": { "uv": [ 6, 14.5, 7, 15.5 ], "texture": "#texture" },
				"east": { "uv": [ 9, 14.5, 10, 15.5 ], "texture": "#texture" }
			}
		},
		{
			"__comment": "Box1",
			"from": [ 7, 2.5, 6 ],
			"to": [ 8, 3.5, 7 ],
			"faces": {
				"down": { "uv": [ 7, 9, 8, 10 ], "texture": "#texture" },
				"up": { "uv": [ 7, 6, 8, 7 ], "texture": "#texture" },
				"north": { "uv": [ 8, 14.5, 9, 15.5 ], "texture": "#texture" },
				"south": { "uv": [ 7, 14.5, 8, 15.5 ], "texture": "#texture" },
				"west": { "uv": [ 6, 14.5, 7, 15.5 ], "texture": "#texture" },
				"east": { "uv": [ 9, 14.5, 10, 15.5 ], "texture": "#texture" }
			}
		},
		{
			"__comment": "Box1",
			"from": [ 8, 2.5, 6 ],
			"to": [ 9, 3.5, 7 ],
			"rotation": { "origin": [ 8, 2.5, 6 ], "axis": "y", "angle": -22.5 },
			"faces": {
				"down": { "uv": [ 8, 9, 9, 10 ], "texture": "#texture" },
				"up": { "uv": [ 8, 6, 9, 7 ], "texture": "#texture" },
				"north": { "uv": [ 7, 14.5, 8, 15.5 ], "texture": "#texture" },
				"south": { "uv": [ 8, 14.5, 9, 15.5 ], "texture": "#texture" },
				"west": { "uv": [ 6, 14.5, 7, 15.5 ], "texture": "#texture" },
				"east": { "uv": [ 9, 14.5, 10, 15.5 ], "texture": "#texture" }
			}
		},
		{
			"__comment": "Box1",
			"from": [ 6, 2.5, 6 ],
			"to": [ 7, 3.5, 7 ],
			"rotation": { "origin": [ 7, 2.5, 6 ], "axis": "y", "angle": 22.5 },
			"faces": {
				"down": { "uv": [ 8, 9, 9, 10 ], "texture": "#texture", "rotation": 270 },
				"up": { "uv": [ 8, 6, 9, 7 ], "texture": "#texture", "rotation": 90 },
				"north": { "uv": [ 6, 14.5, 7, 15.5 ], "texture": "#texture" },
				"south": { "uv": [ 9, 14.5, 10, 15.5 ], "texture": "#texture" },
				"west": { "uv": [ 8, 14.5, 9, 15.5 ], "texture": "#texture" },
				"east": { "uv": [ 7, 14.5, 8, 15.5 ], "texture": "#texture" }
			}
		},
		{
			"__comment": "Box1",
			"from": [ 8.9239, 2.5, 5.6173 ],
			"to": [ 9.9239, 3.5, 6.6173 ],
			"rotation": { "origin": [ 8, 2.5, 6 ], "axis": "y", "angle": -45 },
			"faces": {
				"down": { "uv": [ 8, 9, 9, 10 ], "texture": "#texture" },
				"up": { "uv": [ 8, 6, 9, 7 ], "texture": "#texture" },
				"north": { "uv": [ 7, 14.5, 8, 15.5 ], "texture": "#texture" },
				"south": { "uv": [ 8, 14.5, 9, 15.5 ], "texture": "#texture" },
				"west": { "uv": [ 6, 14.5, 7, 15.5 ], "texture": "#texture" },
				"east": { "uv": [ 9, 14.5, 10, 15.5 ], "texture": "#texture" }
			}
		},
		{
			"__comment": "Box1",
			"from": [ 8, 2.5, 6 ],
			"to": [ 9, 3.5, 7 ],
			"rotation": { "origin": [ 8, 2.5, 6 ], "axis": "y", "angle": -22.5 },
			"faces": {
				"down": { "uv": [ 7, 9, 8, 10 ], "texture": "#texture" },
				"up": { "uv": [ 7, 6, 8, 7 ], "texture": "#texture" },
				"north": { "uv": [ 8, 14.5, 9, 15.5 ], "texture": "#texture" },
				"south": { "uv": [ 7, 14.5, 8, 15.5 ], "texture": "#texture" },
				"west": { "uv": [ 6, 14.5, 7, 15.5 ], "texture": "#texture" },
				"east": { "uv": [ 9, 14.5, 10, 15.5 ], "texture": "#texture" }
			}
		},
		{
			"__comment": "Box1",
			"from": [ 8.0898, 2.5, 7.631 ],
			"to": [ 9.0898, 3.5, 8.631001 ],
			"rotation": { "origin": [ 8, 2.5, 6 ], "axis": "y", "angle": 22.5 },
			"faces": {
				"down": { "uv": [ 8, 9, 9, 10 ], "texture": "#texture", "rotation": 270 },
				"up": { "uv": [ 8, 6, 9, 7 ], "texture": "#texture", "rotation": 90 },
				"north": { "uv": [ 6, 14.5, 7, 15.5 ], "texture": "#texture" },
				"south": { "uv": [ 9, 14.5, 10, 15.5 ], "texture": "#texture" },
				"west": { "uv": [ 8, 14.5, 9, 15.5 ], "texture": "#texture" },
				"east": { "uv": [ 7, 14.5, 8, 15.5 ], "texture": "#texture" }
			}
		},
		{
			"__comment": "Box1",
			"from": [ 9.0137, 2.5, 8.0137 ],
			"to": [ 10.0137, 3.5, 9.0137 ],
			"faces": {
				"down": { "uv": [ 8, 9, 9, 10 ], "texture": "#texture", "rotation": 270 },
				"up": { "uv": [ 8, 6, 9, 7 ], "texture": "#texture", "rotation": 90 },
				"north": { "uv": [ 6, 14.5, 7, 15.5 ], "texture": "#texture" },
				"south": { "uv": [ 9, 14.5, 10, 15.5 ], "texture": "#texture" },
				"west": { "uv": [ 8, 14.5, 9, 15.5 ], "texture": "#texture" },
				"east": { "uv": [ 7, 14.5, 8, 15.5 ], "texture": "#texture" }
			}
		},
		{
			"__comment": "Box1",
			"from": [ 10.0137, 2.5, 8.0137 ],
			"to": [ 11.0137, 3.5, 9.0137 ],
			"rotation": { "origin": [ 8, 2.5, 6 ], "axis": "y", "angle": -22.5 },
			"faces": {
				"down": { "uv": [ 8, 9, 9, 10 ], "texture": "#texture", "rotation": 270 },
				"up": { "uv": [ 8, 6, 9, 7 ], "texture": "#texture", "rotation": 90 },
				"north": { "uv": [ 6, 14.5, 7, 15.5 ], "texture": "#texture" },
				"south": { "uv": [ 9, 14.5, 10, 15.5 ], "texture": "#texture" },
				"west": { "uv": [ 8, 14.5, 9, 15.5 ], "texture": "#texture" },
				"east": { "uv": [ 7, 14.5, 8, 15.5 ], "texture": "#texture" }
			}
		},
		{
			"__comment": "Box1",
			"from": [ 10.9375, 2.5, 7.631 ],
			"to": [ 11.9375, 3.5, 8.631001 ],
			"rotation": { "origin": [ 8, 2.5, 6 ], "axis": "y", "angle": -45 },
			"faces": {
				"down": { "uv": [ 8, 9, 9, 10 ], "texture": "#texture", "rotation": 270 },
				"up": { "uv": [ 8, 6, 9, 7 ], "texture": "#texture", "rotation": 90 },
				"north": { "uv": [ 6, 14.5, 7, 15.5 ], "texture": "#texture" },
				"south": { "uv": [ 9, 14.5, 10, 15.5 ], "texture": "#texture" },
				"west": { "uv": [ 8, 14.5, 9, 15.5 ], "texture": "#texture" },
				"east": { "uv": [ 7, 14.5, 8, 15.5 ], "texture": "#texture" }
			}
		},
		{
			"__comment": "Box1",
			"from": [ 6.0761, 2.5, 9.6447 ],
			"to": [ 7.0761, 3.5, 10.6447 ],
			"rotation": { "origin": [ 8, 2.5, 6 ], "axis": "y", "angle": 22.5 },
			"faces": {
				"down": { "uv": [ 8, 9, 9, 10 ], "texture": "#texture", "rotation": 180 },
				"up": { "uv": [ 8, 6, 9, 7 ], "texture": "#texture", "rotation": 180 },
				"north": { "uv": [ 8, 14.5, 9, 15.5 ], "texture": "#texture" },
				"south": { "uv": [ 7, 14.5, 8, 15.5 ], "texture": "#texture" },
				"west": { "uv": [ 9, 14.5, 10, 15.5 ], "texture": "#texture" },
				"east": { "uv": [ 6, 14.5, 7, 15.5 ], "texture": "#texture" }
			}
		},
		{
			"__comment": "Box1",
			"from": [ 7, 2.5, 5.9727 ],
			"to": [ 8, 3.5, 6.9727 ],
			"faces": {
				"down": { "uv": [ 8, 9, 9, 10 ], "texture": "#texture" },
				"up": { "uv": [ 8, 6, 9, 7 ], "texture": "#texture" },
				"north": { "uv": [ 7, 14.5, 8, 15.5 ], "texture": "#texture" },
				"south": { "uv": [ 8, 14.5, 9, 15.5 ], "texture": "#texture" },
				"west": { "uv": [ 6, 14.5, 7, 15.5 ], "texture": "#texture" },
				"east": { "uv": [ 9, 14.5, 10, 15.5 ], "texture": "#texture" }
			}
		},
		{
			"__comment": "Box1",
			"from": [ 4.9863, 2.5, 7.9863 ],
			"to": [ 5.9863, 3.5, 8.9863 ],
			"faces": {
				"down": { "uv": [ 8, 9, 9, 10 ], "texture": "#texture", "rotation": 90 },
				"up": { "uv": [ 8, 6, 9, 7 ], "texture": "#texture", "rotation": 270 },
				"north": { "uv": [ 9, 14.5, 10, 15.5 ], "texture": "#texture" },
				"south": { "uv": [ 6, 14.5, 7, 15.5 ], "texture": "#texture" },
				"west": { "uv": [ 7, 14.5, 8, 15.5 ], "texture": "#texture" },
				"east": { "uv": [ 8, 14.5, 9, 15.5 ], "texture": "#texture" }
			}
		},
		{
			"__comment": "Box1",
			"from": [ 7, 2.5, 10 ],
			"to": [ 8, 3.5, 11 ],
			"faces": {
				"down": { "uv": [ 8, 9, 9, 10 ], "texture": "#texture", "rotation": 90 },
				"up": { "uv": [ 8, 6, 9, 7 ], "texture": "#texture", "rotation": 270 },
				"north": { "uv": [ 9, 14.5, 10, 15.5 ], "texture": "#texture" },
				"south": { "uv": [ 6, 14.5, 7, 15.5 ], "texture": "#texture" },
				"west": { "uv": [ 7, 14.5, 8, 15.5 ], "texture": "#texture" },
				"east": { "uv": [ 8, 14.5, 9, 15.5 ], "texture": "#texture" }
			}
		},
		{
			"__comment": "Box1",
			"from": [ 6, 2.5, 10 ],
			"to": [ 7, 3.5, 11 ],
			"rotation": { "origin": [ 7, 2.5, 11 ], "axis": "y", "angle": -22.5 },
			"faces": {
				"down": { "uv": [ 7, 9, 8, 10 ], "texture": "#texture", "rotation": 180 },
				"up": { "uv": [ 7, 6, 8, 7 ], "texture": "#texture", "rotation": 180 },
				"north": { "uv": [ 7, 14.5, 8, 15.5 ], "texture": "#texture" },
				"south": { "uv": [ 8, 14.5, 9, 15.5 ], "texture": "#texture" },
				"west": { "uv": [ 9, 14.5, 10, 15.5 ], "texture": "#texture" },
				"east": { "uv": [ 6, 14.5, 7, 15.5 ], "texture": "#texture" }
			}
		},
		{
			"__comment": "Box1",
			"from": [ 6.6173, 2.5, 9.076099 ],
			"to": [ 7.6173, 3.5, 10.0761 ],
			"rotation": { "origin": [ 7, 2.5, 11 ], "axis": "y", "angle": 45 },
			"faces": {
				"down": { "uv": [ 7, 9, 8, 10 ], "texture": "#texture", "rotation": 90 },
				"up": { "uv": [ 7, 6, 8, 7 ], "texture": "#texture", "rotation": 270 },
				"north": { "uv": [ 9, 14.5, 10, 15.5 ], "texture": "#texture" },
				"south": { "uv": [ 6, 14.5, 7, 15.5 ], "texture": "#texture" },
				"west": { "uv": [ 8, 14.5, 9, 15.5 ], "texture": "#texture" },
				"east": { "uv": [ 7, 14.5, 8, 15.5 ], "texture": "#texture" }
			}
		},
		{
			"__comment": "Box1",
			"from": [ 5.9102, 2.5, 8.368999 ],
			"to": [ 6.9102, 3.5, 9.368999 ],
			"rotation": { "origin": [ 7, 2.5, 11 ], "axis": "y", "angle": 22.5 },
			"faces": {
				"down": { "uv": [ 8, 9, 9, 10 ], "texture": "#texture", "rotation": 90 },
				"up": { "uv": [ 8, 6, 9, 7 ], "texture": "#texture", "rotation": 270 },
				"north": { "uv": [ 9, 14.5, 10, 15.5 ], "texture": "#texture" },
				"south": { "uv": [ 6, 14.5, 7, 15.5 ], "texture": "#texture" },
				"west": { "uv": [ 7, 14.5, 8, 15.5 ], "texture": "#texture" },
				"east": { "uv": [ 8, 14.5, 9, 15.5 ], "texture": "#texture" }
			}
		},
		{
			"__comment": "Box1",
			"from": [ 3.9863, 2.5, 7.9863 ],
			"to": [ 4.9863, 3.5, 8.9863 ],
			"rotation": { "origin": [ 7, 2.5, 11 ], "axis": "y", "angle": -22.5 },
			"faces": {
				"down": { "uv": [ 8, 9, 9, 10 ], "texture": "#texture", "rotation": 90 },
				"up": { "uv": [ 8, 6, 9, 7 ], "texture": "#texture", "rotation": 270 },
				"north": { "uv": [ 9, 14.5, 10, 15.5 ], "texture": "#texture" },
				"south": { "uv": [ 6, 14.5, 7, 15.5 ], "texture": "#texture" },
				"west": { "uv": [ 7, 14.5, 8, 15.5 ], "texture": "#texture" },
				"east": { "uv": [ 8, 14.5, 9, 15.5 ], "texture": "#texture" }
			}
		},
		{
			"__comment": "Box1",
			"from": [ 8.631, 2.5, 7.0624 ],
			"to": [ 9.631, 3.5, 8.0624 ],
			"rotation": { "origin": [ 7, 2.5, 11 ], "axis": "y", "angle": 45 },
			"faces": {
				"down": { "uv": [ 8, 9, 9, 10 ], "texture": "#texture" },
				"up": { "uv": [ 8, 6, 9, 7 ], "texture": "#texture" },
				"north": { "uv": [ 7, 14.5, 8, 15.5 ], "texture": "#texture" },
				"south": { "uv": [ 8, 14.5, 9, 15.5 ], "texture": "#texture" },
				"west": { "uv": [ 6, 14.5, 7, 15.5 ], "texture": "#texture" },
				"east": { "uv": [ 9, 14.5, 10, 15.5 ], "texture": "#texture" }
			}
		},
		{
			"__comment": "Box1",
			"from": [ 7.9239, 2.5, 6.3553 ],
			"to": [ 8.923899, 3.5, 7.3553 ],
			"rotation": { "origin": [ 7, 2.5, 11 ], "axis": "y", "angle": 22.5 },
			"faces": {
				"down": { "uv": [ 8, 9, 9, 10 ], "texture": "#texture" },
				"up": { "uv": [ 8, 6, 9, 7 ], "texture": "#texture" },
				"north": { "uv": [ 7, 14.5, 8, 15.5 ], "texture": "#texture" },
				"south": { "uv": [ 8, 14.5, 9, 15.5 ], "texture": "#texture" },
				"west": { "uv": [ 6, 14.5, 7, 15.5 ], "texture": "#texture" },
				"east": { "uv": [ 9, 14.5, 10, 15.5 ], "texture": "#texture" }
			}
		},
		{
			"__comment": "Box1",
			"from": [ 7, 3.5, 6 ],
			"to": [ 8, 4.5, 7 ],
			"faces": {
				"down": { "uv": [ 7, 9, 8, 10 ], "texture": "#texture" },
				"up": { "uv": [ 7, 6, 8, 7 ], "texture": "#texture" },
				"north": { "uv": [ 8, 14.5, 9, 15.5 ], "texture": "#texture" },
				"south": { "uv": [ 7, 14.5, 8, 15.5 ], "texture": "#texture" },
				"west": { "uv": [ 6, 14.5, 7, 15.5 ], "texture": "#texture" },
				"east": { "uv": [ 9, 14.5, 10, 15.5 ], "texture": "#texture" }
			}
		},
		{
			"__comment": "Box1",
			"from": [ 8, 3.5, 6 ],
			"to": [ 9, 4.5, 7 ],
			"rotation": { "origin": [ 8, 3.5, 6 ], "axis": "y", "angle": -22.5 },
			"faces": {
				"down": { "uv": [ 8, 9, 9, 10 ], "texture": "#texture" },
				"up": { "uv": [ 8, 6, 9, 7 ], "texture": "#texture" },
				"north": { "uv": [ 7, 14.5, 8, 15.5 ], "texture": "#texture" },
				"south": { "uv": [ 8, 14.5, 9, 15.5 ], "texture": "#texture" },
				"west": { "uv": [ 6, 14.5, 7, 15.5 ], "texture": "#texture" },
				"east": { "uv": [ 9, 14.5, 10, 15.5 ], "texture": "#texture" }
			}
		},
		{
			"__comment": "Box1",
			"from": [ 6, 3.5, 6 ],
			"to": [ 7, 4.5, 7 ],
			"rotation": { "origin": [ 7, 3.5, 6 ], "axis": "y", "angle": 22.5 },
			"faces": {
				"down": { "uv": [ 8, 9, 9, 10 ], "texture": "#texture", "rotation": 270 },
				"up": { "uv": [ 8, 6, 9, 7 ], "texture": "#texture", "rotation": 90 },
				"north": { "uv": [ 6, 14.5, 7, 15.5 ], "texture": "#texture" },
				"south": { "uv": [ 9, 14.5, 10, 15.5 ], "texture": "#texture" },
				"west": { "uv": [ 8, 14.5, 9, 15.5 ], "texture": "#texture" },
				"east": { "uv": [ 7, 14.5, 8, 15.5 ], "texture": "#texture" }
			}
		},
		{
			"__comment": "Box1",
			"from": [ 8.9239, 3.5, 5.6173 ],
			"to": [ 9.9239, 4.5, 6.6173 ],
			"rotation": { "origin": [ 8, 3.5, 6 ], "axis": "y", "angle": -45 },
			"faces": {
				"down": { "uv": [ 8, 9, 9, 10 ], "texture": "#texture" },
				"up": { "uv": [ 8, 6, 9, 7 ], "texture": "#texture" },
				"north": { "uv": [ 7, 14.5, 8, 15.5 ], "texture": "#texture" },
				"south": { "uv": [ 8, 14.5, 9, 15.5 ], "texture": "#texture" },
				"west": { "uv": [ 6, 14.5, 7, 15.5 ], "texture": "#texture" },
				"east": { "uv": [ 9, 14.5, 10, 15.5 ], "texture": "#texture" }
			}
		},
		{
			"__comment": "Box1",
			"from": [ 8, 3.5, 6 ],
			"to": [ 9, 4.5, 7 ],
			"rotation": { "origin": [ 8, 3.5, 6 ], "axis": "y", "angle": -22.5 },
			"faces": {
				"down": { "uv": [ 7, 9, 8, 10 ], "texture": "#texture" },
				"up": { "uv": [ 7, 6, 8, 7 ], "texture": "#texture" },
				"north": { "uv": [ 8, 14.5, 9, 15.5 ], "texture": "#texture" },
				"south": { "uv": [ 7, 14.5, 8, 15.5 ], "texture": "#texture" },
				"west": { "uv": [ 6, 14.5, 7, 15.5 ], "texture": "#texture" },
				"east": { "uv": [ 9, 14.5, 10, 15.5 ], "texture": "#texture" }
			}
		},
		{
			"__comment": "Box1",
			"from": [ 8.0898, 3.5, 7.631 ],
			"to": [ 9.0898, 4.5, 8.631001 ],
			"rotation": { "origin": [ 8, 3.5, 6 ], "axis": "y", "angle": 22.5 },
			"faces": {
				"down": { "uv": [ 8, 9, 9, 10 ], "texture": "#texture", "rotation": 270 },
				"up": { "uv": [ 8, 6, 9, 7 ], "texture": "#texture", "rotation": 90 },
				"north": { "uv": [ 6, 14.5, 7, 15.5 ], "texture": "#texture" },
				"south": { "uv": [ 9, 14.5, 10, 15.5 ], "texture": "#texture" },
				"west": { "uv": [ 8, 14.5, 9, 15.5 ], "texture": "#texture" },
				"east": { "uv": [ 7, 14.5, 8, 15.5 ], "texture": "#texture" }
			}
		},
		{
			"__comment": "Box1",
			"from": [ 9.0137, 3.5, 8.0137 ],
			"to": [ 10.0137, 4.5, 9.0137 ],
			"faces": {
				"down": { "uv": [ 8, 9, 9, 10 ], "texture": "#texture", "rotation": 270 },
				"up": { "uv": [ 8, 6, 9, 7 ], "texture": "#texture", "rotation": 90 },
				"north": { "uv": [ 6, 14.5, 7, 15.5 ], "texture": "#texture" },
				"south": { "uv": [ 9, 14.5, 10, 15.5 ], "texture": "#texture" },
				"west": { "uv": [ 8, 14.5, 9, 15.5 ], "texture": "#texture" },
				"east": { "uv": [ 7, 14.5, 8, 15.5 ], "texture": "#texture" }
			}
		},
		{
			"__comment": "Box1",
			"from": [ 10.0137, 3.5, 8.0137 ],
			"to": [ 11.0137, 4.5, 9.0137 ],
			"rotation": { "origin": [ 8, 3.5, 6 ], "axis": "y", "angle": -22.5 },
			"faces": {
				"down": { "uv": [ 8, 9, 9, 10 ], "texture": "#texture", "rotation": 270 },
				"up": { "uv": [ 8, 6, 9, 7 ], "texture": "#texture", "rotation": 90 },
				"north": { "uv": [ 6, 14.5, 7, 15.5 ], "texture": "#texture" },
				"south": { "uv": [ 9, 14.5, 10, 15.5 ], "texture": "#texture" },
				"west": { "uv": [ 8, 14.5, 9, 15.5 ], "texture": "#texture" },
				"east": { "uv": [ 7, 14.5, 8, 15.5 ], "texture": "#texture" }
			}
		},
		{
			"__comment": "Box1",
			"from": [ 10.9375, 3.5, 7.631 ],
			"to": [ 11.9375, 4.5, 8.631001 ],
			"rotation": { "origin": [ 8, 3.5, 6 ], "axis": "y", "angle": -45 },
			"faces": {
				"down": { "uv": [ 8, 9, 9, 10 ], "texture": "#texture", "rotation": 270 },
				"up": { "uv": [ 8, 6, 9, 7 ], "texture": "#texture", "rotation": 90 },
				"north": { "uv": [ 6, 14.5, 7, 15.5 ], "texture": "#texture" },
				"south": { "uv": [ 9, 14.5, 10, 15.5 ], "texture": "#texture" },
				"west": { "uv": [ 8, 14.5, 9, 15.5 ], "texture": "#texture" },
				"east": { "uv": [ 7, 14.5, 8, 15.5 ], "texture": "#texture" }
			}
		},
		{
			"__comment": "Box1",
			"from": [ 6.0761, 3.5, 9.6447 ],
			"to": [ 7.0761, 4.5, 10.6447 ],
			"rotation": { "origin": [ 8, 3.5, 6 ], "axis": "y", "angle": 22.5 },
			"faces": {
				"down": { "uv": [ 8, 9, 9, 10 ], "texture": "#texture", "rotation": 180 },
				"up": { "uv": [ 8, 6, 9, 7 ], "texture": "#texture", "rotation": 180 },
				"north": { "uv": [ 8, 14.5, 9, 15.5 ], "texture": "#texture" },
				"south": { "uv": [ 7, 14.5, 8, 15.5 ], "texture": "#texture" },
				"west": { "uv": [ 9, 14.5, 10, 15.5 ], "texture": "#texture" },
				"east": { "uv": [ 6, 14.5, 7, 15.5 ], "texture": "#texture" }
			}
		},
		{
			"__comment": "Box1",
			"from": [ 7, 3.5, 5.9727 ],
			"to": [ 8, 4.5, 6.9727 ],
			"faces": {
				"down": { "uv": [ 8, 9, 9, 10 ], "texture": "#texture" },
				"up": { "uv": [ 8, 6, 9, 7 ], "texture": "#texture" },
				"north": { "uv": [ 7, 14.5, 8, 15.5 ], "texture": "#texture" },
				"south": { "uv": [ 8, 14.5, 9, 15.5 ], "texture": "#texture" },
				"west": { "uv": [ 6, 14.5, 7, 15.5 ], "texture": "#texture" },
				"east": { "uv": [ 9, 14.5, 10, 15.5 ], "texture": "#texture" }
			}
		},
		{
			"__comment": "Box1",
			"from": [ 4.9863, 3.5, 7.9863 ],
			"to": [ 5.9863, 4.5, 8.9863 ],
			"faces": {
				"down": { "uv": [ 8, 9, 9, 10 ], "texture": "#texture", "rotation": 90 },
				"up": { "uv": [ 8, 6, 9, 7 ], "texture": "#texture", "rotation": 270 },
				"north": { "uv": [ 9, 14.5, 10, 15.5 ], "texture": "#texture" },
				"south": { "uv": [ 6, 14.5, 7, 15.5 ], "texture": "#texture" },
				"west": { "uv": [ 7, 14.5, 8, 15.5 ], "texture": "#texture" },
				"east": { "uv": [ 8, 14.5, 9, 15.5 ], "texture": "#texture" }
			}
		},
		{
			"__comment": "Box1",
			"from": [ 7, 3.5, 10 ],
			"to": [ 8, 4.5, 11 ],
			"faces": {
				"down": { "uv": [ 8, 9, 9, 10 ], "texture": "#texture", "rotation": 90 },
				"up": { "uv": [ 8, 6, 9, 7 ], "texture": "#texture", "rotation": 270 },
				"north": { "uv": [ 9, 14.5, 10, 15.5 ], "texture": "#texture" },
				"south": { "uv": [ 6, 14.5, 7, 15.5 ], "texture": "#texture" },
				"west": { "uv": [ 7, 14.5, 8, 15.5 ], "texture": "#texture" },
				"east": { "uv": [ 8, 14.5, 9, 15.5 ], "texture": "#texture" }
			}
		},
		{
			"__comment": "Box1",
			"from": [ 6, 3.5, 10 ],
			"to": [ 7, 4.5, 11 ],
			"rotation": { "origin": [ 7, 3.5, 11 ], "axis": "y", "angle": -22.5 },
			"faces": {
				"down": { "uv": [ 7, 9, 8, 10 ], "texture": "#texture", "rotation": 180 },
				"up": { "uv": [ 7, 6, 8, 7 ], "texture": "#texture", "rotation": 180 },
				"north": { "uv": [ 7, 14.5, 8, 15.5 ], "texture": "#texture" },
				"south": { "uv": [ 8, 14.5, 9, 15.5 ], "texture": "#texture" },
				"west": { "uv": [ 9, 14.5, 10, 15.5 ], "texture": "#texture" },
				"east": { "uv": [ 6, 14.5, 7, 15.5 ], "texture": "#texture" }
			}
		},
		{
			"__comment": "Box1",
			"from": [ 6.6173, 3.5, 9.076099 ],
			"to": [ 7.6173, 4.5, 10.0761 ],
			"rotation": { "origin": [ 7, 3.5, 11 ], "axis": "y", "angle": 45 },
			"faces": {
				"down": { "uv": [ 7, 9, 8, 10 ], "texture": "#texture", "rotation": 90 },
				"up": { "uv": [ 7, 6, 8, 7 ], "texture": "#texture", "rotation": 270 },
				"north": { "uv": [ 9, 14.5, 10, 15.5 ], "texture": "#texture" },
				"south": { "uv": [ 6, 14.5, 7, 15.5 ], "texture": "#texture" },
				"west": { "uv": [ 8, 14.5, 9, 15.5 ], "texture": "#texture" },
				"east": { "uv": [ 7, 14.5, 8, 15.5 ], "texture": "#texture" }
			}
		},
		{
			"__comment": "Box1",
			"from": [ 5.9102, 3.5, 8.368999 ],
			"to": [ 6.9102, 4.5, 9.368999 ],
			"rotation": { "origin": [ 7, 3.5, 11 ], "axis": "y", "angle": 22.5 },
			"faces": {
				"down": { "uv": [ 8, 9, 9, 10 ], "texture": "#texture", "rotation": 90 },
				"up": { "uv": [ 8, 6, 9, 7 ], "texture": "#texture", "rotation": 270 },
				"north": { "uv": [ 9, 14.5, 10, 15.5 ], "texture": "#texture" },
				"south": { "uv": [ 6, 14.5, 7, 15.5 ], "texture": "#texture" },
				"west": { "uv": [ 7, 14.5, 8, 15.5 ], "texture": "#texture" },
				"east": { "uv": [ 8, 14.5, 9, 15.5 ], "texture": "#texture" }
			}
		},
		{
			"__comment": "Box1",
			"from": [ 3.9863, 3.5, 7.9863 ],
			"to": [ 4.9863, 4.5, 8.9863 ],
			"rotation": { "origin": [ 7, 3.5, 11 ], "axis": "y", "angle": -22.5 },
			"faces": {
				"down": { "uv": [ 8, 9, 9, 10 ], "texture": "#texture", "rotation": 90 },
				"up": { "uv": [ 8, 6, 9, 7 ], "texture": "#texture", "rotation": 270 },
				"north": { "uv": [ 9, 14.5, 10, 15.5 ], "texture": "#texture" },
				"south": { "uv": [ 6, 14.5, 7, 15.5 ], "texture": "#texture" },
				"west": { "uv": [ 7, 14.5, 8, 15.5 ], "texture": "#texture" },
				"east": { "uv": [ 8, 14.5, 9, 15.5 ], "texture": "#texture" }
			}
		},
		{
			"__comment": "Box1",
			"from": [ 8.631, 3.5, 7.0624 ],
			"to": [ 9.631, 4.5, 8.0624 ],
			"rotation": { "origin": [ 7, 3.5, 11 ], "axis": "y", "angle": 45 },
			"faces": {
				"down": { "uv": [ 8, 9, 9, 10 ], "texture": "#texture" },
				"up": { "uv": [ 8, 6, 9, 7 ], "texture": "#texture" },
				"north": { "uv": [ 7, 14.5, 8, 15.5 ], "texture": "#texture" },
				"south": { "uv": [ 8, 14.5, 9, 15.5 ], "texture": "#texture" },
				"west": { "uv": [ 6, 14.5, 7, 15.5 ], "texture": "#texture" },
				"east": { "uv": [ 9, 14.5, 10, 15.5 ], "texture": "#texture" }
			}
		},
		{
			"__comment": "Box1",
			"from": [ 7.9239, 3.5, 6.3553 ],
			"to": [ 8.923899, 4.5, 7.3553 ],
			"rotation": { "origin": [ 7, 3.5, 11 ], "axis": "y", "angle": 22.5 },
			"faces": {
				"down": { "uv": [ 8, 9, 9, 10 ], "texture": "#texture" },
				"up": { "uv": [ 8, 6, 9, 7 ], "texture": "#texture" },
				"north": { "uv": [ 7, 14.5, 8, 15.5 ], "texture": "#texture" },
				"south": { "uv": [ 8, 14.5, 9, 15.5 ], "texture": "#texture" },
				"west": { "uv": [ 6, 14.5, 7, 15.5 ], "texture": "#texture" },
				"east": { "uv": [ 9, 14.5, 10, 15.5 ], "texture": "#texture" }
			}
		},
		{
			"__comment": "Box1",
			"from": [ 7, 4.5, 6 ],
			"to": [ 8, 5.5, 7 ],
			"faces": {
				"down": { "uv": [ 7, 9, 8, 10 ], "texture": "#texture" },
				"up": { "uv": [ 7, 6, 8, 7 ], "texture": "#texture" },
				"north": { "uv": [ 8, 14.5, 9, 15.5 ], "texture": "#texture" },
				"south": { "uv": [ 7, 14.5, 8, 15.5 ], "texture": "#texture" },
				"west": { "uv": [ 6, 14.5, 7, 15.5 ], "texture": "#texture" },
				"east": { "uv": [ 9, 14.5, 10, 15.5 ], "texture": "#texture" }
			}
		},
		{
			"__comment": "Box1",
			"from": [ 8, 4.5, 6 ],
			"to": [ 9, 5.5, 7 ],
			"rotation": { "origin": [ 8, 4.5, 6 ], "axis": "y", "angle": -22.5 },
			"faces": {
				"down": { "uv": [ 8, 9, 9, 10 ], "texture": "#texture" },
				"up": { "uv": [ 8, 6, 9, 7 ], "texture": "#texture" },
				"north": { "uv": [ 7, 14.5, 8, 15.5 ], "texture": "#texture" },
				"south": { "uv": [ 8, 14.5, 9, 15.5 ], "texture": "#texture" },
				"west": { "uv": [ 6, 14.5, 7, 15.5 ], "texture": "#texture" },
				"east": { "uv": [ 9, 14.5, 10, 15.5 ], "texture": "#texture" }
			}
		},
		{
			"__comment": "Box1",
			"from": [ 6, 4.5, 6 ],
			"to": [ 7, 5.5, 7 ],
			"rotation": { "origin": [ 7, 4.5, 6 ], "axis": "y", "angle": 22.5 },
			"faces": {
				"down": { "uv": [ 8, 9, 9, 10 ], "texture": "#texture", "rotation": 270 },
				"up": { "uv": [ 8, 6, 9, 7 ], "texture": "#texture", "rotation": 90 },
				"north": { "uv": [ 6, 14.5, 7, 15.5 ], "texture": "#texture" },
				"south": { "uv": [ 9, 14.5, 10, 15.5 ], "texture": "#texture" },
				"west": { "uv": [ 8, 14.5, 9, 15.5 ], "texture": "#texture" },
				"east": { "uv": [ 7, 14.5, 8, 15.5 ], "texture": "#texture" }
			}
		},
		{
			"__comment": "Box1",
			"from": [ 8.9239, 4.5, 5.6173 ],
			"to": [ 9.9239, 5.5, 6.6173 ],
			"rotation": { "origin": [ 8, 4.5, 6 ], "axis": "y", "angle": -45 },
			"faces": {
				"down": { "uv": [ 8, 9, 9, 10 ], "texture": "#texture" },
				"up": { "uv": [ 8, 6, 9, 7 ], "texture": "#texture" },
				"north": { "uv": [ 7, 14.5, 8, 15.5 ], "texture": "#texture" },
				"south": { "uv": [ 8, 14.5, 9, 15.5 ], "texture": "#texture" },
				"west": { "uv": [ 6, 14.5, 7, 15.5 ], "texture": "#texture" },
				"east": { "uv": [ 9, 14.5, 10, 15.5 ], "texture": "#texture" }
			}
		},
		{
			"__comment": "Box1",
			"from": [ 8, 4.5, 6 ],
			"to": [ 9, 5.5, 7 ],
			"rotation": { "origin": [ 8, 4.5, 6 ], "axis": "y", "angle": -22.5 },
			"faces": {
				"down": { "uv": [ 7, 9, 8, 10 ], "texture": "#texture" },
				"up": { "uv": [ 7, 6, 8, 7 ], "texture": "#texture" },
				"north": { "uv": [ 8, 14.5, 9, 15.5 ], "texture": "#texture" },
				"south": { "uv": [ 7, 14.5, 8, 15.5 ], "texture": "#texture" },
				"west": { "uv": [ 6, 14.5, 7, 15.5 ], "texture": "#texture" },
				"east": { "uv": [ 9, 14.5, 10, 15.5 ], "texture": "#texture" }
			}
		},
		{
			"__comment": "Box1",
			"from": [ 8.0898, 4.5, 7.631 ],
			"to": [ 9.0898, 5.5, 8.631001 ],
			"rotation": { "origin": [ 8, 4.5, 6 ], "axis": "y", "angle": 22.5 },
			"faces": {
				"down": { "uv": [ 8, 9, 9, 10 ], "texture": "#texture", "rotation": 270 },
				"up": { "uv": [ 8, 6, 9, 7 ], "texture": "#texture", "rotation": 90 },
				"north": { "uv": [ 6, 14.5, 7, 15.5 ], "texture": "#texture" },
				"south": { "uv": [ 9, 14.5, 10, 15.5 ], "texture": "#texture" },
				"west": { "uv": [ 8, 14.5, 9, 15.5 ], "texture": "#texture" },
				"east": { "uv": [ 7, 14.5, 8, 15.5 ], "texture": "#texture" }
			}
		},
		{
			"__comment": "Box1",
			"from": [ 9.0137, 4.5, 8.0137 ],
			"to": [ 10.0137, 5.5, 9.0137 ],
			"faces": {
				"down": { "uv": [ 8, 9, 9, 10 ], "texture": "#texture", "rotation": 270 },
				"up": { "uv": [ 8, 6, 9, 7 ], "texture": "#texture", "rotation": 90 },
				"north": { "uv": [ 6, 14.5, 7, 15.5 ], "texture": "#texture" },
				"south": { "uv": [ 9, 14.5, 10, 15.5 ], "texture": "#texture" },
				"west": { "uv": [ 8, 14.5, 9, 15.5 ], "texture": "#texture" },
				"east": { "uv": [ 7, 14.5, 8, 15.5 ], "texture": "#texture" }
			}
		},
		{
			"__comment": "Box1",
			"from": [ 10.0137, 4.5, 8.0137 ],
			"to": [ 11.0137, 5.5, 9.0137 ],
			"rotation": { "origin": [ 8, 4.5, 6 ], "axis": "y", "angle": -22.5 },
			"faces": {
				"down": { "uv": [ 8, 9, 9, 10 ], "texture": "#texture", "rotation": 270 },
				"up": { "uv": [ 8, 6, 9, 7 ], "texture": "#texture", "rotation": 90 },
				"north": { "uv": [ 6, 14.5, 7, 15.5 ], "texture": "#texture" },
				"south": { "uv": [ 9, 14.5, 10, 15.5 ], "texture": "#texture" },
				"west": { "uv": [ 8, 14.5, 9, 15.5 ], "texture": "#texture" },
				"east": { "uv": [ 7, 14.5, 8, 15.5 ], "texture": "#texture" }
			}
		},
		{
			"__comment": "Box1",
			"from": [ 10.9375, 4.5, 7.631 ],
			"to": [ 11.9375, 5.5, 8.631001 ],
			"rotation": { "origin": [ 8, 4.5, 6 ], "axis": "y", "angle": -45 },
			"faces": {
				"down": { "uv": [ 8, 9, 9, 10 ], "texture": "#texture", "rotation": 270 },
				"up": { "uv": [ 8, 6, 9, 7 ], "texture": "#texture", "rotation": 90 },
				"north": { "uv": [ 6, 14.5, 7, 15.5 ], "texture": "#texture" },
				"south": { "uv": [ 9, 14.5, 10, 15.5 ], "texture": "#texture" },
				"west": { "uv": [ 8, 14.5, 9, 15.5 ], "texture": "#texture" },
				"east": { "uv": [ 7, 14.5, 8, 15.5 ], "texture": "#texture" }
			}
		},
		{
			"__comment": "Box1",
			"from": [ 6.0761, 4.5, 9.6447 ],
			"to": [ 7.0761, 5.5, 10.6447 ],
			"rotation": { "origin": [ 8, 4.5, 6 ], "axis": "y", "angle": 22.5 },
			"faces": {
				"down": { "uv": [ 8, 9, 9, 10 ], "texture": "#texture", "rotation": 180 },
				"up": { "uv": [ 8, 6, 9, 7 ], "texture": "#texture", "rotation": 180 },
				"north": { "uv": [ 8, 14.5, 9, 15.5 ], "texture": "#texture" },
				"south": { "uv": [ 7, 14.5, 8, 15.5 ], "texture": "#texture" },
				"west": { "uv": [ 9, 14.5, 10, 15.5 ], "texture": "#texture" },
				"east": { "uv": [ 6, 14.5, 7, 15.5 ], "texture": "#texture" }
			}
		},
		{
			"__comment": "Box1",
			"from": [ 7, 4.5, 5.9727 ],
			"to": [ 8, 5.5, 6.9727 ],
			"faces": {
				"down": { "uv": [ 8, 9, 9, 10 ], "texture": "#texture" },
				"up": { "uv": [ 8, 6, 9, 7 ], "texture": "#texture" },
				"north": { "uv": [ 7, 14.5, 8, 15.5 ], "texture": "#texture" },
				"south": { "uv": [ 8, 14.5, 9, 15.5 ], "texture": "#texture" },
				"west": { "uv": [ 6, 14.5, 7, 15.5 ], "texture": "#texture" },
				"east": { "uv": [ 9, 14.5, 10, 15.5 ], "texture": "#texture" }
			}
		},
		{
			"__comment": "Box1",
			"from": [ 4.9863, 4.5, 7.9863 ],
			"to": [ 5.9863, 5.5, 8.9863 ],
			"faces": {
				"down": { "uv": [ 8, 9, 9, 10 ], "texture": "#texture", "rotation": 90 },
				"up": { "uv": [ 8, 6, 9, 7 ], "texture": "#texture", "rotation": 270 },
				"north": { "uv": [ 9, 14.5, 10, 15.5 ], "texture": "#texture" },
				"south": { "uv": [ 6, 14.5, 7, 15.5 ], "texture": "#texture" },
				"west": { "uv": [ 7, 14.5, 8, 15.5 ], "texture": "#texture" },
				"east": { "uv": [ 8, 14.5, 9, 15.5 ], "texture": "#texture" }
			}
		},
		{
			"__comment": "Box1",
			"from": [ 7, 4.5, 10 ],
			"to": [ 8, 5.5, 11 ],
			"faces": {
				"down": { "uv": [ 8, 9, 9, 10 ], "texture": "#texture", "rotation": 90 },
				"up": { "uv": [ 8, 6, 9, 7 ], "texture": "#texture", "rotation": 270 },
				"north": { "uv": [ 9, 14.5, 10, 15.5 ], "texture": "#texture" },
				"south": { "uv": [ 6, 14.5, 7, 15.5 ], "texture": "#texture" },
				"west": { "uv": [ 7, 14.5, 8, 15.5 ], "texture": "#texture" },
				"east": { "uv": [ 8, 14.5, 9, 15.5 ], "texture": "#texture" }
			}
		},
		{
			"__comment": "Box1",
			"from": [ 6, 4.5, 10 ],
			"to": [ 7, 5.5, 11 ],
			"rotation": { "origin": [ 7, 4.5, 11 ], "axis": "y", "angle": -22.5 },
			"faces": {
				"down": { "uv": [ 7, 9, 8, 10 ], "texture": "#texture", "rotation": 180 },
				"up": { "uv": [ 7, 6, 8, 7 ], "texture": "#texture", "rotation": 180 },
				"north": { "uv": [ 7, 14.5, 8, 15.5 ], "texture": "#texture" },
				"south": { "uv": [ 8, 14.5, 9, 15.5 ], "texture": "#texture" },
				"west": { "uv": [ 9, 14.5, 10, 15.5 ], "texture": "#texture" },
				"east": { "uv": [ 6, 14.5, 7, 15.5 ], "texture": "#texture" }
			}
		},
		{
			"__comment": "Box1",
			"from": [ 6.6173, 4.5, 9.076099 ],
			"to": [ 7.6173, 5.5, 10.0761 ],
			"rotation": { "origin": [ 7, 4.5, 11 ], "axis": "y", "angle": 45 },
			"faces": {
				"down": { "uv": [ 7, 9, 8, 10 ], "texture": "#texture", "rotation": 90 },
				"up": { "uv": [ 7, 6, 8, 7 ], "texture": "#texture", "rotation": 270 },
				"north": { "uv": [ 9, 14.5, 10, 15.5 ], "texture": "#texture" },
				"south": { "uv": [ 6, 14.5, 7, 15.5 ], "texture": "#texture" },
				"west": { "uv": [ 8, 14.5, 9, 15.5 ], "texture": "#texture" },
				"east": { "uv": [ 7, 14.5, 8, 15.5 ], "texture": "#texture" }
			}
		},
		{
			"__comment": "Box1",
			"from": [ 5.9102, 4.5, 8.368999 ],
			"to": [ 6.9102, 5.5, 9.368999 ],
			"rotation": { "origin": [ 7, 4.5, 11 ], "axis": "y", "angle": 22.5 },
			"faces": {
				"down": { "uv": [ 8, 9, 9, 10 ], "texture": "#texture", "rotation": 90 },
				"up": { "uv": [ 8, 6, 9, 7 ], "texture": "#texture", "rotation": 270 },
				"north": { "uv": [ 9, 14.5, 10, 15.5 ], "texture": "#texture" },
				"south": { "uv": [ 6, 14.5, 7, 15.5 ], "texture": "#texture" },
				"west": { "uv": [ 7, 14.5, 8, 15.5 ], "texture": "#texture" },
				"east": { "uv": [ 8, 14.5, 9, 15.5 ], "texture": "#texture" }
			}
		},
		{
			"__comment": "Box1",
			"from": [ 3.9863, 4.5, 7.9863 ],
			"to": [ 4.9863, 5.5, 8.9863 ],
			"rotation": { "origin": [ 7, 4.5, 11 ], "axis": "y", "angle": -22.5 },
			"faces": {
				"down": { "uv": [ 8, 9, 9, 10 ], "texture": "#texture", "rotation": 90 },
				"up": { "uv": [ 8, 6, 9, 7 ], "texture": "#texture", "rotation": 270 },
				"north": { "uv": [ 9, 14.5, 10, 15.5 ], "texture": "#texture" },
				"south": { "uv": [ 6, 14.5, 7, 15.5 ], "texture": "#texture" },
				"west": { "uv": [ 7, 14.5, 8, 15.5 ], "texture": "#texture" },
				"east": { "uv": [ 8, 14.5, 9, 15.5 ], "texture": "#texture" }
			}
		},
		{
			"__comment": "Box1",
			"from": [ 8.631, 4.5, 7.0624 ],
			"to": [ 9.631, 5.5, 8.0624 ],
			"rotation": { "origin": [ 7, 4.5, 11 ], "axis": "y", "angle": 45 },
			"faces": {
				"down": { "uv": [ 8, 9, 9, 10 ], "texture": "#texture" },
				"up": { "uv": [ 8, 6, 9, 7 ], "texture": "#texture" },
				"north": { "uv": [ 7, 14.5, 8, 15.5 ], "texture": "#texture" },
				"south": { "uv": [ 8, 14.5, 9, 15.5 ], "texture": "#texture" },
				"west": { "uv": [ 6, 14.5, 7, 15.5 ], "texture": "#texture" },
				"east": { "uv": [ 9, 14.5, 10, 15.5 ], "texture": "#texture" }
			}
		},
		{
			"__comment": "Box1",
			"from": [ 7.9239, 4.5, 6.3553 ],
			"to": [ 8.923899, 5.5, 7.3553 ],
			"rotation": { "origin": [ 7, 4.5, 11 ], "axis": "y", "angle": 22.5 },
			"faces": {
				"down": { "uv": [ 8, 9, 9, 10 ], "texture": "#texture" },
				"up": { "uv": [ 8, 6, 9, 7 ], "texture": "#texture" },
				"north": { "uv": [ 7, 14.5, 8, 15.5 ], "texture": "#texture" },
				"south": { "uv": [ 8, 14.5, 9, 15.5 ], "texture": "#texture" },
				"west": { "uv": [ 6, 14.5, 7, 15.5 ], "texture": "#texture" },
				"east": { "uv": [ 9, 14.5, 10, 15.5 ], "texture": "#texture" }
			}
		},
		{
			"__comment": "Box1",
			"from": [ 7, 5.5, 6 ],
			"to": [ 8, 6.5, 7 ],
			"faces": {
				"down": { "uv": [ 7, 9, 8, 10 ], "texture": "#texture" },
				"up": { "uv": [ 7, 6, 8, 7 ], "texture": "#texture" },
				"north": { "uv": [ 8, 14.5, 9, 15.5 ], "texture": "#texture" },
				"south": { "uv": [ 7, 14.5, 8, 15.5 ], "texture": "#texture" },
				"west": { "uv": [ 6, 14.5, 7, 15.5 ], "texture": "#texture" },
				"east": { "uv": [ 9, 14.5, 10, 15.5 ], "texture": "#texture" }
			}
		},
		{
			"__comment": "Box1",
			"from": [ 8, 5.5, 6 ],
			"to": [ 9, 6.5, 7 ],
			"rotation": { "origin": [ 8, 5.5, 6 ], "axis": "y", "angle": -22.5 },
			"faces": {
				"down": { "uv": [ 8, 9, 9, 10 ], "texture": "#texture" },
				"up": { "uv": [ 8, 6, 9, 7 ], "texture": "#texture" },
				"north": { "uv": [ 7, 14.5, 8, 15.5 ], "texture": "#texture" },
				"south": { "uv": [ 8, 14.5, 9, 15.5 ], "texture": "#texture" },
				"west": { "uv": [ 6, 14.5, 7, 15.5 ], "texture": "#texture" },
				"east": { "uv": [ 9, 14.5, 10, 15.5 ], "texture": "#texture" }
			}
		},
		{
			"__comment": "Box1",
			"from": [ 6, 5.5, 6 ],
			"to": [ 7, 6.5, 7 ],
			"rotation": { "origin": [ 7, 5.5, 6 ], "axis": "y", "angle": 22.5 },
			"faces": {
				"down": { "uv": [ 8, 9, 9, 10 ], "texture": "#texture", "rotation": 270 },
				"up": { "uv": [ 8, 6, 9, 7 ], "texture": "#texture", "rotation": 90 },
				"north": { "uv": [ 6, 14.5, 7, 15.5 ], "texture": "#texture" },
				"south": { "uv": [ 9, 14.5, 10, 15.5 ], "texture": "#texture" },
				"west": { "uv": [ 8, 14.5, 9, 15.5 ], "texture": "#texture" },
				"east": { "uv": [ 7, 14.5, 8, 15.5 ], "texture": "#texture" }
			}
		},
		{
			"__comment": "Box1",
			"from": [ 8.9239, 5.5, 5.6173 ],
			"to": [ 9.9239, 6.5, 6.6173 ],
			"rotation": { "origin": [ 8, 5.5, 6 ], "axis": "y", "angle": -45 },
			"faces": {
				"down": { "uv": [ 8, 9, 9, 10 ], "texture": "#texture" },
				"up": { "uv": [ 8, 6, 9, 7 ], "texture": "#texture" },
				"north": { "uv": [ 7, 14.5, 8, 15.5 ], "texture": "#texture" },
				"south": { "uv": [ 8, 14.5, 9, 15.5 ], "texture": "#texture" },
				"west": { "uv": [ 6, 14.5, 7, 15.5 ], "texture": "#texture" },
				"east": { "uv": [ 9, 14.5, 10, 15.5 ], "texture": "#texture" }
			}
		},
		{
			"__comment": "Box1",
			"from": [ 8, 5.5, 6 ],
			"to": [ 9, 6.5, 7 ],
			"rotation": { "origin": [ 8, 5.5, 6 ], "axis": "y", "angle": -22.5 },
			"faces": {
				"down": { "uv": [ 7, 9, 8, 10 ], "texture": "#texture" },
				"up": { "uv": [ 7, 6, 8, 7 ], "texture": "#texture" },
				"north": { "uv": [ 8, 14.5, 9, 15.5 ], "texture": "#texture" },
				"south": { "uv": [ 7, 14.5, 8, 15.5 ], "texture": "#texture" },
				"west": { "uv": [ 6, 14.5, 7, 15.5 ], "texture": "#texture" },
				"east": { "uv": [ 9, 14.5, 10, 15.5 ], "texture": "#texture" }
			}
		},
		{
			"__comment": "Box1",
			"from": [ 8.0898, 5.5, 7.631 ],
			"to": [ 9.0898, 6.5, 8.631001 ],
			"rotation": { "origin": [ 8, 5.5, 6 ], "axis": "y", "angle": 22.5 },
			"faces": {
				"down": { "uv": [ 8, 9, 9, 10 ], "texture": "#texture", "rotation": 270 },
				"up": { "uv": [ 8, 6, 9, 7 ], "texture": "#texture", "rotation": 90 },
				"north": { "uv": [ 6, 14.5, 7, 15.5 ], "texture": "#texture" },
				"south": { "uv": [ 9, 14.5, 10, 15.5 ], "texture": "#texture" },
				"west": { "uv": [ 8, 14.5, 9, 15.5 ], "texture": "#texture" },
				"east": { "uv": [ 7, 14.5, 8, 15.5 ], "texture": "#texture" }
			}
		},
		{
			"__comment": "Box1",
			"from": [ 9.0137, 5.5, 8.0137 ],
			"to": [ 10.0137, 6.5, 9.0137 ],
			"faces": {
				"down": { "uv": [ 8, 9, 9, 10 ], "texture": "#texture", "rotation": 270 },
				"up": { "uv": [ 8, 6, 9, 7 ], "texture": "#texture", "rotation": 90 },
				"north": { "uv": [ 6, 14.5, 7, 15.5 ], "texture": "#texture" },
				"south": { "uv": [ 9, 14.5, 10, 15.5 ], "texture": "#texture" },
				"west": { "uv": [ 8, 14.5, 9, 15.5 ], "texture": "#texture" },
				"east": { "uv": [ 7, 14.5, 8, 15.5 ], "texture": "#texture" }
			}
		},
		{
			"__comment": "Box1",
			"from": [ 10.0137, 5.5, 8.0137 ],
			"to": [ 11.0137, 6.5, 9.0137 ],
			"rotation": { "origin": [ 8, 5.5, 6 ], "axis": "y", "angle": -22.5 },
			"faces": {
				"down": { "uv": [ 8, 9, 9, 10 ], "texture": "#texture", "rotation": 270 },
				"up": { "uv": [ 8, 6, 9, 7 ], "texture": "#texture", "rotation": 90 },
				"north": { "uv": [ 6, 14.5, 7, 15.5 ], "texture": "#texture" },
				"south": { "uv": [ 9, 14.5, 10, 15.5 ], "texture": "#texture" },
				"west": { "uv": [ 8, 14.5, 9, 15.5 ], "texture": "#texture" },
				"east": { "uv": [ 7, 14.5, 8, 15.5 ], "texture": "#texture" }
			}
		},
		{
			"__comment": "Box1",
			"from": [ 10.9375, 5.5, 7.631 ],
			"to": [ 11.9375, 6.5, 8.631001 ],
			"rotation": { "origin": [ 8, 5.5, 6 ], "axis": "y", "angle": -45 },
			"faces": {
				"down": { "uv": [ 8, 9, 9, 10 ], "texture": "#texture", "rotation": 270 },
				"up": { "uv": [ 8, 6, 9, 7 ], "texture": "#texture", "rotation": 90 },
				"north": { "uv": [ 6, 14.5, 7, 15.5 ], "texture": "#texture" },
				"south": { "uv": [ 9, 14.5, 10, 15.5 ], "texture": "#texture" },
				"west": { "uv": [ 8, 14.5, 9, 15.5 ], "texture": "#texture" },
				"east": { "uv": [ 7, 14.5, 8, 15.5 ], "texture": "#texture" }
			}
		},
		{
			"__comment": "Box1",
			"from": [ 6.0761, 5.5, 9.6447 ],
			"to": [ 7.0761, 6.5, 10.6447 ],
			"rotation": { "origin": [ 8, 5.5, 6 ], "axis": "y", "angle": 22.5 },
			"faces": {
				"down": { "uv": [ 8, 9, 9, 10 ], "texture": "#texture", "rotation": 180 },
				"up": { "uv": [ 8, 6, 9, 7 ], "texture": "#texture", "rotation": 180 },
				"north": { "uv": [ 8, 14.5, 9, 15.5 ], "texture": "#texture" },
				"south": { "uv": [ 7, 14.5, 8, 15.5 ], "texture": "#texture" },
				"west": { "uv": [ 9, 14.5, 10, 15.5 ], "texture": "#texture" },
				"east": { "uv": [ 6, 14.5, 7, 15.5 ], "texture": "#texture" }
			}
		},
		{
			"__comment": "Box1",
			"from": [ 7, 5.5, 5.9727 ],
			"to": [ 8, 6.5, 6.9727 ],
			"faces": {
				"down": { "uv": [ 8, 9, 9, 10 ], "texture": "#texture" },
				"up": { "uv": [ 8, 6, 9, 7 ], "texture": "#texture" },
				"north": { "uv": [ 7, 14.5, 8, 15.5 ], "texture": "#texture" },
				"south": { "uv": [ 8, 14.5, 9, 15.5 ], "texture": "#texture" },
				"west": { "uv": [ 6, 14.5, 7, 15.5 ], "texture": "#texture" },
				"east": { "uv": [ 9, 14.5, 10, 15.5 ], "texture": "#texture" }
			}
		},
		{
			"__comment": "Box1",
			"from": [ 4.9863, 5.5, 7.9863 ],
			"to": [ 5.9863, 6.5, 8.9863 ],
			"faces": {
				"down": { "uv": [ 8, 9, 9, 10 ], "texture": "#texture", "rotation": 90 },
				"up": { "uv": [ 8, 6, 9, 7 ], "texture": "#texture", "rotation": 270 },
				"north": { "uv": [ 9, 14.5, 10, 15.5 ], "texture": "#texture" },
				"south": { "uv": [ 6, 14.5, 7, 15.5 ], "texture": "#texture" },
				"west": { "uv": [ 7, 14.5, 8, 15.5 ], "texture": "#texture" },
				"east": { "uv": [ 8, 14.5, 9, 15.5 ], "texture": "#texture" }
			}
		},
		{
			"__comment": "Box1",
			"from": [ 7, 5.5, 10 ],
			"to": [ 8, 6.5, 11 ],
			"faces": {
				"down": { "uv": [ 8, 9, 9, 10 ], "texture": "#texture", "rotation": 90 },
				"up": { "uv": [ 8, 6, 9, 7 ], "texture": "#texture", "rotation": 270 },
				"north": { "uv": [ 9, 14.5, 10, 15.5 ], "texture": "#texture" },
				"south": { "uv": [ 6, 14.5, 7, 15.5 ], "texture": "#texture" },
				"west": { "uv": [ 7, 14.5, 8, 15.5 ], "texture": "#texture" },
				"east": { "uv": [ 8, 14.5, 9, 15.5 ], "texture": "#texture" }
			}
		},
		{
			"__comment": "Box1",
			"from": [ 6, 5.5, 10 ],
			"to": [ 7, 6.5, 11 ],
			"rotation": { "origin": [ 7, 5.5, 11 ], "axis": "y", "angle": -22.5 },
			"faces": {
				"down": { "uv": [ 7, 9, 8, 10 ], "texture": "#texture", "rotation": 180 },
				"up": { "uv": [ 7, 6, 8, 7 ], "texture": "#texture", "rotation": 180 },
				"north": { "uv": [ 7, 14.5, 8, 15.5 ], "texture": "#texture" },
				"south": { "uv": [ 8, 14.5, 9, 15.5 ], "texture": "#texture" },
				"west": { "uv": [ 9, 14.5, 10, 15.5 ], "texture": "#texture" },
				"east": { "uv": [ 6, 14.5, 7, 15.5 ], "texture": "#texture" }
			}
		},
		{
			"__comment": "Box1",
			"from": [ 6.6173, 5.5, 9.076099 ],
			"to": [ 7.6173, 6.5, 10.0761 ],
			"rotation": { "origin": [ 7, 5.5, 11 ], "axis": "y", "angle": 45 },
			"faces": {
				"down": { "uv": [ 7, 9, 8, 10 ], "texture": "#texture", "rotation": 90 },
				"up": { "uv": [ 7, 6, 8, 7 ], "texture": "#texture", "rotation": 270 },
				"north": { "uv": [ 9, 14.5, 10, 15.5 ], "texture": "#texture" },
				"south": { "uv": [ 6, 14.5, 7, 15.5 ], "texture": "#texture" },
				"west": { "uv": [ 8, 14.5, 9, 15.5 ], "texture": "#texture" },
				"east": { "uv": [ 7, 14.5, 8, 15.5 ], "texture": "#texture" }
			}
		},
		{
			"__comment": "Box1",
			"from": [ 5.9102, 5.5, 8.368999 ],
			"to": [ 6.9102, 6.5, 9.368999 ],
			"rotation": { "origin": [ 7, 5.5, 11 ], "axis": "y", "angle": 22.5 },
			"faces": {
				"down": { "uv": [ 8, 9, 9, 10 ], "texture": "#texture", "rotation": 90 },
				"up": { "uv": [ 8, 6, 9, 7 ], "texture": "#texture", "rotation": 270 },
				"north": { "uv": [ 9, 14.5, 10, 15.5 ], "texture": "#texture" },
				"south": { "uv": [ 6, 14.5, 7, 15.5 ], "texture": "#texture" },
				"west": { "uv": [ 7, 14.5, 8, 15.5 ], "texture": "#texture" },
				"east": { "uv": [ 8, 14.5, 9, 15.5 ], "texture": "#texture" }
			}
		},
		{
			"__comment": "Box1",
			"from": [ 3.9863, 5.5, 7.9863 ],
			"to": [ 4.9863, 6.5, 8.9863 ],
			"rotation": { "origin": [ 7, 5.5, 11 ], "axis": "y", "angle": -22.5 },
			"faces": {
				"down": { "uv": [ 8, 9, 9, 10 ], "texture": "#texture", "rotation": 90 },
				"up": { "uv": [ 8, 6, 9, 7 ], "texture": "#texture", "rotation": 270 },
				"north": { "uv": [ 9, 14.5, 10, 15.5 ], "texture": "#texture" },
				"south": { "uv": [ 6, 14.5, 7, 15.5 ], "texture": "#texture" },
				"west": { "uv": [ 7, 14.5, 8, 15.5 ], "texture": "#texture" },
				"east": { "uv": [ 8, 14.5, 9, 15.5 ], "texture": "#texture" }
			}
		},
		{
			"__comment": "Box1",
			"from": [ 8.631, 5.5, 7.0624 ],
			"to": [ 9.631, 6.5, 8.0624 ],
			"rotation": { "origin": [ 7, 5.5, 11 ], "axis": "y", "angle": 45 },
			"faces": {
				"down": { "uv": [ 8, 9, 9, 10 ], "texture": "#texture" },
				"up": { "uv": [ 8, 6, 9, 7 ], "texture": "#texture" },
				"north": { "uv": [ 7, 14.5, 8, 15.5 ], "texture": "#texture" },
				"south": { "uv": [ 8, 14.5, 9, 15.5 ], "texture": "#texture" },
				"west": { "uv": [ 6, 14.5, 7, 15.5 ], "texture": "#texture" },
				"east": { "uv": [ 9, 14.5, 10, 15.5 ], "texture": "#texture" }
			}
		},
		{
			"__comment": "Box1",
			"from": [ 7.9239, 5.5, 6.3553 ],
			"to": [ 8.923899, 6.5, 7.3553 ],
			"rotation": { "origin": [ 7, 5.5, 11 ], "axis": "y", "angle": 22.5 },
			"faces": {
				"down": { "uv": [ 8, 9, 9, 10 ], "texture": "#texture" },
				"up": { "uv": [ 8, 6, 9, 7 ], "texture": "#texture" },
				"north": { "uv": [ 7, 14.5, 8, 15.5 ], "texture": "#texture" },
				"south": { "uv": [ 8, 14.5, 9, 15.5 ], "texture": "#texture" },
				"west": { "uv": [ 6, 14.5, 7, 15.5 ], "texture": "#texture" },
				"east": { "uv": [ 9, 14.5, 10, 15.5 ], "texture": "#texture" }
			}
		},
		{
			"__comment": "Box1",
			"from": [ 7, 7.125, 6 ],
			"to": [ 8, 8.125, 7 ],
			"faces": {
				"down": { "uv": [ 7, 9, 8, 10 ], "texture": "#0" },
				"up": { "uv": [ 7, 6, 8, 7 ], "texture": "#0" },
				"north": { "uv": [ 8, 14.5, 9, 15.5 ], "texture": "#0" },
				"south": { "uv": [ 7, 14.5, 8, 15.5 ], "texture": "#0" },
				"west": { "uv": [ 6, 14.5, 7, 15.5 ], "texture": "#0" },
				"east": { "uv": [ 9, 14.5, 10, 15.5 ], "texture": "#0" }
			}
		},
		{
			"__comment": "Box1",
			"from": [ 8, 7.125, 6 ],
			"to": [ 9, 8.125, 7 ],
			"rotation": { "origin": [ 8, 7.125, 6 ], "axis": "y", "angle": -22.5 },
			"faces": {
				"down": { "uv": [ 8, 9, 9, 10 ], "texture": "#0" },
				"up": { "uv": [ 8, 6, 9, 7 ], "texture": "#0" },
				"north": { "uv": [ 7, 14.5, 8, 15.5 ], "texture": "#0" },
				"south": { "uv": [ 8, 14.5, 9, 15.5 ], "texture": "#0" },
				"west": { "uv": [ 6, 14.5, 7, 15.5 ], "texture": "#0" },
				"east": { "uv": [ 9, 14.5, 10, 15.5 ], "texture": "#0" }
			}
		},
		{
			"__comment": "Box1",
			"from": [ 6, 7.125, 6 ],
			"to": [ 7, 8.125, 7 ],
			"rotation": { "origin": [ 7, 7.125, 6 ], "axis": "y", "angle": 22.5 },
			"faces": {
				"down": { "uv": [ 8, 9, 9, 10 ], "texture": "#0", "rotation": 270 },
				"up": { "uv": [ 8, 6, 9, 7 ], "texture": "#0", "rotation": 90 },
				"north": { "uv": [ 6, 14.5, 7, 15.5 ], "texture": "#0" },
				"south": { "uv": [ 9, 14.5, 10, 15.5 ], "texture": "#0" },
				"west": { "uv": [ 8, 14.5, 9, 15.5 ], "texture": "#0" },
				"east": { "uv": [ 7, 14.5, 8, 15.5 ], "texture": "#0" }
			}
		},
		{
			"__comment": "Box1",
			"from": [ 8.9239, 7.125, 5.6173 ],
			"to": [ 9.9239, 8.125, 6.6173 ],
			"rotation": { "origin": [ 8, 7.125, 6 ], "axis": "y", "angle": -45 },
			"faces": {
				"down": { "uv": [ 8, 9, 9, 10 ], "texture": "#0" },
				"up": { "uv": [ 8, 6, 9, 7 ], "texture": "#0" },
				"north": { "uv": [ 7, 14.5, 8, 15.5 ], "texture": "#0" },
				"south": { "uv": [ 8, 14.5, 9, 15.5 ], "texture": "#0" },
				"west": { "uv": [ 6, 14.5, 7, 15.5 ], "texture": "#0" },
				"east": { "uv": [ 9, 14.5, 10, 15.5 ], "texture": "#0" }
			}
		},
		{
			"__comment": "Box1",
			"from": [ 8, 7.125, 6 ],
			"to": [ 9, 8.125, 7 ],
			"rotation": { "origin": [ 8, 7.125, 6 ], "axis": "y", "angle": -22.5 },
			"faces": {
				"down": { "uv": [ 7, 9, 8, 10 ], "texture": "#0" },
				"up": { "uv": [ 7, 6, 8, 7 ], "texture": "#0" },
				"north": { "uv": [ 8, 14.5, 9, 15.5 ], "texture": "#0" },
				"south": { "uv": [ 7, 14.5, 8, 15.5 ], "texture": "#0" },
				"west": { "uv": [ 6, 14.5, 7, 15.5 ], "texture": "#0" },
				"east": { "uv": [ 9, 14.5, 10, 15.5 ], "texture": "#0" }
			}
		},
		{
			"__comment": "Box1",
			"from": [ 8.0898, 7.125, 7.631 ],
			"to": [ 9.0898, 8.125, 8.631001 ],
			"rotation": { "origin": [ 8, 7.125, 6 ], "axis": "y", "angle": 22.5 },
			"faces": {
				"down": { "uv": [ 8, 9, 9, 10 ], "texture": "#0", "rotation": 270 },
				"up": { "uv": [ 8, 6, 9, 7 ], "texture": "#0", "rotation": 90 },
				"north": { "uv": [ 6, 14.5, 7, 15.5 ], "texture": "#0" },
				"south": { "uv": [ 9, 14.5, 10, 15.5 ], "texture": "#0" },
				"west": { "uv": [ 8, 14.5, 9, 15.5 ], "texture": "#0" },
				"east": { "uv": [ 7, 14.5, 8, 15.5 ], "texture": "#0" }
			}
		},
		{
			"__comment": "Box1",
			"from": [ 9.0137, 7.125, 8.0137 ],
			"to": [ 10.0137, 8.125, 9.0137 ],
			"faces": {
				"down": { "uv": [ 8, 9, 9, 10 ], "texture": "#0", "rotation": 270 },
				"up": { "uv": [ 8, 6, 9, 7 ], "texture": "#0", "rotation": 90 },
				"north": { "uv": [ 6, 14.5, 7, 15.5 ], "texture": "#0" },
				"south": { "uv": [ 9, 14.5, 10, 15.5 ], "texture": "#0" },
				"west": { "uv": [ 8, 14.5, 9, 15.5 ], "texture": "#0" },
				"east": { "uv": [ 7, 14.5, 8, 15.5 ], "texture": "#0" }
			}
		},
		{
			"__comment": "Box1",
			"from": [ 10.0137, 7.125, 8.0137 ],
			"to": [ 11.0137, 8.125, 9.0137 ],
			"rotation": { "origin": [ 8, 7.125, 6 ], "axis": "y", "angle": -22.5 },
			"faces": {
				"down": { "uv": [ 8, 9, 9, 10 ], "texture": "#0", "rotation": 270 },
				"up": { "uv": [ 8, 6, 9, 7 ], "texture": "#0", "rotation": 90 },
				"north": { "uv": [ 6, 14.5, 7, 15.5 ], "texture": "#0" },
				"south": { "uv": [ 9, 14.5, 10, 15.5 ], "texture": "#0" },
				"west": { "uv": [ 8, 14.5, 9, 15.5 ], "texture": "#0" },
				"east": { "uv": [ 7, 14.5, 8, 15.5 ], "texture": "#0" }
			}
		},
		{
			"__comment": "Box1",
			"from": [ 10.9375, 7.125, 7.631 ],
			"to": [ 11.9375, 8.125, 8.631001 ],
			"rotation": { "origin": [ 8, 7.125, 6 ], "axis": "y", "angle": -45 },
			"faces": {
				"down": { "uv": [ 8, 9, 9, 10 ], "texture": "#0", "rotation": 270 },
				"up": { "uv": [ 8, 6, 9, 7 ], "texture": "#0", "rotation": 90 },
				"north": { "uv": [ 6, 14.5, 7, 15.5 ], "texture": "#0" },
				"south": { "uv": [ 9, 14.5, 10, 15.5 ], "texture": "#0" },
				"west": { "uv": [ 8, 14.5, 9, 15.5 ], "texture": "#0" },
				"east": { "uv": [ 7, 14.5, 8, 15.5 ], "texture": "#0" }
			}
		},
		{
			"__comment": "Box1",
			"from": [ 6.0761, 7.125, 9.6447 ],
			"to": [ 7.0761, 8.125, 10.6447 ],
			"rotation": { "origin": [ 8, 7.125, 6 ], "axis": "y", "angle": 22.5 },
			"faces": {
				"down": { "uv": [ 8, 9, 9, 10 ], "texture": "#0", "rotation": 180 },
				"up": { "uv": [ 8, 6, 9, 7 ], "texture": "#0", "rotation": 180 },
				"north": { "uv": [ 8, 14.5, 9, 15.5 ], "texture": "#0" },
				"south": { "uv": [ 7, 14.5, 8, 15.5 ], "texture": "#0" },
				"west": { "uv": [ 9, 14.5, 10, 15.5 ], "texture": "#0" },
				"east": { "uv": [ 6, 14.5, 7, 15.5 ], "texture": "#0" }
			}
		},
		{
			"__comment": "Box1",
			"from": [ 7, 7.125, 5.9727 ],
			"to": [ 8, 8.125, 6.9727 ],
			"faces": {
				"down": { "uv": [ 8, 9, 9, 10 ], "texture": "#0" },
				"up": { "uv": [ 8, 6, 9, 7 ], "texture": "#0" },
				"north": { "uv": [ 7, 14.5, 8, 15.5 ], "texture": "#0" },
				"south": { "uv": [ 8, 14.5, 9, 15.5 ], "texture": "#0" },
				"west": { "uv": [ 6, 14.5, 7, 15.5 ], "texture": "#0" },
				"east": { "uv": [ 9, 14.5, 10, 15.5 ], "texture": "#0" }
			}
		},
		{
			"__comment": "Box1",
			"from": [ 4.9863, 7.125, 7.9863 ],
			"to": [ 5.9863, 8.125, 8.9863 ],
			"faces": {
				"down": { "uv": [ 8, 9, 9, 10 ], "texture": "#0", "rotation": 90 },
				"up": { "uv": [ 8, 6, 9, 7 ], "texture": "#0", "rotation": 270 },
				"north": { "uv": [ 9, 14.5, 10, 15.5 ], "texture": "#0" },
				"south": { "uv": [ 6, 14.5, 7, 15.5 ], "texture": "#0" },
				"west": { "uv": [ 7, 14.5, 8, 15.5 ], "texture": "#0" },
				"east": { "uv": [ 8, 14.5, 9, 15.5 ], "texture": "#0" }
			}
		},
		{
			"__comment": "Box1",
			"from": [ 7, 7.125, 10 ],
			"to": [ 8, 8.125, 11 ],
			"faces": {
				"down": { "uv": [ 8, 9, 9, 10 ], "texture": "#0", "rotation": 90 },
				"up": { "uv": [ 8, 6, 9, 7 ], "texture": "#0", "rotation": 270 },
				"north": { "uv": [ 9, 14.5, 10, 15.5 ], "texture": "#0" },
				"south": { "uv": [ 6, 14.5, 7, 15.5 ], "texture": "#0" },
				"west": { "uv": [ 7, 14.5, 8, 15.5 ], "texture": "#0" },
				"east": { "uv": [ 8, 14.5, 9, 15.5 ], "texture": "#0" }
			}
		},
		{
			"__comment": "Box1",
			"from": [ 6, 7.125, 10 ],
			"to": [ 7, 8.125, 11 ],
			"rotation": { "origin": [ 7, 7.125, 11 ], "axis": "y", "angle": -22.5 },
			"faces": {
				"down": { "uv": [ 7, 9, 8, 10 ], "texture": "#0", "rotation": 180 },
				"up": { "uv": [ 7, 6, 8, 7 ], "texture": "#0", "rotation": 180 },
				"north": { "uv": [ 7, 14.5, 8, 15.5 ], "texture": "#0" },
				"south": { "uv": [ 8, 14.5, 9, 15.5 ], "texture": "#0" },
				"west": { "uv": [ 9, 14.5, 10, 15.5 ], "texture": "#0" },
				"east": { "uv": [ 6, 14.5, 7, 15.5 ], "texture": "#0" }
			}
		},
		{
			"__comment": "Box1",
			"from": [ 6.6173, 7.125, 9.076099 ],
			"to": [ 7.6173, 8.125, 10.0761 ],
			"rotation": { "origin": [ 7, 7.125, 11 ], "axis": "y", "angle": 45 },
			"faces": {
				"down": { "uv": [ 7, 9, 8, 10 ], "texture": "#0", "rotation": 90 },
				"up": { "uv": [ 7, 6, 8, 7 ], "texture": "#0", "rotation": 270 },
				"north": { "uv": [ 9, 14.5, 10, 15.5 ], "texture": "#0" },
				"south": { "uv": [ 6, 14.5, 7, 15.5 ], "texture": "#0" },
				"west": { "uv": [ 8, 14.5, 9, 15.5 ], "texture": "#0" },
				"east": { "uv": [ 7, 14.5, 8, 15.5 ], "texture": "#0" }
			}
		},
		{
			"__comment": "Box1",
			"from": [ 5.9102, 7.125, 8.368999 ],
			"to": [ 6.9102, 8.125, 9.368999 ],
			"rotation": { "origin": [ 7, 7.125, 11 ], "axis": "y", "angle": 22.5 },
			"faces": {
				"down": { "uv": [ 8, 9, 9, 10 ], "texture": "#0", "rotation": 90 },
				"up": { "uv": [ 8, 6, 9, 7 ], "texture": "#0", "rotation": 270 },
				"north": { "uv": [ 9, 14.5, 10, 15.5 ], "texture": "#0" },
				"south": { "uv": [ 6, 14.5, 7, 15.5 ], "texture": "#0" },
				"west": { "uv": [ 7, 14.5, 8, 15.5 ], "texture": "#0" },
				"east": { "uv": [ 8, 14.5, 9, 15.5 ], "texture": "#0" }
			}
		},
		{
			"__comment": "Box1",
			"from": [ 3.9863, 7.125, 7.9863 ],
			"to": [ 4.9863, 8.125, 8.9863 ],
			"rotation": { "origin": [ 7, 7.125, 11 ], "axis": "y", "angle": -22.5 },
			"faces": {
				"down": { "uv": [ 8, 9, 9, 10 ], "texture": "#0", "rotation": 90 },
				"up": { "uv": [ 8, 6, 9, 7 ], "texture": "#0", "rotation": 270 },
				"north": { "uv": [ 9, 14.5, 10, 15.5 ], "texture": "#0" },
				"south": { "uv": [ 6, 14.5, 7, 15.5 ], "texture": "#0" },
				"west": { "uv": [ 7, 14.5, 8, 15.5 ], "texture": "#0" },
				"east": { "uv": [ 8, 14.5, 9, 15.5 ], "texture": "#0" }
			}
		},
		{
			"__comment": "Box1",
			"from": [ 8.631, 7.125, 7.0624 ],
			"to": [ 9.631, 8.125, 8.0624 ],
			"rotation": { "origin": [ 7, 7.125, 11 ], "axis": "y", "angle": 45 },
			"faces": {
				"down": { "uv": [ 8, 9, 9, 10 ], "texture": "#0" },
				"up": { "uv": [ 8, 6, 9, 7 ], "texture": "#0" },
				"north": { "uv": [ 7, 14.5, 8, 15.5 ], "texture": "#0" },
				"south": { "uv": [ 8, 14.5, 9, 15.5 ], "texture": "#0" },
				"west": { "uv": [ 6, 14.5, 7, 15.5 ], "texture": "#0" },
				"east": { "uv": [ 9, 14.5, 10, 15.5 ], "texture": "#0" }
			}
		},
		{
			"__comment": "Box1",
			"from": [ 7.9239, 7.125, 6.3553 ],
			"to": [ 8.923899, 8.125, 7.3553 ],
			"rotation": { "origin": [ 7, 7.125, 11 ], "axis": "y", "angle": 22.5 },
			"faces": {
				"down": { "uv": [ 8, 9, 9, 10 ], "texture": "#0" },
				"up": { "uv": [ 8, 6, 9, 7 ], "texture": "#0" },
				"north": { "uv": [ 7, 14.5, 8, 15.5 ], "texture": "#0" },
				"south": { "uv": [ 8, 14.5, 9, 15.5 ], "texture": "#0" },
				"west": { "uv": [ 6, 14.5, 7, 15.5 ], "texture": "#0" },
				"east": { "uv": [ 9, 14.5, 10, 15.5 ], "texture": "#0" }
			}
		},
		{
			"__comment": "Box1",
			"from": [ 5.93, 1.25, 6 ],
			"to": [ 6.93, 5.75, 7 ],
			"rotation": { "origin": [ 6.93, 1.25, 6 ], "axis": "y", "angle": 22.5 },
			"faces": {
				"down": { "uv": [ 8, 9, 9, 10 ], "texture": "#1", "rotation": 270 },
				"up": { "uv": [ 8, 6, 9, 7 ], "texture": "#1", "rotation": 90 },
				"north": { "uv": [ 0, 0, 2, 16 ], "texture": "#1" },
				"south": { "uv": [ 9, 14.5, 10, 15.5 ], "texture": "#1" },
				"west": { "uv": [ 8, 14.5, 9, 15.5 ], "texture": "#1" },
				"east": { "uv": [ 7, 14.5, 8, 15.5 ], "texture": "#1" }
			}
		},
		{
			"__comment": "Box1",
			"from": [ 4.9163, 1.25, 7.9863 ],
			"to": [ 5.9163, 5.75, 8.9863 ],
			"faces": {
				"down": { "uv": [ 8, 9, 9, 10 ], "texture": "#1", "rotation": 90 },
				"up": { "uv": [ 8, 6, 9, 7 ], "texture": "#1", "rotation": 270 },
				"north": { "uv": [ 9, 14.5, 10, 15.5 ], "texture": "#1" },
				"south": { "uv": [ 6, 14.5, 7, 15.5 ], "texture": "#1" },
				"west": { "uv": [ 5.5, 0, 7.5, 16 ], "texture": "#1" },
				"east": { "uv": [ 8, 14.5, 9, 15.5 ], "texture": "#1" }
			}
		},
		{
			"__comment": "Box1",
			"from": [ 5.93, 1.25, 10 ],
			"to": [ 6.93, 5.75, 11 ],
			"rotation": { "origin": [ 6.93, 1.25, 11 ], "axis": "y", "angle": -22.5 },
			"faces": {
				"down": { "uv": [ 7, 9, 8, 10 ], "texture": "#1", "rotation": 180 },
				"up": { "uv": [ 7, 6, 8, 7 ], "texture": "#1", "rotation": 180 },
				"north": { "uv": [ 11, 8.5, 12, 9.5 ], "texture": "#1" },
				"south": { "uv": [ 12, 0, 16, 16 ], "texture": "#1" },
				"west": { "uv": [ 12.5, 15, 15.5, 16 ], "texture": "#1" },
				"east": { "uv": [ 9, 12, 10, 13 ], "texture": "#1" }
			}
		},
		{
			"__comment": "Box1",
			"from": [ 6.5473, 1.25, 9.076099 ],
			"to": [ 7.5473, 5.75, 10.0761 ],
			"rotation": { "origin": [ 6.93, 1.25, 11 ], "axis": "y", "angle": 45 },
			"faces": {
				"down": { "uv": [ 7, 9, 8, 10 ], "texture": "#1", "rotation": 90 },
				"up": { "uv": [ 7, 6, 8, 7 ], "texture": "#1", "rotation": 270 },
				"north": { "uv": [ 9, 14.5, 10, 15.5 ], "texture": "#1" },
				"south": { "uv": [ 6, 14.5, 7, 15.5 ], "texture": "#1" },
				"west": { "uv": [ 9.5, 0, 12, 16 ], "texture": "#1" },
				"east": { "uv": [ 7, 14.5, 8, 15.5 ], "texture": "#1" }
			}
		},
		{
			"__comment": "Box1",
			"from": [ 5.8402, 1.25, 8.368999 ],
			"to": [ 6.8402, 5.75, 9.368999 ],
			"rotation": { "origin": [ 6.93, 1.25, 11 ], "axis": "y", "angle": 22.5 },
			"faces": {
				"down": { "uv": [ 8, 9, 9, 10 ], "texture": "#1", "rotation": 90 },
				"up": { "uv": [ 8, 6, 9, 7 ], "texture": "#1", "rotation": 270 },
				"north": { "uv": [ 9, 14.5, 10, 15.5 ], "texture": "#1" },
				"south": { "uv": [ 6, 14.5, 7, 15.5 ], "texture": "#1" },
				"west": { "uv": [ 7.5, 0, 9.5, 16 ], "texture": "#1" },
				"east": { "uv": [ 8, 14.5, 9, 15.5 ], "texture": "#1" }
			}
		},
		{
			"__comment": "Box1",
			"from": [ 3.9163, 1.25, 7.9863 ],
			"to": [ 4.9163, 5.75, 8.9863 ],
			"rotation": { "origin": [ 6.93, 1.25, 11 ], "axis": "y", "angle": -22.5 },
			"faces": {
				"down": { "uv": [ 8, 9, 9, 10 ], "texture": "#1", "rotation": 90 },
				"up": { "uv": [ 8, 6, 9, 7 ], "texture": "#1", "rotation": 270 },
				"north": { "uv": [ 4, 0, 6, 11.5 ], "texture": "#1" },
				"south": { "uv": [ 4.5, 12, 5.5, 13 ], "texture": "#1" },
				"west": { "uv": [ 3.5, 0, 5.5, 16 ], "texture": "#1" },
				"east": { "uv": [ 8, 14.5, 9, 15.5 ], "texture": "#1" }
			}
		},
		{
			"__comment": "Box1",
			"from": [ 8.561, 1.25, 7.0624 ],
			"to": [ 9.561, 5.75, 8.0624 ],
			"rotation": { "origin": [ 6.93, 1.25, 11 ], "axis": "y", "angle": 45 },
			"faces": {
				"down": { "uv": [ 8, 9, 9, 10 ], "texture": "#1" },
				"up": { "uv": [ 8, 6, 9, 7 ], "texture": "#1" },
				"north": { "uv": [ 2, 0, 3.5, 16 ], "texture": "#1" },
				"south": { "uv": [ 8, 14.5, 9, 15.5 ], "texture": "#1" },
				"west": { "uv": [ 6, 14.5, 7, 15.5 ], "texture": "#1" },
				"east": { "uv": [ 9, 14.5, 10, 15.5 ], "texture": "#1" }
			}
		},
		{
			"__comment": "Box657",
			"from": [ 5.775, 6.375, 5.75 ],
			"to": [ 6.875, 7.475, 6.85 ],
			"rotation": { "origin": [ 6.875, 6.375, 5.75 ], "axis": "y", "angle": 22.5 },
			"faces": {
				"down": { "uv": [ 14, 0.8999996, 15.1, 2 ], "texture": "#0", "rotation": 270 },
				"up": { "uv": [ 14, 14, 15.1, 15.1 ], "texture": "#0", "rotation": 90 },
				"north": { "uv": [ 14, 14.9, 15.1, 16 ], "texture": "#0" },
				"south": { "uv": [ 0.8999996, 14.9, 2, 16 ], "texture": "#0" },
				"west": { "uv": [ 14, 14.9, 15.1, 16 ], "texture": "#0" },
				"east": { "uv": [ 0.8999996, 14.9, 2, 16 ], "texture": "#0" }
			}
		},
		{
			"__comment": "Box657",
			"from": [ 7.975, 6.375, 5.75 ],
			"to": [ 9.075, 7.475, 6.85 ],
			"rotation": { "origin": [ 7.975, 6.375, 5.75 ], "axis": "y", "angle": -22.5 },
			"faces": {
				"down": { "uv": [ 14.5, 0.8999996, 15.6, 2 ], "texture": "#0" },
				"up": { "uv": [ 14.5, 14, 15.6, 15.1 ], "texture": "#0" },
				"north": { "uv": [ 0.3999996, 14.9, 1.5, 16 ], "texture": "#0" },
				"south": { "uv": [ 14.5, 14.9, 15.6, 16 ], "texture": "#0" },
				"west": { "uv": [ 14, 14.9, 15.1, 16 ], "texture": "#0" },
				"east": { "uv": [ 0.8999996, 14.9, 2, 16 ], "texture": "#0" }
			}
		},
		{
			"__comment": "Box657",
			"from": [ 6.9, 6.375, 5.75 ],
			"to": [ 8, 7.475, 6.85 ],
			"faces": {
				"down": { "uv": [ 14, 0.8999996, 15.1, 2 ], "texture": "#0", "rotation": 270 },
				"up": { "uv": [ 14, 14, 15.1, 15.1 ], "texture": "#0", "rotation": 90 },
				"north": { "uv": [ 14, 14.9, 15.1, 16 ], "texture": "#0" },
				"south": { "uv": [ 0.8999996, 14.9, 2, 16 ], "texture": "#0" },
				"west": { "uv": [ 14, 14.9, 15.1, 16 ], "texture": "#0" },
				"east": { "uv": [ 0.8999996, 14.9, 2, 16 ], "texture": "#0" }
			}
		},
		{
			"__comment": "Box657",
			"from": [ 9.0163, 6.375, 5.329 ],
			"to": [ 10.1163, 7.475, 6.429 ],
			"rotation": { "origin": [ 8, 6.375, 5.75 ], "axis": "y", "angle": -45 },
			"faces": {
				"down": { "uv": [ 14.5, 0.8999996, 15.6, 2 ], "texture": "#0" },
				"up": { "uv": [ 14.5, 14, 15.6, 15.1 ], "texture": "#0" },
				"north": { "uv": [ 0.3999996, 14.9, 1.5, 16 ], "texture": "#0" },
				"south": { "uv": [ 14.5, 14.9, 15.6, 16 ], "texture": "#0" },
				"west": { "uv": [ 14, 14.9, 15.1, 16 ], "texture": "#0" },
				"east": { "uv": [ 0.8999996, 14.9, 2, 16 ], "texture": "#0" }
			}
		},
		{
			"__comment": "Box657",
			"from": [ 8.1164, 6.375, 7.5618 ],
			"to": [ 9.2164, 7.475, 8.6618 ],
			"rotation": { "origin": [ 8, 6.375, 5.75 ], "axis": "y", "angle": 22.5 },
			"faces": {
				"down": { "uv": [ 14.5, 0.8999996, 15.6, 2 ], "texture": "#0", "rotation": 270 },
				"up": { "uv": [ 14.5, 14, 15.6, 15.1 ], "texture": "#0", "rotation": 90 },
				"north": { "uv": [ 14, 14.9, 15.1, 16 ], "texture": "#0" },
				"south": { "uv": [ 0.8999996, 14.9, 2, 16 ], "texture": "#0" },
				"west": { "uv": [ 14.5, 14.9, 15.6, 16 ], "texture": "#0" },
				"east": { "uv": [ 0.3999996, 14.9, 1.5, 16 ], "texture": "#0" }
			}
		},
		{
			"__comment": "Box657",
			"from": [ 9.1558, 6.375, 7.9923 ],
			"to": [ 10.2558, 7.475, 9.0923 ],
			"faces": {
				"down": { "uv": [ 14.5, 0.8999996, 15.6, 2 ], "texture": "#0", "rotation": 270 },
				"up": { "uv": [ 14.5, 14, 15.6, 15.1 ], "texture": "#0", "rotation": 90 },
				"north": { "uv": [ 14, 14.9, 15.1, 16 ], "texture": "#0" },
				"south": { "uv": [ 0.8999996, 14.9, 2, 16 ], "texture": "#0" },
				"west": { "uv": [ 14.5, 14.9, 15.6, 16 ], "texture": "#0" },
				"east": { "uv": [ 0.3999996, 14.9, 1.5, 16 ], "texture": "#0" }
			}
		},
		{
			"__comment": "Box657",
			"from": [ 10.2808, 6.375, 7.9923 ],
			"to": [ 11.3808, 7.475, 9.0923 ],
			"rotation": { "origin": [ 8, 6.375, 5.75 ], "axis": "y", "angle": -22.5 },
			"faces": {
				"down": { "uv": [ 14.5, 0.8999996, 15.6, 2 ], "texture": "#0", "rotation": 270 },
				"up": { "uv": [ 14.5, 14, 15.6, 15.1 ], "texture": "#0", "rotation": 90 },
				"north": { "uv": [ 14, 14.9, 15.1, 16 ], "texture": "#0" },
				"south": { "uv": [ 0.8999996, 14.9, 2, 16 ], "texture": "#0" },
				"west": { "uv": [ 14.5, 14.9, 15.6, 16 ], "texture": "#0" },
				"east": { "uv": [ 0.3999996, 14.9, 1.5, 16 ], "texture": "#0" }
			}
		},
		{
			"__comment": "Box657",
			"from": [ 11.3202, 6.375, 7.5618 ],
			"to": [ 12.4202, 7.475, 8.6618 ],
			"rotation": { "origin": [ 8, 6.375, 5.75 ], "axis": "y", "angle": -45 },
			"faces": {
				"down": { "uv": [ 14.5, 0.8999996, 15.6, 2 ], "texture": "#0", "rotation": 270 },
				"up": { "uv": [ 14.5, 14, 15.6, 15.1 ], "texture": "#0", "rotation": 90 },
				"north": { "uv": [ 14, 14.9, 15.1, 16 ], "texture": "#0" },
				"south": { "uv": [ 0.8999996, 14.9, 2, 16 ], "texture": "#0" },
				"west": { "uv": [ 14.5, 14.9, 15.6, 16 ], "texture": "#0" },
				"east": { "uv": [ 0.3999996, 14.9, 1.5, 16 ], "texture": "#0" }
			}
		},
		{
			"__comment": "Box657",
			"from": [ 5.8837, 6.375, 9.8657 ],
			"to": [ 6.9837, 7.475, 10.9657 ],
			"rotation": { "origin": [ 8, 6.375, 5.75 ], "axis": "y", "angle": 22.5 },
			"faces": {
				"down": { "uv": [ 14.5, 0.8999996, 15.6, 2 ], "texture": "#0", "rotation": 180 },
				"up": { "uv": [ 14.5, 14, 15.6, 15.1 ], "texture": "#0", "rotation": 180 },
				"north": { "uv": [ 14.5, 14.9, 15.6, 16 ], "texture": "#0" },
				"south": { "uv": [ 0.3999996, 14.9, 1.5, 16 ], "texture": "#0" },
				"west": { "uv": [ 0.8999996, 14.9, 2, 16 ], "texture": "#0" },
				"east": { "uv": [ 14, 14.9, 15.1, 16 ], "texture": "#0" }
			}
		},
		{
			"__comment": "Box657",
			"from": [ 6.8912, 6.375, 5.7843 ],
			"to": [ 7.991199, 7.475, 6.8843 ],
			"faces": {
				"down": { "uv": [ 14.5, 0.8999996, 15.6, 2 ], "texture": "#0" },
				"up": { "uv": [ 14.5, 14, 15.6, 15.1 ], "texture": "#0" },
				"north": { "uv": [ 0.3999996, 14.9, 1.5, 16 ], "texture": "#0" },
				"south": { "uv": [ 14.5, 14.9, 15.6, 16 ], "texture": "#0" },
				"west": { "uv": [ 14, 14.9, 15.1, 16 ], "texture": "#0" },
				"east": { "uv": [ 0.8999996, 14.9, 2, 16 ], "texture": "#0" }
			}
		},
		{
			"__comment": "Box657",
			"from": [ 7.6868, 6.375, 6.5798 ],
			"to": [ 8.7868, 7.475, 7.6798 ],
			"rotation": { "origin": [ 5.875, 6.375, 11 ], "axis": "y", "angle": 22.5 },
			"faces": {
				"down": { "uv": [ 14.5, 0.8999996, 15.6, 2 ], "texture": "#0" },
				"up": { "uv": [ 14.5, 14, 15.6, 15.1 ], "texture": "#0" },
				"north": { "uv": [ 0.3999996, 14.9, 1.5, 16 ], "texture": "#0" },
				"south": { "uv": [ 14.5, 14.9, 15.6, 16 ], "texture": "#0" },
				"west": { "uv": [ 14, 14.9, 15.1, 16 ], "texture": "#0" },
				"east": { "uv": [ 0.8999996, 14.9, 2, 16 ], "texture": "#0" }
			}
		},
		{
			"__comment": "Box657",
			"from": [ 8.1173, 6.375, 7.6192 ],
			"to": [ 9.2173, 7.475, 8.7192 ],
			"rotation": { "origin": [ 5.875, 6.375, 11 ], "axis": "y", "angle": 45 },
			"faces": {
				"down": { "uv": [ 14.5, 0.8999996, 15.6, 2 ], "texture": "#0" },
				"up": { "uv": [ 14.5, 14, 15.6, 15.1 ], "texture": "#0" },
				"north": { "uv": [ 0.3999996, 14.9, 1.5, 16 ], "texture": "#0" },
				"south": { "uv": [ 14.5, 14.9, 15.6, 16 ], "texture": "#0" },
				"west": { "uv": [ 14, 14.9, 15.1, 16 ], "texture": "#0" },
				"east": { "uv": [ 0.8999996, 14.9, 2, 16 ], "texture": "#0" }
			}
		},
		{
			"__comment": "Box657",
			"from": [ 3.6192, 6.375, 7.6577 ],
			"to": [ 4.7192, 7.475, 8.7577 ],
			"rotation": { "origin": [ 5.875, 6.375, 11 ], "axis": "y", "angle": -22.5 },
			"faces": {
				"down": { "uv": [ 14.5, 0.8999996, 15.6, 2 ], "texture": "#0", "rotation": 90 },
				"up": { "uv": [ 14.5, 14, 15.6, 15.1 ], "texture": "#0", "rotation": 270 },
				"north": { "uv": [ 0.8999996, 14.9, 2, 16 ], "texture": "#0" },
				"south": { "uv": [ 14, 14.9, 15.1, 16 ], "texture": "#0" },
				"west": { "uv": [ 0.3999996, 14.9, 1.5, 16 ], "texture": "#0" },
				"east": { "uv": [ 14.5, 14.9, 15.6, 16 ], "texture": "#0" }
			}
		},
		{
			"__comment": "Box657",
			"from": [ 4.6585, 6.375, 8.0882 ],
			"to": [ 5.7585, 7.475, 9.1882 ],
			"faces": {
				"down": { "uv": [ 14.5, 0.8999996, 15.6, 2 ], "texture": "#0", "rotation": 90 },
				"up": { "uv": [ 14.5, 14, 15.6, 15.1 ], "texture": "#0", "rotation": 270 },
				"north": { "uv": [ 0.8999996, 14.9, 2, 16 ], "texture": "#0" },
				"south": { "uv": [ 14, 14.9, 15.1, 16 ], "texture": "#0" },
				"west": { "uv": [ 0.3999996, 14.9, 1.5, 16 ], "texture": "#0" },
				"east": { "uv": [ 14.5, 14.9, 15.6, 16 ], "texture": "#0" }
			}
		},
		{
			"__comment": "Box657",
			"from": [ 5.4541, 6.375, 8.883699 ],
			"to": [ 6.5541, 7.475, 9.9837 ],
			"rotation": { "origin": [ 5.875, 6.375, 11 ], "axis": "y", "angle": 22.5 },
			"faces": {
				"down": { "uv": [ 14.5, 0.8999996, 15.6, 2 ], "texture": "#0", "rotation": 90 },
				"up": { "uv": [ 14.5, 14, 15.6, 15.1 ], "texture": "#0", "rotation": 270 },
				"north": { "uv": [ 0.8999996, 14.9, 2, 16 ], "texture": "#0" },
				"south": { "uv": [ 14, 14.9, 15.1, 16 ], "texture": "#0" },
				"west": { "uv": [ 0.3999996, 14.9, 1.5, 16 ], "texture": "#0" },
				"east": { "uv": [ 14.5, 14.9, 15.6, 16 ], "texture": "#0" }
			}
		},
		{
			"__comment": "Box657",
			"from": [ 5.8846, 6.375, 9.9231 ],
			"to": [ 6.9846, 7.475, 11.0231 ],
			"rotation": { "origin": [ 5.875, 6.375, 11 ], "axis": "y", "angle": 45 },
			"faces": {
				"down": { "uv": [ 14.5, 0.8999996, 15.6, 2 ], "texture": "#0", "rotation": 90 },
				"up": { "uv": [ 14.5, 14, 15.6, 15.1 ], "texture": "#0", "rotation": 270 },
				"north": { "uv": [ 0.8999996, 14.9, 2, 16 ], "texture": "#0" },
				"south": { "uv": [ 14, 14.9, 15.1, 16 ], "texture": "#0" },
				"west": { "uv": [ 0.3999996, 14.9, 1.5, 16 ], "texture": "#0" },
				"east": { "uv": [ 14.5, 14.9, 15.6, 16 ], "texture": "#0" }
			}
		},
		{
			"__comment": "Box657",
			"from": [ 5.875, 6.375, 9.9 ],
			"to": [ 6.975, 7.475, 11 ],
			"rotation": { "origin": [ 5.875, 6.375, 11 ], "axis": "y", "angle": -22.5 },
			"faces": {
				"down": { "uv": [ 14, 0.8999996, 15.1, 2 ], "texture": "#0", "rotation": 90 },
				"up": { "uv": [ 14, 14, 15.1, 15.1 ], "texture": "#0", "rotation": 270 },
				"north": { "uv": [ 0.8999996, 14.9, 2, 16 ], "texture": "#0" },
				"south": { "uv": [ 14, 14.9, 15.1, 16 ], "texture": "#0" },
				"west": { "uv": [ 0.8999996, 14.9, 2, 16 ], "texture": "#0" },
				"east": { "uv": [ 14, 14.9, 15.1, 16 ], "texture": "#0" }
			}
		},
		{
			"__comment": "Box657",
			"from": [ 6.9144, 6.375, 10.3305 ],
			"to": [ 8.014399, 7.475, 11.4305 ],
			"faces": {
				"down": { "uv": [ 14, 0.8999996, 15.1, 2 ], "texture": "#0", "rotation": 90 },
				"up": { "uv": [ 14, 14, 15.1, 15.1 ], "texture": "#0", "rotation": 270 },
				"north": { "uv": [ 0.8999996, 14.9, 2, 16 ], "texture": "#0" },
				"south": { "uv": [ 14, 14.9, 15.1, 16 ], "texture": "#0" },
				"west": { "uv": [ 0.8999996, 14.9, 2, 16 ], "texture": "#0" },
				"east": { "uv": [ 14, 14.9, 15.1, 16 ], "texture": "#0" }
			}
		},
		{
			"__comment": "Box684",
			"from": [ 7, 7.125, 6.5 ],
			"to": [ 8, 8.125, 10 ],
			"faces": {
				"down": { "uv": [ 7, 6, 8, 9.5 ], "texture": "#0" },
				"up": { "uv": [ 7, 6.5, 8, 10 ], "texture": "#0" },
				"north": { "uv": [ 8, 7.5, 9, 8.5 ], "texture": "#0" },
				"south": { "uv": [ 7, 7.5, 8, 8.5 ], "texture": "#0" },
				"west": { "uv": [ 6.5, 7.5, 10, 8.5 ], "texture": "#0" },
				"east": { "uv": [ 6, 7.5, 9.5, 8.5 ], "texture": "#0" }
			}
		},
		{
			"__comment": "Box684",
			"from": [ 7.5, 7.125, 6.5 ],
			"to": [ 8.5, 8.125, 10 ],
			"faces": {
				"down": { "uv": [ 7.5, 6, 8.5, 9.5 ], "texture": "#0" },
				"up": { "uv": [ 7.5, 6.5, 8.5, 10 ], "texture": "#0" },
				"north": { "uv": [ 7.5, 7.5, 8.5, 8.5 ], "texture": "#0" },
				"south": { "uv": [ 7.5, 7.5, 8.5, 8.5 ], "texture": "#0" },
				"west": { "uv": [ 6.5, 7.5, 10, 8.5 ], "texture": "#0" },
				"east": { "uv": [ 6, 7.5, 9.5, 8.5 ], "texture": "#0" }
			}
		},
		{
			"__comment": "Box684",
			"from": [ 8, 7.125, 7 ],
			"to": [ 9, 8.125, 10.5 ],
			"faces": {
				"down": { "uv": [ 8, 5.5, 9, 9 ], "texture": "#0" },
				"up": { "uv": [ 8, 7, 9, 10.5 ], "texture": "#0" },
				"north": { "uv": [ 7, 7.5, 8, 8.5 ], "texture": "#0" },
				"south": { "uv": [ 8, 7.5, 9, 8.5 ], "texture": "#0" },
				"west": { "uv": [ 7, 7.5, 10.5, 8.5 ], "texture": "#0" },
				"east": { "uv": [ 5.5, 7.5, 9, 8.5 ], "texture": "#0" }
			}
		},
		{
			"__comment": "Box684",
			"from": [ 6, 7.125, 7 ],
			"to": [ 7, 8.125, 10.5 ],
			"faces": {
				"down": { "uv": [ 6, 5.5, 7, 9 ], "texture": "#0" },
				"up": { "uv": [ 6, 7, 7, 10.5 ], "texture": "#0" },
				"north": { "uv": [ 9, 7.5, 10, 8.5 ], "texture": "#0" },
				"south": { "uv": [ 6, 7.5, 7, 8.5 ], "texture": "#0" },
				"west": { "uv": [ 7, 7.5, 10.5, 8.5 ], "texture": "#0" },
				"east": { "uv": [ 5.5, 7.5, 9, 8.5 ], "texture": "#0" }
			}
		},
		{
			"__comment": "Box684",
			"from": [ 5.75, 7.125, 7 ],
			"to": [ 6.75, 8.125, 10 ],
			"faces": {
				"down": { "uv": [ 5.75, 6, 6.75, 9 ], "texture": "#0" },
				"up": { "uv": [ 5.75, 7, 6.75, 10 ], "texture": "#0" },
				"north": { "uv": [ 9.25, 7.875, 10.25, 8.875 ], "texture": "#0" },
				"south": { "uv": [ 5.75, 7.875, 6.75, 8.875 ], "texture": "#0" },
				"west": { "uv": [ 7, 7.875, 10, 8.875 ], "texture": "#0" },
				"east": { "uv": [ 6, 7.875, 9, 8.875 ], "texture": "#0" }
			}
		},
		{
			"__comment": "Box684",
			"from": [ 6, 0.5, 7 ],
			"to": [ 7, 1.5, 10 ],
			"faces": {
				"down": { "uv": [ 6, 6, 7, 9 ], "texture": "#texture" },
				"up": { "uv": [ 6, 7, 7, 10 ], "texture": "#texture" },
				"north": { "uv": [ 9, 14.5, 10, 15.5 ], "texture": "#0" },
				"south": { "uv": [ 6, 14.5, 7, 15.5 ], "texture": "#0" },
				"west": { "uv": [ 7, 14.5, 10, 15.5 ], "texture": "#0" },
				"east": { "uv": [ 6, 14.5, 9, 15.5 ], "texture": "#0" }
			}
		},
		{
			"__comment": "Box684",
			"from": [ 6.25, 0.5, 7 ],
			"to": [ 7.25, 1.5, 10.5 ],
			"faces": {
				"down": { "uv": [ 6, 5.5, 7, 9 ], "texture": "#texture" },
				"up": { "uv": [ 6, 7, 7, 10.5 ], "texture": "#texture" },
				"north": { "uv": [ 9, 7.875, 10, 8.875 ], "texture": "#0" },
				"south": { "uv": [ 6, 7.875, 7, 8.875 ], "texture": "#0" },
				"west": { "uv": [ 7, 7.875, 10.5, 8.875 ], "texture": "#0" },
				"east": { "uv": [ 5.5, 7.875, 9, 8.875 ], "texture": "#0" }
			}
		},
		{
			"__comment": "Box684",
			"from": [ 7.25, 0.5, 6.5 ],
			"to": [ 8.25, 1.5, 10 ],
			"faces": {
				"down": { "uv": [ 7, 6, 8, 9.5 ], "texture": "#texture" },
				"up": { "uv": [ 7, 6.5, 8, 10 ], "texture": "#texture" },
				"north": { "uv": [ 8, 7.875, 9, 8.875 ], "texture": "#0" },
				"south": { "uv": [ 7, 7.875, 8, 8.875 ], "texture": "#0" },
				"west": { "uv": [ 6.5, 7.875, 10, 8.875 ], "texture": "#0" },
				"east": { "uv": [ 6, 7.875, 9.5, 8.875 ], "texture": "#0" }
			}
		},
		{
			"__comment": "Box684",
			"from": [ 7.75, 0.5, 6.5 ],
			"to": [ 8.75, 1.5, 10 ],
			"faces": {
				"down": { "uv": [ 7.5, 6, 8.5, 9.5 ], "texture": "#texture" },
				"up": { "uv": [ 7.5, 6.5, 8.5, 10 ], "texture": "#texture" },
				"north": { "uv": [ 7.5, 7.875, 8.5, 8.875 ], "texture": "#0" },
				"south": { "uv": [ 7.5, 7.875, 8.5, 8.875 ], "texture": "#0" },
				"west": { "uv": [ 6.5, 7.875, 10, 8.875 ], "texture": "#0" },
				"east": { "uv": [ 6, 7.875, 9.5, 8.875 ], "texture": "#0" }
			}
		},
		{
			"__comment": "Box684",
			"from": [ 8.25, 0.5, 6.75 ],
			"to": [ 9.25, 1.5, 10.25 ],
			"faces": {
				"down": { "uv": [ 8.25, 5.75, 9.25, 9.25 ], "texture": "#texture" },
				"up": { "uv": [ 8.25, 6.75, 9.25, 10.25 ], "texture": "#texture" },
				"north": { "uv": [ 6.75, 14.5, 7.75, 15.5 ], "texture": "#0" },
				"south": { "uv": [ 8.25, 14.5, 9.25, 15.5 ], "texture": "#0" },
				"west": { "uv": [ 6.75, 14.5, 10.25, 15.5 ], "texture": "#0" },
				"east": { "uv": [ 5.75, 14.5, 9.25, 15.5 ], "texture": "#0" }
			}
		}
	],
	"display": {
		"thirdperson_righthand": {
			"rotation":  [ 17, -102, 8 ],
			"translation":  [ 0, 1.3913, -0.695 ],
			"scale":  [ 0.5, 0.5, 0.5 ]
		},
		"thirdperson_lefthand": {
			"scale":  [ 0.0001, 0.0001, 0.0001 ]
		},
		"firstperson_righthand": {
			"rotation":  [ -2, 38, -6 ],
			"translation":  [ 0, 6.9565, -1.39 ],
			"scale":  [ 0.5, 0.5, 0.5 ]
		},
		"firstperson_lefthand": {
			"scale":  [ 0.0001, 0.0001, 0.0001 ]
		},
		"gui": {
			"rotation":  [ 0, 86, 0 ],
			"translation":  [ -0.694, 5.5651, 0 ],
			"scale":  [ 1.5, 1.5, 1.5 ]
		}
	}
}