{
	"__comment": "Designed by I_m_bin2 with Cubik Studio - https://cubik.studio",
	"textures": {
		"4": "blocks/colours/brown",
		"5": "blocks/colours/gray - 5fifth",
		"6": "blocks/colours/gray - 4fourth",
		"8": "blocks/colours/scar",
		"particle": "blocks/colours/gray - 6sixth",
		"barrel": "blocks/colours/gray - 6sixth",
		"altgrey": "blocks/colours/brown",
		"altbarrel": "blocks/colours/gray - 7seventh"
	},
	"elements": [ 	 
		{
			"__comment": "Element",
			"from": [ 9, 4, 7.5 ],
			"to": [ 11, 6, 8.5 ],
			"faces": {
				"down": { "uv": [ 0, 0, 0.5, 0.5 ], "texture": "#barrel" },
				"north": { "uv": [ 9, 3, 12, 12 ], "texture": "#altgrey" },
				"south": { "uv": [ 9, 3, 12, 12 ], "texture": "#altgrey" },
				"west": { "uv": [ 7, 0, 10, 16 ], "texture": "#barrel" },
				"east": { "uv": [ 15, 9.5, 16, 14.5 ], "texture": "#altgrey" }
			}
		},
		{
			"__comment": "Element",
			"from": [ 9, 6, 7.5 ],
			"to": [ 11.7, 7.5, 8.5 ],
			"faces": {
				"down": { "uv": [ 7, 7, 7.5, 7.5 ], "texture": "#altgrey" },
				"north": { "uv": [ 9, 6, 13, 12 ], "texture": "#altgrey", "rotation": 180 },
				"south": { "uv": [ 9, 6, 13, 12 ], "texture": "#altgrey" },
				"west": { "uv": [ 7, 0, 10, 16 ], "texture": "#barrel" },
				"east": { "uv": [ 15, 9.5, 16, 14.5 ], "texture": "#altgrey" }
			}
		},
		{
			"__comment": "Element",
			"from": [ 9.8, 2.4, 7.499 ],
			"to": [ 10.3, 2.9, 8.500999 ],
			"faces": {
				"north": { "uv": [ 2, 2, 5, 5 ], "texture": "#altgrey", "rotation": 270 },
				"south": { "uv": [ 2, 2, 5, 5 ], "texture": "#altgrey", "rotation": 270 }
			}
		},
		{
			"__comment": "Element",
			"from": [ 9.4, 4.3, 7.499 ],
			"to": [ 9.6, 4.5, 8.500999 ],
			"faces": {
				"north": { "uv": [ 6, 13, 8, 15 ], "texture": "#barrel", "rotation": 90 },
				"south": { "uv": [ 7, 12, 9, 14 ], "texture": "#barrel" }
			}
		},
		{
			"__comment": "Element",
			"from": [ 10.95, 4.6, 7.499 ],
			"to": [ 11.15, 4.8, 8.500999 ],
			"faces": {
				"north": { "uv": [ 6, 13, 8, 15 ], "texture": "#barrel", "rotation": 90 },
				"south": { "uv": [ 7, 12, 9, 14 ], "texture": "#barrel" }
			}
		},
		{
			"__comment": "Element",
			"from": [ 11.35, 6.1, 7.499 ],
			"to": [ 11.55, 6.3, 8.500999 ],
			"faces": {
				"north": { "uv": [ 6, 13, 8, 15 ], "texture": "#barrel", "rotation": 90 },
				"south": { "uv": [ 7, 12, 9, 14 ], "texture": "#barrel" }
			}
		},
		{
			"__comment": "Element",
			"from": [ 9.2, 6.7, 7.499 ],
			"to": [ 9.4, 6.9, 8.500999 ],
			"faces": {
				"north": { "uv": [ 6, 13, 8, 15 ], "texture": "#barrel", "rotation": 90 },
				"south": { "uv": [ 7, 12, 9, 14 ], "texture": "#barrel" }
			}
		},
		{
			"__comment": "Element",
			"from": [ 12.05, 6.5, 7.599 ],
			"to": [ 12.35, 6.8, 8.401 ],
			"faces": {
				"north": { "uv": [ 6, 13, 8, 15 ], "texture": "#barrel", "rotation": 90 },
				"south": { "uv": [ 7, 12, 9, 14 ], "texture": "#barrel" }
			}
		},
		{
			"__comment": "Element",
			"from": [ 4.15, 4.6, 7.499 ],
			"to": [ 4.55, 5, 8.500999 ],
			"faces": {
				"north": { "uv": [ 2, 2, 5, 5 ], "texture": "#altgrey", "rotation": 270 },
				"south": { "uv": [ 2, 2, 5, 5 ], "texture": "#altgrey", "rotation": 270 }
			}
		},
		{
			"__comment": "Element",
			"from": [ 4.85, 9.349999, 6.799 ],
			"to": [ 5.05, 9.549999, 7.501 ],
			"faces": {
				"north": { "uv": [ 2, 2, 5, 5 ], "texture": "#altgrey", "rotation": 270 },
				"south": { "uv": [ 2, 2, 5, 5 ], "texture": "#altgrey", "rotation": 270 }
			}
		},
		{
			"__comment": "Element",
			"from": [ 16.45, 9.15, 6.799 ],
			"to": [ 16.65, 9.35, 7.501 ],
			"faces": {
				"north": { "uv": [ 2, 2, 5, 5 ], "texture": "#altgrey", "rotation": 270 },
				"south": { "uv": [ 2, 2, 5, 5 ], "texture": "#altgrey", "rotation": 270 }
			}
		},
		{
			"__comment": "Element",
			"from": [ 8.3, 4, 7.499 ],
			"to": [ 9, 4.25, 8.500999 ],
			"rotation": { "origin": [ 9, 4, 8 ], "axis": "z", "angle": -22.5 },
			"faces": {
				"down": { "uv": [ 0, 0, 0.5, 0.5 ], "texture": "#barrel" },
				"up": { "uv": [ 0, 0, 1, 1 ], "texture": "#barrel" },
				"north": { "uv": [ 9, 11, 12, 12 ], "texture": "#altgrey" },
				"south": { "uv": [ 9, 11, 12, 12 ], "texture": "#altgrey" },
				"west": { "uv": [ 7, 15, 10, 16 ], "texture": "#barrel" }
			}
		},
		{
			"__comment": "Element",
			"from": [ 8.3, 4.25, 7.5 ],
			"to": [ 9, 4.52, 8.5 ],
			"faces": {
				"down": { "uv": [ 0, 0, 0.5, 0.5 ], "texture": "#barrel" },
				"up": { "uv": [ 0, 0, 1, 1 ], "texture": "#barrel" },
				"north": { "uv": [ 9, 11, 12, 12 ], "texture": "#altgrey" },
				"south": { "uv": [ 9, 11, 12, 12 ], "texture": "#altgrey" },
				"west": { "uv": [ 7, 15, 10, 16 ], "texture": "#barrel" }
			}
		},
		{
			"__comment": "Element",
			"from": [ 7.95, 5.5, 7.6 ],
			"to": [ 9.1, 5.7, 8.4 ],
			"rotation": { "origin": [ 8.525, 5.6, 8 ], "axis": "z", "angle": 22.5 },
			"faces": {
				"down": { "uv": [ 0, 0, 0.5, 0.5 ], "texture": "#altbarrel" },
				"up": { "uv": [ 0, 0, 0.5, 4.5 ], "texture": "#barrel", "rotation": 270 },
				"north": { "uv": [ 15, 8, 16, 14 ], "texture": "#barrel" },
				"south": { "uv": [ 15, 6, 16, 11 ], "texture": "#barrel" },
				"west": { "uv": [ 0, 0, 0.5, 0.5 ], "texture": "#barrel" }
			}
		},
		{
			"__comment": "Element",
			"from": [ 11, 4.25, 7.5 ],
			"to": [ 11.25, 6, 8.5 ],
			"faces": {
				"down": { "uv": [ 0, 0, 0.5, 0.5 ], "texture": "#altgrey" },
				"north": { "uv": [ 13, 10, 14, 14 ], "texture": "#altgrey" },
				"south": { "uv": [ 15, 9, 16, 14 ], "texture": "#altgrey" },
				"east": { "uv": [ 13, 4.75, 14, 8 ], "texture": "#altgrey" }
			}
		},
		{
			"__comment": "Element",
			"from": [ 11.001, 4.65, 7.75 ],
			"to": [ 11.251, 6, 8.25 ],
			"faces": {
				"east": { "uv": [ 5, 7, 10, 10 ], "texture": "#altgrey" }
			}
		},
		{
			"__comment": "Element",
			"from": [ 11.25, 4.5, 7.75 ],
			"to": [ 12.55, 4.65, 8.25 ],
			"faces": {
				"down": { "uv": [ 13, 10, 14, 16 ], "texture": "#altgrey", "rotation": 90 },
				"up": { "uv": [ 9, 8.25, 11, 9 ], "texture": "#altgrey" },
				"north": { "uv": [ 8, 0, 9, 3 ], "texture": "#altgrey" },
				"south": { "uv": [ 7, 0, 8, 3 ], "texture": "#altgrey" },
				"east": { "uv": [ 0, 0, 0.5, 0.5 ], "texture": "#altbarrel" }
			}
		},
		{
			"__comment": "Element",
			"from": [ 11.7, 6, 7.75 ],
			"to": [ 12.7, 6.2, 8.25 ],
			"faces": {
				"down": { "uv": [ 5, 2, 6.75, 3 ], "texture": "#altgrey" },
				"up": { "uv": [ 9, 8.25, 11, 9 ], "texture": "#altgrey" },
				"north": { "uv": [ 6, 0, 7, 3 ], "texture": "#altgrey" },
				"south": { "uv": [ 6, 0, 7, 3 ], "texture": "#altgrey" },
				"east": { "uv": [ 4, 2, 14, 3 ], "texture": "#altgrey", "rotation": 90 }
			}
		},
		{
			"__comment": "Element",
			"from": [ 8.25, 6.2, 7.6 ],
			"to": [ 12.7, 7.5, 8.4 ],
			"faces": {
				"down": { "uv": [ 10, 15, 16, 16 ], "texture": "#barrel" },
				"up": { "uv": [ 6.5, 14, 16, 16 ], "texture": "#barrel" },
				"north": { "uv": [ 3.5, 15, 16, 16 ], "texture": "#barrel" },
				"south": { "uv": [ 3, 15, 16, 16 ], "texture": "#barrel", "rotation": 180 },
				"west": { "uv": [ 14, 13, 16, 16 ], "texture": "#barrel" },
				"east": { "uv": [ 14.25, 13.75, 15.75, 15.5 ], "texture": "#barrel" }
			}
		},
		{
			"__comment": "Element",
			"from": [ 4.65, 9, 7.4 ],
			"to": [ 6.8, 9.8, 7.5 ],
			"faces": {
				"down": { "uv": [ 10, 15, 16, 16 ], "texture": "#barrel" },
				"up": { "uv": [ 0, 0, 5, 1 ], "texture": "#barrel", "rotation": 270 },
				"north": { "uv": [ 0, 0, 1, 1 ], "texture": "#barrel" },
				"south": { "uv": [ 10, 7, 16, 8 ], "texture": "#barrel", "rotation": 90 },
				"west": { "uv": [ 0, 0, 1, 4 ], "texture": "#barrel" },
				"east": { "uv": [ 0, 0, 1, 4 ], "texture": "#barrel" }
			}
		},
		{
			"__comment": "Element",
			"from": [ 14.55, 8.9, 7.4 ],
			"to": [ 14.9, 9.5, 7.5 ],
			"faces": {
				"down": { "uv": [ 15, 15, 16, 16 ], "texture": "#barrel" },
				"up": { "uv": [ 0, 0, 5, 1 ], "texture": "#barrel", "rotation": 270 },
				"north": { "uv": [ 0, 0, 1, 1 ], "texture": "#barrel" },
				"south": { "uv": [ 10, 7, 16, 8 ], "texture": "#barrel", "rotation": 90 },
				"west": { "uv": [ 0, 0, 1, 4 ], "texture": "#barrel" },
				"east": { "uv": [ 0, 0, 1, 4 ], "texture": "#barrel" }
			}
		},
		{
			"__comment": "Element",
			"from": [ 16.35, 8.9, 7.4 ],
			"to": [ 16.7, 9.5, 7.5 ],
			"faces": {
				"down": { "uv": [ 15, 15, 16, 16 ], "texture": "#barrel" },
				"up": { "uv": [ 0, 0, 5, 1 ], "texture": "#barrel", "rotation": 270 },
				"north": { "uv": [ 0, 0, 1, 1 ], "texture": "#barrel" },
				"south": { "uv": [ 10, 7, 16, 8 ], "texture": "#barrel", "rotation": 90 },
				"west": { "uv": [ 0, 0, 1, 4 ], "texture": "#barrel" },
				"east": { "uv": [ 0, 0, 1, 4 ], "texture": "#barrel" }
			}
		},
		{
			"__comment": "Element",
			"from": [ 15.35, 8.9, 7.4 ],
			"to": [ 15.9, 9.5, 7.5 ],
			"faces": {
				"down": { "uv": [ 15, 15, 16, 16 ], "texture": "#barrel" },
				"up": { "uv": [ 0, 0, 5, 1 ], "texture": "#barrel", "rotation": 270 },
				"north": { "uv": [ 0, 0, 1, 1 ], "texture": "#barrel" },
				"south": { "uv": [ 10, 7, 16, 8 ], "texture": "#barrel", "rotation": 90 },
				"west": { "uv": [ 0, 0, 1, 4 ], "texture": "#barrel" },
				"east": { "uv": [ 0, 0, 1, 4 ], "texture": "#barrel" }
			}
		},
		{
			"__comment": "Element",
			"from": [ 14.9, 8.9, 7.4 ],
			"to": [ 15.35, 9, 7.5 ],
			"faces": {
				"down": { "uv": [ 15, 15, 16, 16 ], "texture": "#barrel" },
				"up": { "uv": [ 0, 0, 5, 1 ], "texture": "#barrel", "rotation": 270 },
				"north": { "uv": [ 0, 0, 1, 1 ], "texture": "#barrel" },
				"south": { "uv": [ 15, 7, 16, 8 ], "texture": "#barrel", "rotation": 90 },
				"west": { "uv": [ 0, 0, 1, 4 ], "texture": "#barrel" },
				"east": { "uv": [ 0, 0, 1, 4 ], "texture": "#barrel" }
			}
		},
		{
			"__comment": "Element",
			"from": [ 14.9, 9.4, 7.4 ],
			"to": [ 15.35, 9.5, 7.5 ],
			"faces": {
				"down": { "uv": [ 15, 15, 16, 16 ], "texture": "#barrel" },
				"up": { "uv": [ 0, 0, 5, 1 ], "texture": "#barrel", "rotation": 270 },
				"north": { "uv": [ 0, 0, 1, 1 ], "texture": "#barrel" },
				"south": { "uv": [ 10, 7, 11, 8 ], "texture": "#barrel", "rotation": 90 },
				"west": { "uv": [ 0, 0, 1, 4 ], "texture": "#barrel" },
				"east": { "uv": [ 0, 0, 1, 4 ], "texture": "#barrel" }
			}
		},
		{
			"__comment": "Element",
			"from": [ 15.9, 8.9, 7.4 ],
			"to": [ 16.35, 9, 7.5 ],
			"faces": {
				"down": { "uv": [ 15, 15, 16, 16 ], "texture": "#barrel" },
				"up": { "uv": [ 0, 0, 5, 1 ], "texture": "#barrel", "rotation": 270 },
				"north": { "uv": [ 0, 0, 1, 1 ], "texture": "#barrel" },
				"south": { "uv": [ 15, 7, 16, 8 ], "texture": "#barrel", "rotation": 90 },
				"west": { "uv": [ 0, 0, 1, 4 ], "texture": "#barrel" },
				"east": { "uv": [ 0, 0, 1, 4 ], "texture": "#barrel" }
			}
		},
		{
			"__comment": "Element",
			"from": [ 15.9, 9.4, 7.4 ],
			"to": [ 16.35, 9.5, 7.5 ],
			"faces": {
				"down": { "uv": [ 15, 15, 16, 16 ], "texture": "#barrel" },
				"up": { "uv": [ 0, 0, 5, 1 ], "texture": "#barrel", "rotation": 270 },
				"north": { "uv": [ 0, 0, 1, 1 ], "texture": "#barrel" },
				"south": { "uv": [ 10, 7, 11, 8 ], "texture": "#barrel", "rotation": 90 },
				"west": { "uv": [ 0, 0, 1, 4 ], "texture": "#barrel" },
				"east": { "uv": [ 0, 0, 1, 4 ], "texture": "#barrel" }
			}
		},
		{
			"__comment": "Element",
			"from": [ 4.65, 9, 6.8 ],
			"to": [ 6.8, 9.8, 6.9 ],
			"faces": {
				"down": { "uv": [ 10, 15, 16, 16 ], "texture": "#barrel" },
				"up": { "uv": [ 0, 0, 5, 1 ], "texture": "#barrel", "rotation": 90 },
				"north": { "uv": [ 10, 7, 16, 8 ], "texture": "#barrel", "rotation": 90 },
				"south": { "uv": [ 0, 0, 1, 1 ], "texture": "#barrel", "rotation": 180 },
				"west": { "uv": [ 0, 0, 1, 4 ], "texture": "#barrel" },
				"east": { "uv": [ 0, 0, 1, 4 ], "texture": "#barrel" }
			}
		},
		{
			"__comment": "Element",
			"from": [ 3.25, 6.8, 6.8 ],
			"to": [ 6.2, 7.599999, 7.199999 ],
			"faces": {
				"down": { "uv": [ 10, 15, 16, 16 ], "texture": "#barrel" },
				"up": { "uv": [ 0, 0, 5, 1 ], "texture": "#barrel", "rotation": 90 },
				"north": { "uv": [ 9, 9, 10, 15 ], "texture": "#barrel", "rotation": 180 },
				"south": { "uv": [ 0, 0, 1, 1 ], "texture": "#barrel", "rotation": 180 },
				"west": { "uv": [ 0, 2, 1, 5 ], "texture": "#barrel", "rotation": 270 },
				"east": { "uv": [ 0, 0, 1, 4 ], "texture": "#barrel" }
			}
		},
		{
			"__comment": "Element",
			"from": [ 14.55, 8.9, 6.8 ],
			"to": [ 14.9, 9.5, 6.9 ],
			"faces": {
				"down": { "uv": [ 15, 15, 16, 16 ], "texture": "#barrel" },
				"up": { "uv": [ 0, 0, 5, 1 ], "texture": "#barrel", "rotation": 90 },
				"north": { "uv": [ 10, 7, 16, 8 ], "texture": "#barrel", "rotation": 90 },
				"south": { "uv": [ 0, 0, 1, 1 ], "texture": "#barrel", "rotation": 180 },
				"west": { "uv": [ 0, 0, 1, 4 ], "texture": "#barrel" },
				"east": { "uv": [ 0, 0, 1, 4 ], "texture": "#barrel" }
			}
		},
		{
			"__comment": "Element",
			"from": [ 16.35, 8.9, 6.8 ],
			"to": [ 16.7, 9.5, 6.9 ],
			"faces": {
				"down": { "uv": [ 15, 15, 16, 16 ], "texture": "#barrel" },
				"up": { "uv": [ 0, 0, 5, 1 ], "texture": "#barrel", "rotation": 90 },
				"north": { "uv": [ 10, 7, 16, 8 ], "texture": "#barrel", "rotation": 90 },
				"south": { "uv": [ 0, 0, 1, 1 ], "texture": "#barrel", "rotation": 180 },
				"west": { "uv": [ 0, 0, 1, 4 ], "texture": "#barrel" },
				"east": { "uv": [ 0, 0, 1, 4 ], "texture": "#barrel" }
			}
		},
		{
			"__comment": "Element",
			"from": [ 15.35, 8.9, 6.8 ],
			"to": [ 15.9, 9.5, 6.9 ],
			"faces": {
				"down": { "uv": [ 15, 15, 16, 16 ], "texture": "#barrel" },
				"up": { "uv": [ 0, 0, 5, 1 ], "texture": "#barrel", "rotation": 90 },
				"north": { "uv": [ 10, 7, 16, 8 ], "texture": "#barrel", "rotation": 90 },
				"south": { "uv": [ 0, 0, 1, 1 ], "texture": "#barrel", "rotation": 180 },
				"west": { "uv": [ 0, 0, 1, 4 ], "texture": "#barrel" },
				"east": { "uv": [ 0, 0, 1, 4 ], "texture": "#barrel" }
			}
		},
		{
			"__comment": "Element",
			"from": [ 14.9, 8.9, 6.8 ],
			"to": [ 15.35, 9, 6.9 ],
			"faces": {
				"down": { "uv": [ 15, 15, 16, 16 ], "texture": "#barrel" },
				"up": { "uv": [ 0, 0, 5, 1 ], "texture": "#barrel", "rotation": 90 },
				"north": { "uv": [ 15, 7, 16, 8 ], "texture": "#barrel", "rotation": 90 },
				"south": { "uv": [ 0, 0, 1, 1 ], "texture": "#barrel", "rotation": 180 },
				"west": { "uv": [ 0, 0, 1, 4 ], "texture": "#barrel" },
				"east": { "uv": [ 0, 0, 1, 4 ], "texture": "#barrel" }
			}
		},
		{
			"__comment": "Element",
			"from": [ 14.9, 9.4, 6.8 ],
			"to": [ 15.35, 9.5, 6.9 ],
			"faces": {
				"down": { "uv": [ 15, 15, 16, 16 ], "texture": "#barrel" },
				"up": { "uv": [ 0, 0, 5, 1 ], "texture": "#barrel", "rotation": 90 },
				"north": { "uv": [ 10, 7, 11, 8 ], "texture": "#barrel", "rotation": 90 },
				"south": { "uv": [ 0, 0, 1, 1 ], "texture": "#barrel", "rotation": 180 },
				"west": { "uv": [ 0, 0, 1, 4 ], "texture": "#barrel" },
				"east": { "uv": [ 0, 0, 1, 4 ], "texture": "#barrel" }
			}
		},
		{
			"__comment": "Element",
			"from": [ 15.9, 8.9, 6.8 ],
			"to": [ 16.35, 9, 6.9 ],
			"faces": {
				"down": { "uv": [ 15, 15, 16, 16 ], "texture": "#barrel" },
				"up": { "uv": [ 0, 0, 5, 1 ], "texture": "#barrel", "rotation": 90 },
				"north": { "uv": [ 15, 7, 16, 8 ], "texture": "#barrel", "rotation": 90 },
				"south": { "uv": [ 0, 0, 1, 1 ], "texture": "#barrel", "rotation": 180 },
				"west": { "uv": [ 0, 0, 1, 4 ], "texture": "#barrel" },
				"east": { "uv": [ 0, 0, 1, 4 ], "texture": "#barrel" }
			}
		},
		{
			"__comment": "Element",
			"from": [ 15.9, 9.4, 6.8 ],
			"to": [ 16.35, 9.5, 6.9 ],
			"faces": {
				"down": { "uv": [ 15, 15, 16, 16 ], "texture": "#barrel" },
				"up": { "uv": [ 0, 0, 5, 1 ], "texture": "#barrel", "rotation": 90 },
				"north": { "uv": [ 10, 7, 11, 8 ], "texture": "#barrel", "rotation": 90 },
				"south": { "uv": [ 0, 0, 1, 1 ], "texture": "#barrel", "rotation": 180 },
				"west": { "uv": [ 0, 0, 1, 4 ], "texture": "#barrel" },
				"east": { "uv": [ 0, 0, 1, 4 ], "texture": "#barrel" }
			}
		},
		{
			"__comment": "Element",
			"from": [ 11.45, 5.3, 7.8 ],
			"to": [ 11.6, 6, 8.199999 ],
			"faces": {
				"down": { "uv": [ 0, 0.5, 0.5, 0 ], "texture": "#barrel" },
				"north": { "uv": [ 16, 15, 15, 16 ], "texture": "#barrel" },
				"south": { "uv": [ 0.5, 0, 0, 0.5 ], "texture": "#barrel" },
				"west": { "uv": [ 0.5, 0, 0, 0.5 ], "texture": "#barrel" },
				"east": { "uv": [ 0.5, 0, 0, 0.5 ], "texture": "#barrel" }
			}
		},
		{
			"__comment": "Element",
			"from": [ 11.45, 4.9, 7.8 ],
			"to": [ 11.6, 5.3, 8.199999 ],
			"rotation": { "origin": [ 11.45, 5.3, 7.95 ], "axis": "z", "angle": 22.5 },
			"faces": {
				"down": { "uv": [ 0, 0.5, 0.5, 0 ], "texture": "#barrel" },
				"north": { "uv": [ 16, 15, 15, 16 ], "texture": "#barrel" },
				"south": { "uv": [ 0.5, 0, 0, 0.5 ], "texture": "#barrel" },
				"west": { "uv": [ 0.5, 0, 0, 0.5 ], "texture": "#barrel" },
				"east": { "uv": [ 0.5, 0, 0, 0.5 ], "texture": "#barrel" }
			}
		},
		{
			"__comment": "Element",
			"from": [ 10.8, 5.15, 7.8 ],
			"to": [ 11.45, 5.3, 8.199999 ],
			"rotation": { "origin": [ 11.45, 5.3, 7.95 ], "axis": "z", "angle": 22.5 },
			"faces": {
				"down": { "uv": [ 0, 0.5, 0.5, 0 ], "texture": "#barrel" },
				"north": { "uv": [ 16, 15, 15, 16 ], "texture": "#barrel" },
				"south": { "uv": [ 0.5, 0, 0, 0.5 ], "texture": "#barrel" },
				"west": { "uv": [ 0.5, 0, 0, 0.5 ], "texture": "#barrel" },
				"east": { "uv": [ 0.5, 0, 0, 0.5 ], "texture": "#barrel" }
			}
		},
		{
			"__comment": "Element",
			"from": [ 12.55, 4.5, 7.75 ],
			"to": [ 12.7, 6, 8.25 ],
			"faces": {
				"down": { "uv": [ 9, 8, 10, 9 ], "texture": "#altgrey" },
				"up": { "uv": [ 0, 0, 0.5, 0.5 ], "texture": "#altbarrel" },
				"north": { "uv": [ 2, 0, 16, 3 ], "texture": "#altgrey", "rotation": 90 },
				"south": { "uv": [ 16, 0, 2, 3 ], "texture": "#altgrey", "rotation": 270 },
				"west": { "uv": [ 4, 2, 5, 13 ], "texture": "#altgrey" },
				"east": { "uv": [ 10, 3, 11, 13 ], "texture": "#altgrey" }
			}
		},
		{
			"__comment": "Element",
			"from": [ 7.5, 7, 7.8011 ],
			"to": [ 17, 9, 8.1989 ],
			"faces": {
				"down": { "uv": [ 7, 4, 8, 5 ], "texture": "#barrel" },
				"up": { "uv": [ 5, 3, 6, 4 ], "texture": "#barrel" },
				"north": { "uv": [ 0, 0, 1, 1 ], "texture": "#barrel" },
				"south": { "uv": [ 0, 0, 1, 1 ], "texture": "#barrel" },
				"east": { "uv": [ 5, 15, 6, 16 ], "texture": "#barrel" }
			}
		},
		{
			"__comment": "Element",
			"from": [ 3, 6.8, 7.7613 ],
			"to": [ 7.5, 9.199999, 8.238689 ],
			"faces": {
				"down": { "uv": [ 7, 4, 8, 5 ], "texture": "#barrel" },
				"up": { "uv": [ 5, 3, 6, 4 ], "texture": "#barrel" },
				"north": { "uv": [ 0, 0, 1, 1 ], "texture": "#barrel" },
				"south": { "uv": [ 0, 0, 1, 1 ], "texture": "#barrel" },
				"east": { "uv": [ 5, 15, 6, 16 ], "texture": "#barrel" }
			}
		},
		{
			"__comment": "Element",
			"from": [ 2.45, 6.6, 7.7215 ],
			"to": [ 2.7, 9.4, 8.27846 ],
			"faces": {
				"down": { "uv": [ 7, 5, 8, 4 ], "texture": "#barrel" },
				"up": { "uv": [ 7, 5, 8, 4 ], "texture": "#barrel" },
				"west": { "uv": [ 0, 0, 1, 1 ], "texture": "#barrel" },
				"east": { "uv": [ 6, 15, 5, 16 ], "texture": "#barrel" }
			}
		},
		{
			"__comment": "Element",
			"from": [ 2.45, 9.4, 7.8715 ],
			"to": [ 2.7, 9.7, 8.12846 ],
			"faces": {
				"down": { "uv": [ 7, 5, 8, 4 ], "texture": "#barrel" },
				"up": { "uv": [ 7, 5, 8, 4 ], "texture": "#barrel" },
				"north": { "uv": [ 0, 0, 1, 1 ], "texture": "#barrel" },
				"south": { "uv": [ 0, 0, 1, 1 ], "texture": "#barrel" },
				"west": { "uv": [ 0, 0, 1, 1 ], "texture": "#barrel" },
				"east": { "uv": [ 6, 15, 5, 16 ], "texture": "#barrel" }
			}
		},
		{
			"__comment": "Element",
			"from": [ -4.5, 9, 7.8715 ],
			"to": [ -4.25, 9.3, 8.12846 ],
			"faces": {
				"down": { "uv": [ 7, 5, 8, 4 ], "texture": "#barrel" },
				"up": { "uv": [ 7, 5, 8, 4 ], "texture": "#barrel" },
				"north": { "uv": [ 0, 0, 1, 1 ], "texture": "#barrel" },
				"south": { "uv": [ 0, 0, 1, 1 ], "texture": "#barrel" },
				"west": { "uv": [ 0, 0, 1, 1 ], "texture": "#barrel" },
				"east": { "uv": [ 6, 15, 5, 16 ], "texture": "#barrel" }
			}
		},
		{
			"__comment": "Element",
			"from": [ -9, 9, 7.8715 ],
			"to": [ -8.75, 9.3, 8.12846 ],
			"faces": {
				"down": { "uv": [ 7, 5, 8, 4 ], "texture": "#barrel" },
				"up": { "uv": [ 7, 5, 8, 4 ], "texture": "#barrel" },
				"north": { "uv": [ 0, 0, 1, 1 ], "texture": "#barrel" },
				"south": { "uv": [ 0, 0, 1, 1 ], "texture": "#barrel" },
				"west": { "uv": [ 0, 0, 1, 1 ], "texture": "#barrel" },
				"east": { "uv": [ 6, 15, 5, 16 ], "texture": "#barrel" }
			}
		},
		{
			"__comment": "Element",
			"from": [ 2.45, 7.7215, 6.6 ],
			"to": [ 2.7, 8.27846, 9.4 ],
			"faces": {
				"north": { "uv": [ 7, 5, 8, 4 ], "texture": "#barrel", "rotation": 180 },
				"south": { "uv": [ 7, 5, 8, 4 ], "texture": "#barrel" },
				"west": { "uv": [ 0, 0, 1, 1 ], "texture": "#barrel" },
				"east": { "uv": [ 6, 15, 5, 16 ], "texture": "#barrel", "rotation": 90 }
			}
		},
		{
			"__comment": "Element",
			"from": [ 2.45, 7.7215, 6.6 ],
			"to": [ 2.7, 8.27846, 9.4 ],
			"rotation": { "origin": [ 2.575, 8, 8 ], "axis": "x", "angle": 22.5 },
			"faces": {
				"north": { "uv": [ 7, 5, 8, 4 ], "texture": "#barrel", "rotation": 180 },
				"south": { "uv": [ 7, 5, 8, 4 ], "texture": "#barrel" },
				"west": { "uv": [ 0, 0, 1, 1 ], "texture": "#barrel" },
				"east": { "uv": [ 6, 15, 5, 16 ], "texture": "#barrel", "rotation": 90 }
			}
		},
		{
			"__comment": "Element",
			"from": [ 2.45, 7.7215, 6.6 ],
			"to": [ 2.7, 8.27846, 9.4 ],
			"rotation": { "origin": [ 2.575, 8, 8 ], "axis": "x", "angle": -22.5 },
			"faces": {
				"north": { "uv": [ 7, 5, 8, 4 ], "texture": "#barrel", "rotation": 180 },
				"south": { "uv": [ 7, 5, 8, 4 ], "texture": "#barrel" },
				"west": { "uv": [ 0, 0, 1, 1 ], "texture": "#barrel" },
				"east": { "uv": [ 6, 15, 5, 16 ], "texture": "#barrel", "rotation": 270 }
			}
		},
		{
			"__comment": "Element",
			"from": [ 2.45, 6.6, 7.7215 ],
			"to": [ 2.7, 9.4, 8.27846 ],
			"rotation": { "origin": [ 2.575, 8, 8 ], "axis": "x", "angle": -45 },
			"faces": {
				"down": { "uv": [ 7, 5, 8, 4 ], "texture": "#barrel" },
				"up": { "uv": [ 7, 5, 8, 4 ], "texture": "#barrel" },
				"west": { "uv": [ 0, 0, 1, 1 ], "texture": "#barrel" },
				"east": { "uv": [ 6, 15, 5, 16 ], "texture": "#barrel" }
			}
		},
		{
			"__comment": "Element",
			"from": [ 2.45, 6.6, 7.7215 ],
			"to": [ 2.7, 9.4, 8.27846 ],
			"rotation": { "origin": [ 2.575, 8, 8 ], "axis": "x", "angle": 45 },
			"faces": {
				"down": { "uv": [ 7, 5, 8, 4 ], "texture": "#barrel" },
				"up": { "uv": [ 7, 5, 8, 4 ], "texture": "#barrel" },
				"west": { "uv": [ 0, 0, 1, 1 ], "texture": "#barrel" },
				"east": { "uv": [ 6, 15, 5, 16 ], "texture": "#barrel" }
			}
		},
		{
			"__comment": "Element",
			"from": [ 2.45, 6.6, 7.7215 ],
			"to": [ 2.7, 9.4, 8.27846 ],
			"rotation": { "origin": [ 2.575, 8, 8 ], "axis": "x", "angle": -22.5 },
			"faces": {
				"down": { "uv": [ 7, 5, 8, 4 ], "texture": "#barrel" },
				"up": { "uv": [ 7, 5, 8, 4 ], "texture": "#barrel" },
				"west": { "uv": [ 0, 0, 1, 1 ], "texture": "#barrel" },
				"east": { "uv": [ 6, 15, 5, 16 ], "texture": "#barrel" }
			}
		},
		{
			"__comment": "Element",
			"from": [ 2.45, 6.6, 7.7215 ],
			"to": [ 2.7, 9.4, 8.27846 ],
			"rotation": { "origin": [ 2.575, 8, 8 ], "axis": "x", "angle": 22.5 },
			"faces": {
				"down": { "uv": [ 7, 5, 8, 4 ], "texture": "#barrel" },
				"up": { "uv": [ 7, 5, 8, 4 ], "texture": "#barrel" },
				"west": { "uv": [ 0, 0, 1, 1 ], "texture": "#barrel" },
				"east": { "uv": [ 6, 15, 5, 16 ], "texture": "#barrel" }
			}
		},
		{
			"__comment": "Element",
			"from": [ -3, 6.625, 7.7265 ],
			"to": [ 3, 9.375, 8.2735 ],
			"faces": {
				"down": { "uv": [ 3, 12, 13, 13 ], "texture": "#4" },
				"up": { "uv": [ 3, 12, 13, 13 ], "texture": "#4" },
				"east": { "uv": [ 8, 9, 9, 10 ], "texture": "#6" }
			}
		},
		{
			"__comment": "Element",
			"from": [ -9.25, 7, 7.8011 ],
			"to": [ -3, 9, 8.1989 ],
			"faces": {
				"down": { "uv": [ 3, 4, 13, 5 ], "texture": "#5", "rotation": 180 },
				"up": { "uv": [ 3, 4, 13, 5 ], "texture": "#5", "rotation": 180 },
				"west": { "uv": [ 10, 10, 11, 11 ], "texture": "#barrel" }
			}
		},
		{
			"__comment": "Element",
			"from": [ -12.25, 7.125, 7.6376 ],
			"to": [ -9.25, 8.875, 8.36248 ],
			"faces": {
				"down": { "uv": [ 6, 15, 7, 16 ], "texture": "#barrel" },
				"up": { "uv": [ 5, 15, 6, 16 ], "texture": "#barrel" }
			}
		},
		{
			"__comment": "Element",
			"from": [ -15, 6.75, 7.4822 ],
			"to": [ -12.25, 9.25, 8.517739 ],
			"faces": {
				"down": { "uv": [ 7, 4, 8, 5 ], "texture": "#barrel" },
				"up": { "uv": [ 7, 4, 8, 5 ], "texture": "#barrel" },
				"west": { "uv": [ 0, 13, 1, 14 ], "texture": "#barrel" },
				"east": { "uv": [ 6, 15, 7, 16 ], "texture": "#barrel" }
			}
		},
		{
			"__comment": "Element",
			"from": [ -16, 5.5, 7.5027 ],
			"to": [ -15.75, 6.25, 8.49726 ],
			"faces": {
				"down": { "uv": [ 7, 4, 8, 5 ], "texture": "#barrel" },
				"up": { "uv": [ 0, 15, 1, 16 ], "texture": "#barrel" },
				"west": { "uv": [ 10, 10.5, 16, 10.5 ], "texture": "#barrel", "rotation": 270 },
				"east": { "uv": [ 5, 15, 6, 16 ], "texture": "#barrel" }
			}
		},
		{
			"__comment": "Element",
			"from": [ 3.55, 2.75, 7.5 ],
			"to": [ 5.15, 7.25, 8.5 ],
			"faces": {
				"down": { "uv": [ 0, 7, 16, 8 ], "texture": "#6" },
				"north": { "uv": [ 4, 7, 15, 8 ], "texture": "#6" },
				"south": { "uv": [ 3, 7, 14, 8 ], "texture": "#6" },
				"west": { "uv": [ 4, 0, 9, 1 ], "texture": "#6" },
				"east": { "uv": [ 4, 0, 9, 1 ], "texture": "#6" }
			}
		},
		{
			"__comment": "Element",
			"from": [ 9.05, 1.5, 7.5 ],
			"to": [ 10.85, 4, 8.5 ],
			"faces": {
				"down": { "uv": [ 0, 7, 16, 8 ], "texture": "#6" },
				"north": { "uv": [ 5, 3, 16, 4 ], "texture": "#6" },
				"south": { "uv": [ 4, 3, 15, 4 ], "texture": "#6" },
				"west": { "uv": [ 5, 3, 10, 4 ], "texture": "#6" },
				"east": { "uv": [ 4, 3, 9, 4 ], "texture": "#6" }
			}
		},
		{
			"__comment": "Element",
			"from": [ 22.5, 6, 7.1716 ],
			"to": [ 26.9, 10, 8.82844 ],
			"faces": {
				"down": { "uv": [ 9, 0, 11, 7 ], "texture": "#8", "rotation": 90 },
				"up": { "uv": [ 9, 0, 11, 7 ], "texture": "#8", "rotation": 90 },
				"west": { "uv": [ 0.5, 0.5, 0.5, 0.5 ], "texture": "#8", "rotation": 90 },
				"east": { "uv": [ 0, 0, 1, 1 ], "texture": "#8" }
			}
		},
		{
			"__comment": "Element",
			"from": [ 30.5, 7.575, 7.575 ],
			"to": [ 31.75, 8.425, 8.425 ],
			"rotation": { "origin": [ 31.125, 8, 8 ], "axis": "x", "angle": 45 },
			"faces": {
				"down": { "uv": [ 9, 10, 11, 11 ], "texture": "#altgrey" },
				"up": { "uv": [ 5, 3, 8, 4 ], "texture": "#altgrey" },
				"north": { "uv": [ 3, 3, 6, 4 ], "texture": "#altgrey" },
				"south": { "uv": [ 3, 3, 6, 4 ], "texture": "#altgrey" },
				"east": { "uv": [ 3, 3, 5, 5 ], "texture": "#altgrey" }
			}
		},
		{
			"__comment": "Element",
			"from": [ -3, 6.625, 7.7265 ],
			"to": [ 3, 9.375, 8.2735 ],
			"rotation": { "origin": [ 0, 8, 8 ], "axis": "x", "angle": 22.5 },
			"faces": {
				"down": { "uv": [ 3, 12, 13, 13 ], "texture": "#4" },
				"up": { "uv": [ 3, 12, 13, 13 ], "texture": "#4" },
				"west": { "uv": [ 8, 9, 9, 10 ], "texture": "#6" },
				"east": { "uv": [ 8, 9, 9, 10 ], "texture": "#6" }
			}
		},
		{
			"__comment": "Element",
			"from": [ -3, 6.625, 7.7265 ],
			"to": [ 3, 9.375, 8.2735 ],
			"rotation": { "origin": [ 0, 8, 8 ], "axis": "x", "angle": -22.5 },
			"faces": {
				"down": { "uv": [ 3, 12, 13, 13 ], "texture": "#4" },
				"up": { "uv": [ 3, 12, 13, 13 ], "texture": "#4" },
				"west": { "uv": [ 8, 9, 9, 10 ], "texture": "#6" },
				"east": { "uv": [ 8, 9, 9, 10 ], "texture": "#6" }
			}
		},
		{
			"__comment": "Element",
			"from": [ -3, 6.625, 7.7265 ],
			"to": [ 3, 9.375, 8.2735 ],
			"rotation": { "origin": [ 0, 8, 8 ], "axis": "x", "angle": 45 },
			"faces": {
				"down": { "uv": [ 3, 12, 13, 13 ], "texture": "#4" },
				"up": { "uv": [ 3, 12, 13, 13 ], "texture": "#4" },
				"west": { "uv": [ 8, 9, 9, 10 ], "texture": "#6" },
				"east": { "uv": [ 8, 9, 9, 10 ], "texture": "#6" }
			}
		},
		{
			"__comment": "Element",
			"from": [ -3, 6.625, 7.7265 ],
			"to": [ 3, 9.375, 8.2735 ],
			"rotation": { "origin": [ 0, 8, 8 ], "axis": "x", "angle": -45 },
			"faces": {
				"down": { "uv": [ 3, 12, 13, 13 ], "texture": "#4" },
				"up": { "uv": [ 3, 12, 13, 13 ], "texture": "#4" },
				"west": { "uv": [ 8, 9, 9, 10 ], "texture": "#6" },
				"east": { "uv": [ 8, 9, 9, 10 ], "texture": "#6" }
			}
		},
		{
			"__comment": "Element",
			"from": [ -3, 7.7265, 6.625 ],
			"to": [ 3, 8.2735, 9.375 ],
			"rotation": { "origin": [ 0, 8, 8 ], "axis": "x", "angle": -22.5 },
			"faces": {
				"north": { "uv": [ 3, 12, 13, 13 ], "texture": "#4", "rotation": 180 },
				"south": { "uv": [ 3, 12, 13, 13 ], "texture": "#4" },
				"west": { "uv": [ 8, 9, 9, 10 ], "texture": "#6", "rotation": 90 },
				"east": { "uv": [ 8, 9, 9, 10 ], "texture": "#6", "rotation": 270 }
			}
		},
		{
			"__comment": "Element",
			"from": [ -3, 7.7265, 6.625 ],
			"to": [ 3, 8.2735, 9.375 ],
			"rotation": { "origin": [ 0, 8, 8 ], "axis": "x", "angle": 22.5 },
			"faces": {
				"north": { "uv": [ 3, 12, 13, 13 ], "texture": "#4", "rotation": 180 },
				"south": { "uv": [ 3, 12, 13, 13 ], "texture": "#4" },
				"west": { "uv": [ 8, 9, 9, 10 ], "texture": "#6", "rotation": 270 },
				"east": { "uv": [ 8, 9, 9, 10 ], "texture": "#6", "rotation": 90 }
			}
		},
		{
			"__comment": "Element",
			"from": [ -3, 7.7265, 6.625 ],
			"to": [ 3, 8.2735, 9.375 ],
			"faces": {
				"north": { "uv": [ 3, 12, 13, 13 ], "texture": "#4", "rotation": 180 },
				"south": { "uv": [ 3, 12, 13, 13 ], "texture": "#4" },
				"west": { "uv": [ 8, 9, 9, 10 ], "texture": "#6", "rotation": 90 },
				"east": { "uv": [ 8, 9, 9, 10 ], "texture": "#6", "rotation": 270 }
			}
		},
		{
			"__comment": "Element",
			"from": [ -9.25, 7, 7.8011 ],
			"to": [ -3, 9, 8.198919 ],
			"rotation": { "origin": [ -6.125, 8, 8 ], "axis": "x", "angle": -22.5 },
			"faces": {
				"down": { "uv": [ 3, 4, 13, 5 ], "texture": "#5", "rotation": 180 },
				"up": { "uv": [ 3, 4, 13, 5 ], "texture": "#5", "rotation": 180 },
				"west": { "uv": [ 10, 10, 11, 11 ], "texture": "#barrel" }
			}
		},
		{
			"__comment": "Element",
			"from": [ -9.25, 7, 7.8011 ],
			"to": [ -3, 9, 8.198919 ],
			"rotation": { "origin": [ -6.125, 8, 8 ], "axis": "x", "angle": 22.5 },
			"faces": {
				"down": { "uv": [ 3, 4, 13, 5 ], "texture": "#5", "rotation": 180 },
				"up": { "uv": [ 3, 4, 13, 5 ], "texture": "#5", "rotation": 180 },
				"west": { "uv": [ 10, 10, 11, 11 ], "texture": "#barrel" }
			}
		},
		{
			"__comment": "Element",
			"from": [ -9.25, 7, 7.8011 ],
			"to": [ -3, 9, 8.198919 ],
			"rotation": { "origin": [ -6.125, 8, 8 ], "axis": "x", "angle": -45 },
			"faces": {
				"down": { "uv": [ 3, 4, 13, 5 ], "texture": "#5", "rotation": 180 },
				"up": { "uv": [ 3, 4, 13, 5 ], "texture": "#5", "rotation": 180 },
				"west": { "uv": [ 10, 10, 11, 11 ], "texture": "#barrel" }
			}
		},
		{
			"__comment": "Element",
			"from": [ -9.25, 7, 7.8011 ],
			"to": [ -3, 9, 8.198919 ],
			"rotation": { "origin": [ -6.125, 8, 8 ], "axis": "x", "angle": 45 },
			"faces": {
				"down": { "uv": [ 3, 4, 13, 5 ], "texture": "#5", "rotation": 180 },
				"up": { "uv": [ 3, 4, 13, 5 ], "texture": "#5", "rotation": 180 },
				"west": { "uv": [ 10, 10, 11, 11 ], "texture": "#barrel" }
			}
		},
		{
			"__comment": "Element",
			"from": [ -9.25, 7.8011, 7 ],
			"to": [ -3, 8.198919, 9 ],
			"rotation": { "origin": [ -6.125, 8, 8 ], "axis": "x", "angle": 22.5 },
			"faces": {
				"north": { "uv": [ 3, 4, 13, 5 ], "texture": "#5" },
				"south": { "uv": [ 3, 4, 13, 5 ], "texture": "#5", "rotation": 180 },
				"west": { "uv": [ 10, 10, 11, 11 ], "texture": "#barrel", "rotation": 270 }
			}
		},
		{
			"__comment": "Element",
			"from": [ -9.25, 7.8011, 7 ],
			"to": [ -3, 8.198919, 9 ],
			"rotation": { "origin": [ -6.125, 8, 8 ], "axis": "x", "angle": -22.5 },
			"faces": {
				"north": { "uv": [ 3, 4, 13, 5 ], "texture": "#5" },
				"south": { "uv": [ 3, 4, 13, 5 ], "texture": "#5", "rotation": 180 },
				"west": { "uv": [ 10, 10, 11, 11 ], "texture": "#barrel", "rotation": 90 }
			}
		},
		{
			"__comment": "Element",
			"from": [ -9.25, 7.8011, 7 ],
			"to": [ -3, 8.198919, 9 ],
			"faces": {
				"north": { "uv": [ 3, 4, 13, 5 ], "texture": "#5" },
				"south": { "uv": [ 3, 4, 13, 5 ], "texture": "#5", "rotation": 180 },
				"west": { "uv": [ 10, 10, 11, 11 ], "texture": "#barrel", "rotation": 270 }
			}
		},
		{
			"__comment": "Element",
			"from": [ -12.25, 7.125, 7.6376 ],
			"to": [ -9.25, 8.875, 8.36248 ],
			"rotation": { "origin": [ -10.75, 8, 8 ], "axis": "x", "angle": 45 },
			"faces": {
				"down": { "uv": [ 6, 15, 7, 16 ], "texture": "#barrel" },
				"up": { "uv": [ 5, 15, 6, 16 ], "texture": "#barrel" }
			}
		},
		{
			"__comment": "Element",
			"from": [ -12.25, 7.125, 7.6376 ],
			"to": [ -9.25, 8.875, 8.36248 ],
			"rotation": { "origin": [ -10.75, 8, 8 ], "axis": "x", "angle": -45 },
			"faces": {
				"down": { "uv": [ 6, 15, 7, 16 ], "texture": "#barrel" },
				"up": { "uv": [ 5, 15, 6, 16 ], "texture": "#barrel" }
			}
		},
		{
			"__comment": "Element",
			"from": [ -12.25, 7.6376, 7.125 ],
			"to": [ -9.25, 8.36248, 8.875 ],
			"faces": {
				"north": { "uv": [ 6, 15, 7, 16 ], "texture": "#barrel", "rotation": 180 },
				"south": { "uv": [ 5, 15, 6, 16 ], "texture": "#barrel" }
			}
		},
		{
			"__comment": "Element",
			"from": [ -15, 6.75, 7.4822 ],
			"to": [ -12.25, 9.25, 8.517739 ],
			"rotation": { "origin": [ -13.875, 8, 8 ], "axis": "x", "angle": -45 },
			"faces": {
				"down": { "uv": [ 7, 4, 8, 5 ], "texture": "#barrel" },
				"up": { "uv": [ 7, 4, 8, 5 ], "texture": "#barrel" },
				"west": { "uv": [ 0, 13, 1, 14 ], "texture": "#barrel" },
				"east": { "uv": [ 6, 15, 7, 16 ], "texture": "#barrel" }
			}
		},
		{
			"__comment": "Element",
			"from": [ -15, 6.75, 7.4822 ],
			"to": [ -12.25, 9.25, 8.517739 ],
			"rotation": { "origin": [ -13.875, 8, 8 ], "axis": "x", "angle": 45 },
			"faces": {
				"down": { "uv": [ 7, 4, 8, 5 ], "texture": "#barrel" },
				"up": { "uv": [ 7, 4, 8, 5 ], "texture": "#barrel" },
				"west": { "uv": [ 0, 13, 1, 14 ], "texture": "#barrel" },
				"east": { "uv": [ 6, 15, 7, 16 ], "texture": "#barrel" }
			}
		},
		{
			"__comment": "Element",
			"from": [ -15, 7.4822, 6.75 ],
			"to": [ -12.25, 8.517739, 9.25 ],
			"faces": {
				"north": { "uv": [ 7, 4, 8, 5 ], "texture": "#barrel", "rotation": 180 },
				"south": { "uv": [ 7, 4, 8, 5 ], "texture": "#barrel" },
				"west": { "uv": [ 0, 13, 1, 14 ], "texture": "#barrel", "rotation": 270 },
				"east": { "uv": [ 6, 15, 7, 16 ], "texture": "#barrel", "rotation": 90 }
			}
		},
		{
			"__comment": "Element",
			"from": [ -16, 5.5, 7.5027 ],
			"to": [ -15.75, 6.25, 8.49726 ],
			"rotation": { "origin": [ -15.75, 8, 8 ], "axis": "x", "angle": -22.5 },
			"faces": {
				"down": { "uv": [ 7, 4, 8, 5 ], "texture": "#barrel" },
				"up": { "uv": [ 0, 15, 1, 16 ], "texture": "#barrel" },
				"west": { "uv": [ 10, 10.5, 16, 10.5 ], "texture": "#barrel", "rotation": 270 },
				"east": { "uv": [ 5, 15, 6, 16 ], "texture": "#barrel" }
			}
		},
		{
			"__comment": "Element",
			"from": [ -16, 5.5, 7.5027 ],
			"to": [ -15.75, 6.25, 8.49726 ],
			"rotation": { "origin": [ -15.75, 8, 8 ], "axis": "x", "angle": 22.5 },
			"faces": {
				"down": { "uv": [ 7, 4, 8, 5 ], "texture": "#barrel" },
				"up": { "uv": [ 0, 15, 1, 16 ], "texture": "#barrel" },
				"west": { "uv": [ 10, 10.5, 16, 10.5 ], "texture": "#barrel", "rotation": 270 },
				"east": { "uv": [ 5, 15, 6, 16 ], "texture": "#barrel" }
			}
		},
		{
			"__comment": "Element",
			"from": [ -16, 5.5, 7.5027 ],
			"to": [ -15.75, 6.25, 8.49726 ],
			"rotation": { "origin": [ -15.75, 8, 8 ], "axis": "x", "angle": -45 },
			"faces": {
				"down": { "uv": [ 7, 4, 8, 5 ], "texture": "#barrel" },
				"up": { "uv": [ 0, 15, 1, 16 ], "texture": "#barrel" },
				"west": { "uv": [ 10, 10.5, 16, 10.5 ], "texture": "#barrel", "rotation": 270 },
				"east": { "uv": [ 5, 15, 6, 16 ], "texture": "#barrel" }
			}
		},
		{
			"__comment": "Element",
			"from": [ -16, 5.5, 7.5027 ],
			"to": [ -15.75, 6.25, 8.49726 ],
			"rotation": { "origin": [ -15.75, 8, 8 ], "axis": "x", "angle": 45 },
			"faces": {
				"down": { "uv": [ 7, 4, 8, 5 ], "texture": "#barrel" },
				"up": { "uv": [ 0, 15, 1, 16 ], "texture": "#barrel" },
				"west": { "uv": [ 10, 10.5, 16, 10.5 ], "texture": "#barrel", "rotation": 270 },
				"east": { "uv": [ 5, 15, 6, 16 ], "texture": "#barrel" }
			}
		},
		{
			"__comment": "Element",
			"from": [ -16, 7.5027, 5.5 ],
			"to": [ -15.75, 8.49726, 6.25 ],
			"rotation": { "origin": [ -15.75, 8, 8 ], "axis": "x", "angle": 22.5 },
			"faces": {
				"north": { "uv": [ 7, 4, 8, 5 ], "texture": "#barrel", "rotation": 180 },
				"south": { "uv": [ 0, 15, 1, 16 ], "texture": "#barrel" },
				"west": { "uv": [ 10, 10.5, 16, 10.5 ], "texture": "#barrel" },
				"east": { "uv": [ 5, 15, 6, 16 ], "texture": "#barrel", "rotation": 90 }
			}
		},
		{
			"__comment": "Element",
			"from": [ -16, 7.5027, 5.5 ],
			"to": [ -15.75, 8.49726, 6.25 ],
			"rotation": { "origin": [ -15.75, 8, 8 ], "axis": "x", "angle": -22.5 },
			"faces": {
				"north": { "uv": [ 7, 4, 8, 5 ], "texture": "#barrel", "rotation": 180 },
				"south": { "uv": [ 0, 15, 1, 16 ], "texture": "#barrel" },
				"west": { "uv": [ 10, 10.5, 16, 10.5 ], "texture": "#barrel" },
				"east": { "uv": [ 5, 15, 6, 16 ], "texture": "#barrel", "rotation": 90 }
			}
		},
		{
			"__comment": "Element",
			"from": [ -16, 7.5027, 5.5 ],
			"to": [ -15.75, 8.49726, 6.25 ],
			"faces": {
				"north": { "uv": [ 7, 4, 8, 5 ], "texture": "#barrel", "rotation": 180 },
				"south": { "uv": [ 0, 15, 1, 16 ], "texture": "#barrel" },
				"west": { "uv": [ 10, 10.5, 16, 10.5 ], "texture": "#barrel" },
				"east": { "uv": [ 5, 15, 6, 16 ], "texture": "#barrel", "rotation": 90 }
			}
		},
		{
			"__comment": "Element",
			"from": [ -16, 9.75, 7.5027 ],
			"to": [ -15.75, 10.5, 8.49726 ],
			"rotation": { "origin": [ -15.75, 8, 8 ], "axis": "x", "angle": 45 },
			"faces": {
				"down": { "uv": [ 0, 15, 1, 16 ], "texture": "#barrel" },
				"up": { "uv": [ 7, 4, 8, 5 ], "texture": "#barrel" },
				"west": { "uv": [ 10, 10.5, 16, 10.5 ], "texture": "#barrel", "rotation": 90 },
				"east": { "uv": [ 5, 15, 6, 16 ], "texture": "#barrel" }
			}
		},
		{
			"__comment": "Element",
			"from": [ -16, 9.75, 7.5027 ],
			"to": [ -15.75, 10.5, 8.49726 ],
			"rotation": { "origin": [ -15.75, 8, 8 ], "axis": "x", "angle": 22.5 },
			"faces": {
				"down": { "uv": [ 0, 15, 1, 16 ], "texture": "#barrel" },
				"up": { "uv": [ 7, 4, 8, 5 ], "texture": "#barrel" },
				"west": { "uv": [ 10, 10.5, 16, 10.5 ], "texture": "#barrel", "rotation": 90 },
				"east": { "uv": [ 5, 15, 6, 16 ], "texture": "#barrel" }
			}
		},
		{
			"__comment": "Element",
			"from": [ -16, 9.75, 7.5027 ],
			"to": [ -15.75, 10.5, 8.49726 ],
			"faces": {
				"down": { "uv": [ 0, 15, 1, 16 ], "texture": "#barrel" },
				"up": { "uv": [ 7, 4, 8, 5 ], "texture": "#barrel" },
				"west": { "uv": [ 10, 10.5, 16, 10.5 ], "texture": "#barrel", "rotation": 90 },
				"east": { "uv": [ 4, 15, 5, 16 ], "texture": "#barrel" }
			}
		},
		{
			"__comment": "Element",
			"from": [ -16, 9.75, 7.5027 ],
			"to": [ -15.75, 10.5, 8.49726 ],
			"rotation": { "origin": [ -15.75, 8, 8 ], "axis": "x", "angle": -45 },
			"faces": {
				"down": { "uv": [ 0, 15, 1, 16 ], "texture": "#barrel" },
				"up": { "uv": [ 7, 4, 8, 5 ], "texture": "#barrel" },
				"west": { "uv": [ 10, 10.5, 16, 10.5 ], "texture": "#barrel", "rotation": 90 },
				"east": { "uv": [ 5, 15, 6, 16 ], "texture": "#barrel" }
			}
		},
		{
			"__comment": "Element",
			"from": [ -16, 9.75, 7.5027 ],
			"to": [ -15.75, 10.5, 8.49726 ],
			"rotation": { "origin": [ -15.75, 8, 8 ], "axis": "x", "angle": -22.5 },
			"faces": {
				"down": { "uv": [ 0, 15, 1, 16 ], "texture": "#barrel" },
				"up": { "uv": [ 7, 4, 8, 5 ], "texture": "#barrel" },
				"west": { "uv": [ 10, 10.5, 16, 10.5 ], "texture": "#barrel", "rotation": 90 },
				"east": { "uv": [ 5, 15, 6, 16 ], "texture": "#barrel" }
			}
		},
		{
			"__comment": "Element",
			"from": [ -16, 7.5027, 9.75 ],
			"to": [ -15.75, 8.49726, 10.5 ],
			"rotation": { "origin": [ -15.75, 8, 8 ], "axis": "x", "angle": -22.5 },
			"faces": {
				"north": { "uv": [ 0, 15, 1, 16 ], "texture": "#barrel", "rotation": 180 },
				"south": { "uv": [ 7, 4, 8, 5 ], "texture": "#barrel" },
				"west": { "uv": [ 10, 10.5, 16, 10.5 ], "texture": "#barrel", "rotation": 180 },
				"east": { "uv": [ 5, 15, 6, 16 ], "texture": "#barrel", "rotation": 270 }
			}
		},
		{
			"__comment": "Element",
			"from": [ -16, 7.5027, 9.75 ],
			"to": [ -15.75, 8.49726, 10.5 ],
			"faces": {
				"north": { "uv": [ 0, 15, 1, 16 ], "texture": "#barrel", "rotation": 180 },
				"south": { "uv": [ 7, 4, 8, 5 ], "texture": "#barrel" },
				"west": { "uv": [ 10, 10.5, 16, 10.5 ], "texture": "#barrel", "rotation": 180 },
				"east": { "uv": [ 5, 15, 6, 16 ], "texture": "#barrel", "rotation": 90 }
			}
		},
		{
			"__comment": "Element",
			"from": [ -16, 7.5027, 9.75 ],
			"to": [ -15.75, 8.49726, 10.5 ],
			"rotation": { "origin": [ -15.75, 8, 8 ], "axis": "x", "angle": 22.5 },
			"faces": {
				"north": { "uv": [ 0, 15, 1, 16 ], "texture": "#barrel", "rotation": 180 },
				"south": { "uv": [ 7, 4, 8, 5 ], "texture": "#barrel" },
				"west": { "uv": [ 10, 10.5, 16, 10.5 ], "texture": "#barrel", "rotation": 180 },
				"east": { "uv": [ 5, 15, 6, 16 ], "texture": "#barrel", "rotation": 90 }
			}
		},
		{
			"__comment": "Element",
			"from": [ -9, 6.975, 7.5754 ],
			"to": [ -8.75, 9.025, 8.42454 ],
			"faces": {
				"down": { "uv": [ 7, 4, 8, 5 ], "texture": "#barrel" },
				"up": { "uv": [ 7, 4, 8, 5 ], "texture": "#barrel" },
				"west": { "uv": [ 5, 15, 6, 16 ], "texture": "#barrel" },
				"east": { "uv": [ 6, 15, 7, 16 ], "texture": "#barrel" }
			}
		},
		{
			"__comment": "Element",
			"from": [ -9, 6.975, 7.5754 ],
			"to": [ -8.75, 9.025, 8.42454 ],
			"rotation": { "origin": [ -8.875, 8, 8 ], "axis": "x", "angle": 45 },
			"faces": {
				"down": { "uv": [ 7, 4, 8, 5 ], "texture": "#barrel" },
				"up": { "uv": [ 7, 4, 8, 5 ], "texture": "#barrel" },
				"west": { "uv": [ 5, 15, 6, 16 ], "texture": "#barrel" },
				"east": { "uv": [ 6, 15, 7, 16 ], "texture": "#barrel" }
			}
		},
		{
			"__comment": "Element",
			"from": [ -9, 6.975, 7.5754 ],
			"to": [ -8.75, 9.025, 8.42454 ],
			"rotation": { "origin": [ -8.875, 8, 8 ], "axis": "x", "angle": -45 },
			"faces": {
				"down": { "uv": [ 7, 4, 8, 5 ], "texture": "#barrel" },
				"up": { "uv": [ 7, 4, 8, 5 ], "texture": "#barrel" },
				"west": { "uv": [ 5, 15, 6, 16 ], "texture": "#barrel" },
				"east": { "uv": [ 6, 15, 7, 16 ], "texture": "#barrel" }
			}
		},
		{
			"__comment": "Element",
			"from": [ -9, 7.5754, 6.975 ],
			"to": [ -8.75, 8.42454, 9.025 ],
			"faces": {
				"north": { "uv": [ 7, 4, 8, 5 ], "texture": "#barrel", "rotation": 180 },
				"south": { "uv": [ 7, 4, 8, 5 ], "texture": "#barrel" },
				"west": { "uv": [ 5, 15, 6, 16 ], "texture": "#barrel", "rotation": 270 },
				"east": { "uv": [ 6, 15, 7, 16 ], "texture": "#barrel", "rotation": 90 }
			}
		},
		{
			"__comment": "Element",
			"from": [ -4.5, 6.975, 7.5754 ],
			"to": [ -4.25, 9.025, 8.42454 ],
			"rotation": { "origin": [ -4.375, 8, 8 ], "axis": "x", "angle": 45 },
			"faces": {
				"down": { "uv": [ 7, 4, 8, 5 ], "texture": "#barrel" },
				"up": { "uv": [ 7, 4, 8, 5 ], "texture": "#barrel" },
				"west": { "uv": [ 5, 15, 6, 16 ], "texture": "#barrel" },
				"east": { "uv": [ 6, 15, 7, 16 ], "texture": "#barrel" }
			}
		},
		{
			"__comment": "Element",
			"from": [ -4.5, 6.975, 7.5754 ],
			"to": [ -4.25, 9.025, 8.42454 ],
			"faces": {
				"down": { "uv": [ 7, 4, 8, 5 ], "texture": "#barrel" },
				"up": { "uv": [ 7, 4, 8, 5 ], "texture": "#barrel" },
				"west": { "uv": [ 5, 15, 6, 16 ], "texture": "#barrel" },
				"east": { "uv": [ 6, 15, 7, 16 ], "texture": "#barrel" }
			}
		},
		{
			"__comment": "Element",
			"from": [ -4.5, 6.975, 7.5754 ],
			"to": [ -4.25, 9.025, 8.42454 ],
			"rotation": { "origin": [ -4.375, 8, 8 ], "axis": "x", "angle": -45 },
			"faces": {
				"down": { "uv": [ 7, 4, 8, 5 ], "texture": "#barrel" },
				"up": { "uv": [ 7, 4, 8, 5 ], "texture": "#barrel" },
				"west": { "uv": [ 5, 15, 6, 16 ], "texture": "#barrel" },
				"east": { "uv": [ 6, 15, 7, 16 ], "texture": "#barrel" }
			}
		},
		{
			"__comment": "Element",
			"from": [ -4.5, 7.5754, 6.975 ],
			"to": [ -4.25, 8.42454, 9.025 ],
			"faces": {
				"north": { "uv": [ 7, 4, 8, 5 ], "texture": "#barrel", "rotation": 180 },
				"south": { "uv": [ 7, 4, 8, 5 ], "texture": "#barrel" },
				"west": { "uv": [ 5, 15, 6, 16 ], "texture": "#barrel", "rotation": 270 },
				"east": { "uv": [ 6, 15, 7, 16 ], "texture": "#barrel", "rotation": 90 }
			}
		},
		{
			"__comment": "Element",
			"from": [ 3, 6.8, 7.7613 ],
			"to": [ 7.5, 9.199999, 8.238689 ],
			"rotation": { "origin": [ 5.25, 8, 8 ], "axis": "x", "angle": -22.5 },
			"faces": {
				"down": { "uv": [ 7, 4, 8, 5 ], "texture": "#barrel" },
				"up": { "uv": [ 5, 4, 6, 5 ], "texture": "#barrel" },
				"east": { "uv": [ 5, 15, 6, 16 ], "texture": "#barrel" }
			}
		},
		{
			"__comment": "Element",
			"from": [ 3, 6.8, 7.7613 ],
			"to": [ 7.5, 9.199999, 8.238689 ],
			"rotation": { "origin": [ 5.25, 8, 8 ], "axis": "x", "angle": -45 },
			"faces": {
				"down": { "uv": [ 7, 4, 8, 5 ], "texture": "#barrel" },
				"up": { "uv": [ 7, 4, 8, 5 ], "texture": "#barrel" },
				"east": { "uv": [ 5, 15, 6, 16 ], "texture": "#barrel" }
			}
		},
		{
			"__comment": "Element",
			"from": [ 6.5, 9.2, 7.7613 ],
			"to": [ 6.7, 9.4, 8.238689 ],
			"rotation": { "origin": [ 5.25, 8, 8 ], "axis": "x", "angle": -45 },
			"faces": {
				"up": { "uv": [ 7, 4, 8, 5 ], "texture": "#barrel" },
				"north": { "uv": [ 12, 0, 16, 1 ], "texture": "#barrel", "rotation": 270 },
				"south": { "uv": [ 0, 0, 1, 1 ], "texture": "#barrel" },
				"west": { "uv": [ 12, 0, 16, 1 ], "texture": "#barrel", "rotation": 270 },
				"east": { "uv": [ 5, 15, 6, 16 ], "texture": "#barrel" }
			}
		},
		{
			"__comment": "Element",
			"from": [ 6.499, 8.8192, 6.8421 ],
			"to": [ 6.701, 9.2192, 7.419489 ],
			"faces": {
				"up": { "uv": [ 7, 4, 8, 5 ], "texture": "#barrel" },
				"north": { "uv": [ 12, 0, 16, 1 ], "texture": "#barrel", "rotation": 90 },
				"south": { "uv": [ 0, 0, 1, 1 ], "texture": "#barrel" },
				"west": { "uv": [ 12, 0, 16, 1 ], "texture": "#barrel", "rotation": 270 },
				"east": { "uv": [ 5, 15, 6, 16 ], "texture": "#barrel" }
			}
		},
		{
			"__comment": "Element",
			"from": [ 4.899, 9.1192, 6.8421 ],
			"to": [ 6.500999, 9.2192, 7.419489 ],
			"faces": {
				"down": { "uv": [ 0, 13, 1, 14 ], "texture": "#barrel" },
				"up": { "uv": [ 7, 4, 8, 5 ], "texture": "#barrel" },
				"north": { "uv": [ 12, 0, 16, 1 ], "texture": "#barrel", "rotation": 90 },
				"south": { "uv": [ 0, 0, 1, 1 ], "texture": "#barrel" },
				"west": { "uv": [ 12, 0, 16, 1 ], "texture": "#barrel", "rotation": 270 },
				"east": { "uv": [ 5, 15, 6, 16 ], "texture": "#barrel" }
			}
		},
		{
			"__comment": "Element",
			"from": [ 14.549, 8.9, 6.8921 ],
			"to": [ 16.701, 9, 7.36949 ],
			"faces": {
				"down": { "uv": [ 0, 13, 1, 14 ], "texture": "#barrel" },
				"up": { "uv": [ 7, 4, 8, 5 ], "texture": "#barrel" },
				"west": { "uv": [ 12, 0, 16, 1 ], "texture": "#barrel", "rotation": 270 },
				"east": { "uv": [ 5, 15, 6, 16 ], "texture": "#barrel" }
			}
		},
		{
			"__comment": "Element",
			"from": [ 4.699, 8.8192, 6.8421 ],
			"to": [ 4.901, 9.2192, 7.419489 ],
			"faces": {
				"up": { "uv": [ 7, 4, 8, 5 ], "texture": "#barrel" },
				"north": { "uv": [ 12, 0, 16, 1 ], "texture": "#barrel", "rotation": 90 },
				"south": { "uv": [ 0, 0, 1, 1 ], "texture": "#barrel" },
				"west": { "uv": [ 12, 0, 16, 1 ], "texture": "#barrel", "rotation": 270 },
				"east": { "uv": [ 5, 15, 6, 16 ], "texture": "#barrel" }
			}
		},
		{
			"__comment": "Element",
			"from": [ 4.7, 9.2, 7.7613 ],
			"to": [ 4.9, 9.4, 8.238689 ],
			"rotation": { "origin": [ 5.25, 8, 8 ], "axis": "x", "angle": -45 },
			"faces": {
				"up": { "uv": [ 7, 4, 8, 5 ], "texture": "#barrel" },
				"north": { "uv": [ 12, 0, 16, 1 ], "texture": "#barrel", "rotation": 270 },
				"south": { "uv": [ 0, 0, 1, 1 ], "texture": "#barrel" },
				"west": { "uv": [ 12, 0, 16, 1 ], "texture": "#barrel", "rotation": 270 },
				"east": { "uv": [ 5, 15, 6, 16 ], "texture": "#barrel" }
			}
		},
		{
			"__comment": "Element",
			"from": [ 3, 6.8, 7.7613 ],
			"to": [ 7.5, 9.199999, 8.238689 ],
			"rotation": { "origin": [ 5.25, 8, 8 ], "axis": "x", "angle": 22.5 },
			"faces": {
				"down": { "uv": [ 7, 4, 8, 5 ], "texture": "#barrel" },
				"up": { "uv": [ 6, 3, 7, 4 ], "texture": "#barrel" },
				"east": { "uv": [ 5, 15, 6, 16 ], "texture": "#barrel" }
			}
		},
		{
			"__comment": "Element",
			"from": [ 3, 6.8, 7.7613 ],
			"to": [ 7.5, 9.199999, 8.238689 ],
			"rotation": { "origin": [ 5.25, 8, 8 ], "axis": "x", "angle": 45 },
			"faces": {
				"down": { "uv": [ 7, 4, 8, 5 ], "texture": "#barrel" },
				"up": { "uv": [ 7, 4, 8, 5 ], "texture": "#barrel" },
				"east": { "uv": [ 5, 15, 6, 16 ], "texture": "#barrel" }
			}
		},
		{
			"__comment": "Element",
			"from": [ 3, 7.7613, 6.8 ],
			"to": [ 7.5, 8.238689, 9.199999 ],
			"rotation": { "origin": [ 5.25, 8, 8 ], "axis": "x", "angle": -22.5 },
			"faces": {
				"north": { "uv": [ 7, 4, 8, 5 ], "texture": "#barrel", "rotation": 180 },
				"south": { "uv": [ 7, 4, 8, 5 ], "texture": "#barrel" },
				"east": { "uv": [ 5, 15, 6, 16 ], "texture": "#barrel", "rotation": 270 }
			}
		},
		{
			"__comment": "Element",
			"from": [ 3, 7.7613, 6.8 ],
			"to": [ 7.5, 8.238689, 9.199999 ],
			"faces": {
				"north": { "uv": [ 7, 4, 8, 5 ], "texture": "#barrel", "rotation": 180 },
				"south": { "uv": [ 7, 4, 8, 5 ], "texture": "#barrel" },
				"east": { "uv": [ 5, 15, 6, 16 ], "texture": "#barrel", "rotation": 270 }
			}
		},
		{
			"__comment": "Element",
			"from": [ 3, 7.7613, 6.8 ],
			"to": [ 7.5, 8.238689, 9.199999 ],
			"rotation": { "origin": [ 5.25, 8, 8 ], "axis": "x", "angle": 22.5 },
			"faces": {
				"north": { "uv": [ 7, 4, 8, 5 ], "texture": "#barrel", "rotation": 180 },
				"south": { "uv": [ 7, 4, 8, 5 ], "texture": "#barrel" },
				"east": { "uv": [ 5, 15, 6, 16 ], "texture": "#barrel", "rotation": 90 }
			}
		},
		{
			"__comment": "Element",
			"from": [ 7.5, 7, 7.8011 ],
			"to": [ 17, 9, 8.1989 ],
			"rotation": { "origin": [ 12.5, 8, 8 ], "axis": "x", "angle": 22.5 },
			"faces": {
				"down": { "uv": [ 7, 4, 8, 5 ], "texture": "#barrel" },
				"up": { "uv": [ 6, 3, 7, 4 ], "texture": "#barrel" },
				"east": { "uv": [ 5, 15, 6, 16 ], "texture": "#barrel" }
			}
		},
		{
			"__comment": "Element",
			"from": [ 7.5, 7, 7.8011 ],
			"to": [ 17, 9, 8.1989 ],
			"rotation": { "origin": [ 12.5, 8, 8 ], "axis": "x", "angle": -22.5 },
			"faces": {
				"down": { "uv": [ 7, 4, 8, 5 ], "texture": "#barrel" },
				"up": { "uv": [ 5, 4, 6, 5 ], "texture": "#barrel" },
				"east": { "uv": [ 5, 15, 6, 16 ], "texture": "#barrel" }
			}
		},
		{
			"__comment": "Element",
			"from": [ 7.5, 7, 7.8011 ],
			"to": [ 17, 9, 8.1989 ],
			"rotation": { "origin": [ 12.5, 8, 8 ], "axis": "x", "angle": -45 },
			"faces": {
				"down": { "uv": [ 7, 4, 8, 5 ], "texture": "#barrel" },
				"up": { "uv": [ 7, 4, 8, 5 ], "texture": "#barrel" },
				"east": { "uv": [ 5, 15, 6, 16 ], "texture": "#barrel" }
			}
		},
		{
			"__comment": "Element",
			"from": [ 7.5, 7.8011, 7 ],
			"to": [ 17, 8.1989, 9 ],
			"rotation": { "origin": [ 12.5, 8, 8 ], "axis": "x", "angle": 22.5 },
			"faces": {
				"north": { "uv": [ 7, 4, 8, 5 ], "texture": "#barrel", "rotation": 180 },
				"south": { "uv": [ 7, 4, 8, 5 ], "texture": "#barrel" },
				"east": { "uv": [ 5, 15, 6, 16 ], "texture": "#barrel", "rotation": 90 }
			}
		},
		{
			"__comment": "Element",
			"from": [ 7.5, 7.8011, 7 ],
			"to": [ 17, 8.1989, 9 ],
			"faces": {
				"north": { "uv": [ 7, 4, 8, 5 ], "texture": "#5", "rotation": 180 },
				"south": { "uv": [ 7, 4, 8, 5 ], "texture": "#5" },
				"east": { "uv": [ 5, 15, 6, 16 ], "texture": "#5", "rotation": 90 }
			}
		},
		{
			"__comment": "Element",
			"from": [ 16.05, 8.201099, 7 ],
			"to": [ 16.3, 8.948899, 7.35 ],
			"faces": {
				"north": { "uv": [ 1, 3, 5, 4 ], "texture": "#barrel", "rotation": 90 },
				"south": { "uv": [ 7, 4, 8, 5 ], "texture": "#barrel" },
				"west": { "uv": [ 0, 0, 5, 1 ], "texture": "#barrel" },
				"east": { "uv": [ 5, 15, 6, 16 ], "texture": "#barrel", "rotation": 90 }
			}
		},
		{
			"__comment": "Element",
			"from": [ 15, 8.201099, 7 ],
			"to": [ 15.25, 8.948899, 7.35 ],
			"faces": {
				"north": { "uv": [ 1, 3, 5, 4 ], "texture": "#barrel", "rotation": 90 },
				"south": { "uv": [ 7, 4, 8, 5 ], "texture": "#barrel" },
				"west": { "uv": [ 0, 0, 5, 1 ], "texture": "#barrel" },
				"east": { "uv": [ 5, 15, 6, 16 ], "texture": "#barrel", "rotation": 90 }
			}
		},
		{
			"__comment": "Element",
			"from": [ 15, 7.7511, 8.95 ],
			"to": [ 15.3, 8.248899, 9.3 ],
			"faces": {
				"down": { "uv": [ 0, 13, 1, 14 ], "texture": "#barrel" },
				"up": { "uv": [ 0, 0, 2, 2 ], "texture": "#barrel" },
				"north": { "uv": [ 8, 4, 7, 5 ], "texture": "#barrel" },
				"south": { "uv": [ 7, 3, 4, 4 ], "texture": "#barrel", "rotation": 180 },
				"west": { "uv": [ 12, 4, 7, 5 ], "texture": "#barrel" },
				"east": { "uv": [ 5, 5, 12, 4 ], "texture": "#barrel" }
			}
		},
		{
			"__comment": "Element",
			"from": [ -9.599999, 7.7511, 8.849999 ],
			"to": [ -9.299999, 8.248899, 9.199999 ],
			"faces": {
				"down": { "uv": [ 0, 13, 1, 14 ], "texture": "#barrel" },
				"up": { "uv": [ 0, 0, 2, 2 ], "texture": "#barrel" },
				"north": { "uv": [ 8, 4, 7, 5 ], "texture": "#barrel" },
				"south": { "uv": [ 7, 3, 4, 4 ], "texture": "#barrel", "rotation": 180 },
				"west": { "uv": [ 12, 4, 7, 5 ], "texture": "#barrel" },
				"east": { "uv": [ 5, 5, 12, 4 ], "texture": "#barrel" }
			}
		},
		{
			"__comment": "Element",
			"from": [ 14.6005, 7.2, 9.0995 ],
			"to": [ 14.79942, 7.3, 9.1995 ],
			"faces": {
				"down": { "uv": [ 7, 2, 8, 7 ], "texture": "#altbarrel", "rotation": 180 },
				"up": { "uv": [ 7, 2, 8, 7 ], "texture": "#altbarrel" },
				"north": { "uv": [ 9, 13, 10, 10 ], "texture": "#altbarrel", "rotation": 180 },
				"south": { "uv": [ 10, 10, 9, 13 ], "texture": "#altbarrel" }
			}
		},
		{
			"__comment": "Element",
			"from": [ -9.6995, 7.3, 8.999499 ],
			"to": [ -9.50058, 7.4, 9.099499 ],
			"faces": {
				"down": { "uv": [ 7, 2, 8, 7 ], "texture": "#altgrey", "rotation": 180 },
				"up": { "uv": [ 7, 2, 8, 7 ], "texture": "#altgrey" },
				"north": { "uv": [ 9, 13, 10, 10 ], "texture": "#altgrey", "rotation": 180 },
				"south": { "uv": [ 10, 10, 9, 13 ], "texture": "#altgrey" }
			}
		},
		{
			"__comment": "Element",
			"from": [ 14.6005, 8.7, 9.0995 ],
			"to": [ 14.79942, 8.8, 9.1995 ],
			"faces": {
				"down": { "uv": [ 7, 2, 8, 7 ], "texture": "#altbarrel", "rotation": 180 },
				"up": { "uv": [ 7, 2, 8, 7 ], "texture": "#altbarrel" },
				"north": { "uv": [ 9, 13, 10, 10 ], "texture": "#altbarrel", "rotation": 180 },
				"south": { "uv": [ 10, 10, 9, 13 ], "texture": "#altbarrel" }
			}
		},
		{
			"__comment": "Element",
			"from": [ -9.6995, 8.4, 8.999499 ],
			"to": [ -9.50058, 8.5, 9.099499 ],
			"faces": {
				"down": { "uv": [ 7, 2, 8, 7 ], "texture": "#altgrey", "rotation": 180 },
				"up": { "uv": [ 7, 2, 8, 7 ], "texture": "#altgrey" },
				"north": { "uv": [ 9, 13, 10, 10 ], "texture": "#altgrey", "rotation": 180 },
				"south": { "uv": [ 10, 10, 9, 13 ], "texture": "#altgrey" }
			}
		},
		{
			"__comment": "Element",
			"from": [ 14.2, 7.6005, 9.0995 ],
			"to": [ 14.3, 8.39942, 9.1995 ],
			"faces": {
				"north": { "uv": [ 9, 13, 10, 10 ], "texture": "#altbarrel", "rotation": 270 },
				"south": { "uv": [ 10, 10, 9, 13 ], "texture": "#altbarrel", "rotation": 270 },
				"west": { "uv": [ 7, 2, 8, 7 ], "texture": "#altbarrel", "rotation": 270 },
				"east": { "uv": [ 7, 2, 8, 7 ], "texture": "#altbarrel", "rotation": 90 }
			}
		},
		{
			"__comment": "Element",
			"from": [ -9.5, 7.3005, 8.999499 ],
			"to": [ -9.4, 8.49942, 9.099499 ],
			"faces": {
				"down": { "uv": [ 0, 0, 1, 1 ], "texture": "#altgrey", "rotation": 270 },
				"up": { "uv": [ 0, 0, 1, 1 ], "texture": "#altgrey", "rotation": 90 },
				"north": { "uv": [ 9, 13, 10, 10 ], "texture": "#altgrey", "rotation": 270 },
				"south": { "uv": [ 10, 10, 9, 13 ], "texture": "#altgrey", "rotation": 270 },
				"west": { "uv": [ 7, 2, 8, 7 ], "texture": "#altgrey", "rotation": 270 },
				"east": { "uv": [ 7, 2, 8, 7 ], "texture": "#altgrey", "rotation": 90 }
			}
		},
		{
			"__comment": "Element",
			"from": [ -10.1, 7.7005, 8.999499 ],
			"to": [ -9.999999, 8.09942, 9.099499 ],
			"faces": {
				"north": { "uv": [ 9, 13, 10, 10 ], "texture": "#altgrey", "rotation": 270 },
				"south": { "uv": [ 10, 10, 9, 13 ], "texture": "#altgrey", "rotation": 270 },
				"west": { "uv": [ 7, 2, 8, 7 ], "texture": "#altgrey", "rotation": 270 },
				"east": { "uv": [ 7, 2, 8, 7 ], "texture": "#altgrey", "rotation": 90 }
			}
		},
		{
			"__comment": "Element",
			"from": [ 15.1, 7.6005, 9.0995 ],
			"to": [ 15.2, 8.39942, 9.1995 ],
			"faces": {
				"north": { "uv": [ 9, 13, 10, 10 ], "texture": "#altbarrel", "rotation": 90 },
				"south": { "uv": [ 10, 10, 9, 13 ], "texture": "#altbarrel", "rotation": 90 },
				"west": { "uv": [ 7, 2, 8, 7 ], "texture": "#altbarrel", "rotation": 270 },
				"east": { "uv": [ 7, 2, 8, 7 ], "texture": "#altbarrel", "rotation": 90 }
			}
		},
		{
			"__comment": "Element",
			"from": [ 14.2, 7.6005, 9.0995 ],
			"to": [ 14.3, 7.799419, 9.1995 ],
			"rotation": { "origin": [ 14.7, 7.7, 9.14946 ], "axis": "z", "angle": 22.5 },
			"faces": {
				"north": { "uv": [ 9, 13, 10, 10 ], "texture": "#altbarrel", "rotation": 90 },
				"south": { "uv": [ 10, 10, 9, 13 ], "texture": "#altbarrel", "rotation": 90 },
				"west": { "uv": [ 7, 2, 8, 7 ], "texture": "#altbarrel", "rotation": 270 },
				"east": { "uv": [ 7, 2, 8, 7 ], "texture": "#altbarrel", "rotation": 90 }
			}
		},
		{
			"__comment": "Element",
			"from": [ -10.1, 7.7005, 8.999499 ],
			"to": [ -9.999999, 7.89942, 9.099499 ],
			"rotation": { "origin": [ -9.6, 7.8, 9.04946 ], "axis": "z", "angle": 22.5 },
			"faces": {
				"north": { "uv": [ 9, 13, 10, 10 ], "texture": "#altgrey", "rotation": 90 },
				"south": { "uv": [ 10, 10, 9, 13 ], "texture": "#altgrey", "rotation": 90 },
				"west": { "uv": [ 7, 2, 8, 7 ], "texture": "#altgrey", "rotation": 270 },
				"east": { "uv": [ 7, 2, 8, 7 ], "texture": "#altgrey", "rotation": 90 }
			}
		},
		{
			"__comment": "Element",
			"from": [ 15.1, 8.2005, 9.0995 ],
			"to": [ 15.2, 8.39942, 9.1995 ],
			"rotation": { "origin": [ 14.7, 8.3, 9.14946 ], "axis": "z", "angle": 22.5 },
			"faces": {
				"north": { "uv": [ 9, 13, 10, 10 ], "texture": "#altbarrel", "rotation": 90 },
				"south": { "uv": [ 10, 10, 9, 13 ], "texture": "#altbarrel", "rotation": 90 },
				"west": { "uv": [ 7, 2, 8, 7 ], "texture": "#altbarrel", "rotation": 270 },
				"east": { "uv": [ 7, 2, 8, 7 ], "texture": "#altbarrel", "rotation": 90 }
			}
		},
		{
			"__comment": "Element",
			"from": [ 15.1, 7.6005, 9.0995 ],
			"to": [ 15.2, 7.799419, 9.1995 ],
			"rotation": { "origin": [ 14.7, 7.7, 9.14946 ], "axis": "z", "angle": -22.5 },
			"faces": {
				"north": { "uv": [ 9, 13, 10, 10 ], "texture": "#altbarrel", "rotation": 270 },
				"south": { "uv": [ 10, 10, 9, 13 ], "texture": "#altbarrel", "rotation": 270 },
				"west": { "uv": [ 7, 2, 8, 7 ], "texture": "#altbarrel", "rotation": 270 },
				"east": { "uv": [ 7, 2, 8, 7 ], "texture": "#altbarrel", "rotation": 90 }
			}
		},
		{
			"__comment": "Element",
			"from": [ 14.2, 8.2005, 9.0995 ],
			"to": [ 14.3, 8.39942, 9.1995 ],
			"rotation": { "origin": [ 14.7, 8.3, 9.14946 ], "axis": "z", "angle": -22.5 },
			"faces": {
				"north": { "uv": [ 9, 13, 10, 10 ], "texture": "#altbarrel", "rotation": 270 },
				"south": { "uv": [ 10, 10, 9, 13 ], "texture": "#altbarrel", "rotation": 270 },
				"west": { "uv": [ 7, 2, 8, 7 ], "texture": "#altbarrel", "rotation": 270 },
				"east": { "uv": [ 7, 2, 8, 7 ], "texture": "#altbarrel", "rotation": 90 }
			}
		},
		{
			"__comment": "Element",
			"from": [ -10.1, 7.9005, 8.999499 ],
			"to": [ -9.999999, 8.09942, 9.099499 ],
			"rotation": { "origin": [ -9.6, 8, 9.04946 ], "axis": "z", "angle": -22.5 },
			"faces": {
				"north": { "uv": [ 9, 13, 10, 10 ], "texture": "#altgrey", "rotation": 270 },
				"south": { "uv": [ 10, 10, 9, 13 ], "texture": "#altgrey", "rotation": 270 },
				"west": { "uv": [ 7, 2, 8, 7 ], "texture": "#altgrey", "rotation": 270 },
				"east": { "uv": [ 7, 2, 8, 7 ], "texture": "#altgrey", "rotation": 90 }
			}
		},
		{
			"__comment": "Element",
			"from": [ 14.6005, 7.2, 9.0995 ],
			"to": [ 14.79942, 7.3, 9.1995 ],
			"rotation": { "origin": [ 14.7, 7.7, 9.14946 ], "axis": "z", "angle": 45 },
			"faces": {
				"down": { "uv": [ 7, 2, 8, 7 ], "texture": "#altbarrel", "rotation": 180 },
				"up": { "uv": [ 7, 2, 8, 7 ], "texture": "#altbarrel" },
				"north": { "uv": [ 9, 13, 10, 10 ], "texture": "#altbarrel", "rotation": 180 },
				"south": { "uv": [ 10, 10, 9, 13 ], "texture": "#altbarrel" }
			}
		},
		{
			"__comment": "Element",
			"from": [ 14.6005, 8.7, 9.0995 ],
			"to": [ 14.79942, 8.8, 9.1995 ],
			"rotation": { "origin": [ 14.7, 8.3, 9.14946 ], "axis": "z", "angle": 45 },
			"faces": {
				"down": { "uv": [ 7, 2, 8, 7 ], "texture": "#altbarrel", "rotation": 180 },
				"up": { "uv": [ 7, 2, 8, 7 ], "texture": "#altbarrel" },
				"north": { "uv": [ 9, 13, 10, 10 ], "texture": "#altbarrel", "rotation": 180 },
				"south": { "uv": [ 10, 10, 9, 13 ], "texture": "#altbarrel" }
			}
		},
		{
			"__comment": "Element",
			"from": [ -9.6995, 8.4, 8.999499 ],
			"to": [ -9.50058, 8.5, 9.099499 ],
			"rotation": { "origin": [ -9.6, 8, 9.04946 ], "axis": "z", "angle": 45 },
			"faces": {
				"down": { "uv": [ 7, 2, 8, 7 ], "texture": "#altgrey", "rotation": 180 },
				"up": { "uv": [ 7, 2, 8, 7 ], "texture": "#altgrey" },
				"north": { "uv": [ 9, 13, 10, 10 ], "texture": "#altgrey", "rotation": 180 },
				"south": { "uv": [ 10, 10, 9, 13 ], "texture": "#altgrey" }
			}
		},
		{
			"__comment": "Element",
			"from": [ 14.6005, 7.2, 9.0995 ],
			"to": [ 14.79942, 7.3, 9.1995 ],
			"rotation": { "origin": [ 14.7, 7.7, 9.14946 ], "axis": "z", "angle": 22.5 },
			"faces": {
				"down": { "uv": [ 7, 2, 8, 7 ], "texture": "#altbarrel", "rotation": 180 },
				"up": { "uv": [ 7, 2, 8, 7 ], "texture": "#altbarrel" },
				"north": { "uv": [ 9, 13, 10, 10 ], "texture": "#altbarrel", "rotation": 180 },
				"south": { "uv": [ 10, 10, 9, 13 ], "texture": "#altbarrel" }
			}
		},
		{
			"__comment": "Element",
			"from": [ 14.6005, 8.7, 9.0995 ],
			"to": [ 14.79942, 8.8, 9.1995 ],
			"rotation": { "origin": [ 14.7, 8.3, 9.14946 ], "axis": "z", "angle": 22.5 },
			"faces": {
				"down": { "uv": [ 7, 2, 8, 7 ], "texture": "#altbarrel", "rotation": 180 },
				"up": { "uv": [ 7, 2, 8, 7 ], "texture": "#altbarrel" },
				"north": { "uv": [ 9, 13, 10, 10 ], "texture": "#altbarrel", "rotation": 180 },
				"south": { "uv": [ 10, 10, 9, 13 ], "texture": "#altbarrel" }
			}
		},
		{
			"__comment": "Element",
			"from": [ -9.6995, 8.4, 8.999499 ],
			"to": [ -9.50058, 8.5, 9.099499 ],
			"rotation": { "origin": [ -9.6, 8, 9.04946 ], "axis": "z", "angle": 22.5 },
			"faces": {
				"down": { "uv": [ 7, 2, 8, 7 ], "texture": "#altgrey", "rotation": 180 },
				"up": { "uv": [ 7, 2, 8, 7 ], "texture": "#altgrey" },
				"north": { "uv": [ 9, 13, 10, 10 ], "texture": "#altgrey", "rotation": 180 },
				"south": { "uv": [ 10, 10, 9, 13 ], "texture": "#altgrey" }
			}
		},
		{
			"__comment": "Element",
			"from": [ 14.6005, 7.2, 9.0995 ],
			"to": [ 14.79942, 7.3, 9.1995 ],
			"rotation": { "origin": [ 14.7, 7.7, 9.14946 ], "axis": "z", "angle": -45 },
			"faces": {
				"down": { "uv": [ 7, 2, 8, 7 ], "texture": "#altbarrel", "rotation": 180 },
				"up": { "uv": [ 7, 2, 8, 7 ], "texture": "#altbarrel" },
				"north": { "uv": [ 9, 13, 10, 10 ], "texture": "#altbarrel", "rotation": 180 },
				"south": { "uv": [ 10, 10, 9, 13 ], "texture": "#altbarrel" }
			}
		},
		{
			"__comment": "Element",
			"from": [ -9.6995, 7.3, 8.999499 ],
			"to": [ -9.50058, 7.4, 9.099499 ],
			"rotation": { "origin": [ -9.6, 7.8, 9.04946 ], "axis": "z", "angle": -45 },
			"faces": {
				"down": { "uv": [ 7, 2, 8, 7 ], "texture": "#altgrey", "rotation": 180 },
				"up": { "uv": [ 7, 2, 8, 7 ], "texture": "#altgrey" },
				"north": { "uv": [ 9, 13, 10, 10 ], "texture": "#altgrey", "rotation": 180 },
				"south": { "uv": [ 10, 10, 9, 13 ], "texture": "#altgrey" }
			}
		},
		{
			"__comment": "Element",
			"from": [ 14.6005, 8.7, 9.0995 ],
			"to": [ 14.79942, 8.8, 9.1995 ],
			"rotation": { "origin": [ 14.7, 8.3, 9.14946 ], "axis": "z", "angle": -45 },
			"faces": {
				"down": { "uv": [ 7, 2, 8, 7 ], "texture": "#altbarrel", "rotation": 180 },
				"up": { "uv": [ 7, 2, 8, 7 ], "texture": "#altbarrel" },
				"north": { "uv": [ 9, 13, 10, 10 ], "texture": "#altbarrel", "rotation": 180 },
				"south": { "uv": [ 10, 10, 9, 13 ], "texture": "#altbarrel" }
			}
		},
		{
			"__comment": "Element",
			"from": [ 14.6005, 7.2, 9.0995 ],
			"to": [ 14.79942, 7.3, 9.1995 ],
			"rotation": { "origin": [ 14.7, 7.7, 9.14946 ], "axis": "z", "angle": -22.5 },
			"faces": {
				"down": { "uv": [ 7, 2, 8, 7 ], "texture": "#altbarrel", "rotation": 180 },
				"up": { "uv": [ 7, 2, 8, 7 ], "texture": "#altbarrel" },
				"north": { "uv": [ 9, 13, 10, 10 ], "texture": "#altbarrel", "rotation": 180 },
				"south": { "uv": [ 10, 10, 9, 13 ], "texture": "#altbarrel" }
			}
		},
		{
			"__comment": "Element",
			"from": [ -9.6995, 7.3, 8.999499 ],
			"to": [ -9.50058, 7.4, 9.099499 ],
			"rotation": { "origin": [ -9.6, 7.8, 9.04946 ], "axis": "z", "angle": -22.5 },
			"faces": {
				"down": { "uv": [ 7, 2, 8, 7 ], "texture": "#altgrey", "rotation": 180 },
				"up": { "uv": [ 7, 2, 8, 7 ], "texture": "#altgrey" },
				"north": { "uv": [ 9, 13, 10, 10 ], "texture": "#altgrey", "rotation": 180 },
				"south": { "uv": [ 10, 10, 9, 13 ], "texture": "#altgrey" }
			}
		},
		{
			"__comment": "Element",
			"from": [ 14.6005, 8.7, 9.0995 ],
			"to": [ 14.79942, 8.8, 9.1995 ],
			"rotation": { "origin": [ 14.7, 8.3, 9.14946 ], "axis": "z", "angle": -22.5 },
			"faces": {
				"down": { "uv": [ 7, 2, 8, 7 ], "texture": "#altbarrel", "rotation": 180 },
				"up": { "uv": [ 7, 2, 8, 7 ], "texture": "#altbarrel" },
				"north": { "uv": [ 9, 13, 10, 10 ], "texture": "#altbarrel", "rotation": 180 },
				"south": { "uv": [ 10, 10, 9, 13 ], "texture": "#altbarrel" }
			}
		},
		{
			"__comment": "Element",
			"from": [ 16.4, 9.099999, 6.9 ],
			"to": [ 16.65, 11.05, 7.4 ],
			"faces": {
				"down": { "uv": [ 0, 13, 1, 14 ], "texture": "#barrel" },
				"up": { "uv": [ 3, 3, 8, 4 ], "texture": "#barrel", "rotation": 90 },
				"north": { "uv": [ 7, 12, 14, 13 ], "texture": "#barrel", "rotation": 180 },
				"south": { "uv": [ 7, 12, 14, 13 ], "texture": "#barrel" },
				"west": { "uv": [ 0, 6, 9, 7 ], "texture": "#barrel" },
				"east": { "uv": [ 0, 6, 9, 7 ], "texture": "#barrel", "rotation": 180 }
			}
		},
		{
			"__comment": "Element",
			"from": [ 4.75, 9.3, 6.85 ],
			"to": [ 5.1, 10.75, 7.45 ],
			"faces": {
				"down": { "uv": [ 0, 13, 1, 14 ], "texture": "#barrel" },
				"up": { "uv": [ 3, 3, 8, 4 ], "texture": "#barrel", "rotation": 90 },
				"north": { "uv": [ 7, 12, 14, 13 ], "texture": "#barrel", "rotation": 180 },
				"south": { "uv": [ 7, 12, 14, 13 ], "texture": "#barrel" },
				"west": { "uv": [ 0, 6, 9, 7 ], "texture": "#barrel" },
				"east": { "uv": [ 0, 6, 9, 7 ], "texture": "#barrel", "rotation": 180 }
			}
		},
		{
			"__comment": "Element",
			"from": [ 16.4, 11.05, 7.35 ],
			"to": [ 16.65, 11.55, 7.4 ],
			"faces": {
				"down": { "uv": [ 0, 13, 1, 14 ], "texture": "#barrel" },
				"up": { "uv": [ 5, 3, 6, 4 ], "texture": "#barrel", "rotation": 90 },
				"north": { "uv": [ 1, 5, 2, 10 ], "texture": "#barrel", "rotation": 180 },
				"south": { "uv": [ 7, 12, 14, 13 ], "texture": "#barrel" },
				"west": { "uv": [ 0, 6, 1, 7 ], "texture": "#barrel" },
				"east": { "uv": [ 0, 6, 1, 7 ], "texture": "#barrel", "rotation": 180 }
			}
		},
		{
			"__comment": "Element",
			"from": [ 4.8, 9.95, 7.3 ],
			"to": [ 5.05, 11.55, 7.4 ],
			"faces": {
				"down": { "uv": [ 0, 13, 1, 14 ], "texture": "#barrel" },
				"up": { "uv": [ 5, 3, 6, 4 ], "texture": "#barrel", "rotation": 90 },
				"north": { "uv": [ 1, 5, 2, 10 ], "texture": "#barrel", "rotation": 180 },
				"south": { "uv": [ 7, 12, 14, 13 ], "texture": "#barrel" },
				"west": { "uv": [ 0, 6, 1, 7 ], "texture": "#barrel" },
				"east": { "uv": [ 0, 6, 1, 7 ], "texture": "#barrel", "rotation": 180 }
			}
		},
		{
			"__comment": "Element",
			"from": [ 16.4, 11.05, 6.9 ],
			"to": [ 16.65, 11.55, 6.949999 ],
			"faces": {
				"down": { "uv": [ 0, 13, 1, 14 ], "texture": "#barrel" },
				"up": { "uv": [ 5, 3, 6, 4 ], "texture": "#barrel", "rotation": 90 },
				"north": { "uv": [ 7, 12, 14, 13 ], "texture": "#barrel", "rotation": 180 },
				"south": { "uv": [ 1, 5, 2, 10 ], "texture": "#barrel", "rotation": 180 },
				"west": { "uv": [ 0, 6, 1, 7 ], "texture": "#barrel" },
				"east": { "uv": [ 0, 6, 1, 7 ], "texture": "#barrel", "rotation": 180 }
			}
		},
		{
			"__comment": "Element",
			"from": [ 4.8, 9.95, 6.9 ],
			"to": [ 5.05, 11.55, 7 ],
			"faces": {
				"down": { "uv": [ 0, 13, 1, 14 ], "texture": "#barrel" },
				"up": { "uv": [ 5, 3, 6, 4 ], "texture": "#barrel", "rotation": 90 },
				"north": { "uv": [ 7, 12, 14, 13 ], "texture": "#barrel", "rotation": 180 },
				"south": { "uv": [ 1, 5, 2, 10 ], "texture": "#barrel", "rotation": 180 },
				"west": { "uv": [ 0, 6, 1, 7 ], "texture": "#barrel" },
				"east": { "uv": [ 0, 6, 1, 7 ], "texture": "#barrel", "rotation": 180 }
			}
		},
		{
			"__comment": "Element",
			"from": [ 16.4, 11.525, 6.95 ],
			"to": [ 16.65, 11.5728, 7.35 ],
			"faces": {
				"down": { "uv": [ 0, 13, 1, 14 ], "texture": "#barrel" },
				"up": { "uv": [ 5, 3, 6, 4 ], "texture": "#barrel", "rotation": 90 },
				"north": { "uv": [ 7, 12, 14, 13 ], "texture": "#barrel", "rotation": 180 },
				"south": { "uv": [ 1, 5, 2, 10 ], "texture": "#barrel", "rotation": 180 },
				"west": { "uv": [ 0, 6, 1, 7 ], "texture": "#barrel" },
				"east": { "uv": [ 0, 6, 1, 7 ], "texture": "#barrel", "rotation": 180 }
			}
		},
		{
			"__comment": "Element",
			"from": [ 4.801, 11.525, 6.95 ],
			"to": [ 5.050799, 11.5728, 7.35 ],
			"faces": {
				"down": { "uv": [ 0, 13, 1, 14 ], "texture": "#barrel" },
				"up": { "uv": [ 5, 3, 6, 4 ], "texture": "#barrel", "rotation": 90 },
				"north": { "uv": [ 7, 12, 14, 13 ], "texture": "#barrel", "rotation": 180 },
				"south": { "uv": [ 1, 5, 2, 10 ], "texture": "#barrel", "rotation": 180 },
				"west": { "uv": [ 0, 6, 1, 7 ], "texture": "#barrel" },
				"east": { "uv": [ 0, 6, 1, 7 ], "texture": "#barrel", "rotation": 180 }
			}
		},
		{
			"__comment": "Element",
			"from": [ 7.5, 7, 7.8011 ],
			"to": [ 17, 9, 8.1989 ],
			"rotation": { "origin": [ 12.5, 8, 8 ], "axis": "x", "angle": 45 },
			"faces": {
				"down": { "uv": [ 7, 4, 8, 5 ], "texture": "#barrel" },
				"up": { "uv": [ 7, 4, 8, 5 ], "texture": "#barrel" },
				"east": { "uv": [ 5, 15, 6, 16 ], "texture": "#barrel" }
			}
		},
		{
			"__comment": "Element",
			"from": [ 7.5, 7.8011, 7 ],
			"to": [ 17, 8.1989, 9 ],
			"rotation": { "origin": [ 12.5, 8, 8 ], "axis": "x", "angle": -22.5 },
			"faces": {
				"north": { "uv": [ 7, 4, 8, 5 ], "texture": "#barrel", "rotation": 180 },
				"south": { "uv": [ 7, 4, 8, 5 ], "texture": "#barrel" },
				"east": { "uv": [ 5, 15, 6, 16 ], "texture": "#barrel", "rotation": 270 }
			}
		},
		{
			"__comment": "Element",
			"from": [ 18.7, 7.25, 5.5 ],
			"to": [ 22.4, 8.75, 7 ],
			"rotation": { "origin": [ 23.7, 8.28554, 5.5 ], "axis": "y", "angle": 22.5 },
			"faces": {
				"down": { "uv": [ 0, 0, 1, 1 ], "texture": "#8", "rotation": 180 },
				"up": { "uv": [ 0, 0, 1, 1 ], "texture": "#8" },
				"north": { "uv": [ 10, 1, 11, 13 ], "texture": "#8", "rotation": 270 }
			}
		},
		{
			"__comment": "Element",
			"from": [ 18.7, 7.25, 9 ],
			"to": [ 22.4, 8.75, 10.5 ],
			"rotation": { "origin": [ 23.7, 8.28554, 10.5 ], "axis": "y", "angle": -22.5 },
			"faces": {
				"down": { "uv": [ 0, 1, 1, 0 ], "texture": "#8", "rotation": 180 },
				"up": { "uv": [ 0, 1, 1, 0 ], "texture": "#8" },
				"south": { "uv": [ 10, 13, 11, 1 ], "texture": "#8", "rotation": 270 }
			}
		},
		{
			"__comment": "Element",
			"from": [ 18.7, 9, 7.25 ],
			"to": [ 22.4, 10.5, 8.75 ],
			"rotation": { "origin": [ 23.7, 10.5, 8.78554 ], "axis": "z", "angle": 22.5 },
			"faces": {
				"up": { "uv": [ 10, 1, 11, 13 ], "texture": "#8", "rotation": 90 },
				"north": { "uv": [ 0, 0, 1, 1 ], "texture": "#8" },
				"south": { "uv": [ 0, 0, 1, 1 ], "texture": "#8" }
			}
		},
		{
			"__comment": "Element",
			"from": [ 18.7, 5.5, 7.25 ],
			"to": [ 22.4, 7, 8.75 ],
			"rotation": { "origin": [ 23.7, 5.5, 8.78554 ], "axis": "z", "angle": -22.5 },
			"faces": {
				"down": { "uv": [ 11, 1, 10, 13 ], "texture": "#8", "rotation": 90 },
				"north": { "uv": [ 0, 1, 1, 0 ], "texture": "#8" },
				"south": { "uv": [ 0, 1, 1, 0 ], "texture": "#8" }
			}
		},
		{
			"__comment": "Element",
			"from": [ 17, 6.95, 7.5651 ],
			"to": [ 29, 9.05, 8.43494 ],
			"faces": {
				"down": { "uv": [ 10, 11, 11, 12 ], "texture": "#8", "rotation": 90 },
				"up": { "uv": [ 10, 11, 11, 12 ], "texture": "#8", "rotation": 90 },
				"west": { "uv": [ 0, 0, 1, 1 ], "texture": "#8", "rotation": 90 },
				"east": { "uv": [ 0.5, 0.5, 0.5, 0.5 ], "texture": "#8" }
			}
		},
		{
			"__comment": "Element",
			"from": [ 17, 6.95, 7.5651 ],
			"to": [ 29, 9.05, 8.43494 ],
			"rotation": { "origin": [ 19.75, 8, 8 ], "axis": "x", "angle": 45 },
			"faces": {
				"down": { "uv": [ 10, 11, 11, 12 ], "texture": "#8", "rotation": 90 },
				"up": { "uv": [ 10, 11, 11, 12 ], "texture": "#8", "rotation": 90 },
				"west": { "uv": [ 0, 0, 1, 1 ], "texture": "#8", "rotation": 90 },
				"east": { "uv": [ 0.5, 0.5, 0.5, 0.5 ], "texture": "#8" }
			}
		},
		{
			"__comment": "Element",
			"from": [ 17, 6.95, 7.5651 ],
			"to": [ 29, 9.05, 8.43494 ],
			"rotation": { "origin": [ 19.75, 8, 8 ], "axis": "x", "angle": -45 },
			"faces": {
				"down": { "uv": [ 10, 11, 11, 12 ], "texture": "#8", "rotation": 90 },
				"up": { "uv": [ 10, 11, 11, 12 ], "texture": "#8", "rotation": 90 },
				"west": { "uv": [ 0, 0, 1, 1 ], "texture": "#8", "rotation": 90 },
				"east": { "uv": [ 0.5, 0.5, 0.5, 0.5 ], "texture": "#8" }
			}
		},
		{
			"__comment": "Element",
			"from": [ 17, 7.5651, 6.95 ],
			"to": [ 29, 8.43494, 9.05 ],
			"faces": {
				"north": { "uv": [ 10, 11, 11, 12 ], "texture": "#8", "rotation": 270 },
				"south": { "uv": [ 10, 11, 11, 12 ], "texture": "#8", "rotation": 90 },
				"west": { "uv": [ 0, 0, 1, 1 ], "texture": "#8", "rotation": 180 },
				"east": { "uv": [ 0.5, 0.5, 0.5, 0.5 ], "texture": "#8", "rotation": 270 }
			}
		},
		{
			"__comment": "Element",
			"from": [ 19.7, 8.7, 7 ],
			"to": [ 22.4, 10.2, 9 ],
			"rotation": { "origin": [ 23.7, 10.5, 8.53554 ], "axis": "z", "angle": 22.5 },
			"faces": {
				"up": { "uv": [ 10, 1, 11, 13 ], "texture": "#8", "rotation": 90 },
				"north": { "uv": [ 0, 0, 1, 1 ], "texture": "#8" },
				"south": { "uv": [ 0, 0, 1, 1 ], "texture": "#8" }
			}
		},
		{
			"__comment": "Element",
			"from": [ 19.7, 5.8, 7 ],
			"to": [ 22.4, 7.3, 9 ],
			"rotation": { "origin": [ 23.7, 5.5, 8.53554 ], "axis": "z", "angle": -22.5 },
			"faces": {
				"down": { "uv": [ 11, 1, 10, 13 ], "texture": "#8", "rotation": 90 },
				"north": { "uv": [ 0, 1, 1, 0 ], "texture": "#8" },
				"south": { "uv": [ 0, 1, 1, 0 ], "texture": "#8" }
			}
		},
		{
			"__comment": "Element",
			"from": [ 19.8, 7, 8.7 ],
			"to": [ 22.4, 9, 10.2 ],
			"rotation": { "origin": [ 23.7, 8.03554, 10.5 ], "axis": "y", "angle": -22.5 },
			"faces": {
				"down": { "uv": [ 0, 1, 1, 0 ], "texture": "#8", "rotation": 180 },
				"up": { "uv": [ 0, 1, 1, 0 ], "texture": "#8" },
				"south": { "uv": [ 10, 13, 11, 1 ], "texture": "#8", "rotation": 270 }
			}
		},
		{
			"__comment": "Element",
			"from": [ 19.8, 7, 5.8 ],
			"to": [ 22.4, 9, 7.3 ],
			"rotation": { "origin": [ 23.7, 8.03554, 5.5 ], "axis": "y", "angle": 22.5 },
			"faces": {
				"down": { "uv": [ 0, 0, 1, 1 ], "texture": "#8", "rotation": 180 },
				"up": { "uv": [ 0, 0, 1, 1 ], "texture": "#8" },
				"north": { "uv": [ 10, 1, 11, 13 ], "texture": "#8", "rotation": 270 }
			}
		},
		{
			"__comment": "Element",
			"from": [ 21.2, 9, 6.75 ],
			"to": [ 22.4, 9.9, 9.25 ],
			"rotation": { "origin": [ 23.7, 10.5, 8.28554 ], "axis": "z", "angle": 22.5 },
			"faces": {
				"up": { "uv": [ 10, 1, 11, 13 ], "texture": "#8", "rotation": 90 },
				"north": { "uv": [ 0, 0, 1, 1 ], "texture": "#8" },
				"south": { "uv": [ 0, 0, 1, 1 ], "texture": "#8" }
			}
		},
		{
			"__comment": "Element",
			"from": [ 21.2, 6.1, 6.75 ],
			"to": [ 22.4, 7, 9.25 ],
			"rotation": { "origin": [ 23.7, 5.5, 8.28554 ], "axis": "z", "angle": -22.5 },
			"faces": {
				"down": { "uv": [ 11, 1, 10, 13 ], "texture": "#8", "rotation": 90 },
				"north": { "uv": [ 0, 1, 1, 0 ], "texture": "#8" },
				"south": { "uv": [ 0, 1, 1, 0 ], "texture": "#8" }
			}
		},
		{
			"__comment": "Element",
			"from": [ 21.1, 6.75, 6.1 ],
			"to": [ 22.4, 9.25, 6.7 ],
			"rotation": { "origin": [ 23.7, 7.78554, 5.5 ], "axis": "y", "angle": 22.5 },
			"faces": {
				"down": { "uv": [ 0, 0, 1, 1 ], "texture": "#8", "rotation": 180 },
				"up": { "uv": [ 0, 0, 1, 1 ], "texture": "#8" },
				"north": { "uv": [ 10, 1, 11, 13 ], "texture": "#8", "rotation": 270 }
			}
		},
		{
			"__comment": "Element",
			"from": [ 21.1, 6.75, 9.3 ],
			"to": [ 22.4, 9.25, 9.9 ],
			"rotation": { "origin": [ 23.7, 7.78554, 10.5 ], "axis": "y", "angle": -22.5 },
			"faces": {
				"down": { "uv": [ 0, 1, 1, 0 ], "texture": "#8", "rotation": 180 },
				"up": { "uv": [ 0, 1, 1, 0 ], "texture": "#8" },
				"south": { "uv": [ 10, 13, 11, 1 ], "texture": "#8", "rotation": 270 }
			}
		},
		{
			"__comment": "Element",
			"from": [ 27, 7.5, 5.5 ],
			"to": [ 30.8, 8.5, 6.9 ],
			"rotation": { "origin": [ 25.7, 8.53554, 5.5 ], "axis": "y", "angle": -22.5 },
			"faces": {
				"down": { "uv": [ 1, 0, 0, 1 ], "texture": "#8", "rotation": 180 },
				"up": { "uv": [ 1, 0, 0, 1 ], "texture": "#8" },
				"north": { "uv": [ 10, 13, 11, 1 ], "texture": "#8", "rotation": 270 },
				"east": { "uv": [ 0.5, 0.5, 0.5, 0.5 ], "texture": "#8" }
			}
		},
		{
			"__comment": "Element",
			"from": [ 27, 9.099999, 7.5 ],
			"to": [ 30.8, 10.5, 8.5 ],
			"rotation": { "origin": [ 25.7, 10.5, 9.03554 ], "axis": "z", "angle": -22.5 },
			"faces": {
				"up": { "uv": [ 10, 13, 11, 1 ], "texture": "#8", "rotation": 90 },
				"north": { "uv": [ 1, 0, 0, 1 ], "texture": "#8" },
				"south": { "uv": [ 1, 0, 0, 1 ], "texture": "#8" },
				"east": { "uv": [ 0.5, 0.5, 0.5, 0.5 ], "texture": "#8" }
			}
		},
		{
			"__comment": "Element",
			"from": [ -4.5, 8.875, 7.7265 ],
			"to": [ -3, 9.375, 8.2735 ],
			"rotation": { "origin": [ -3, 9.375, 8 ], "axis": "z", "angle": 22.5 },
			"faces": {
				"down": { "uv": [ 3, 12, 13, 13 ], "texture": "#4" },
				"up": { "uv": [ 3, 12, 13, 13 ], "texture": "#4" },
				"north": { "uv": [ 0.5, 0.5, 0.5, 0.5 ], "texture": "#6" },
				"south": { "uv": [ 0.5, 0.5, 0.5, 0.5 ], "texture": "#6" }
			}
		},
		{
			"__comment": "Element",
			"from": [ -4.5, 6.625, 7.7265 ],
			"to": [ -3, 7.125, 8.2735 ],
			"rotation": { "origin": [ -3, 6.625, 8 ], "axis": "z", "angle": -22.5 },
			"faces": {
				"down": { "uv": [ 3, 13, 13, 12 ], "texture": "#4" },
				"up": { "uv": [ 3, 13, 13, 12 ], "texture": "#4" },
				"north": { "uv": [ 0.5, 0.5, 0.5, 0.5 ], "texture": "#6" },
				"south": { "uv": [ 0.5, 0.5, 0.5, 0.5 ], "texture": "#6" }
			}
		},
		{
			"__comment": "Element",
			"from": [ -4.5, 7.7265, 6.625 ],
			"to": [ -3, 8.2735, 7.375 ],
			"rotation": { "origin": [ -3, 8, 6.625 ], "axis": "y", "angle": 22.5 },
			"faces": {
				"down": { "uv": [ 0.5, 0.5, 0.5, 0.5 ], "texture": "#6" },
				"up": { "uv": [ 0.5, 0.5, 0.5, 0.5 ], "texture": "#6", "rotation": 180 },
				"north": { "uv": [ 3, 12, 13, 13 ], "texture": "#4", "rotation": 180 },
				"south": { "uv": [ 3, 12, 13, 13 ], "texture": "#4" }
			}
		},
		{
			"__comment": "Element",
			"from": [ -4.5, 7.7265, 8.625 ],
			"to": [ -3, 8.2735, 9.375 ],
			"rotation": { "origin": [ -3, 8, 9.375 ], "axis": "y", "angle": -22.5 },
			"faces": {
				"down": { "uv": [ 0.5, 0.5, 0.5, 0.5 ], "texture": "#6" },
				"up": { "uv": [ 0.5, 0.5, 0.5, 0.5 ], "texture": "#6", "rotation": 180 },
				"north": { "uv": [ 13, 12, 3, 13 ], "texture": "#4" },
				"south": { "uv": [ 13, 12, 3, 13 ], "texture": "#4", "rotation": 180 }
			}
		},
		{
			"__comment": "Element",
			"from": [ -15.75, 6.25, 7.2751 ],
			"to": [ -14, 6.75, 8.72485 ],
			"faces": {
				"down": { "uv": [ 7, 4, 8, 5 ], "texture": "#barrel" },
				"up": { "uv": [ 9, 9, 10, 10 ], "texture": "#barrel" },
				"west": { "uv": [ 9, 9, 10, 10 ], "texture": "#barrel" },
				"east": { "uv": [ 6, 15, 7, 16 ], "texture": "#barrel" }
			}
		},
		{
			"__comment": "Element",
			"from": [ -15.75, 6.25, 7.2751 ],
			"to": [ -14, 6.75, 8.72485 ],
			"rotation": { "origin": [ -14.875, 8, 8 ], "axis": "x", "angle": 45 },
			"faces": {
				"down": { "uv": [ 7, 4, 8, 5 ], "texture": "#barrel" },
				"up": { "uv": [ 9, 9, 10, 10 ], "texture": "#barrel" },
				"west": { "uv": [ 9, 9, 10, 10 ], "texture": "#barrel" },
				"east": { "uv": [ 6, 15, 7, 16 ], "texture": "#barrel" }
			}
		},
		{
			"__comment": "Element",
			"from": [ -15.75, 6.25, 7.2751 ],
			"to": [ -14, 6.75, 8.72485 ],
			"rotation": { "origin": [ -14.875, 8, 8 ], "axis": "x", "angle": -45 },
			"faces": {
				"down": { "uv": [ 7, 4, 8, 5 ], "texture": "#barrel" },
				"up": { "uv": [ 9, 9, 10, 10 ], "texture": "#barrel" },
				"west": { "uv": [ 9, 9, 10, 10 ], "texture": "#barrel" },
				"east": { "uv": [ 6, 15, 7, 16 ], "texture": "#barrel" }
			}
		},
		{
			"__comment": "Element",
			"from": [ -15.75, 7.2751, 9.25 ],
			"to": [ -14, 8.72485, 9.75 ],
			"faces": {
				"north": { "uv": [ 9, 9, 10, 10 ], "texture": "#barrel", "rotation": 180 },
				"south": { "uv": [ 7, 4, 8, 5 ], "texture": "#barrel" },
				"west": { "uv": [ 9, 9, 10, 10 ], "texture": "#barrel", "rotation": 90 },
				"east": { "uv": [ 6, 15, 7, 16 ], "texture": "#barrel", "rotation": 270 }
			}
		},
		{
			"__comment": "Element",
			"from": [ -15.75, 7.2751, 6.25 ],
			"to": [ -14, 8.72485, 6.75 ],
			"faces": {
				"north": { "uv": [ 7, 4, 8, 5 ], "texture": "#barrel", "rotation": 180 },
				"south": { "uv": [ 9, 9, 10, 10 ], "texture": "#barrel" },
				"west": { "uv": [ 9, 9, 10, 10 ], "texture": "#barrel", "rotation": 90 },
				"east": { "uv": [ 6, 15, 7, 16 ], "texture": "#barrel", "rotation": 270 }
			}
		},
		{
			"__comment": "Element",
			"from": [ -15.75, 9.25, 7.2751 ],
			"to": [ -14, 9.75, 8.72485 ],
			"rotation": { "origin": [ -14.875, 8, 8 ], "axis": "x", "angle": -45 },
			"faces": {
				"down": { "uv": [ 9, 9, 10, 10 ], "texture": "#barrel" },
				"up": { "uv": [ 7, 4, 8, 5 ], "texture": "#barrel" },
				"west": { "uv": [ 9, 9, 10, 10 ], "texture": "#barrel" },
				"east": { "uv": [ 6, 15, 7, 16 ], "texture": "#barrel" }
			}
		},
		{
			"__comment": "Element",
			"from": [ -15.75, 9.25, 7.2751 ],
			"to": [ -14, 9.75, 8.72485 ],
			"faces": {
				"down": { "uv": [ 9, 9, 10, 10 ], "texture": "#barrel" },
				"up": { "uv": [ 7, 4, 8, 5 ], "texture": "#barrel" },
				"west": { "uv": [ 9, 9, 10, 10 ], "texture": "#barrel" },
				"east": { "uv": [ 6, 15, 7, 16 ], "texture": "#barrel" }
			}
		},
		{
			"__comment": "Element",
			"from": [ -15.75, 9.25, 7.2751 ],
			"to": [ -14, 9.75, 8.72485 ],
			"rotation": { "origin": [ -14.875, 8, 8 ], "axis": "x", "angle": 45 },
			"faces": {
				"down": { "uv": [ 9, 9, 10, 10 ], "texture": "#barrel" },
				"up": { "uv": [ 7, 4, 8, 5 ], "texture": "#barrel" },
				"west": { "uv": [ 9, 9, 10, 10 ], "texture": "#barrel" },
				"east": { "uv": [ 6, 15, 7, 16 ], "texture": "#barrel" }
			}
		},
		{
			"__comment": "Element",
			"from": [ 17, 6.6, 7.9 ],
			"to": [ 17.8, 9.4, 8.1 ],
			"rotation": { "origin": [ 17.4, 8, 8 ], "axis": "x", "angle": -22.5 },
			"faces": {
				"down": { "uv": [ 10, 11, 11, 12 ], "texture": "#8", "rotation": 90 },
				"up": { "uv": [ 10, 11, 11, 12 ], "texture": "#8", "rotation": 90 },
				"north": { "uv": [ 0.5, 0.5, 0.5, 0.5 ], "texture": "#8" },
				"south": { "uv": [ 0.5, 0.5, 0.5, 0.5 ], "texture": "#8" },
				"west": { "uv": [ 0, 0, 1, 1 ], "texture": "#8", "rotation": 90 },
				"east": { "uv": [ 0.5, 0.5, 0.5, 0.5 ], "texture": "#8" }
			}
		},
		{
			"__comment": "Element",
			"from": [ 17, 7.9, 6.6 ],
			"to": [ 17.8, 8.1, 9.4 ],
			"rotation": { "origin": [ 17.4, 8, 8 ], "axis": "x", "angle": 22.5 },
			"faces": {
				"down": { "uv": [ 0.5, 0.5, 0.5, 0.5 ], "texture": "#8" },
				"up": { "uv": [ 0.5, 0.5, 0.5, 0.5 ], "texture": "#8", "rotation": 180 },
				"north": { "uv": [ 10, 11, 11, 12 ], "texture": "#8", "rotation": 270 },
				"south": { "uv": [ 10, 11, 11, 12 ], "texture": "#8", "rotation": 90 },
				"west": { "uv": [ 0, 0, 1, 1 ], "texture": "#8", "rotation": 180 },
				"east": { "uv": [ 0.5, 0.5, 0.5, 0.5 ], "texture": "#8", "rotation": 270 }
			}
		},
		{
			"__comment": "Element",
			"from": [ 17, 7.9, 6.6 ],
			"to": [ 17.8, 8.1, 9.4 ],
			"rotation": { "origin": [ 17.4, 8, 8 ], "axis": "x", "angle": -22.5 },
			"faces": {
				"down": { "uv": [ 0.5, 0.5, 0.5, 0.5 ], "texture": "#8", "rotation": 180 },
				"up": { "uv": [ 0.5, 0.5, 0.5, 0.5 ], "texture": "#8" },
				"north": { "uv": [ 10, 11, 11, 12 ], "texture": "#8", "rotation": 270 },
				"south": { "uv": [ 10, 11, 11, 12 ], "texture": "#8", "rotation": 90 },
				"west": { "uv": [ 0, 0, 1, 1 ], "texture": "#8" },
				"east": { "uv": [ 0.5, 0.5, 0.5, 0.5 ], "texture": "#8", "rotation": 90 }
			}
		},
		{
			"__comment": "Element",
			"from": [ 17, 6.6, 7.9 ],
			"to": [ 17.8, 9.4, 8.1 ],
			"rotation": { "origin": [ 17.4, 8, 8 ], "axis": "x", "angle": 22.5 },
			"faces": {
				"down": { "uv": [ 10, 11, 11, 12 ], "texture": "#8", "rotation": 90 },
				"up": { "uv": [ 10, 11, 11, 12 ], "texture": "#8", "rotation": 90 },
				"north": { "uv": [ 0.5, 0.5, 0.5, 0.5 ], "texture": "#8" },
				"south": { "uv": [ 0.5, 0.5, 0.5, 0.5 ], "texture": "#8" },
				"west": { "uv": [ 0, 0, 1, 1 ], "texture": "#8", "rotation": 90 },
				"east": { "uv": [ 0.5, 0.5, 0.5, 0.5 ], "texture": "#8" }
			}
		},
		{
			"__comment": "Element",
			"from": [ 29, 7.375, 7.7411 ],
			"to": [ 31, 8.625, 8.25886 ],
			"faces": {
				"down": { "uv": [ 10, 11, 11, 12 ], "texture": "#8", "rotation": 90 },
				"up": { "uv": [ 10, 11, 11, 12 ], "texture": "#8", "rotation": 90 },
				"east": { "uv": [ 0.5, 0.5, 0.5, 0.5 ], "texture": "#8" }
			}
		},
		{
			"__comment": "Element",
			"from": [ 27, 7.5, 9.099999 ],
			"to": [ 30.8, 8.5, 10.5 ],
			"rotation": { "origin": [ 25.7, 8.53554, 10.5 ], "axis": "y", "angle": 22.5 },
			"faces": {
				"down": { "uv": [ 1, 1, 0, 0 ], "texture": "#8", "rotation": 180 },
				"up": { "uv": [ 1, 1, 0, 0 ], "texture": "#8" },
				"south": { "uv": [ 10, 1, 11, 13 ], "texture": "#8", "rotation": 270 },
				"east": { "uv": [ 0.5, 0.5, 0.5, 0.5 ], "texture": "#8" }
			}
		},
		{
			"__comment": "Element",
			"from": [ 27, 5.5, 7.5 ],
			"to": [ 30.8, 6.9, 8.5 ],
			"rotation": { "origin": [ 25.7, 5.5, 9.03554 ], "axis": "z", "angle": 22.5 },
			"faces": {
				"down": { "uv": [ 11, 13, 10, 1 ], "texture": "#8", "rotation": 90 },
				"north": { "uv": [ 1, 1, 0, 0 ], "texture": "#8" },
				"south": { "uv": [ 1, 1, 0, 0 ], "texture": "#8" },
				"east": { "uv": [ 0.5, 0.5, 0.5, 0.5 ], "texture": "#8" }
			}
		},
		{
			"__comment": "Element",
			"from": [ 29, 7.375, 7.7411 ],
			"to": [ 31, 8.625, 8.25886 ],
			"rotation": { "origin": [ 30, 8, 8 ], "axis": "x", "angle": 45 },
			"faces": {
				"down": { "uv": [ 10, 11, 11, 12 ], "texture": "#8", "rotation": 90 },
				"up": { "uv": [ 10, 11, 11, 12 ], "texture": "#8", "rotation": 90 },
				"east": { "uv": [ 0.5, 0.5, 0.5, 0.5 ], "texture": "#8" }
			}
		},
		{
			"__comment": "Element",
			"from": [ 29, 7.375, 7.7411 ],
			"to": [ 31, 8.625, 8.25886 ],
			"rotation": { "origin": [ 30, 8, 8 ], "axis": "x", "angle": -45 },
			"faces": {
				"down": { "uv": [ 10, 11, 11, 12 ], "texture": "#8", "rotation": 90 },
				"up": { "uv": [ 10, 11, 11, 12 ], "texture": "#8", "rotation": 90 },
				"east": { "uv": [ 0.5, 0.5, 0.5, 0.5 ], "texture": "#8" }
			}
		},
		{
			"__comment": "Element",
			"from": [ 29, 7.7411, 7.375 ],
			"to": [ 31, 8.25886, 8.625 ],
			"faces": {
				"north": { "uv": [ 10, 11, 11, 12 ], "texture": "#8", "rotation": 270 },
				"south": { "uv": [ 10, 11, 11, 12 ], "texture": "#8", "rotation": 90 },
				"east": { "uv": [ 0.5, 0.5, 0.5, 0.5 ], "texture": "#8", "rotation": 270 }
			}
		},
		{
			"__comment": "Element",
			"from": [ 2.45, 6, 7.5005 ],
			"to": [ 3.55, 7.25, 8.4995 ],
			"rotation": { "origin": [ 3.55, 6, 8.0005 ], "axis": "z", "angle": -45 },
			"faces": {
				"down": { "uv": [ 12, 15, 12.5, 15.5 ], "texture": "#6" },
				"north": { "uv": [ 15, 3, 16, 4 ], "texture": "#6" },
				"south": { "uv": [ 15, 3, 16, 4 ], "texture": "#6" }
			}
		},
		{
			"__comment": "Element",
			"from": [ 5.15, 6, 7.5005 ],
			"to": [ 6.6, 7.25, 8.4995 ],
			"rotation": { "origin": [ 5.15, 6, 8.0005 ], "axis": "z", "angle": 45 },
			"faces": {
				"down": { "uv": [ 12, 15, 12.5, 15.5 ], "texture": "#6" },
				"north": { "uv": [ 15, 3, 16, 4 ], "texture": "#6" },
				"south": { "uv": [ 15, 3, 16, 4 ], "texture": "#6" }
			}
		},
		{
			"__comment": "Element",
			"from": [ 22.5, 6, 7.1716 ],
			"to": [ 26.9, 10, 8.82844 ],
			"rotation": { "origin": [ 24.25, 8, 8 ], "axis": "x", "angle": 45 },
			"faces": {
				"down": { "uv": [ 9, 0, 11, 7 ], "texture": "#8", "rotation": 90 },
				"up": { "uv": [ 9, 0, 11, 7 ], "texture": "#8", "rotation": 90 },
				"west": { "uv": [ 0.5, 0.5, 0.5, 0.5 ], "texture": "#8", "rotation": 90 },
				"east": { "uv": [ 0, 0, 1, 1 ], "texture": "#8" }
			}
		},
		{
			"__comment": "Element",
			"from": [ 22.5, 6, 7.1716 ],
			"to": [ 26.9, 10, 8.82844 ],
			"rotation": { "origin": [ 24.25, 8, 8 ], "axis": "x", "angle": -45 },
			"faces": {
				"down": { "uv": [ 9, 0, 11, 7 ], "texture": "#8", "rotation": 90 },
				"up": { "uv": [ 9, 0, 11, 7 ], "texture": "#8", "rotation": 90 },
				"west": { "uv": [ 0.5, 0.5, 0.5, 0.5 ], "texture": "#8", "rotation": 90 },
				"east": { "uv": [ 0, 0, 1, 1 ], "texture": "#8" }
			}
		},
		{
			"__comment": "Element",
			"from": [ 22.5, 7.1716, 6 ],
			"to": [ 26.9, 8.82844, 10 ],
			"faces": {
				"north": { "uv": [ 9, 0, 11, 7 ], "texture": "#8", "rotation": 270 },
				"south": { "uv": [ 9, 0, 11, 7 ], "texture": "#8", "rotation": 90 },
				"west": { "uv": [ 0.5, 0.5, 0.5, 0.5 ], "texture": "#8" },
				"east": { "uv": [ 0, 0, 1, 1 ], "texture": "#8", "rotation": 90 }
			}
		}
	],
	"display": {
		"thirdperson_righthand": {
			"rotation":  [ 0, 90, 0 ],
			"translation":  [ 0, 1, 2.5 ],
			"scale":  [ 0.75, 0.75, 0.75 ]
		},
		"thirdperson_lefthand": {
			"rotation":  [ 0, -90, 190 ],
			"translation":  [ -1.25, -5, 9 ],
			"scale":  [ 0.0001, 0.0001, 0.0001 ]
		},
		"firstperson_righthand": {
			"rotation":  [ 0, 80, 0 ],
			"translation":  [ 2, 3, -0.75 ],
			"scale":  [ 0.0001, 0.0001, 0.0001 ]
		},
		"firstperson_lefthand": {
			"rotation":  [ 0, -90, 0 ],
			"translation":  [ -9.826, 5.0869, 4.2608 ]
		},
		"gui": {
			"rotation":  [ -180, 0, 129 ],
			"translation":  [ -0.891, 0.5543, 0 ],
			"scale":  [ 0.6, 0.6, 0.6 ]
		},
		"head": {
			"rotation":  [ 0, 86, 89 ],
			"translation":  [ -0.695, 37.565, 0 ],
			"scale":  [ 1.4, 1.4, 1.4 ]
		},
		"ground": {
			"translation":  [ 0, 2.2, 0 ],
			"scale":  [ 0.75, 0.75, 0.75 ]
		},
		"fixed": {
			"rotation":  [ 0, 180, 0 ],
			"translation":  [ 0, 0, -2.5 ],
			"scale":  [ 1.4, 1.4, 1.4 ]
		}
	}
}